resume_id,summary,skills
r_0,"Machine Learning Leadership
Cross-Functional Collaboration
Strategy Development
ML/NLP Infrastructure
Prototype Transformation
ML System Design
Algorithm Research
Application Development
Dataset Selection
ML Testing
Statistical Analysis
R&D in ML/NLP
Text Representation
Data Pipeline Design
Statistical Data Analysis
Model Training
Team Collaboration
Research Reporting
Algorithm Analysis",['n a']
r_1,"Machine Learning Design
Data Analysis
Model Training
AI Integration
Innovation
Cross-Functional Collaboration
Model Deployment
Documentation
Analytical Skills
Communication
Team Collaboration",['python r or java tensorflow pytorch scikit learn']
r_2,,['ait']
r_3,"Machine Learning Leadership
Cross-Functional Collaboration
Strategy Development
ML/NLP Infrastructure
Prototype Transformation
ML System Design
Algorithm Research
Application Development
Dataset Selection
ML Testing
Statistical Analysis
R&D in ML/NLP
Text Representation
Data Pipeline Design
Statistical Data Analysis
Model Training
Team Collaboration
Research Reporting
Algorithm Analysis","['finalist at business solution pan india', 'silver medal for economics junior award', 'winner and runner up for 2018 and 2019 respectively']"
r_4,"Energetic, innovative engineering undergraduate, passionate about Machine Learning, NLP and Deep Learning for solving real-world problems, aiming to work in an organization providing great learning experience and growth opportunities for mutual benefit.","['apr 2021', 'dec 2020', 'feb 2021', 'nov 2021']"
r_5,"Machine Learning Engineer seeking assignments Deep Learning, Reinforcement Learning, Tensorflow. Keras.",['scholar']
r_6,,['jr data scientist']
r_7,"Machine Learning Leadership
Cross-Functional Collaboration
Strategy Development
ML/NLP Infrastructure
Prototype Transformation
ML System Design
Algorithm Research
Application Development
Dataset Selection
ML Testing
Statistical Analysis
R&D in ML/NLP
Text Representation
Data Pipeline Design
Statistical Data Analysis
Model Training
Team Collaboration
Research Reporting
Algorithm Analysis",['city state']
r_8,"Machine Learning Design
Data Analysis
Model Training
AI Integration
Innovation
Cross-Functional Collaboration
Model Deployment
Documentation
Analytical Skills
Communication
Team Collaboration",['python r or java tensorflow pytorch scikit learn']
r_9,,['ai on the cloud']
r_10,I am an assistant software engineer working on cloud-based solutions. After working on a couple of Machine Learning application evaluations and deployment I got really engrossed into the domain and would like to work more towards improving myself.,['n a']
r_11,"Machine Learning Design
Data Analysis
Model Training
AI Integration
Innovation
Cross-Functional Collaboration
Model Deployment
Documentation
Analytical Skills
Communication
Team Collaboration",['python r or java tensorflow pytorch scikit learn']
r_12,I am Data science enthusiast focused on solving complex problems using machine learning techniques. I try to simplify problems and attack them head on. Always working and striving to be better solution finder.,['deep learning']
r_13,"Machine Learning Design
Data Analysis
Model Training
AI Integration
Innovation
Cross-Functional Collaboration
Model Deployment
Documentation
Analytical Skills
Communication
Team Collaboration",['python r or java tensorflow pytorch scikit learn']
r_14,"Machine Learning engineer who has worked on multiple projects with knowledge in big data handling and business analytics. As someone who is always learning, I would love to use my knowledge to provide the best solutions.",['n a']
r_15,"To design, develop and manage products in the field of consumer electronics devices, networking protocols, internet applications and connected devices. Vision to create personalized experiences based on machine learning.",['city state']
r_16,"Machine Learning Leadership
Cross-Functional Collaboration
Strategy Development
ML/NLP Infrastructure
Prototype Transformation
ML System Design
Algorithm Research
Application Development
Dataset Selection
ML Testing
Statistical Analysis
R&D in ML/NLP
Text Representation
Data Pipeline Design
Statistical Data Analysis
Model Training
Team Collaboration
Research Reporting
Algorithm Analysis",['city state']
r_17,I am fresher data analyst starting out in ERP and MIS. As a fresher I am looking for roles specific to data science and machine learning to learn about the subject and create amazing applications to solve real life problems.,['data science with python']
r_18,,['data scientist python developer certification advanced data analytics with python and r']
r_19,I am currently looking for an opportunity as a Data Science or Machine Learning Engineer.,['business analyst']
r_20,Recently graduated fresher experienced in Machine Learning and Natural Language Processing looking for roles that involve projects in the same.,['py thonist']
r_21,,['data analyst nano degree']
r_22,"Machine Learning Design
Data Analysis
Model Training
AI Integration
Innovation
Cross-Functional Collaboration
Model Deployment
Documentation
Analytical Skills
Communication
Team Collaboration",['python r or java tensorflow pytorch scikit learn']
r_23,"I am an experienced analytics specialist seeking a full-time position in the field of data science and application in business problem solving, where I can apply my knowledge and skills for continuous improvement.",['analytics certification']
r_24,"Graduate analyst currently working as business analyst consultant. As an individual, I always try to overcome problems in the most analytical manner. I want to work on Machine Learning application problems that deal with real life scenarios.",['n a']
r_25,"Machine Learning Leadership
Cross-Functional Collaboration
Strategy Development
ML/NLP Infrastructure
Prototype Transformation
ML System Design
Algorithm Research
Application Development
Dataset Selection
ML Testing
Statistical Analysis
R&D in ML/NLP
Text Representation
Data Pipeline Design
Statistical Data Analysis
Model Training
Team Collaboration
Research Reporting
Algorithm Analysis",['city state']
r_26,"Machine Learning Leadership
Cross-Functional Collaboration
Strategy Development
ML/NLP Infrastructure
Prototype Transformation
ML System Design
Algorithm Research
Application Development
Dataset Selection
ML Testing
Statistical Analysis
R&D in ML/NLP
Text Representation
Data Pipeline Design
Statistical Data Analysis
Model Training
Team Collaboration
Research Reporting
Algorithm Analysis",['participant']
r_27,"A curiosity-driven data scientist, eager to leverage machine learning and data analytics to extract meaningful insights, make informed decisions and solve challenging business problems. I ensure to contribute with my knowledge, logical thinking and analytical skills towards the consistent growth and development of the organization, and enhance my experience through continuous learning and teamwork.",['n a']
r_28,,"['city state', 'kuwait', 'udaipur india']"
r_29,Graduate Looking for roles related to BU analyst and machine learning.,['data analyst python programming']
r_30,,"['participant', 'vice president social chair greek week delegate']"
r_31,"Graduate analyst currently working as business analyst consultant. As an individual, I always try to overcome problems in the most analytical manner. I want to work on Machine Learning application problems that deal with real life scenarios.",['n a']
r_32,"Machine Learning Engineer seeking roles in Machine Learning, Natural Language Processing, Artificial Intelligence, Data Science.",['n a']
r_33,"I'm passionate learner with a knack for Artificial Intelligence. The kind of problems AI can solve, fills me with enthusiasm to learn more and contribute more. I have dedicated more than a year developing and training Machine learning Models across several projects.",['pytorch developer']
r_34,,['jr data scientist']
r_35,,"['city state', 'navi mumbai india']"
r_36,"Machine Learning Design
Data Analysis
Model Training
AI Integration
Innovation
Cross-Functional Collaboration
Model Deployment
Documentation
Analytical Skills
Communication
Team Collaboration",['python r or java tensorflow pytorch scikit learn']
r_37,Recent Graduate testing and debugging machine learning models. I have worked on multiple projects and have contributed to the testing and quality control of models over time. I am looking to switch to a development role where I can exercise my skills.,['n a']
r_38,"Machine Learning Leadership
Cross-Functional Collaboration
Strategy Development
ML/NLP Infrastructure
Prototype Transformation
ML System Design
Algorithm Research
Application Development
Dataset Selection
ML Testing
Statistical Analysis
R&D in ML/NLP
Text Representation
Data Pipeline Design
Statistical Data Analysis
Model Training
Team Collaboration
Research Reporting
Algorithm Analysis",['native']
r_39,"Machine Learning Leadership
Cross-Functional Collaboration
Strategy Development
ML/NLP Infrastructure
Prototype Transformation
ML System Design
Algorithm Research
Application Development
Dataset Selection
ML Testing
Statistical Analysis
R&D in ML/NLP
Text Representation
Data Pipeline Design
Statistical Data Analysis
Model Training
Team Collaboration
Research Reporting
Algorithm Analysis","['austin tx', 'houston tx', 'westlake tx']"
r_40,"Machine Learning Engineer seeking assignments Deep Learning, Reinforcement Learning, Tensorflow. Keras.",['scholar']
r_41,Interested in helping businesses take best decisions using Machine learning and Deep learning solutions.,['n a']
r_42,"Software developer focused in the areas of Machine learning application development. Motivated to learn, grow and excel my experience by challenging myself.",['ondevice machine learning']
r_43,"Machine Learning Leadership
Cross-Functional Collaboration
Strategy Development
ML/NLP Infrastructure
Prototype Transformation
ML System Design
Algorithm Research
Application Development
Dataset Selection
ML Testing
Statistical Analysis
R&D in ML/NLP
Text Representation
Data Pipeline Design
Statistical Data Analysis
Model Training
Team Collaboration
Research Reporting
Algorithm Analysis",['jr data scientist']
r_44,,['data analyst nano degree']
r_45,Graduating Ph.D. candidate with a research focus on developing large-scale computational models using statistics and machine learning approach. Interested in a career as a computational scientist or quantitative software developer.,"['city', 'city state']"
r_46,As a Data Analyst I always look into more innovative ways of finding figures and facts from data. I have also worked with some production based Machine learning application problems and I would like to involve myself more with such ventures.,"['using python', 'using tableau']"
r_47,"Passionate Data Engineer with a zeal to excel forward and produce promising outcomes. Hands-on knowledge in various Machine Learning Algorithms. Also experienced in data mining, warehouse maintaining, and visualization. In search of a role where I can nurture my skills and contribute to the growth of the company and myself.",['n a']
r_48,I am looking for a job switch to transition into Data Science and utilize my currents skills & learnings from my Master's course to solve new problems.,['n a']
r_49,,"['city state', 'navi mumbai india']"
r_50,"Machine Learning Leadership
Cross-Functional Collaboration
Strategy Development
ML/NLP Infrastructure
Prototype Transformation
ML System Design
Algorithm Research
Application Development
Dataset Selection
ML Testing
Statistical Analysis
R&D in ML/NLP
Text Representation
Data Pipeline Design
Statistical Data Analysis
Model Training
Team Collaboration
Research Reporting
Algorithm Analysis","['n a', 'november 2015']"
r_51,Data Science Explorer with a keen interest in application models of Machine learning.,['n a']
r_52,"I am a Junior Machine Learning developer who focuses on data improvement and modelling, finding patterns in large databases and optimization of different models.",['nasik']
r_53,,"['cloud infrastructure for advanced computing', 'machine learning']"
r_54,"I am a Junior Machine Learning developer who focuses on data improvement and modelling, finding patterns in large databases and optimization of different models.",['nasik']
r_55,I am a software developer and analyst professional working for a year with client side technology and Machine Learning product delivery. I have handled small but scalable Machine Learning projects and want to expand my experience and expertise in the domain.,['applied machine learning course']
r_56,"A quality-oriented professional with a keen interest in solving complex business problems by way of AI-based design & thinking. A technology-agnostic individual with a strong background in data science, statistics, and economics with an aim to accelerate artificial intelligence.",['n a']
r_57,"Machine Learning Design
Data Analysis
Model Training
AI Integration
Innovation
Cross-Functional Collaboration
Model Deployment
Documentation
Analytical Skills
Communication
Team Collaboration",['python r or java tensorflow pytorch scikit learn']
r_58,Fresher Computer vision and Machine Learning Engineer looking for a job that is both challenging and fun in terms of problem-solving. Also an expert in maintaining and managing Tableau and Power BI dashboards to address business.,"['alb', 'ci cd', 'django api design server side logic drf django rest framework database management postgresql', 'docker', 'ec2', 'ecs', 'etc linux', 'full stack development front end reactjs', 'gitlab terraform', 'mysql version control git aws ecr', 'nextjs backend python', 'rds', 'shell scripting']"
r_59,Graduate database management engineer looking to join a role in data analytics or cloud-based machine learning solutions.,['data science on cloud']
r_60,"Passionate Data Engineer with a zeal to excel forward and produce promising outcomes. Hands-on knowledge in various Machine Learning Algorithms. Also experienced in data mining, warehouse maintaining, and visualization. In search of a role where I can nurture my skills and contribute to the growth of the company and myself.",['n a']
r_61,"Machine Learning Leadership
Cross-Functional Collaboration
Strategy Development
ML/NLP Infrastructure
Prototype Transformation
ML System Design
Algorithm Research
Application Development
Dataset Selection
ML Testing
Statistical Analysis
R&D in ML/NLP
Text Representation
Data Pipeline Design
Statistical Data Analysis
Model Training
Team Collaboration
Research Reporting
Algorithm Analysis",['n a']
r_62,"Software developer focused in the areas of Machine learning application development. Motivated to learn, grow and excel my experience by challenging myself.",['ondevice machine learning']
r_63,"Machine Learning Design
Data Analysis
Model Training
AI Integration
Innovation
Cross-Functional Collaboration
Model Deployment
Documentation
Analytical Skills
Communication
Team Collaboration",['python r or java tensorflow pytorch scikit learn']
r_64,As a junior analyst I currently work with data preprocessing and data cleaning before sending them to Machine Learning Models. I am also simultaneously training to be a machine learning engineer to work closely with teams that build models and would like to join a venture for such opportunity.,['n a']
r_65,I am currently looking for an opportunity as a Data Science or Machine Learning Engineer.,['business analyst']
r_66,Graduate Looking for roles related to BU analyst and machine learning.,['data analyst python programming']
r_67,"Energetic, innovative engineering undergraduate, passionate about Machine Learning, NLP and Deep Learning for solving real-world problems, aiming to work in an organization providing great learning experience and growth opportunities for mutual benefit.","['apr 2021', 'dec 2020', 'feb 2021', 'nov 2021']"
r_68,,['data science']
r_69,"Machine Learning Design
Data Analysis
Model Training
AI Integration
Innovation
Cross-Functional Collaboration
Model Deployment
Documentation
Analytical Skills
Communication
Team Collaboration",['python r or java tensorflow pytorch scikit learn']
r_70,I am a market research specialist with a grasp of machine learning and looking for a deeper dive into the career of being a professional machine learning engineer.,['n a']
r_71,As a junior analyst I currently work with data preprocessing and data cleaning before sending them to Machine Learning Models. I am also simultaneously training to be a machine learning engineer to work closely with teams that build models and would like to join a venture for such opportunity.,['n a']
r_72,I am a software developer currently working on Machine Learning Projects. The domain of analytics and Machine Learning has amassed a greater interest for me and I want to explore and learn about the core concepts used in production. I am looking to switch to a fulltime role that will help me explore more about this.,['software lifecycle']
r_73,,['nlp developer']
r_74,"Associate Solution Advisor currently enrolled in PG for Data science, Knowledge in data manipulation, analysis, reporting and data visualization. In depth knowledge of tools used for production.",['n a']
r_75,,['data science and analytics']
r_76,"['ASP.NET 4.5', 'academic', 'Clustering', 'consulting', 'curriculum development', 'customer satisfaction', 'data analysis', 'data mining', 'data warehouse', 'Databases', 'database', 'database design', 'database management', 'data warehousing', 'environmental protection', 'Environmental Science', 'GIS', 'HTML', 'instructor', 'Lecturer', 'legal', 'machine learning', 'managing', 'materials', 'meetings', 'C#', 'Microsoft SQL', 'modeling', 'Natural', 'Oracle', 'process development and engineering', 'processes', 'progress', 'Python', 'quality', 'researching', 'research', 'SAS', 'shipping', 'SPSS', 'SQL', 'Statistics', 'Tableau', 'teaching', 'technical support', 'workshops']","['city state', 'n a']"
r_77,"I am a Master of Data Science graduate looking to work as a fulltime employee, seeking an entry level role in data science domain. I can offer a strong programming skills and good academic results together with a sound knowledge of implementing Machine learning techniques. Also, I am keen to learn new skill sets that the role demands. I am a highly analytical individual with interpersonal and technical skills, a desire to learn and determined attitude to succeed.",['data management on large scale']
r_78,,"['city state', 'navi mumbai india']"
r_79,"Experienced software professional looking for data science and machine learning roles. Masters in machine learning. Good Knowledge of Software Development processes and Object-oriented programming. Sound Knowledge of python, scikit learn and keras.",['n a']
r_80,Data Science Explorer with a keen interest in application models of Machine learning.,['n a']
r_81,"Machine Learning Leadership
Cross-Functional Collaboration
Strategy Development
ML/NLP Infrastructure
Prototype Transformation
ML System Design
Algorithm Research
Application Development
Dataset Selection
ML Testing
Statistical Analysis
R&D in ML/NLP
Text Representation
Data Pipeline Design
Statistical Data Analysis
Model Training
Team Collaboration
Research Reporting
Algorithm Analysis",['n a']
r_82,,['ait']
r_83,"Machine Learning Leadership
Cross-Functional Collaboration
Strategy Development
ML/NLP Infrastructure
Prototype Transformation
ML System Design
Algorithm Research
Application Development
Dataset Selection
ML Testing
Statistical Analysis
R&D in ML/NLP
Text Representation
Data Pipeline Design
Statistical Data Analysis
Model Training
Team Collaboration
Research Reporting
Algorithm Analysis",['city state']
r_84,Data analyst actively seeking job roles related to data science and machine learning.,['ibm data analytics']
r_85,Associate software engineer specializing in Machine Learning models and Optimization. I work with both natural Language processing and computer vision in terms of Modelling and development.,['n a']
r_86,"Fresher starting out with Business Analysis, and machine learning modelling based on data engineering.",['n a']
r_87,"A python programmer, currently pursuing Data science and looking for roles that involve the application of Machine Learning. I am always excited to take on real life problems and tread through different technology stacks.",['certified data scientist']
r_88,"I am a Master of Data Science graduate looking to work as a fulltime employee, seeking an entry level role in data science domain. I can offer a strong programming skills and good academic results together with a sound knowledge of implementing Machine learning techniques. Also, I am keen to learn new skill sets that the role demands. I am a highly analytical individual with interpersonal and technical skills, a desire to learn and determined attitude to succeed.",['data management on large scale']
r_89,I am Data science enthusiast focused on solving complex problems using machine learning techniques. I try to simplify problems and attack them head on. Always working and striving to be better solution finder.,['deep learning']
r_90,,['ai on the cloud']
r_91,"Machine Learning Leadership
Cross-Functional Collaboration
Strategy Development
ML/NLP Infrastructure
Prototype Transformation
ML System Design
Algorithm Research
Application Development
Dataset Selection
ML Testing
Statistical Analysis
R&D in ML/NLP
Text Representation
Data Pipeline Design
Statistical Data Analysis
Model Training
Team Collaboration
Research Reporting
Algorithm Analysis",['n a']
r_92,"Machine Learning Design
Data Analysis
Model Training
AI Integration
Innovation
Cross-Functional Collaboration
Model Deployment
Documentation
Analytical Skills
Communication
Team Collaboration",['python r or java tensorflow pytorch scikit learn']
r_93,"A quality-oriented professional with a keen interest in solving complex business problems by way of AI-based design & thinking. A technology-agnostic individual with a strong background in data science, statistics, and economics with an aim to accelerate artificial intelligence.","['alb', 'ci cd', 'django api design server side logic drf django rest framework database management postgresql', 'docker', 'ec2', 'ecs', 'etc linux', 'full stack development front end reactjs', 'gitlab terraform', 'mysql version control git aws ecr', 'nextjs backend python', 'rds', 'shell scripting']"
r_94,,['data science']
r_95,"Machine Learning Design
Data Analysis
Model Training
AI Integration
Innovation
Cross-Functional Collaboration
Model Deployment
Documentation
Analytical Skills
Communication
Team Collaboration",['python r or java tensorflow pytorch scikit learn']
r_96,,['data science']
r_97,,['nlp developer']
r_98,A highly disciplined and hard-working individual seeking challenging opportunity in the field of data science and data analytics where I can utilize my skills and knowledge to contribute for the growth of the organization,['data science using machine learning with r and python data analytics']
r_99,I am a Post Graduate having knowledge of industry-level Machine Learning problems and Research topics. I currently work as a Machine Learning Engineer and I want to keep exploring such opportunities.,['n a']
r_100,"I am a software engineer, and I want to work on full time roles associated with Machine Learning. I have previously worked on some corporate models and due to its intricacies I want to explore more in the domain.",['n a']
r_101,,"['participant', 'vice president social chair greek week delegate']"
r_102,I am an assistant software engineer working on cloud-based solutions. After working on a couple of Machine Learning application evaluations and deployment I got really engrossed into the domain and would like to work more towards improving myself.,['n a']
r_103,,"['participant', 'vice president social chair greek week delegate']"
r_104,"Machine Learning Design
Data Analysis
Model Training
AI Integration
Innovation
Cross-Functional Collaboration
Model Deployment
Documentation
Analytical Skills
Communication
Team Collaboration",['python r or java tensorflow pytorch scikit learn']
r_105,Fresher Computer vision and Machine Learning Engineer looking for a job that is both challenging and fun in terms of problem-solving. Also an expert in maintaining and managing Tableau and Power BI dashboards to address business.,"['honorary member', 'innovator of the year runner up']"
r_106,"['ASP.NET 4.5', 'academic', 'Clustering', 'consulting', 'curriculum development', 'customer satisfaction', 'data analysis', 'data mining', 'data warehouse', 'Databases', 'database', 'database design', 'database management', 'data warehousing', 'environmental protection', 'Environmental Science', 'GIS', 'HTML', 'instructor', 'Lecturer', 'legal', 'machine learning', 'managing', 'materials', 'meetings', 'C#', 'Microsoft SQL', 'modeling', 'Natural', 'Oracle', 'process development and engineering', 'processes', 'progress', 'Python', 'quality', 'researching', 'research', 'SAS', 'shipping', 'SPSS', 'SQL', 'Statistics', 'Tableau', 'teaching', 'technical support', 'workshops']","['city state', 'n a']"
r_107,"Machine Learning Design
Data Analysis
Model Training
AI Integration
Innovation
Cross-Functional Collaboration
Model Deployment
Documentation
Analytical Skills
Communication
Team Collaboration",['python r or java tensorflow pytorch scikit learn']
r_108,"Machine Learning Design
Data Analysis
Model Training
AI Integration
Innovation
Cross-Functional Collaboration
Model Deployment
Documentation
Analytical Skills
Communication
Team Collaboration",['python r or java tensorflow pytorch scikit learn']
r_109,Graduate Looking for roles related to BU analyst and machine learning.,['data analyst python programming']
r_110,"Machine Learning Leadership
Cross-Functional Collaboration
Strategy Development
ML/NLP Infrastructure
Prototype Transformation
ML System Design
Algorithm Research
Application Development
Dataset Selection
ML Testing
Statistical Analysis
R&D in ML/NLP
Text Representation
Data Pipeline Design
Statistical Data Analysis
Model Training
Team Collaboration
Research Reporting
Algorithm Analysis",['city state']
r_111,Associate software engineer specializing in Machine Learning models and Optimization. I work with both natural Language processing and computer vision in terms of Modelling and development.,"['alb', 'ci cd', 'django api design server side logic drf django rest framework database management postgresql', 'docker', 'ec2', 'ecs', 'etc linux', 'full stack development front end reactjs', 'gitlab terraform', 'mysql version control git aws ecr', 'nextjs backend python', 'rds', 'shell scripting']"
r_112,"Machine Learning Leadership
Cross-Functional Collaboration
Strategy Development
ML/NLP Infrastructure
Prototype Transformation
ML System Design
Algorithm Research
Application Development
Dataset Selection
ML Testing
Statistical Analysis
R&D in ML/NLP
Text Representation
Data Pipeline Design
Statistical Data Analysis
Model Training
Team Collaboration
Research Reporting
Algorithm Analysis",['city state']
r_113,"An avid data analyst looking to step into the world of machine learning and data sciences. I have experience related to Data Mining, Data Visualization, Text Analytics, Data Collection and would currently like to expand my horizon and work on Machine Learning projects.",['n a']
r_114,Fresher python developer interested in data analytics and machine learning.,['statistics in python']
r_115,"Machine Learning Design
Data Analysis
Model Training
AI Integration
Innovation
Cross-Functional Collaboration
Model Deployment
Documentation
Analytical Skills
Communication
Team Collaboration",['python r or java tensorflow pytorch scikit learn']
r_116,"Skilled Machine Learning and Deep Learning practitioner, and I have worked on Computer vision-based projects. On the lookout for opportunities that help me understand more about the domain.",['attendee']
r_117,,['nlp developer']
r_118,"Machine Learning Design
Data Analysis
Model Training
AI Integration
Innovation
Cross-Functional Collaboration
Model Deployment
Documentation
Analytical Skills
Communication
Team Collaboration",['python r or java tensorflow pytorch scikit learn']
r_119,Looking for roles related to application development in Machine Learning.,['n a']
r_120,"Graduate analyst currently working as business analyst consultant. As an individual, I always try to overcome problems in the most analytical manner. I want to work on Machine Learning application problems that deal with real life scenarios.",['n a']
r_121,I am a market research specialist with a grasp of machine learning and looking for a deeper dive into the career of being a professional machine learning engineer.,['n a']
r_122,"A quality-oriented professional with a keen interest in solving complex business problems by way of AI-based design & thinking. A technology-agnostic individual with a strong background in data science, statistics, and economics with an aim to accelerate artificial intelligence.",['n a']
r_123,"Machine Learning Design
Data Analysis
Model Training
AI Integration
Innovation
Cross-Functional Collaboration
Model Deployment
Documentation
Analytical Skills
Communication
Team Collaboration",['python r or java tensorflow pytorch scikit learn']
r_124,"Machine Learning Leadership
Cross-Functional Collaboration
Strategy Development
ML/NLP Infrastructure
Prototype Transformation
ML System Design
Algorithm Research
Application Development
Dataset Selection
ML Testing
Statistical Analysis
R&D in ML/NLP
Text Representation
Data Pipeline Design
Statistical Data Analysis
Model Training
Team Collaboration
Research Reporting
Algorithm Analysis",['n a']
r_125,"A python programmer, currently pursuing Data science and looking for roles that involve the application of Machine Learning. I am always excited to take on real life problems and tread through different technology stacks.",['certified data scientist']
r_126,,"['chairman', 'participant']"
r_127,"A Fresher Seeking Roles In Machine Learning, Business Analysis, Data Predictive Modelling, Statistical Solutions, Data Mining.",['data science and bigdata']
r_128,,['ait']
r_129,,"['natural language processing with python', 'python for big data with pyspark']"
r_130,"Fresher starting out with Business Analysis, and machine learning modelling based on data engineering.",['n a']
r_131,,"['city state', 'kuwait', 'udaipur india']"
r_132,"Machine Learning engineer who has worked on multiple projects with knowledge in big data handling and business analytics. As someone who is always learning, I would love to use my knowledge to provide the best solutions.","['alb', 'ci cd', 'django api design server side logic drf django rest framework database management postgresql', 'docker', 'ec2', 'ecs', 'etc linux', 'full stack development front end reactjs', 'gitlab terraform', 'mysql version control git aws ecr', 'nextjs backend python', 'rds', 'shell scripting']"
r_133,I am a fresher specializing in data analytics and Machine Learning Application development. I believe that if given the opportunity I can prove my potential as a developer. I can easily communicate and work under someone's supervision who can guide me and help me in this journey of learning and exploring.,['participant']
r_134,I am Data science enthusiast focused on solving complex problems using machine learning techniques. I try to simplify problems and attack them head on. Always working and striving to be better solution finder.,['deep learning']
r_135,"Machine learning Enthusiast. Motivated to learn, grow and excel my experience by challenging myself.",['data science with python']
r_136,"Machine Learning Design
Data Analysis
Model Training
AI Integration
Innovation
Cross-Functional Collaboration
Model Deployment
Documentation
Analytical Skills
Communication
Team Collaboration",['python r or java tensorflow pytorch scikit learn']
r_137,Would like to join any firm as a software developer in machine learning projects.,['n a']
r_138,"Fresher having knowledge in machine learning and natural language processing. Looking to join a role where I can learn from an well informed environment, experiment and produce promising results and work with different kinds of data.",['nanyang university']
r_139,,"['natural language processing with python', 'python for big data with pyspark']"
r_140,Graduate Looking for roles related to BU analyst and machine learning.,['data analyst python programming']
r_141,"Data Analyst, interested in Machine Learning application development. As a data analyst, I have extensive experience with data preprocessing and pipeline building and I would like to venture further into this domain to learn more about it.",['n a']
r_142,"Passionate Data Engineer with a zeal to excel forward and produce promising outcomes. Hands-on knowledge in various Machine Learning Algorithms. Also experienced in data mining, warehouse maintaining, and visualization. In search of a role where I can nurture my skills and contribute to the growth of the company and myself.",['n a']
r_143,"Machine Learning Leadership
Cross-Functional Collaboration
Strategy Development
ML/NLP Infrastructure
Prototype Transformation
ML System Design
Algorithm Research
Application Development
Dataset Selection
ML Testing
Statistical Analysis
R&D in ML/NLP
Text Representation
Data Pipeline Design
Statistical Data Analysis
Model Training
Team Collaboration
Research Reporting
Algorithm Analysis",['city state']
r_144,I am fresher data analyst starting out in ERP and MIS. As a fresher I am looking for roles specific to data science and machine learning to learn about the subject and create amazing applications to solve real life problems.,['data science with python']
r_145,"Machine Learning Leadership
Cross-Functional Collaboration
Strategy Development
ML/NLP Infrastructure
Prototype Transformation
ML System Design
Algorithm Research
Application Development
Dataset Selection
ML Testing
Statistical Analysis
R&D in ML/NLP
Text Representation
Data Pipeline Design
Statistical Data Analysis
Model Training
Team Collaboration
Research Reporting
Algorithm Analysis",['n a']
r_146,"Machine learning Enthusiast. Motivated to learn, grow and excel my experience by challenging myself.",['data science with python']
r_147,Fresher python developer interested in data analytics and machine learning.,['statistics in python']
r_148,,['tensorflow and keras']
r_149,I am a software developer currently working on Machine Learning Projects. The domain of analytics and Machine Learning has amassed a greater interest for me and I want to explore and learn about the core concepts used in production. I am looking to switch to a fulltime role that will help me explore more about this.,['software lifecycle']
r_150,,"['chairman', 'participant']"
r_151,"Machine Learning Design
Data Analysis
Model Training
AI Integration
Innovation
Cross-Functional Collaboration
Model Deployment
Documentation
Analytical Skills
Communication
Team Collaboration",['python r or java tensorflow pytorch scikit learn']
r_152,"Machine Learning Design
Data Analysis
Model Training
AI Integration
Innovation
Cross-Functional Collaboration
Model Deployment
Documentation
Analytical Skills
Communication
Team Collaboration",['python r or java tensorflow pytorch scikit learn']
r_153,,['data science']
r_154,"Machine Learning Leadership
Cross-Functional Collaboration
Strategy Development
ML/NLP Infrastructure
Prototype Transformation
ML System Design
Algorithm Research
Application Development
Dataset Selection
ML Testing
Statistical Analysis
R&D in ML/NLP
Text Representation
Data Pipeline Design
Statistical Data Analysis
Model Training
Team Collaboration
Research Reporting
Algorithm Analysis",['data science and bigdata']
r_155,"Machine Learning Design
Data Analysis
Model Training
AI Integration
Innovation
Cross-Functional Collaboration
Model Deployment
Documentation
Analytical Skills
Communication
Team Collaboration",['python r or java tensorflow pytorch scikit learn']
r_156,"I'm passionate learner with a knack for Artificial Intelligence. The kind of problems AI can solve, fills me with enthusiasm to learn more and contribute more. I have dedicated more than a year developing and training Machine learning Models across several projects.",['pytorch developer']
r_157,Want to work as a Machine Learning Production Engineer.,['n a']
r_158,Software Engineer with a track record of Implementing and completing projects on time and in alignment with client expectations. Enthusiast about Data Science and keen to learn and explore.,['n a']
r_159,"Software developer with a niche towards end to end machine learning projects. Motivated towards learning, solving and producing better results.",['participant']
r_160,"Software developer focused in the areas of Machine learning application development. Motivated to learn, grow and excel my experience by challenging myself.","['alb', 'ci cd', 'django api design server side logic drf django rest framework database management postgresql', 'docker', 'ec2', 'ecs', 'etc linux', 'full stack development front end reactjs', 'gitlab terraform', 'mysql version control git aws ecr', 'nextjs backend python', 'rds', 'shell scripting']"
r_161,"Skilled Machine Learning and Deep Learning practitioner, and I have worked on Computer vision-based projects. On the lookout for opportunities that help me understand more about the domain.",['attendee']
r_162,"Machine Learning Design
Data Analysis
Model Training
AI Integration
Innovation
Cross-Functional Collaboration
Model Deployment
Documentation
Analytical Skills
Communication
Team Collaboration",['python r or java tensorflow pytorch scikit learn']
r_163,"Passionate Data Engineer with a zeal to excel forward and produce promising outcomes. Hands-on knowledge in various Machine Learning Algorithms. Also experienced in data mining, warehouse maintaining, and visualization. In search of a role where I can nurture my skills and contribute to the growth of the company and myself.",['n a']
r_164,"Fresher having knowledge in machine learning and natural language processing. Looking to join a role where I can learn from an well informed environment, experiment and produce promising results and work with different kinds of data.",['nanyang university']
r_165,"Passionate Data Engineer with a zeal to excel forward and produce promising outcomes. Hands-on knowledge in various Machine Learning Algorithms. Also experienced in data mining, warehouse maintaining, and visualization. In search of a role where I can nurture my skills and contribute to the growth of the company and myself.",['n a']
r_166,"Machine Learning Design
Data Analysis
Model Training
AI Integration
Innovation
Cross-Functional Collaboration
Model Deployment
Documentation
Analytical Skills
Communication
Team Collaboration",['python r or java tensorflow pytorch scikit learn']
r_167,I am a software developer and analyst professional working for a year with client side technology and Machine Learning product delivery. I have handled small but scalable Machine Learning projects and want to expand my experience and expertise in the domain.,['applied machine learning course']
r_168,,"['cambridge uk', 'mountain view ca usa', 'vancouver bc canada']"
r_169,,"['city state', 'navi mumbai india']"
r_170,"A curiosity-driven data scientist, eager to leverage machine learning and data analytics to extract meaningful insights, make informed decisions and solve challenging business problems. I ensure to contribute with my knowledge, logical thinking and analytical skills towards the consistent growth and development of the organization, and enhance my experience through continuous learning and teamwork.",['n a']
r_171,"Machine Learning Design
Data Analysis
Model Training
AI Integration
Innovation
Cross-Functional Collaboration
Model Deployment
Documentation
Analytical Skills
Communication
Team Collaboration",['python r or java tensorflow pytorch scikit learn']
r_172,"Machine Learning Leadership
Cross-Functional Collaboration
Strategy Development
ML/NLP Infrastructure
Prototype Transformation
ML System Design
Algorithm Research
Application Development
Dataset Selection
ML Testing
Statistical Analysis
R&D in ML/NLP
Text Representation
Data Pipeline Design
Statistical Data Analysis
Model Training
Team Collaboration
Research Reporting
Algorithm Analysis",['city state']
r_173,A highly disciplined and hard-working individual seeking challenging opportunity in the field of data science and data analytics where I can utilize my skills and knowledge to contribute for the growth of the organization,['data science using machine learning with r and python data analytics']
r_174,"Machine Learning Leadership
Cross-Functional Collaboration
Strategy Development
ML/NLP Infrastructure
Prototype Transformation
ML System Design
Algorithm Research
Application Development
Dataset Selection
ML Testing
Statistical Analysis
R&D in ML/NLP
Text Representation
Data Pipeline Design
Statistical Data Analysis
Model Training
Team Collaboration
Research Reporting
Algorithm Analysis",['aws']
r_175,,['deep learning masters machine learning']
r_176,"Currently looking for an opportunity in Machine Learning and Deep Learning roles. I have a good depth of knowledge in ML Algorithms, various CNN architectures, and worked on Time series data, Image captioning, NLP tasks. Interested to work with an enthusiastic team on business problems.",['participant']
r_177,"Data Science Enthusiast looking roles in Data Analytics, Machine learning, Statistical Modeling, Data Visualization.",['machine learning internship certificate']
r_178,,"['chairman', 'participant']"
r_179,"Looking to utilize hands-on experience of machine learning, deep learning and Artificial Intelligence for data discovery, exploration, prediction and analysis tasks.",['n a']
r_180,I recently graduated with a B.Tech degree in IT and currently am looking for jobs in sectors related to machine learning. I want to explore and hone my skills. I am committed towards better coding practices.,['n a']
r_181,,['jr data scientist']
r_182,"Machine Learning Design
Data Analysis
Model Training
AI Integration
Innovation
Cross-Functional Collaboration
Model Deployment
Documentation
Analytical Skills
Communication
Team Collaboration",['python r or java tensorflow pytorch scikit learn']
r_183,I am actively seeking opportunity as Data Analyst or Machine Learning Engineer. My goal is to discover new business strategies and create an impact through data driven analytical decisions and leading the business to success.,['student']
r_184,Seeking challenging opportunity in the field of data science and data analytics where I can utilize my skills and knowledge to contribute for the growth of the organization,['n a']
r_185,Recently graduated fresher experienced in Machine Learning and Natural Language Processing looking for roles that involve projects in the same.,['py thonist']
r_186,"Experienced software professional looking for data science and machine learning roles. Masters in machine learning. Good Knowledge of Software Development processes and Object-oriented programming. Sound Knowledge of python, scikit learn and keras.",['n a']
r_187,I am fresher data analyst starting out in ERP and MIS. As a fresher I am looking for roles specific to data science and machine learning to learn about the subject and create amazing applications to solve real life problems.,"['alb', 'ci cd', 'django api design server side logic drf django rest framework database management postgresql', 'docker', 'ec2', 'ecs', 'etc linux', 'full stack development front end reactjs', 'gitlab terraform', 'mysql version control git aws ecr', 'nextjs backend python', 'rds', 'shell scripting']"
r_188,"A python programmer, currently pursuing Data science and looking for roles that involve the application of Machine Learning. I am always excited to take on real life problems and tread through different technology stacks.",['certified data scientist']
r_189,,['data science']
r_190,"Fresher having knowledge in machine learning and natural language processing. Looking to join a role where I can learn from an well informed environment, experiment and produce promising results and work with different kinds of data.",['nanyang university']
r_191,Data analyst actively seeking job roles related to data science and machine learning.,['ibm data analytics']
r_192,"Associate Solution Advisor currently enrolled in PG for Data science, Knowledge in data manipulation, analysis, reporting and data visualization. In depth knowledge of tools used for production.",['n a']
r_193,As a Data Analyst I always look into more innovative ways of finding figures and facts from data. I have also worked with some production based Machine learning application problems and I would like to involve myself more with such ventures.,"['using python', 'using tableau']"
r_194,"Machine Learning Design
Data Analysis
Model Training
AI Integration
Innovation
Cross-Functional Collaboration
Model Deployment
Documentation
Analytical Skills
Communication
Team Collaboration",['python r or java tensorflow pytorch scikit learn']
r_195,"Software developer focused in the areas of Machine learning application development. Motivated to learn, grow and excel my experience by challenging myself.",['ondevice machine learning']
r_196,,['data science']
r_197,Fresher who is dynamic and defined when it comes to domain knowledge related to Data Analytics and Machine Learning.,['participant']
r_198,"Software developer focused in the areas of Machine learning application development. Motivated to learn, grow and excel my experience by challenging myself.",['ondevice machine learning']
r_199,"Data Analyst, interested in Machine Learning application development. As a data analyst, I have extensive experience with data preprocessing and pipeline building and I would like to venture further into this domain to learn more about it.",['n a']
r_200,I am a market research specialist with a grasp of machine learning and looking for a deeper dive into the career of being a professional machine learning engineer.,"['alb', 'ci cd', 'django api design server side logic drf django rest framework database management postgresql', 'docker', 'ec2', 'ecs', 'etc linux', 'full stack development front end reactjs', 'gitlab terraform', 'mysql version control git aws ecr', 'nextjs backend python', 'rds', 'shell scripting']"
r_201,I am a software developer and analyst professional working for a year with client side technology and Machine Learning product delivery. I have handled small but scalable Machine Learning projects and want to expand my experience and expertise in the domain.,['applied machine learning course']
r_202,I am a Post Graduate having knowledge of industry-level Machine Learning problems and Research topics. I currently work as a Machine Learning Engineer and I want to keep exploring such opportunities.,['n a']
r_203,,"['city state', 'kuwait', 'udaipur india']"
r_204,"To design, develop and manage products in the field of consumer electronics devices, networking protocols, internet applications and connected devices. Vision to create personalized experiences based on machine learning.",['city state']
r_205,,['nlp developer']
r_206,"I am an experienced analytics specialist seeking a full-time position in the field of data science and application in business problem solving, where I can apply my knowledge and skills for continuous improvement.",['analytics certification']
r_207,"Machine Learning Design
Data Analysis
Model Training
AI Integration
Innovation
Cross-Functional Collaboration
Model Deployment
Documentation
Analytical Skills
Communication
Team Collaboration",['python r or java tensorflow pytorch scikit learn']
r_208,"Machine Learning Design
Data Analysis
Model Training
AI Integration
Innovation
Cross-Functional Collaboration
Model Deployment
Documentation
Analytical Skills
Communication
Team Collaboration",['python r or java tensorflow pytorch scikit learn']
r_209,I am Data science enthusiast focused on solving complex problems using machine learning techniques. I try to simplify problems and attack them head on. Always working and striving to be better solution finder.,['deep learning']
r_210,Graduate Looking for roles related to BU analyst and machine learning.,['data analyst python programming']
r_211,"Machine Learning Design
Data Analysis
Model Training
AI Integration
Innovation
Cross-Functional Collaboration
Model Deployment
Documentation
Analytical Skills
Communication
Team Collaboration",['python r or java tensorflow pytorch scikit learn']
r_212,As a Data Analyst I always look into more innovative ways of finding figures and facts from data. I have also worked with some production based Machine learning application problems and I would like to involve myself more with such ventures.,"['using python', 'using tableau']"
r_213,Seeking challenging opportunity in the field of data science and data analytics where I can utilize my skills and knowledge to contribute for the growth of the organization,['n a']
r_214,Fresher python developer interested in data analytics and machine learning.,['statistics in python']
r_215,I am a software engineer who has worked on several computer vision projects and their end to end deployment. I am looking to join as a Machine Learning developer to closely work on problems and increase my grasp over the domain.,"['deployment of end to end ml projects', 'n a']"
r_216,"Machine Learning Leadership
Cross-Functional Collaboration
Strategy Development
ML/NLP Infrastructure
Prototype Transformation
ML System Design
Algorithm Research
Application Development
Dataset Selection
ML Testing
Statistical Analysis
R&D in ML/NLP
Text Representation
Data Pipeline Design
Statistical Data Analysis
Model Training
Team Collaboration
Research Reporting
Algorithm Analysis",['n a']
r_217,"A Data Science enthusiast with a demonstrated history of working in Banking industry. Currently working on real life Data Science projects with interest in Predictive Analytics, Machine Learning and Deep Learning.",['n a']
r_218,"I'm passionate learner with a knack for Artificial Intelligence. The kind of problems AI can solve, fills me with enthusiasm to learn more and contribute more. I have dedicated more than a year developing and training Machine learning Models across several projects.",['pytorch developer']
r_219,"Machine Learning engineer who has worked on multiple projects with knowledge in big data handling and business analytics. As someone who is always learning, I would love to use my knowledge to provide the best solutions.",['n a']
r_220,,['ai on the cloud']
r_221,"Machine Learning Leadership
Cross-Functional Collaboration
Strategy Development
ML/NLP Infrastructure
Prototype Transformation
ML System Design
Algorithm Research
Application Development
Dataset Selection
ML Testing
Statistical Analysis
R&D in ML/NLP
Text Representation
Data Pipeline Design
Statistical Data Analysis
Model Training
Team Collaboration
Research Reporting
Algorithm Analysis",['city state']
r_222,Fresher python developer interested in data analytics and machine learning.,['statistics in python']
r_223,,['data science and analytics']
r_224,I am Data science enthusiast focused on solving complex problems using machine learning techniques. I try to simplify problems and attack them head on. Always working and striving to be better solution finder.,['deep learning']
r_225,"Machine Learning Engineer seeking assignments Deep Learning, Reinforcement Learning, Tensorflow. Keras.",['scholar']
r_226,I am a market research specialist with a grasp of machine learning and looking for a deeper dive into the career of being a professional machine learning engineer.,['n a']
r_227,,"['city state', 'kuwait', 'udaipur india']"
r_228,I am currently looking for an opportunity as a Data Science or Machine Learning Engineer.,['business analyst']
r_229,,['data science']
r_230,As a Data Analyst I always look into more innovative ways of finding figures and facts from data. I have also worked with some production based Machine learning application problems and I would like to involve myself more with such ventures.,"['using python', 'using tableau']"
r_231,"Machine Learning Leadership
Cross-Functional Collaboration
Strategy Development
ML/NLP Infrastructure
Prototype Transformation
ML System Design
Algorithm Research
Application Development
Dataset Selection
ML Testing
Statistical Analysis
R&D in ML/NLP
Text Representation
Data Pipeline Design
Statistical Data Analysis
Model Training
Team Collaboration
Research Reporting
Algorithm Analysis",['n a']
r_232,"An avid data analyst looking to step into the world of machine learning and data sciences. I have experience related to Data Mining, Data Visualization, Text Analytics, Data Collection and would currently like to expand my horizon and work on Machine Learning projects.",['n a']
r_233,,['data science and analytics']
r_234,"Machine Learning Design
Data Analysis
Model Training
AI Integration
Innovation
Cross-Functional Collaboration
Model Deployment
Documentation
Analytical Skills
Communication
Team Collaboration",['python r or java tensorflow pytorch scikit learn']
r_235,,"['machine learning with python', 'neural network applied in pytorch']"
r_236,,['ai on the cloud']
r_237,"I am an experienced analytics specialist seeking a full-time position in the field of data science and application in business problem solving, where I can apply my knowledge and skills for continuous improvement.",['analytics certification']
r_238,"Machine Learning Leadership
Cross-Functional Collaboration
Strategy Development
ML/NLP Infrastructure
Prototype Transformation
ML System Design
Algorithm Research
Application Development
Dataset Selection
ML Testing
Statistical Analysis
R&D in ML/NLP
Text Representation
Data Pipeline Design
Statistical Data Analysis
Model Training
Team Collaboration
Research Reporting
Algorithm Analysis",['n a']
r_239,Recently graduated fresher experienced in Machine Learning and Natural Language Processing looking for roles that involve projects in the same.,['py thonist']
r_240,"Machine Learning Design
Data Analysis
Model Training
AI Integration
Innovation
Cross-Functional Collaboration
Model Deployment
Documentation
Analytical Skills
Communication
Team Collaboration",['python r or java tensorflow pytorch scikit learn']
r_241,"Machine Learning Leadership
Cross-Functional Collaboration
Strategy Development
ML/NLP Infrastructure
Prototype Transformation
ML System Design
Algorithm Research
Application Development
Dataset Selection
ML Testing
Statistical Analysis
R&D in ML/NLP
Text Representation
Data Pipeline Design
Statistical Data Analysis
Model Training
Team Collaboration
Research Reporting
Algorithm Analysis","['machine learning with python', 'neural network applied in pytorch']"
r_242,"Machine Learning Leadership
Cross-Functional Collaboration
Strategy Development
ML/NLP Infrastructure
Prototype Transformation
ML System Design
Algorithm Research
Application Development
Dataset Selection
ML Testing
Statistical Analysis
R&D in ML/NLP
Text Representation
Data Pipeline Design
Statistical Data Analysis
Model Training
Team Collaboration
Research Reporting
Algorithm Analysis",['junior engineer award l t best solution provided l t']
r_243,"An avid data analyst looking to step into the world of machine learning and data sciences. I have experience related to Data Mining, Data Visualization, Text Analytics, Data Collection and would currently like to expand my horizon and work on Machine Learning projects.",['n a']
r_244,"As a research assistant I always try to define new boundaries and work in a meticulous way to figure out solutions. I have used Machine Learning as a base for our product design to synthesis chemical architectures and their reaction, right now I would like to be involved more on the application development side and was looking for an opportunity that did such.",['n a']
r_245,Data Science Explorer with a keen interest in application models of Machine learning.,['n a']
r_246,"Machine Learning Leadership
Cross-Functional Collaboration
Strategy Development
ML/NLP Infrastructure
Prototype Transformation
ML System Design
Algorithm Research
Application Development
Dataset Selection
ML Testing
Statistical Analysis
R&D in ML/NLP
Text Representation
Data Pipeline Design
Statistical Data Analysis
Model Training
Team Collaboration
Research Reporting
Algorithm Analysis",['n a']
r_247,Fresher who is dynamic and defined when it comes to domain knowledge related to Data Analytics and Machine Learning.,['participant']
r_248,Want to work as a Machine Learning Production Engineer.,['n a']
r_249,"To design, develop and manage products in the field of consumer electronics devices, networking protocols, internet applications and connected devices. Vision to create personalized experiences based on machine learning.",['city state']
r_250,,"['natural language processing with python', 'python for big data with pyspark']"
r_251,Graduating Ph.D. candidate with a research focus on developing large-scale computational models using statistics and machine learning approach. Interested in a career as a computational scientist or quantitative software developer.,"['city', 'city state']"
r_252,,"['cloud infrastructure for advanced computing', 'machine learning']"
r_253,,['tensorflow and keras']
r_254,A highly disciplined and hard-working individual seeking challenging opportunity in the field of data science and data analytics where I can utilize my skills and knowledge to contribute for the growth of the organization,['data science using machine learning with r and python data analytics']
r_255,As a junior analyst I currently work with data preprocessing and data cleaning before sending them to Machine Learning Models. I am also simultaneously training to be a machine learning engineer to work closely with teams that build models and would like to join a venture for such opportunity.,['n a']
r_256,Graduating Ph.D. candidate with a research focus on developing large-scale computational models using statistics and machine learning approach. Interested in a career as a computational scientist or quantitative software developer.,"['city', 'city state']"
r_257,,['python analysis with pandas and numpy']
r_258,"Machine learning Enthusiast. Motivated to learn, grow and excel my experience by challenging myself.",['data science with python']
r_259,I am currently working as a junior Machine Learning Engineer and I want to learn more about how Machine Learning projects impact real work scenarios.,['n a']
r_260,Fresher python developer interested in data analytics and machine learning.,['statistics in python']
r_261,Graduating Ph.D. candidate with a research focus on developing large-scale computational models using statistics and machine learning approach. Interested in a career as a computational scientist or quantitative software developer.,"['city', 'city state']"
r_262,,"['city state', 'navi mumbai india']"
r_263,Recent Graduate testing and debugging machine learning models. I have worked on multiple projects and have contributed to the testing and quality control of models over time. I am looking to switch to a development role where I can exercise my skills.,['n a']
r_264,I am a fresher business analyst with a knack for building applications that use machine learning and deep learning.,['team lead']
r_265,I am fresher data analyst starting out in ERP and MIS. As a fresher I am looking for roles specific to data science and machine learning to learn about the subject and create amazing applications to solve real life problems.,['data science with python']
r_266,"Experienced software professional looking for data science and machine learning roles. Masters in machine learning. Good Knowledge of Software Development processes and Object-oriented programming. Sound Knowledge of python, scikit learn and keras.",['n a']
r_267,Understanding and solving problems has been one my core objectives since I started working. Exploring data and the different interpretation it can have is what amazes me. Currently interested Machine Learning developer and engineer roles.,"['a gentle introduction to deep learning using keras', 'deep learning advanced nlp and rnns', 'machine learning a z handson python r in data science']"
r_268,"Skilled Machine Learning and Deep Learning practitioner, and I have worked on Computer vision-based projects. On the lookout for opportunities that help me understand more about the domain.",['attendee']
r_269,Would like to join any firm as a software developer in machine learning projects.,['n a']
r_270,,"['city state', 'navi mumbai india']"
r_271,"Machine Learning Leadership
Cross-Functional Collaboration
Strategy Development
ML/NLP Infrastructure
Prototype Transformation
ML System Design
Algorithm Research
Application Development
Dataset Selection
ML Testing
Statistical Analysis
R&D in ML/NLP
Text Representation
Data Pipeline Design
Statistical Data Analysis
Model Training
Team Collaboration
Research Reporting
Algorithm Analysis",['city state']
r_272,"I am an experienced analytics specialist seeking a full-time position in the field of data science and application in business problem solving, where I can apply my knowledge and skills for continuous improvement.",['analytics certification']
r_273,"Machine Learning Design
Data Analysis
Model Training
AI Integration
Innovation
Cross-Functional Collaboration
Model Deployment
Documentation
Analytical Skills
Communication
Team Collaboration",['python r or java tensorflow pytorch scikit learn']
r_274,I am a software developer currently working on Machine Learning Projects. The domain of analytics and Machine Learning has amassed a greater interest for me and I want to explore and learn about the core concepts used in production. I am looking to switch to a fulltime role that will help me explore more about this.,['software lifecycle']
r_275,"Machine Learning Design
Data Analysis
Model Training
AI Integration
Innovation
Cross-Functional Collaboration
Model Deployment
Documentation
Analytical Skills
Communication
Team Collaboration",['python r or java tensorflow pytorch scikit learn']
r_276,Currently seeking opportunities as an Analyst as well as Machine Learning Engineer.,['junior engineer award l t best solution provided l t']
r_277,I am fresher data analyst starting out in ERP and MIS. As a fresher I am looking for roles specific to data science and machine learning to learn about the subject and create amazing applications to solve real life problems.,['data science with python']
r_278,"Machine Learning Design
Data Analysis
Model Training
AI Integration
Innovation
Cross-Functional Collaboration
Model Deployment
Documentation
Analytical Skills
Communication
Team Collaboration",['python r or java tensorflow pytorch scikit learn']
r_279,Fresher who is dynamic and defined when it comes to domain knowledge related to Data Analytics and Machine Learning.,['participant']
r_280,"Machine Learning Design
Data Analysis
Model Training
AI Integration
Innovation
Cross-Functional Collaboration
Model Deployment
Documentation
Analytical Skills
Communication
Team Collaboration",['python r or java tensorflow pytorch scikit learn']
r_281,,['data science']
r_282,Fresher who is dynamic and defined when it comes to domain knowledge related to Data Analytics and Machine Learning.,['participant']
r_283,"A curiosity-driven data scientist, eager to leverage machine learning and data analytics to extract meaningful insights, make informed decisions and solve challenging business problems. I ensure to contribute with my knowledge, logical thinking and analytical skills towards the consistent growth and development of the organization, and enhance my experience through continuous learning and teamwork.",['n a']
r_284,I am currently looking for an opportunity as a Data Science or Machine Learning Engineer.,['business analyst']
r_285,A highly disciplined and hard-working individual seeking challenging opportunity in the field of data science and data analytics where I can utilize my skills and knowledge to contribute for the growth of the organization,['data science using machine learning with r and python data analytics']
r_286,As a Data Analyst I always look into more innovative ways of finding figures and facts from data. I have also worked with some production based Machine learning application problems and I would like to involve myself more with such ventures.,"['using python', 'using tableau']"
r_287,"Machine Learning Design
Data Analysis
Model Training
AI Integration
Innovation
Cross-Functional Collaboration
Model Deployment
Documentation
Analytical Skills
Communication
Team Collaboration",['python r or java tensorflow pytorch scikit learn']
r_288,I am a fresher who is looking to work as a software developer in Machine Learning Application building and deployment. I am experienced in both machine learning and deep learning and have worked on few collaborative projects on such.,['n a']
r_289,"Machine Learning Design
Data Analysis
Model Training
AI Integration
Innovation
Cross-Functional Collaboration
Model Deployment
Documentation
Analytical Skills
Communication
Team Collaboration",['python r or java tensorflow pytorch scikit learn']
r_290,"Machine Learning Design
Data Analysis
Model Training
AI Integration
Innovation
Cross-Functional Collaboration
Model Deployment
Documentation
Analytical Skills
Communication
Team Collaboration",['python r or java tensorflow pytorch scikit learn']
r_291,I am currently working as a junior Machine Learning Engineer and I want to learn more about how Machine Learning projects impact real work scenarios.,['n a']
r_292,"Machine Learning Design
Data Analysis
Model Training
AI Integration
Innovation
Cross-Functional Collaboration
Model Deployment
Documentation
Analytical Skills
Communication
Team Collaboration",['python r or java tensorflow pytorch scikit learn']
r_293,"Machine Learning Leadership
Cross-Functional Collaboration
Strategy Development
ML/NLP Infrastructure
Prototype Transformation
ML System Design
Algorithm Research
Application Development
Dataset Selection
ML Testing
Statistical Analysis
R&D in ML/NLP
Text Representation
Data Pipeline Design
Statistical Data Analysis
Model Training
Team Collaboration
Research Reporting
Algorithm Analysis",['software lifecycle']
r_294,"Machine Learning Leadership
Cross-Functional Collaboration
Strategy Development
ML/NLP Infrastructure
Prototype Transformation
ML System Design
Algorithm Research
Application Development
Dataset Selection
ML Testing
Statistical Analysis
R&D in ML/NLP
Text Representation
Data Pipeline Design
Statistical Data Analysis
Model Training
Team Collaboration
Research Reporting
Algorithm Analysis",['introduction to r']
r_295,,"['participant', 'vice president social chair greek week delegate']"
r_296,I am an assistant software engineer working on cloud-based solutions. After working on a couple of Machine Learning application evaluations and deployment I got really engrossed into the domain and would like to work more towards improving myself.,['n a']
r_297,"An avid data analyst looking to step into the world of machine learning and data sciences. I have experience related to Data Mining, Data Visualization, Text Analytics, Data Collection and would currently like to expand my horizon and work on Machine Learning projects.",['n a']
r_298,"Software developer with a niche towards end to end machine learning projects. Motivated towards learning, solving and producing better results.",['participant']
r_299,,"['city state', 'kuwait', 'udaipur india']"
r_300,"Machine Learning Leadership
Cross-Functional Collaboration
Strategy Development
ML/NLP Infrastructure
Prototype Transformation
ML System Design
Algorithm Research
Application Development
Dataset Selection
ML Testing
Statistical Analysis
R&D in ML/NLP
Text Representation
Data Pipeline Design
Statistical Data Analysis
Model Training
Team Collaboration
Research Reporting
Algorithm Analysis",['training and deploying a machine model']
r_301,Software Engineer with a track record of Implementing and completing projects on time and in alignment with client expectations. Enthusiast about Data Science and keen to learn and explore.,['n a']
r_302,,['python analysis with pandas and numpy']
r_303,"Energetic, innovative engineering undergraduate, passionate about Machine Learning, NLP and Deep Learning for solving real-world problems, aiming to work in an organization providing great learning experience and growth opportunities for mutual benefit.","['apr 2021', 'dec 2020', 'feb 2021', 'nov 2021']"
r_304,,['data scientist python developer certification advanced data analytics with python and r']
r_305,,['data science and analytics']
r_306,I am a fresher specializing in data analytics and Machine Learning Application development. I believe that if given the opportunity I can prove my potential as a developer. I can easily communicate and work under someone's supervision who can guide me and help me in this journey of learning and exploring.,['participant']
r_307,I am a Post Graduate having knowledge of industry-level Machine Learning problems and Research topics. I currently work as a Machine Learning Engineer and I want to keep exploring such opportunities.,['n a']
r_308,,"['city state', 'navi mumbai india']"
r_309,"Machine Learning Leadership
Cross-Functional Collaboration
Strategy Development
ML/NLP Infrastructure
Prototype Transformation
ML System Design
Algorithm Research
Application Development
Dataset Selection
ML Testing
Statistical Analysis
R&D in ML/NLP
Text Representation
Data Pipeline Design
Statistical Data Analysis
Model Training
Team Collaboration
Research Reporting
Algorithm Analysis",['runner up solinovate']
r_310,I recently graduated with a B.Tech degree in IT and currently am looking for jobs in sectors related to machine learning. I want to explore and hone my skills. I am committed towards better coding practices.,['n a']
r_311,Interested in helping businesses take best decisions using Machine learning and Deep learning solutions.,['n a']
r_312,"Experienced software professional looking for data science and machine learning roles. Masters in machine learning. Good Knowledge of Software Development processes and Object-oriented programming. Sound Knowledge of python, scikit learn and keras.",['n a']
r_313,Seeking challenging opportunity in the field of data science and data analytics where I can utilize my skills and knowledge to contribute for the growth of the organization,['n a']
r_314,,"['natural language processing with python', 'python for big data with pyspark']"
r_315,,['data science']
r_316,"Machine Learning Design
Data Analysis
Model Training
AI Integration
Innovation
Cross-Functional Collaboration
Model Deployment
Documentation
Analytical Skills
Communication
Team Collaboration",['python r or java tensorflow pytorch scikit learn']
r_317,"Machine Learning Leadership
Cross-Functional Collaboration
Strategy Development
ML/NLP Infrastructure
Prototype Transformation
ML System Design
Algorithm Research
Application Development
Dataset Selection
ML Testing
Statistical Analysis
R&D in ML/NLP
Text Representation
Data Pipeline Design
Statistical Data Analysis
Model Training
Team Collaboration
Research Reporting
Algorithm Analysis",['private pilot']
r_318,,['training and deploying a machine model']
r_319,"Data Analyst, interested in Machine Learning application development. As a data analyst, I have extensive experience with data preprocessing and pipeline building and I would like to venture further into this domain to learn more about it.",['n a']
r_320,"Data Science Enthusiast looking roles in Data Analytics, Machine learning, Statistical Modeling, Data Visualization.",['machine learning internship certificate']
r_321,"Machine Learning Leadership
Cross-Functional Collaboration
Strategy Development
ML/NLP Infrastructure
Prototype Transformation
ML System Design
Algorithm Research
Application Development
Dataset Selection
ML Testing
Statistical Analysis
R&D in ML/NLP
Text Representation
Data Pipeline Design
Statistical Data Analysis
Model Training
Team Collaboration
Research Reporting
Algorithm Analysis",['cofounder coach and mentor']
r_322,"Machine Learning Design
Data Analysis
Model Training
AI Integration
Innovation
Cross-Functional Collaboration
Model Deployment
Documentation
Analytical Skills
Communication
Team Collaboration",['python r or java tensorflow pytorch scikit learn']
r_323,"Machine Learning Leadership
Cross-Functional Collaboration
Strategy Development
ML/NLP Infrastructure
Prototype Transformation
ML System Design
Algorithm Research
Application Development
Dataset Selection
ML Testing
Statistical Analysis
R&D in ML/NLP
Text Representation
Data Pipeline Design
Statistical Data Analysis
Model Training
Team Collaboration
Research Reporting
Algorithm Analysis","['natural language processing with python', 'python for big data with pyspark']"
r_324,Understanding and solving problems has been one my core objectives since I started working. Exploring data and the different interpretation it can have is what amazes me. Currently interested Machine Learning developer and engineer roles.,"['a gentle introduction to deep learning using keras', 'deep learning advanced nlp and rnns', 'machine learning a z handson python r in data science']"
r_325,"Data Analyst, interested in Machine Learning application development. As a data analyst, I have extensive experience with data preprocessing and pipeline building and I would like to venture further into this domain to learn more about it.",['n a']
r_326,,['training and deploying a machine model']
r_327,"Machine Learning Leadership
Cross-Functional Collaboration
Strategy Development
ML/NLP Infrastructure
Prototype Transformation
ML System Design
Algorithm Research
Application Development
Dataset Selection
ML Testing
Statistical Analysis
R&D in ML/NLP
Text Representation
Data Pipeline Design
Statistical Data Analysis
Model Training
Team Collaboration
Research Reporting
Algorithm Analysis",['city state']
r_328,"A Data Science enthusiast with a demonstrated history of working in Banking industry. Currently working on real life Data Science projects with interest in Predictive Analytics, Machine Learning and Deep Learning.",['n a']
r_329,"Fresher having knowledge in machine learning and natural language processing. Looking to join a role where I can learn from an well informed environment, experiment and produce promising results and work with different kinds of data.",['nanyang university']
r_330,I am a software engineer who has worked on several computer vision projects and their end to end deployment. I am looking to join as a Machine Learning developer to closely work on problems and increase my grasp over the domain.,"['deployment of end to end ml projects', 'n a']"
r_331,"Data Analyst, interested in Machine Learning application development. As a data analyst, I have extensive experience with data preprocessing and pipeline building and I would like to venture further into this domain to learn more about it.",['n a']
r_332,"Machine Learning Leadership
Cross-Functional Collaboration
Strategy Development
ML/NLP Infrastructure
Prototype Transformation
ML System Design
Algorithm Research
Application Development
Dataset Selection
ML Testing
Statistical Analysis
R&D in ML/NLP
Text Representation
Data Pipeline Design
Statistical Data Analysis
Model Training
Team Collaboration
Research Reporting
Algorithm Analysis",['1998']
r_333,"Data Science Enthusiast looking roles in Data Analytics, Machine learning, Statistical Modeling, Data Visualization.",['machine learning internship certificate']
r_334,Recently graduated fresher experienced in Machine Learning and Natural Language Processing looking for roles that involve projects in the same.,['py thonist']
r_335,I am currently working as a junior Machine Learning Engineer and I want to learn more about how Machine Learning projects impact real work scenarios.,['n a']
r_336,Fresher Computer vision and Machine Learning Engineer looking for a job that is both challenging and fun in terms of problem-solving. Also an expert in maintaining and managing Tableau and Power BI dashboards to address business.,"['honorary member', 'innovator of the year runner up']"
r_337,"Currently looking for an opportunity in Machine Learning and Deep Learning roles. I have a good depth of knowledge in ML Algorithms, various CNN architectures, and worked on Time series data, Image captioning, NLP tasks. Interested to work with an enthusiastic team on business problems.",['participant']
r_338,Currently seeking opportunities as an Analyst as well as Machine Learning Engineer.,['junior engineer award l t best solution provided l t']
r_339,"A curiosity-driven data scientist, eager to leverage machine learning and data analytics to extract meaningful insights, make informed decisions and solve challenging business problems. I ensure to contribute with my knowledge, logical thinking and analytical skills towards the consistent growth and development of the organization, and enhance my experience through continuous learning and teamwork.",['n a']
r_340,Fresher Computer vision and Machine Learning Engineer looking for a job that is both challenging and fun in terms of problem-solving. Also an expert in maintaining and managing Tableau and Power BI dashboards to address business.,"['honorary member', 'innovator of the year runner up']"
r_341,"Energetic, innovative engineering undergraduate, passionate about Machine Learning, NLP and Deep Learning for solving real-world problems, aiming to work in an organization providing great learning experience and growth opportunities for mutual benefit.","['apr 2021', 'dec 2020', 'feb 2021', 'nov 2021']"
r_342,"Machine Learning Design
Data Analysis
Model Training
AI Integration
Innovation
Cross-Functional Collaboration
Model Deployment
Documentation
Analytical Skills
Communication
Team Collaboration",['python r or java tensorflow pytorch scikit learn']
r_343,,['ai on the cloud']
r_344,,"['chairman', 'participant']"
r_345,Fresher python developer interested in data analytics and machine learning.,['statistics in python']
r_346,Recently graduated fresher experienced in Machine Learning and Natural Language Processing looking for roles that involve projects in the same.,"['alb', 'ci cd', 'django api design server side logic drf django rest framework database management postgresql', 'docker', 'ec2', 'ecs', 'etc linux', 'full stack development front end reactjs', 'gitlab terraform', 'mysql version control git aws ecr', 'nextjs backend python', 'rds', 'shell scripting']"
r_347,"To design, develop and manage products in the field of consumer electronics devices, networking protocols, internet applications and connected devices. Vision to create personalized experiences based on machine learning.",['city state']
r_348,"Machine Learning Design
Data Analysis
Model Training
AI Integration
Innovation
Cross-Functional Collaboration
Model Deployment
Documentation
Analytical Skills
Communication
Team Collaboration",['python r or java tensorflow pytorch scikit learn']
r_349,"Graduate analyst currently working as business analyst consultant. As an individual, I always try to overcome problems in the most analytical manner. I want to work on Machine Learning application problems that deal with real life scenarios.",['n a']
r_350,Looking for roles related to application development in Machine Learning.,['n a']
r_351,,"['chairman', 'participant']"
r_352,"Machine Learning Engineer seeking roles in Machine Learning, Natural Language Processing, Artificial Intelligence, Data Science.",['n a']
r_353,Data analyst actively seeking job roles related to data science and machine learning.,['ibm data analytics']
r_354,"Machine Learning Leadership
Cross-Functional Collaboration
Strategy Development
ML/NLP Infrastructure
Prototype Transformation
ML System Design
Algorithm Research
Application Development
Dataset Selection
ML Testing
Statistical Analysis
R&D in ML/NLP
Text Representation
Data Pipeline Design
Statistical Data Analysis
Model Training
Team Collaboration
Research Reporting
Algorithm Analysis",['n a']
r_355,"Machine Learning Leadership
Cross-Functional Collaboration
Strategy Development
ML/NLP Infrastructure
Prototype Transformation
ML System Design
Algorithm Research
Application Development
Dataset Selection
ML Testing
Statistical Analysis
R&D in ML/NLP
Text Representation
Data Pipeline Design
Statistical Data Analysis
Model Training
Team Collaboration
Research Reporting
Algorithm Analysis","['city', 'city state']"
r_356,"Machine Learning Leadership
Cross-Functional Collaboration
Strategy Development
ML/NLP Infrastructure
Prototype Transformation
ML System Design
Algorithm Research
Application Development
Dataset Selection
ML Testing
Statistical Analysis
R&D in ML/NLP
Text Representation
Data Pipeline Design
Statistical Data Analysis
Model Training
Team Collaboration
Research Reporting
Algorithm Analysis",['n a']
r_357,"A quality-oriented professional with a keen interest in solving complex business problems by way of AI-based design & thinking. A technology-agnostic individual with a strong background in data science, statistics, and economics with an aim to accelerate artificial intelligence.",['n a']
r_358,"Machine Learning Leadership
Cross-Functional Collaboration
Strategy Development
ML/NLP Infrastructure
Prototype Transformation
ML System Design
Algorithm Research
Application Development
Dataset Selection
ML Testing
Statistical Analysis
R&D in ML/NLP
Text Representation
Data Pipeline Design
Statistical Data Analysis
Model Training
Team Collaboration
Research Reporting
Algorithm Analysis",['n a']
r_359,"Graduate analyst currently working as business analyst consultant. As an individual, I always try to overcome problems in the most analytical manner. I want to work on Machine Learning application problems that deal with real life scenarios.",['n a']
r_360,"Experienced software professional looking for data science and machine learning roles. Masters in machine learning. Good Knowledge of Software Development processes and Object-oriented programming. Sound Knowledge of python, scikit learn and keras.",['n a']
r_361,As a junior analyst I currently work with data preprocessing and data cleaning before sending them to Machine Learning Models. I am also simultaneously training to be a machine learning engineer to work closely with teams that build models and would like to join a venture for such opportunity.,['n a']
r_362,Fresher python developer interested in data analytics and machine learning.,['statistics in python']
r_363,"A quality-oriented professional with a keen interest in solving complex business problems by way of AI-based design & thinking. A technology-agnostic individual with a strong background in data science, statistics, and economics with an aim to accelerate artificial intelligence.",['n a']
r_364,Looking for roles related to application development in Machine Learning.,['n a']
r_365,"Machine Learning Leadership
Cross-Functional Collaboration
Strategy Development
ML/NLP Infrastructure
Prototype Transformation
ML System Design
Algorithm Research
Application Development
Dataset Selection
ML Testing
Statistical Analysis
R&D in ML/NLP
Text Representation
Data Pipeline Design
Statistical Data Analysis
Model Training
Team Collaboration
Research Reporting
Algorithm Analysis",['n a']
r_366,I am a market research specialist with a grasp of machine learning and looking for a deeper dive into the career of being a professional machine learning engineer.,['n a']
r_367,"Machine Learning Design
Data Analysis
Model Training
AI Integration
Innovation
Cross-Functional Collaboration
Model Deployment
Documentation
Analytical Skills
Communication
Team Collaboration",['python r or java tensorflow pytorch scikit learn']
r_368,"An avid data analyst looking to step into the world of machine learning and data sciences. I have experience related to Data Mining, Data Visualization, Text Analytics, Data Collection and would currently like to expand my horizon and work on Machine Learning projects.",['n a']
r_369,"Machine Learning Engineer seeking assignments Deep Learning, Reinforcement Learning, Tensorflow. Keras.",['scholar']
r_370,"Machine Learning Design
Data Analysis
Model Training
AI Integration
Innovation
Cross-Functional Collaboration
Model Deployment
Documentation
Analytical Skills
Communication
Team Collaboration",['python r or java tensorflow pytorch scikit learn']
r_371,"Machine Learning Design
Data Analysis
Model Training
AI Integration
Innovation
Cross-Functional Collaboration
Model Deployment
Documentation
Analytical Skills
Communication
Team Collaboration",['python r or java tensorflow pytorch scikit learn']
r_372,"Machine Learning Leadership
Cross-Functional Collaboration
Strategy Development
ML/NLP Infrastructure
Prototype Transformation
ML System Design
Algorithm Research
Application Development
Dataset Selection
ML Testing
Statistical Analysis
R&D in ML/NLP
Text Representation
Data Pipeline Design
Statistical Data Analysis
Model Training
Team Collaboration
Research Reporting
Algorithm Analysis",['may 2022']
r_373,"Young Aspirant looking for roles in data science, analytics and Machine Learning.",['n a']
r_374,I am an assistant software engineer working on cloud-based solutions. After working on a couple of Machine Learning application evaluations and deployment I got really engrossed into the domain and would like to work more towards improving myself.,['n a']
r_375,I recently graduated with a B.Tech degree in IT and currently am looking for jobs in sectors related to machine learning. I want to explore and hone my skills. I am committed towards better coding practices.,"['alb', 'ci cd', 'django api design server side logic drf django rest framework database management postgresql', 'docker', 'ec2', 'ecs', 'etc linux', 'full stack development front end reactjs', 'gitlab terraform', 'mysql version control git aws ecr', 'nextjs backend python', 'rds', 'shell scripting']"
r_376,,['ai on the cloud']
r_377,Software Engineer with a track record of Implementing and completing projects on time and in alignment with client expectations. Enthusiast about Data Science and keen to learn and explore.,['n a']
r_378,Graduate Looking for roles related to BU analyst and machine learning.,['data analyst python programming']
r_379,"Machine Learning Design
Data Analysis
Model Training
AI Integration
Innovation
Cross-Functional Collaboration
Model Deployment
Documentation
Analytical Skills
Communication
Team Collaboration",['python r or java tensorflow pytorch scikit learn']
r_380,,['jr data scientist']
r_381,,"['city state', 'navi mumbai india']"
r_382,"Software developer with a niche towards end to end machine learning projects. Motivated towards learning, solving and producing better results.",['participant']
r_383,"Machine learning Enthusiast. Motivated to learn, grow and excel my experience by challenging myself.",['data science with python']
r_384,"Machine Learning Design
Data Analysis
Model Training
AI Integration
Innovation
Cross-Functional Collaboration
Model Deployment
Documentation
Analytical Skills
Communication
Team Collaboration",['python r or java tensorflow pytorch scikit learn']
r_385,Understanding and solving problems has been one my core objectives since I started working. Exploring data and the different interpretation it can have is what amazes me. Currently interested Machine Learning developer and engineer roles.,"['a gentle introduction to deep learning using keras', 'deep learning advanced nlp and rnns', 'machine learning a z handson python r in data science']"
r_386,"Machine Learning Leadership
Cross-Functional Collaboration
Strategy Development
ML/NLP Infrastructure
Prototype Transformation
ML System Design
Algorithm Research
Application Development
Dataset Selection
ML Testing
Statistical Analysis
R&D in ML/NLP
Text Representation
Data Pipeline Design
Statistical Data Analysis
Model Training
Team Collaboration
Research Reporting
Algorithm Analysis","['city state', 'n a']"
r_387,Graduate database management engineer looking to join a role in data analytics or cloud-based machine learning solutions.,['data science on cloud']
r_388,"Fresher starting out with Business Analysis, and machine learning modelling based on data engineering.",['n a']
r_389,I am a fresher business analyst with a knack for building applications that use machine learning and deep learning.,['team lead']
r_390,"As a research assistant I always try to define new boundaries and work in a meticulous way to figure out solutions. I have used Machine Learning as a base for our product design to synthesis chemical architectures and their reaction, right now I would like to be involved more on the application development side and was looking for an opportunity that did such.",['n a']
r_391,,['data scientist python developer certification advanced data analytics with python and r']
r_392,,['training and deploying a machine model']
r_393,"Machine Learning Leadership
Cross-Functional Collaboration
Strategy Development
ML/NLP Infrastructure
Prototype Transformation
ML System Design
Algorithm Research
Application Development
Dataset Selection
ML Testing
Statistical Analysis
R&D in ML/NLP
Text Representation
Data Pipeline Design
Statistical Data Analysis
Model Training
Team Collaboration
Research Reporting
Algorithm Analysis",['2010']
r_394,,['deep learning masters machine learning']
r_395,,['ai on the cloud']
r_396,"Associate Solution Advisor currently enrolled in PG for Data science, Knowledge in data manipulation, analysis, reporting and data visualization. In depth knowledge of tools used for production.",['n a']
r_397,"Machine Learning Design
Data Analysis
Model Training
AI Integration
Innovation
Cross-Functional Collaboration
Model Deployment
Documentation
Analytical Skills
Communication
Team Collaboration",['python r or java tensorflow pytorch scikit learn']
r_398,"I am an experienced analytics specialist seeking a full-time position in the field of data science and application in business problem solving, where I can apply my knowledge and skills for continuous improvement.",['analytics certification']
r_399,"Machine Learning Design
Data Analysis
Model Training
AI Integration
Innovation
Cross-Functional Collaboration
Model Deployment
Documentation
Analytical Skills
Communication
Team Collaboration",['python r or java tensorflow pytorch scikit learn']
r_400,"Machine Learning Design
Data Analysis
Model Training
AI Integration
Innovation
Cross-Functional Collaboration
Model Deployment
Documentation
Analytical Skills
Communication
Team Collaboration",['python r or java tensorflow pytorch scikit learn']
r_401,I am an assistant software engineer working on cloud-based solutions. After working on a couple of Machine Learning application evaluations and deployment I got really engrossed into the domain and would like to work more towards improving myself.,['n a']
r_402,"Data Science Enthusiast looking roles in Data Analytics, Machine learning, Statistical Modeling, Data Visualization.",['machine learning internship certificate']
r_403,Graduate Looking for roles related to BU analyst and machine learning.,['data analyst python programming']
r_404,"Machine Learning engineer who has worked on multiple projects with knowledge in big data handling and business analytics. As someone who is always learning, I would love to use my knowledge to provide the best solutions.",['n a']
r_405,"Machine Learning Design
Data Analysis
Model Training
AI Integration
Innovation
Cross-Functional Collaboration
Model Deployment
Documentation
Analytical Skills
Communication
Team Collaboration",['python r or java tensorflow pytorch scikit learn']
r_406,I am a software developer currently working on Machine Learning Projects. The domain of analytics and Machine Learning has amassed a greater interest for me and I want to explore and learn about the core concepts used in production. I am looking to switch to a fulltime role that will help me explore more about this.,"['alb', 'ci cd', 'django api design server side logic drf django rest framework database management postgresql', 'docker', 'ec2', 'ecs', 'etc linux', 'full stack development front end reactjs', 'gitlab terraform', 'mysql version control git aws ecr', 'nextjs backend python', 'rds', 'shell scripting']"
r_407,"Associate Solution Advisor currently enrolled in PG for Data science, Knowledge in data manipulation, analysis, reporting and data visualization. In depth knowledge of tools used for production.",['n a']
r_408,I am a software engineer who has worked on several computer vision projects and their end to end deployment. I am looking to join as a Machine Learning developer to closely work on problems and increase my grasp over the domain.,"['deployment of end to end ml projects', 'n a']"
r_409,,['jr data scientist']
r_410,Want to work as a Machine Learning Production Engineer.,['n a']
r_411,"Machine Learning Leadership
Cross-Functional Collaboration
Strategy Development
ML/NLP Infrastructure
Prototype Transformation
ML System Design
Algorithm Research
Application Development
Dataset Selection
ML Testing
Statistical Analysis
R&D in ML/NLP
Text Representation
Data Pipeline Design
Statistical Data Analysis
Model Training
Team Collaboration
Research Reporting
Algorithm Analysis",['advanced']
r_412,I am a software developer and analyst professional working for a year with client side technology and Machine Learning product delivery. I have handled small but scalable Machine Learning projects and want to expand my experience and expertise in the domain.,['applied machine learning course']
r_413,Software Engineer with a track record of Implementing and completing projects on time and in alignment with client expectations. Enthusiast about Data Science and keen to learn and explore.,['n a']
r_414,I am currently looking for an opportunity as a Data Science or Machine Learning Engineer.,['business analyst']
r_415,I am actively seeking opportunity as Data Analyst or Machine Learning Engineer. My goal is to discover new business strategies and create an impact through data driven analytical decisions and leading the business to success.,['student']
r_416,I recently graduated with a B.Tech degree in IT and currently am looking for jobs in sectors related to machine learning. I want to explore and hone my skills. I am committed towards better coding practices.,['n a']
r_417,,['data science']
r_418,,['ait']
r_419,Recent Graduate testing and debugging machine learning models. I have worked on multiple projects and have contributed to the testing and quality control of models over time. I am looking to switch to a development role where I can exercise my skills.,['n a']
r_420,Looking for roles related to application development in Machine Learning.,['n a']
r_421,"Machine Learning Design
Data Analysis
Model Training
AI Integration
Innovation
Cross-Functional Collaboration
Model Deployment
Documentation
Analytical Skills
Communication
Team Collaboration",['python r or java tensorflow pytorch scikit learn']
r_422,Fresher starting out and wanting to join a role of machine learning engineer or data science engineer.,['python statistics with pandas and matplotlib']
r_423,"Data Analyst, interested in Machine Learning application development. As a data analyst, I have extensive experience with data preprocessing and pipeline building and I would like to venture further into this domain to learn more about it.",['n a']
r_424,"Machine learning Enthusiast. Motivated to learn, grow and excel my experience by challenging myself.",['data science with python']
r_425,"Energetic, innovative engineering undergraduate, passionate about Machine Learning, NLP and Deep Learning for solving real-world problems, aiming to work in an organization providing great learning experience and growth opportunities for mutual benefit.","['apr 2021', 'dec 2020', 'feb 2021', 'nov 2021']"
r_426,"Machine Learning Leadership
Cross-Functional Collaboration
Strategy Development
ML/NLP Infrastructure
Prototype Transformation
ML System Design
Algorithm Research
Application Development
Dataset Selection
ML Testing
Statistical Analysis
R&D in ML/NLP
Text Representation
Data Pipeline Design
Statistical Data Analysis
Model Training
Team Collaboration
Research Reporting
Algorithm Analysis",['n a']
r_427,I am a fresher business analyst with a knack for building applications that use machine learning and deep learning.,['team lead']
r_428,"['ASP.NET 4.5', 'academic', 'Clustering', 'consulting', 'curriculum development', 'customer satisfaction', 'data analysis', 'data mining', 'data warehouse', 'Databases', 'database', 'database design', 'database management', 'data warehousing', 'environmental protection', 'Environmental Science', 'GIS', 'HTML', 'instructor', 'Lecturer', 'legal', 'machine learning', 'managing', 'materials', 'meetings', 'C#', 'Microsoft SQL', 'modeling', 'Natural', 'Oracle', 'process development and engineering', 'processes', 'progress', 'Python', 'quality', 'researching', 'research', 'SAS', 'shipping', 'SPSS', 'SQL', 'Statistics', 'Tableau', 'teaching', 'technical support', 'workshops']","['city state', 'n a']"
r_429,"Machine Learning Leadership
Cross-Functional Collaboration
Strategy Development
ML/NLP Infrastructure
Prototype Transformation
ML System Design
Algorithm Research
Application Development
Dataset Selection
ML Testing
Statistical Analysis
R&D in ML/NLP
Text Representation
Data Pipeline Design
Statistical Data Analysis
Model Training
Team Collaboration
Research Reporting
Algorithm Analysis","['deployment of end to end ml projects', 'n a']"
r_430,A highly disciplined and hard-working individual seeking challenging opportunity in the field of data science and data analytics where I can utilize my skills and knowledge to contribute for the growth of the organization,['data science using machine learning with r and python data analytics']
r_431,"Machine Learning Leadership
Cross-Functional Collaboration
Strategy Development
ML/NLP Infrastructure
Prototype Transformation
ML System Design
Algorithm Research
Application Development
Dataset Selection
ML Testing
Statistical Analysis
R&D in ML/NLP
Text Representation
Data Pipeline Design
Statistical Data Analysis
Model Training
Team Collaboration
Research Reporting
Algorithm Analysis",['city state']
r_432,"Machine Learning Leadership
Cross-Functional Collaboration
Strategy Development
ML/NLP Infrastructure
Prototype Transformation
ML System Design
Algorithm Research
Application Development
Dataset Selection
ML Testing
Statistical Analysis
R&D in ML/NLP
Text Representation
Data Pipeline Design
Statistical Data Analysis
Model Training
Team Collaboration
Research Reporting
Algorithm Analysis",['city state']
r_433,"Machine Learning Leadership
Cross-Functional Collaboration
Strategy Development
ML/NLP Infrastructure
Prototype Transformation
ML System Design
Algorithm Research
Application Development
Dataset Selection
ML Testing
Statistical Analysis
R&D in ML/NLP
Text Representation
Data Pipeline Design
Statistical Data Analysis
Model Training
Team Collaboration
Research Reporting
Algorithm Analysis",['n a']
r_434,Currently seeking opportunities as an Analyst as well as Machine Learning Engineer.,['junior engineer award l t best solution provided l t']
r_435,Fresher who is dynamic and defined when it comes to domain knowledge related to Data Analytics and Machine Learning.,['participant']
r_436,"A Fresher Seeking Roles In Machine Learning, Business Analysis, Data Predictive Modelling, Statistical Solutions, Data Mining.",['data science and bigdata']
r_437,Would like to join any firm as a software developer in machine learning projects.,['n a']
r_438,Seeking challenging opportunity in the field of data science and data analytics where I can utilize my skills and knowledge to contribute for the growth of the organization,['n a']
r_439,"Energetic, innovative engineering undergraduate, passionate about Machine Learning, NLP and Deep Learning for solving real-world problems, aiming to work in an organization providing great learning experience and growth opportunities for mutual benefit.","['apr 2021', 'dec 2020', 'feb 2021', 'nov 2021']"
r_440,"To design, develop and manage products in the field of consumer electronics devices, networking protocols, internet applications and connected devices. Vision to create personalized experiences based on machine learning.",['city state']
r_441,Data Science Explorer with a keen interest in application models of Machine learning.,['n a']
r_442,"Machine Learning Leadership
Cross-Functional Collaboration
Strategy Development
ML/NLP Infrastructure
Prototype Transformation
ML System Design
Algorithm Research
Application Development
Dataset Selection
ML Testing
Statistical Analysis
R&D in ML/NLP
Text Representation
Data Pipeline Design
Statistical Data Analysis
Model Training
Team Collaboration
Research Reporting
Algorithm Analysis","['advisory council board member', 'guest speaker', 'mentor board of directors', 'volunteer', 'volunteer coach', 'yearly sponsor of monthly lunch series']"
r_443,I am actively seeking opportunity as Data Analyst or Machine Learning Engineer. My goal is to discover new business strategies and create an impact through data driven analytical decisions and leading the business to success.,['student']
r_444,"Machine Learning Design
Data Analysis
Model Training
AI Integration
Innovation
Cross-Functional Collaboration
Model Deployment
Documentation
Analytical Skills
Communication
Team Collaboration",['python r or java tensorflow pytorch scikit learn']
r_445,"I am an experienced analytics specialist seeking a full-time position in the field of data science and application in business problem solving, where I can apply my knowledge and skills for continuous improvement.",['analytics certification']
r_446,I am currently looking for an opportunity as a Data Science or Machine Learning Engineer.,['business analyst']
r_447,"Machine Learning Design
Data Analysis
Model Training
AI Integration
Innovation
Cross-Functional Collaboration
Model Deployment
Documentation
Analytical Skills
Communication
Team Collaboration",['python r or java tensorflow pytorch scikit learn']
r_448,,['nlp developer']
r_449,"Data Analyst, interested in Machine Learning application development. As a data analyst, I have extensive experience with data preprocessing and pipeline building and I would like to venture further into this domain to learn more about it.",['n a']
r_450,"Machine Learning Leadership
Cross-Functional Collaboration
Strategy Development
ML/NLP Infrastructure
Prototype Transformation
ML System Design
Algorithm Research
Application Development
Dataset Selection
ML Testing
Statistical Analysis
R&D in ML/NLP
Text Representation
Data Pipeline Design
Statistical Data Analysis
Model Training
Team Collaboration
Research Reporting
Algorithm Analysis",['city state']
r_451,Currently seeking opportunities as an Analyst as well as Machine Learning Engineer.,"['alb', 'ci cd', 'django api design server side logic drf django rest framework database management postgresql', 'docker', 'ec2', 'ecs', 'etc linux', 'full stack development front end reactjs', 'gitlab terraform', 'mysql version control git aws ecr', 'nextjs backend python', 'rds', 'shell scripting']"
r_452,,['training and deploying a machine model']
r_453,"Fresher having knowledge in machine learning and natural language processing. Looking to join a role where I can learn from an well informed environment, experiment and produce promising results and work with different kinds of data.",['nanyang university']
r_454,"Machine Learning Design
Data Analysis
Model Training
AI Integration
Innovation
Cross-Functional Collaboration
Model Deployment
Documentation
Analytical Skills
Communication
Team Collaboration",['python r or java tensorflow pytorch scikit learn']
r_455,,"['chairman', 'participant']"
r_456,,['nlp developer']
r_457,"Looking to utilize hands-on experience of machine learning, deep learning and Artificial Intelligence for data discovery, exploration, prediction and analysis tasks.",['n a']
r_458,I am an assistant software engineer working on cloud-based solutions. After working on a couple of Machine Learning application evaluations and deployment I got really engrossed into the domain and would like to work more towards improving myself.,['n a']
r_459,Graduate database management engineer looking to join a role in data analytics or cloud-based machine learning solutions.,['data science on cloud']
r_460,"Data Science Enthusiast looking roles in Data Analytics, Machine learning, Statistical Modeling, Data Visualization.",['machine learning internship certificate']
r_461,"Machine Learning Design
Data Analysis
Model Training
AI Integration
Innovation
Cross-Functional Collaboration
Model Deployment
Documentation
Analytical Skills
Communication
Team Collaboration",['python r or java tensorflow pytorch scikit learn']
r_462,"An avid data analyst looking to step into the world of machine learning and data sciences. I have experience related to Data Mining, Data Visualization, Text Analytics, Data Collection and would currently like to expand my horizon and work on Machine Learning projects.",['n a']
r_463,,"['natural language processing with python', 'python for big data with pyspark']"
r_464,I am actively seeking opportunity as Data Analyst or Machine Learning Engineer. My goal is to discover new business strategies and create an impact through data driven analytical decisions and leading the business to success.,['student']
r_465,"I am a Junior Machine Learning developer who focuses on data improvement and modelling, finding patterns in large databases and optimization of different models.",['nasik']
r_466,"As a research assistant I always try to define new boundaries and work in a meticulous way to figure out solutions. I have used Machine Learning as a base for our product design to synthesis chemical architectures and their reaction, right now I would like to be involved more on the application development side and was looking for an opportunity that did such.",['n a']
r_467,,['data scientist python developer certification advanced data analytics with python and r']
r_468,"Machine Learning Design
Data Analysis
Model Training
AI Integration
Innovation
Cross-Functional Collaboration
Model Deployment
Documentation
Analytical Skills
Communication
Team Collaboration",['python r or java tensorflow pytorch scikit learn']
r_469,"Machine Learning Design
Data Analysis
Model Training
AI Integration
Innovation
Cross-Functional Collaboration
Model Deployment
Documentation
Analytical Skills
Communication
Team Collaboration",['python r or java tensorflow pytorch scikit learn']
r_470,Would like to join any firm as a software developer in machine learning projects.,['n a']
r_471,Recent Graduate testing and debugging machine learning models. I have worked on multiple projects and have contributed to the testing and quality control of models over time. I am looking to switch to a development role where I can exercise my skills.,['n a']
r_472,"['ASP.NET 4.5', 'academic', 'Clustering', 'consulting', 'curriculum development', 'customer satisfaction', 'data analysis', 'data mining', 'data warehouse', 'Databases', 'database', 'database design', 'database management', 'data warehousing', 'environmental protection', 'Environmental Science', 'GIS', 'HTML', 'instructor', 'Lecturer', 'legal', 'machine learning', 'managing', 'materials', 'meetings', 'C#', 'Microsoft SQL', 'modeling', 'Natural', 'Oracle', 'process development and engineering', 'processes', 'progress', 'Python', 'quality', 'researching', 'research', 'SAS', 'shipping', 'SPSS', 'SQL', 'Statistics', 'Tableau', 'teaching', 'technical support', 'workshops']","['city state', 'n a']"
r_473,"Passionate Data Engineer with a zeal to excel forward and produce promising outcomes. Hands-on knowledge in various Machine Learning Algorithms. Also experienced in data mining, warehouse maintaining, and visualization. In search of a role where I can nurture my skills and contribute to the growth of the company and myself.",['n a']
r_474,"I am a Junior Machine Learning developer who focuses on data improvement and modelling, finding patterns in large databases and optimization of different models.",['nasik']
r_475,,['deep learning masters machine learning']
r_476,"Machine Learning Leadership
Cross-Functional Collaboration
Strategy Development
ML/NLP Infrastructure
Prototype Transformation
ML System Design
Algorithm Research
Application Development
Dataset Selection
ML Testing
Statistical Analysis
R&D in ML/NLP
Text Representation
Data Pipeline Design
Statistical Data Analysis
Model Training
Team Collaboration
Research Reporting
Algorithm Analysis",['city state']
r_477,"Passionate Data Engineer with a zeal to excel forward and produce promising outcomes. Hands-on knowledge in various Machine Learning Algorithms. Also experienced in data mining, warehouse maintaining, and visualization. In search of a role where I can nurture my skills and contribute to the growth of the company and myself.",['n a']
r_478,"Machine Learning Design
Data Analysis
Model Training
AI Integration
Innovation
Cross-Functional Collaboration
Model Deployment
Documentation
Analytical Skills
Communication
Team Collaboration",['python r or java tensorflow pytorch scikit learn']
r_479,"I am a Junior Machine Learning developer who focuses on data improvement and modelling, finding patterns in large databases and optimization of different models.",['nasik']
r_480,"Data Science Enthusiast looking roles in Data Analytics, Machine learning, Statistical Modeling, Data Visualization.",['machine learning internship certificate']
r_481,Seeking challenging opportunity in the field of data science and data analytics where I can utilize my skills and knowledge to contribute for the growth of the organization,['n a']
r_482,I am currently working as a junior Machine Learning Engineer and I want to learn more about how Machine Learning projects impact real work scenarios.,['n a']
r_483,I am a software developer currently working on Machine Learning Projects. The domain of analytics and Machine Learning has amassed a greater interest for me and I want to explore and learn about the core concepts used in production. I am looking to switch to a fulltime role that will help me explore more about this.,['software lifecycle']
r_484,Fresher who is dynamic and defined when it comes to domain knowledge related to Data Analytics and Machine Learning.,['participant']
r_485,Data Science Explorer with a keen interest in application models of Machine learning.,['n a']
r_486,"Machine Learning Design
Data Analysis
Model Training
AI Integration
Innovation
Cross-Functional Collaboration
Model Deployment
Documentation
Analytical Skills
Communication
Team Collaboration",['python r or java tensorflow pytorch scikit learn']
r_487,"Machine Learning Design
Data Analysis
Model Training
AI Integration
Innovation
Cross-Functional Collaboration
Model Deployment
Documentation
Analytical Skills
Communication
Team Collaboration",['python r or java tensorflow pytorch scikit learn']
r_488,Fresher Computer vision and Machine Learning Engineer looking for a job that is both challenging and fun in terms of problem-solving. Also an expert in maintaining and managing Tableau and Power BI dashboards to address business.,"['honorary member', 'innovator of the year runner up']"
r_489,,['python analysis with pandas and numpy']
r_490,"Machine Learning Engineer seeking assignments Deep Learning, Reinforcement Learning, Tensorflow. Keras.",['scholar']
r_491,"Associate Solution Advisor currently enrolled in PG for Data science, Knowledge in data manipulation, analysis, reporting and data visualization. In depth knowledge of tools used for production.",['n a']
r_492,,"['participant', 'vice president social chair greek week delegate']"
r_493,"Machine Learning Leadership
Cross-Functional Collaboration
Strategy Development
ML/NLP Infrastructure
Prototype Transformation
ML System Design
Algorithm Research
Application Development
Dataset Selection
ML Testing
Statistical Analysis
R&D in ML/NLP
Text Representation
Data Pipeline Design
Statistical Data Analysis
Model Training
Team Collaboration
Research Reporting
Algorithm Analysis",['n a']
r_494,,"['participant', 'vice president social chair greek week delegate']"
r_495,"Machine Learning Design
Data Analysis
Model Training
AI Integration
Innovation
Cross-Functional Collaboration
Model Deployment
Documentation
Analytical Skills
Communication
Team Collaboration",['python r or java tensorflow pytorch scikit learn']
r_496,Looking for roles related to application development in Machine Learning.,['n a']
r_497,As a Data Analyst I always look into more innovative ways of finding figures and facts from data. I have also worked with some production based Machine learning application problems and I would like to involve myself more with such ventures.,"['using python', 'using tableau']"
r_498,,['jr data scientist']
r_499,,['ait']
r_500,"A quality-oriented professional with a keen interest in solving complex business problems by way of AI-based design & thinking. A technology-agnostic individual with a strong background in data science, statistics, and economics with an aim to accelerate artificial intelligence.",['n a']
r_501,,['data science and analytics']
r_502,"Machine Learning Leadership
Cross-Functional Collaboration
Strategy Development
ML/NLP Infrastructure
Prototype Transformation
ML System Design
Algorithm Research
Application Development
Dataset Selection
ML Testing
Statistical Analysis
R&D in ML/NLP
Text Representation
Data Pipeline Design
Statistical Data Analysis
Model Training
Team Collaboration
Research Reporting
Algorithm Analysis","['city state', 'kuwait', 'udaipur india']"
r_503,"['ASP.NET 4.5', 'academic', 'Clustering', 'consulting', 'curriculum development', 'customer satisfaction', 'data analysis', 'data mining', 'data warehouse', 'Databases', 'database', 'database design', 'database management', 'data warehousing', 'environmental protection', 'Environmental Science', 'GIS', 'HTML', 'instructor', 'Lecturer', 'legal', 'machine learning', 'managing', 'materials', 'meetings', 'C#', 'Microsoft SQL', 'modeling', 'Natural', 'Oracle', 'process development and engineering', 'processes', 'progress', 'Python', 'quality', 'researching', 'research', 'SAS', 'shipping', 'SPSS', 'SQL', 'Statistics', 'Tableau', 'teaching', 'technical support', 'workshops']","['alb', 'ci cd', 'django api design server side logic drf django rest framework database management postgresql', 'docker', 'ec2', 'ecs', 'etc linux', 'full stack development front end reactjs', 'gitlab terraform', 'mysql version control git aws ecr', 'nextjs backend python', 'rds', 'shell scripting']"
r_504,Looking for roles related to application development in Machine Learning.,['n a']
r_505,"Looking to utilize hands-on experience of machine learning, deep learning and Artificial Intelligence for data discovery, exploration, prediction and analysis tasks.",['n a']
r_506,"A curiosity-driven data scientist, eager to leverage machine learning and data analytics to extract meaningful insights, make informed decisions and solve challenging business problems. I ensure to contribute with my knowledge, logical thinking and analytical skills towards the consistent growth and development of the organization, and enhance my experience through continuous learning and teamwork.",['n a']
r_507,,"['machine learning with python', 'neural network applied in pytorch']"
r_508,"Machine Learning Leadership
Cross-Functional Collaboration
Strategy Development
ML/NLP Infrastructure
Prototype Transformation
ML System Design
Algorithm Research
Application Development
Dataset Selection
ML Testing
Statistical Analysis
R&D in ML/NLP
Text Representation
Data Pipeline Design
Statistical Data Analysis
Model Training
Team Collaboration
Research Reporting
Algorithm Analysis",['n a']
r_509,Understanding and solving problems has been one my core objectives since I started working. Exploring data and the different interpretation it can have is what amazes me. Currently interested Machine Learning developer and engineer roles.,"['a gentle introduction to deep learning using keras', 'deep learning advanced nlp and rnns', 'machine learning a z handson python r in data science']"
r_510,I am currently working as a junior Machine Learning Engineer and I want to learn more about how Machine Learning projects impact real work scenarios.,['n a']
r_511,I am looking for a job switch to transition into Data Science and utilize my currents skills & learnings from my Master's course to solve new problems.,['n a']
r_512,As a Data Analyst I always look into more innovative ways of finding figures and facts from data. I have also worked with some production based Machine learning application problems and I would like to involve myself more with such ventures.,"['using python', 'using tableau']"
r_513,"Machine Learning Leadership
Cross-Functional Collaboration
Strategy Development
ML/NLP Infrastructure
Prototype Transformation
ML System Design
Algorithm Research
Application Development
Dataset Selection
ML Testing
Statistical Analysis
R&D in ML/NLP
Text Representation
Data Pipeline Design
Statistical Data Analysis
Model Training
Team Collaboration
Research Reporting
Algorithm Analysis",['student senator']
r_514,"Machine Learning Design
Data Analysis
Model Training
AI Integration
Innovation
Cross-Functional Collaboration
Model Deployment
Documentation
Analytical Skills
Communication
Team Collaboration",['python r or java tensorflow pytorch scikit learn']
r_515,"Data Analyst, interested in Machine Learning application development. As a data analyst, I have extensive experience with data preprocessing and pipeline building and I would like to venture further into this domain to learn more about it.",['n a']
r_516,"Associate Solution Advisor currently enrolled in PG for Data science, Knowledge in data manipulation, analysis, reporting and data visualization. In depth knowledge of tools used for production.",['n a']
r_517,Software Engineer with a track record of Implementing and completing projects on time and in alignment with client expectations. Enthusiast about Data Science and keen to learn and explore.,['n a']
r_518,Fresher Computer vision and Machine Learning Engineer looking for a job that is both challenging and fun in terms of problem-solving. Also an expert in maintaining and managing Tableau and Power BI dashboards to address business.,"['honorary member', 'innovator of the year runner up']"
r_519,"Machine Learning Leadership
Cross-Functional Collaboration
Strategy Development
ML/NLP Infrastructure
Prototype Transformation
ML System Design
Algorithm Research
Application Development
Dataset Selection
ML Testing
Statistical Analysis
R&D in ML/NLP
Text Representation
Data Pipeline Design
Statistical Data Analysis
Model Training
Team Collaboration
Research Reporting
Algorithm Analysis",['n a']
r_520,,"['city state', 'kuwait', 'udaipur india']"
r_521,I am actively seeking opportunity as Data Analyst or Machine Learning Engineer. My goal is to discover new business strategies and create an impact through data driven analytical decisions and leading the business to success.,['student']
r_522,"Looking to utilize hands-on experience of machine learning, deep learning and Artificial Intelligence for data discovery, exploration, prediction and analysis tasks.",['n a']
r_523,"Machine Learning Design
Data Analysis
Model Training
AI Integration
Innovation
Cross-Functional Collaboration
Model Deployment
Documentation
Analytical Skills
Communication
Team Collaboration",['python r or java tensorflow pytorch scikit learn']
r_524,"Machine Learning Leadership
Cross-Functional Collaboration
Strategy Development
ML/NLP Infrastructure
Prototype Transformation
ML System Design
Algorithm Research
Application Development
Dataset Selection
ML Testing
Statistical Analysis
R&D in ML/NLP
Text Representation
Data Pipeline Design
Statistical Data Analysis
Model Training
Team Collaboration
Research Reporting
Algorithm Analysis",['n a']
r_525,I am actively seeking opportunity as Data Analyst or Machine Learning Engineer. My goal is to discover new business strategies and create an impact through data driven analytical decisions and leading the business to success.,['student']
r_526,,['ai on the cloud']
r_527,,['deep learning masters machine learning']
r_528,I am currently working as a junior Machine Learning Engineer and I want to learn more about how Machine Learning projects impact real work scenarios.,['n a']
r_529,As a Data Analyst I always look into more innovative ways of finding figures and facts from data. I have also worked with some production based Machine learning application problems and I would like to involve myself more with such ventures.,"['using python', 'using tableau']"
r_530,"Machine Learning Design
Data Analysis
Model Training
AI Integration
Innovation
Cross-Functional Collaboration
Model Deployment
Documentation
Analytical Skills
Communication
Team Collaboration",['python r or java tensorflow pytorch scikit learn']
r_531,Software Engineer with a track record of Implementing and completing projects on time and in alignment with client expectations. Enthusiast about Data Science and keen to learn and explore.,['n a']
r_532,As a junior analyst I currently work with data preprocessing and data cleaning before sending them to Machine Learning Models. I am also simultaneously training to be a machine learning engineer to work closely with teams that build models and would like to join a venture for such opportunity.,['n a']
r_533,"Machine Learning Design
Data Analysis
Model Training
AI Integration
Innovation
Cross-Functional Collaboration
Model Deployment
Documentation
Analytical Skills
Communication
Team Collaboration",['python r or java tensorflow pytorch scikit learn']
r_534,"Machine Learning Leadership
Cross-Functional Collaboration
Strategy Development
ML/NLP Infrastructure
Prototype Transformation
ML System Design
Algorithm Research
Application Development
Dataset Selection
ML Testing
Statistical Analysis
R&D in ML/NLP
Text Representation
Data Pipeline Design
Statistical Data Analysis
Model Training
Team Collaboration
Research Reporting
Algorithm Analysis",['n a']
r_535,"Machine Learning Design
Data Analysis
Model Training
AI Integration
Innovation
Cross-Functional Collaboration
Model Deployment
Documentation
Analytical Skills
Communication
Team Collaboration",['python r or java tensorflow pytorch scikit learn']
r_536,"Machine Learning Design
Data Analysis
Model Training
AI Integration
Innovation
Cross-Functional Collaboration
Model Deployment
Documentation
Analytical Skills
Communication
Team Collaboration",['python r or java tensorflow pytorch scikit learn']
r_537,,"['natural language processing with python', 'python for big data with pyspark']"
r_538,"Machine Learning Leadership
Cross-Functional Collaboration
Strategy Development
ML/NLP Infrastructure
Prototype Transformation
ML System Design
Algorithm Research
Application Development
Dataset Selection
ML Testing
Statistical Analysis
R&D in ML/NLP
Text Representation
Data Pipeline Design
Statistical Data Analysis
Model Training
Team Collaboration
Research Reporting
Algorithm Analysis",['city state']
r_539,"To design, develop and manage products in the field of consumer electronics devices, networking protocols, internet applications and connected devices. Vision to create personalized experiences based on machine learning.","['alb', 'ci cd', 'django api design server side logic drf django rest framework database management postgresql', 'docker', 'ec2', 'ecs', 'etc linux', 'full stack development front end reactjs', 'gitlab terraform', 'mysql version control git aws ecr', 'nextjs backend python', 'rds', 'shell scripting']"
r_540,,['data science and analytics']
r_541,Looking for roles related to application development in Machine Learning.,['n a']
r_542,,"['cloud infrastructure for advanced computing', 'machine learning']"
r_543,,['ait']
r_544,"Machine Learning Design
Data Analysis
Model Training
AI Integration
Innovation
Cross-Functional Collaboration
Model Deployment
Documentation
Analytical Skills
Communication
Team Collaboration",['python r or java tensorflow pytorch scikit learn']
r_545,I am actively seeking opportunity as Data Analyst or Machine Learning Engineer. My goal is to discover new business strategies and create an impact through data driven analytical decisions and leading the business to success.,['student']
r_546,"Passionate Data Engineer with a zeal to excel forward and produce promising outcomes. Hands-on knowledge in various Machine Learning Algorithms. Also experienced in data mining, warehouse maintaining, and visualization. In search of a role where I can nurture my skills and contribute to the growth of the company and myself.",['n a']
r_547,A highly disciplined and hard-working individual seeking challenging opportunity in the field of data science and data analytics where I can utilize my skills and knowledge to contribute for the growth of the organization,['data science using machine learning with r and python data analytics']
r_548,"Machine Learning Leadership
Cross-Functional Collaboration
Strategy Development
ML/NLP Infrastructure
Prototype Transformation
ML System Design
Algorithm Research
Application Development
Dataset Selection
ML Testing
Statistical Analysis
R&D in ML/NLP
Text Representation
Data Pipeline Design
Statistical Data Analysis
Model Training
Team Collaboration
Research Reporting
Algorithm Analysis",['city state']
r_549,"Associate Solution Advisor currently enrolled in PG for Data science, Knowledge in data manipulation, analysis, reporting and data visualization. In depth knowledge of tools used for production.",['n a']
r_550,"Machine Learning Design
Data Analysis
Model Training
AI Integration
Innovation
Cross-Functional Collaboration
Model Deployment
Documentation
Analytical Skills
Communication
Team Collaboration",['python r or java tensorflow pytorch scikit learn']
r_551,"A quality-oriented professional with a keen interest in solving complex business problems by way of AI-based design & thinking. A technology-agnostic individual with a strong background in data science, statistics, and economics with an aim to accelerate artificial intelligence.",['n a']
r_552,,['jr data scientist']
r_553,"A curiosity-driven data scientist, eager to leverage machine learning and data analytics to extract meaningful insights, make informed decisions and solve challenging business problems. I ensure to contribute with my knowledge, logical thinking and analytical skills towards the consistent growth and development of the organization, and enhance my experience through continuous learning and teamwork.",['n a']
r_554,I am a software developer and analyst professional working for a year with client side technology and Machine Learning product delivery. I have handled small but scalable Machine Learning projects and want to expand my experience and expertise in the domain.,['applied machine learning course']
r_555,"To design, develop and manage products in the field of consumer electronics devices, networking protocols, internet applications and connected devices. Vision to create personalized experiences based on machine learning.",['city state']
r_556,I am a Post Graduate having knowledge of industry-level Machine Learning problems and Research topics. I currently work as a Machine Learning Engineer and I want to keep exploring such opportunities.,['n a']
r_557,"I am an experienced analytics specialist seeking a full-time position in the field of data science and application in business problem solving, where I can apply my knowledge and skills for continuous improvement.",['analytics certification']
r_558,"Looking to utilize hands-on experience of machine learning, deep learning and Artificial Intelligence for data discovery, exploration, prediction and analysis tasks.",['n a']
r_559,"I am a software engineer, and I want to work on full time roles associated with Machine Learning. I have previously worked on some corporate models and due to its intricacies I want to explore more in the domain.",['n a']
r_560,"Energetic, innovative engineering undergraduate, passionate about Machine Learning, NLP and Deep Learning for solving real-world problems, aiming to work in an organization providing great learning experience and growth opportunities for mutual benefit.","['apr 2021', 'dec 2020', 'feb 2021', 'nov 2021']"
r_561,Want to work as a Machine Learning Production Engineer.,"['alb', 'ci cd', 'django api design server side logic drf django rest framework database management postgresql', 'docker', 'ec2', 'ecs', 'etc linux', 'full stack development front end reactjs', 'gitlab terraform', 'mysql version control git aws ecr', 'nextjs backend python', 'rds', 'shell scripting']"
r_562,"Skilled Machine Learning and Deep Learning practitioner, and I have worked on Computer vision-based projects. On the lookout for opportunities that help me understand more about the domain.","['alb', 'ci cd', 'django api design server side logic drf django rest framework database management postgresql', 'docker', 'ec2', 'ecs', 'etc linux', 'full stack development front end reactjs', 'gitlab terraform', 'mysql version control git aws ecr', 'nextjs backend python', 'rds', 'shell scripting']"
r_563,"Machine Learning Leadership
Cross-Functional Collaboration
Strategy Development
ML/NLP Infrastructure
Prototype Transformation
ML System Design
Algorithm Research
Application Development
Dataset Selection
ML Testing
Statistical Analysis
R&D in ML/NLP
Text Representation
Data Pipeline Design
Statistical Data Analysis
Model Training
Team Collaboration
Research Reporting
Algorithm Analysis",['nasik']
r_564,Understanding and solving problems has been one my core objectives since I started working. Exploring data and the different interpretation it can have is what amazes me. Currently interested Machine Learning developer and engineer roles.,"['a gentle introduction to deep learning using keras', 'deep learning advanced nlp and rnns', 'machine learning a z handson python r in data science']"
r_565,I am an assistant software engineer working on cloud-based solutions. After working on a couple of Machine Learning application evaluations and deployment I got really engrossed into the domain and would like to work more towards improving myself.,['n a']
r_566,Data analyst actively seeking job roles related to data science and machine learning.,"['alb', 'ci cd', 'django api design server side logic drf django rest framework database management postgresql', 'docker', 'ec2', 'ecs', 'etc linux', 'full stack development front end reactjs', 'gitlab terraform', 'mysql version control git aws ecr', 'nextjs backend python', 'rds', 'shell scripting']"
r_567,,['data science and analytics']
r_568,"A Fresher Seeking Roles In Machine Learning, Business Analysis, Data Predictive Modelling, Statistical Solutions, Data Mining.",['data science and bigdata']
r_569,"Machine Learning Design
Data Analysis
Model Training
AI Integration
Innovation
Cross-Functional Collaboration
Model Deployment
Documentation
Analytical Skills
Communication
Team Collaboration",['python r or java tensorflow pytorch scikit learn']
r_570,"Machine Learning Leadership
Cross-Functional Collaboration
Strategy Development
ML/NLP Infrastructure
Prototype Transformation
ML System Design
Algorithm Research
Application Development
Dataset Selection
ML Testing
Statistical Analysis
R&D in ML/NLP
Text Representation
Data Pipeline Design
Statistical Data Analysis
Model Training
Team Collaboration
Research Reporting
Algorithm Analysis",['python analysis with pandas and numpy']
r_571,"Fresher starting out with Business Analysis, and machine learning modelling based on data engineering.",['n a']
r_572,,"['participant', 'vice president social chair greek week delegate']"
r_573,"A Fresher Seeking Roles In Machine Learning, Business Analysis, Data Predictive Modelling, Statistical Solutions, Data Mining.",['data science and bigdata']
r_574,Would like to join any firm as a software developer in machine learning projects.,['n a']
r_575,I am a software engineer who has worked on several computer vision projects and their end to end deployment. I am looking to join as a Machine Learning developer to closely work on problems and increase my grasp over the domain.,"['alb', 'ci cd', 'django api design server side logic drf django rest framework database management postgresql', 'docker', 'ec2', 'ecs', 'etc linux', 'full stack development front end reactjs', 'gitlab terraform', 'mysql version control git aws ecr', 'nextjs backend python', 'rds', 'shell scripting']"
r_576,"Machine Learning Design
Data Analysis
Model Training
AI Integration
Innovation
Cross-Functional Collaboration
Model Deployment
Documentation
Analytical Skills
Communication
Team Collaboration",['python r or java tensorflow pytorch scikit learn']
r_577,I am currently looking for an opportunity as a Data Science or Machine Learning Engineer.,['business analyst']
r_578,"Machine Learning Leadership
Cross-Functional Collaboration
Strategy Development
ML/NLP Infrastructure
Prototype Transformation
ML System Design
Algorithm Research
Application Development
Dataset Selection
ML Testing
Statistical Analysis
R&D in ML/NLP
Text Representation
Data Pipeline Design
Statistical Data Analysis
Model Training
Team Collaboration
Research Reporting
Algorithm Analysis",['data science using machine learning with r and python data analytics']
r_579,"Machine Learning Design
Data Analysis
Model Training
AI Integration
Innovation
Cross-Functional Collaboration
Model Deployment
Documentation
Analytical Skills
Communication
Team Collaboration",['python r or java tensorflow pytorch scikit learn']
r_580,Looking for roles related to application development in Machine Learning.,['n a']
r_581,,"['cambridge uk', 'mountain view ca usa', 'vancouver bc canada']"
r_582,"I am a software engineer, and I want to work on full time roles associated with Machine Learning. I have previously worked on some corporate models and due to its intricacies I want to explore more in the domain.",['n a']
r_583,"Skilled Machine Learning and Deep Learning practitioner, and I have worked on Computer vision-based projects. On the lookout for opportunities that help me understand more about the domain.",['attendee']
r_584,"Machine Learning Design
Data Analysis
Model Training
AI Integration
Innovation
Cross-Functional Collaboration
Model Deployment
Documentation
Analytical Skills
Communication
Team Collaboration",['python r or java tensorflow pytorch scikit learn']
r_585,"Skilled Machine Learning and Deep Learning practitioner, and I have worked on Computer vision-based projects. On the lookout for opportunities that help me understand more about the domain.",['attendee']
r_586,"I am a Junior Machine Learning developer who focuses on data improvement and modelling, finding patterns in large databases and optimization of different models.",['nasik']
r_587,"A Fresher Seeking Roles In Machine Learning, Business Analysis, Data Predictive Modelling, Statistical Solutions, Data Mining.",['data science and bigdata']
r_588,I am currently looking for an opportunity as a Data Science or Machine Learning Engineer.,"['alb', 'ci cd', 'django api design server side logic drf django rest framework database management postgresql', 'docker', 'ec2', 'ecs', 'etc linux', 'full stack development front end reactjs', 'gitlab terraform', 'mysql version control git aws ecr', 'nextjs backend python', 'rds', 'shell scripting']"
r_589,,"['machine learning with python', 'neural network applied in pytorch']"
r_590,,"['cloud infrastructure for advanced computing', 'machine learning']"
r_591,"Energetic, innovative engineering undergraduate, passionate about Machine Learning, NLP and Deep Learning for solving real-world problems, aiming to work in an organization providing great learning experience and growth opportunities for mutual benefit.","['apr 2021', 'dec 2020', 'feb 2021', 'nov 2021']"
r_592,"Graduate analyst currently working as business analyst consultant. As an individual, I always try to overcome problems in the most analytical manner. I want to work on Machine Learning application problems that deal with real life scenarios.",['n a']
r_593,,"['city state', 'kuwait', 'udaipur india']"
r_594,I am Data science enthusiast focused on solving complex problems using machine learning techniques. I try to simplify problems and attack them head on. Always working and striving to be better solution finder.,['deep learning']
r_595,Graduate database management engineer looking to join a role in data analytics or cloud-based machine learning solutions.,['data science on cloud']
r_596,"I am an experienced analytics specialist seeking a full-time position in the field of data science and application in business problem solving, where I can apply my knowledge and skills for continuous improvement.",['analytics certification']
r_597,I am a fresher business analyst with a knack for building applications that use machine learning and deep learning.,['team lead']
r_598,"Energetic, innovative engineering undergraduate, passionate about Machine Learning, NLP and Deep Learning for solving real-world problems, aiming to work in an organization providing great learning experience and growth opportunities for mutual benefit.","['apr 2021', 'dec 2020', 'feb 2021', 'nov 2021']"
r_599,"A python programmer, currently pursuing Data science and looking for roles that involve the application of Machine Learning. I am always excited to take on real life problems and tread through different technology stacks.","['alb', 'ci cd', 'django api design server side logic drf django rest framework database management postgresql', 'docker', 'ec2', 'ecs', 'etc linux', 'full stack development front end reactjs', 'gitlab terraform', 'mysql version control git aws ecr', 'nextjs backend python', 'rds', 'shell scripting']"
r_600,As a Data Analyst I always look into more innovative ways of finding figures and facts from data. I have also worked with some production based Machine learning application problems and I would like to involve myself more with such ventures.,"['using python', 'using tableau']"
r_601,A highly disciplined and hard-working individual seeking challenging opportunity in the field of data science and data analytics where I can utilize my skills and knowledge to contribute for the growth of the organization,['data science using machine learning with r and python data analytics']
r_602,"An avid data analyst looking to step into the world of machine learning and data sciences. I have experience related to Data Mining, Data Visualization, Text Analytics, Data Collection and would currently like to expand my horizon and work on Machine Learning projects.",['n a']
r_603,Associate software engineer specializing in Machine Learning models and Optimization. I work with both natural Language processing and computer vision in terms of Modelling and development.,['n a']
r_604,I am a software developer currently working on Machine Learning Projects. The domain of analytics and Machine Learning has amassed a greater interest for me and I want to explore and learn about the core concepts used in production. I am looking to switch to a fulltime role that will help me explore more about this.,['software lifecycle']
r_605,"Machine Learning Leadership
Cross-Functional Collaboration
Strategy Development
ML/NLP Infrastructure
Prototype Transformation
ML System Design
Algorithm Research
Application Development
Dataset Selection
ML Testing
Statistical Analysis
R&D in ML/NLP
Text Representation
Data Pipeline Design
Statistical Data Analysis
Model Training
Team Collaboration
Research Reporting
Algorithm Analysis",['n a']
r_606,Fresher python developer interested in data analytics and machine learning.,['statistics in python']
r_607,"Machine Learning Leadership
Cross-Functional Collaboration
Strategy Development
ML/NLP Infrastructure
Prototype Transformation
ML System Design
Algorithm Research
Application Development
Dataset Selection
ML Testing
Statistical Analysis
R&D in ML/NLP
Text Representation
Data Pipeline Design
Statistical Data Analysis
Model Training
Team Collaboration
Research Reporting
Algorithm Analysis",['n a']
r_608,"Data Analyst, interested in Machine Learning application development. As a data analyst, I have extensive experience with data preprocessing and pipeline building and I would like to venture further into this domain to learn more about it.",['n a']
r_609,I am looking for a job switch to transition into Data Science and utilize my currents skills & learnings from my Master's course to solve new problems.,['n a']
r_610,,"['city state', 'navi mumbai india']"
r_611,,"['machine learning with python', 'neural network applied in pytorch']"
r_612,"Machine Learning Leadership
Cross-Functional Collaboration
Strategy Development
ML/NLP Infrastructure
Prototype Transformation
ML System Design
Algorithm Research
Application Development
Dataset Selection
ML Testing
Statistical Analysis
R&D in ML/NLP
Text Representation
Data Pipeline Design
Statistical Data Analysis
Model Training
Team Collaboration
Research Reporting
Algorithm Analysis",['n a']
r_613,,['nlp developer']
r_614,I recently graduated with a B.Tech degree in IT and currently am looking for jobs in sectors related to machine learning. I want to explore and hone my skills. I am committed towards better coding practices.,['n a']
r_615,"Machine Learning Leadership
Cross-Functional Collaboration
Strategy Development
ML/NLP Infrastructure
Prototype Transformation
ML System Design
Algorithm Research
Application Development
Dataset Selection
ML Testing
Statistical Analysis
R&D in ML/NLP
Text Representation
Data Pipeline Design
Statistical Data Analysis
Model Training
Team Collaboration
Research Reporting
Algorithm Analysis",['city state']
r_616,,"['cloud infrastructure for advanced computing', 'machine learning']"
r_617,"Young Aspirant looking for roles in data science, analytics and Machine Learning.",['n a']
r_618,I am currently looking for an opportunity as a Data Science or Machine Learning Engineer.,['business analyst']
r_619,"Machine Learning Leadership
Cross-Functional Collaboration
Strategy Development
ML/NLP Infrastructure
Prototype Transformation
ML System Design
Algorithm Research
Application Development
Dataset Selection
ML Testing
Statistical Analysis
R&D in ML/NLP
Text Representation
Data Pipeline Design
Statistical Data Analysis
Model Training
Team Collaboration
Research Reporting
Algorithm Analysis",['n a']
r_620,Recent Graduate testing and debugging machine learning models. I have worked on multiple projects and have contributed to the testing and quality control of models over time. I am looking to switch to a development role where I can exercise my skills.,['n a']
r_621,I am a fresher who is looking to work as a software developer in Machine Learning Application building and deployment. I am experienced in both machine learning and deep learning and have worked on few collaborative projects on such.,['n a']
r_622,,['deep learning masters machine learning']
r_623,,['deep learning masters machine learning']
r_624,I am a fresher specializing in data analytics and Machine Learning Application development. I believe that if given the opportunity I can prove my potential as a developer. I can easily communicate and work under someone's supervision who can guide me and help me in this journey of learning and exploring.,['participant']
r_625,I am a market research specialist with a grasp of machine learning and looking for a deeper dive into the career of being a professional machine learning engineer.,['n a']
r_626,,['tensorflow and keras']
r_627,"An avid data analyst looking to step into the world of machine learning and data sciences. I have experience related to Data Mining, Data Visualization, Text Analytics, Data Collection and would currently like to expand my horizon and work on Machine Learning projects.",['n a']
r_628,"A Fresher Seeking Roles In Machine Learning, Business Analysis, Data Predictive Modelling, Statistical Solutions, Data Mining.",['data science and bigdata']
r_629,"Machine Learning Leadership
Cross-Functional Collaboration
Strategy Development
ML/NLP Infrastructure
Prototype Transformation
ML System Design
Algorithm Research
Application Development
Dataset Selection
ML Testing
Statistical Analysis
R&D in ML/NLP
Text Representation
Data Pipeline Design
Statistical Data Analysis
Model Training
Team Collaboration
Research Reporting
Algorithm Analysis",['participant']
r_630,"Machine Learning Design
Data Analysis
Model Training
AI Integration
Innovation
Cross-Functional Collaboration
Model Deployment
Documentation
Analytical Skills
Communication
Team Collaboration",['python r or java tensorflow pytorch scikit learn']
r_631,,"['cambridge uk', 'mountain view ca usa', 'vancouver bc canada']"
r_632,Seeking challenging opportunity in the field of data science and data analytics where I can utilize my skills and knowledge to contribute for the growth of the organization,"['alb', 'ci cd', 'django api design server side logic drf django rest framework database management postgresql', 'docker', 'ec2', 'ecs', 'etc linux', 'full stack development front end reactjs', 'gitlab terraform', 'mysql version control git aws ecr', 'nextjs backend python', 'rds', 'shell scripting']"
r_633,"Machine Learning engineer who has worked on multiple projects with knowledge in big data handling and business analytics. As someone who is always learning, I would love to use my knowledge to provide the best solutions.",['n a']
r_634,"Machine Learning Leadership
Cross-Functional Collaboration
Strategy Development
ML/NLP Infrastructure
Prototype Transformation
ML System Design
Algorithm Research
Application Development
Dataset Selection
ML Testing
Statistical Analysis
R&D in ML/NLP
Text Representation
Data Pipeline Design
Statistical Data Analysis
Model Training
Team Collaboration
Research Reporting
Algorithm Analysis",['city state']
r_635,"As a research assistant I always try to define new boundaries and work in a meticulous way to figure out solutions. I have used Machine Learning as a base for our product design to synthesis chemical architectures and their reaction, right now I would like to be involved more on the application development side and was looking for an opportunity that did such.",['n a']
r_636,Graduate Looking for roles related to BU analyst and machine learning.,['data analyst python programming']
r_637,"As a research assistant I always try to define new boundaries and work in a meticulous way to figure out solutions. I have used Machine Learning as a base for our product design to synthesis chemical architectures and their reaction, right now I would like to be involved more on the application development side and was looking for an opportunity that did such.",['n a']
r_638,"Machine Learning Leadership
Cross-Functional Collaboration
Strategy Development
ML/NLP Infrastructure
Prototype Transformation
ML System Design
Algorithm Research
Application Development
Dataset Selection
ML Testing
Statistical Analysis
R&D in ML/NLP
Text Representation
Data Pipeline Design
Statistical Data Analysis
Model Training
Team Collaboration
Research Reporting
Algorithm Analysis",['03 04 2015']
r_639,"Machine Learning Leadership
Cross-Functional Collaboration
Strategy Development
ML/NLP Infrastructure
Prototype Transformation
ML System Design
Algorithm Research
Application Development
Dataset Selection
ML Testing
Statistical Analysis
R&D in ML/NLP
Text Representation
Data Pipeline Design
Statistical Data Analysis
Model Training
Team Collaboration
Research Reporting
Algorithm Analysis","['city', 'city state']"
r_640,Data Science Explorer with a keen interest in application models of Machine learning.,['n a']
r_641,"Young Aspirant looking for roles in data science, analytics and Machine Learning.",['n a']
r_642,"Machine Learning Design
Data Analysis
Model Training
AI Integration
Innovation
Cross-Functional Collaboration
Model Deployment
Documentation
Analytical Skills
Communication
Team Collaboration",['python r or java tensorflow pytorch scikit learn']
r_643,"Machine Learning Design
Data Analysis
Model Training
AI Integration
Innovation
Cross-Functional Collaboration
Model Deployment
Documentation
Analytical Skills
Communication
Team Collaboration",['python r or java tensorflow pytorch scikit learn']
r_644,"Machine Learning Leadership
Cross-Functional Collaboration
Strategy Development
ML/NLP Infrastructure
Prototype Transformation
ML System Design
Algorithm Research
Application Development
Dataset Selection
ML Testing
Statistical Analysis
R&D in ML/NLP
Text Representation
Data Pipeline Design
Statistical Data Analysis
Model Training
Team Collaboration
Research Reporting
Algorithm Analysis",['analytics certification']
r_645,"I am a Junior Machine Learning developer who focuses on data improvement and modelling, finding patterns in large databases and optimization of different models.",['nasik']
r_646,,"['city state', 'navi mumbai india']"
r_647,"To design, develop and manage products in the field of consumer electronics devices, networking protocols, internet applications and connected devices. Vision to create personalized experiences based on machine learning.",['city state']
r_648,,['data science and analytics']
r_649,"A Data Science enthusiast with a demonstrated history of working in Banking industry. Currently working on real life Data Science projects with interest in Predictive Analytics, Machine Learning and Deep Learning.",['n a']
r_650,I am a software developer currently working on Machine Learning Projects. The domain of analytics and Machine Learning has amassed a greater interest for me and I want to explore and learn about the core concepts used in production. I am looking to switch to a fulltime role that will help me explore more about this.,['software lifecycle']
r_651,,['deep learning masters machine learning']
r_652,Understanding and solving problems has been one my core objectives since I started working. Exploring data and the different interpretation it can have is what amazes me. Currently interested Machine Learning developer and engineer roles.,"['a gentle introduction to deep learning using keras', 'deep learning advanced nlp and rnns', 'machine learning a z handson python r in data science']"
r_653,Recent Graduate testing and debugging machine learning models. I have worked on multiple projects and have contributed to the testing and quality control of models over time. I am looking to switch to a development role where I can exercise my skills.,['n a']
r_654,"Machine Learning Design
Data Analysis
Model Training
AI Integration
Innovation
Cross-Functional Collaboration
Model Deployment
Documentation
Analytical Skills
Communication
Team Collaboration",['python r or java tensorflow pytorch scikit learn']
r_655,"Machine learning Enthusiast. Motivated to learn, grow and excel my experience by challenging myself.",['data science with python']
r_656,I am looking for a job switch to transition into Data Science and utilize my currents skills & learnings from my Master's course to solve new problems.,"['alb', 'ci cd', 'django api design server side logic drf django rest framework database management postgresql', 'docker', 'ec2', 'ecs', 'etc linux', 'full stack development front end reactjs', 'gitlab terraform', 'mysql version control git aws ecr', 'nextjs backend python', 'rds', 'shell scripting']"
r_657,"Machine Learning Design
Data Analysis
Model Training
AI Integration
Innovation
Cross-Functional Collaboration
Model Deployment
Documentation
Analytical Skills
Communication
Team Collaboration",['python r or java tensorflow pytorch scikit learn']
r_658,Software Engineer with a track record of Implementing and completing projects on time and in alignment with client expectations. Enthusiast about Data Science and keen to learn and explore.,['n a']
r_659,"Machine Learning Leadership
Cross-Functional Collaboration
Strategy Development
ML/NLP Infrastructure
Prototype Transformation
ML System Design
Algorithm Research
Application Development
Dataset Selection
ML Testing
Statistical Analysis
R&D in ML/NLP
Text Representation
Data Pipeline Design
Statistical Data Analysis
Model Training
Team Collaboration
Research Reporting
Algorithm Analysis",['data science with python']
r_660,"I'm passionate learner with a knack for Artificial Intelligence. The kind of problems AI can solve, fills me with enthusiasm to learn more and contribute more. I have dedicated more than a year developing and training Machine learning Models across several projects.",['pytorch developer']
r_661,Fresher python developer interested in data analytics and machine learning.,['statistics in python']
r_662,I am a software developer currently working on Machine Learning Projects. The domain of analytics and Machine Learning has amassed a greater interest for me and I want to explore and learn about the core concepts used in production. I am looking to switch to a fulltime role that will help me explore more about this.,['software lifecycle']
r_663,"Software developer with a niche towards end to end machine learning projects. Motivated towards learning, solving and producing better results.",['participant']
r_664,,['data scientist python developer certification advanced data analytics with python and r']
r_665,,"['city state', 'kuwait', 'udaipur india']"
r_666,I am a fresher business analyst with a knack for building applications that use machine learning and deep learning.,['team lead']
r_667,Seeking challenging opportunity in the field of data science and data analytics where I can utilize my skills and knowledge to contribute for the growth of the organization,['n a']
r_668,Fresher python developer interested in data analytics and machine learning.,['statistics in python']
r_669,"Machine Learning Leadership
Cross-Functional Collaboration
Strategy Development
ML/NLP Infrastructure
Prototype Transformation
ML System Design
Algorithm Research
Application Development
Dataset Selection
ML Testing
Statistical Analysis
R&D in ML/NLP
Text Representation
Data Pipeline Design
Statistical Data Analysis
Model Training
Team Collaboration
Research Reporting
Algorithm Analysis",['city state']
r_670,Associate software engineer specializing in Machine Learning models and Optimization. I work with both natural Language processing and computer vision in terms of Modelling and development.,['n a']
r_671,I am a software developer currently working on Machine Learning Projects. The domain of analytics and Machine Learning has amassed a greater interest for me and I want to explore and learn about the core concepts used in production. I am looking to switch to a fulltime role that will help me explore more about this.,['software lifecycle']
r_672,,['python analysis with pandas and numpy']
r_673,"Machine Learning Leadership
Cross-Functional Collaboration
Strategy Development
ML/NLP Infrastructure
Prototype Transformation
ML System Design
Algorithm Research
Application Development
Dataset Selection
ML Testing
Statistical Analysis
R&D in ML/NLP
Text Representation
Data Pipeline Design
Statistical Data Analysis
Model Training
Team Collaboration
Research Reporting
Algorithm Analysis","['aws', 'csm']"
r_674,"I am a software engineer, and I want to work on full time roles associated with Machine Learning. I have previously worked on some corporate models and due to its intricacies I want to explore more in the domain.",['n a']
r_675,"Machine Learning Design
Data Analysis
Model Training
AI Integration
Innovation
Cross-Functional Collaboration
Model Deployment
Documentation
Analytical Skills
Communication
Team Collaboration",['python r or java tensorflow pytorch scikit learn']
r_676,,['data science']
r_677,"Machine Learning Design
Data Analysis
Model Training
AI Integration
Innovation
Cross-Functional Collaboration
Model Deployment
Documentation
Analytical Skills
Communication
Team Collaboration",['python r or java tensorflow pytorch scikit learn']
r_678,"Machine Learning Design
Data Analysis
Model Training
AI Integration
Innovation
Cross-Functional Collaboration
Model Deployment
Documentation
Analytical Skills
Communication
Team Collaboration",['python r or java tensorflow pytorch scikit learn']
r_679,"A python programmer, currently pursuing Data science and looking for roles that involve the application of Machine Learning. I am always excited to take on real life problems and tread through different technology stacks.",['certified data scientist']
r_680,Looking for roles related to application development in Machine Learning.,['n a']
r_681,I am Data science enthusiast focused on solving complex problems using machine learning techniques. I try to simplify problems and attack them head on. Always working and striving to be better solution finder.,['deep learning']
r_682,"Software developer focused in the areas of Machine learning application development. Motivated to learn, grow and excel my experience by challenging myself.",['ondevice machine learning']
r_683,"Machine Learning Leadership
Cross-Functional Collaboration
Strategy Development
ML/NLP Infrastructure
Prototype Transformation
ML System Design
Algorithm Research
Application Development
Dataset Selection
ML Testing
Statistical Analysis
R&D in ML/NLP
Text Representation
Data Pipeline Design
Statistical Data Analysis
Model Training
Team Collaboration
Research Reporting
Algorithm Analysis",['city state']
r_684,"Skilled Machine Learning and Deep Learning practitioner, and I have worked on Computer vision-based projects. On the lookout for opportunities that help me understand more about the domain.",['attendee']
r_685,Seeking challenging opportunity in the field of data science and data analytics where I can utilize my skills and knowledge to contribute for the growth of the organization,['n a']
r_686,"Associate Solution Advisor currently enrolled in PG for Data science, Knowledge in data manipulation, analysis, reporting and data visualization. In depth knowledge of tools used for production.",['n a']
r_687,,['nlp developer']
r_688,,['data scientist python developer certification advanced data analytics with python and r']
r_689,I am a fresher business analyst with a knack for building applications that use machine learning and deep learning.,['team lead']
r_690,"Machine Learning Design
Data Analysis
Model Training
AI Integration
Innovation
Cross-Functional Collaboration
Model Deployment
Documentation
Analytical Skills
Communication
Team Collaboration",['python r or java tensorflow pytorch scikit learn']
r_691,"A Fresher Seeking Roles In Machine Learning, Business Analysis, Data Predictive Modelling, Statistical Solutions, Data Mining.",['data science and bigdata']
r_692,I am looking for a job switch to transition into Data Science and utilize my currents skills & learnings from my Master's course to solve new problems.,['n a']
r_693,,['ai on the cloud']
r_694,Fresher who is dynamic and defined when it comes to domain knowledge related to Data Analytics and Machine Learning.,['participant']
r_695,Fresher python developer interested in data analytics and machine learning.,['statistics in python']
r_696,"['ASP.NET 4.5', 'academic', 'Clustering', 'consulting', 'curriculum development', 'customer satisfaction', 'data analysis', 'data mining', 'data warehouse', 'Databases', 'database', 'database design', 'database management', 'data warehousing', 'environmental protection', 'Environmental Science', 'GIS', 'HTML', 'instructor', 'Lecturer', 'legal', 'machine learning', 'managing', 'materials', 'meetings', 'C#', 'Microsoft SQL', 'modeling', 'Natural', 'Oracle', 'process development and engineering', 'processes', 'progress', 'Python', 'quality', 'researching', 'research', 'SAS', 'shipping', 'SPSS', 'SQL', 'Statistics', 'Tableau', 'teaching', 'technical support', 'workshops']","['city state', 'n a']"
r_697,"Machine Learning Leadership
Cross-Functional Collaboration
Strategy Development
ML/NLP Infrastructure
Prototype Transformation
ML System Design
Algorithm Research
Application Development
Dataset Selection
ML Testing
Statistical Analysis
R&D in ML/NLP
Text Representation
Data Pipeline Design
Statistical Data Analysis
Model Training
Team Collaboration
Research Reporting
Algorithm Analysis",['python statistics with pandas and matplotlib']
r_698,"I'm passionate learner with a knack for Artificial Intelligence. The kind of problems AI can solve, fills me with enthusiasm to learn more and contribute more. I have dedicated more than a year developing and training Machine learning Models across several projects.",['pytorch developer']
r_699,"Skilled Machine Learning and Deep Learning practitioner, and I have worked on Computer vision-based projects. On the lookout for opportunities that help me understand more about the domain.",['attendee']
r_700,"Fresher having knowledge in machine learning and natural language processing. Looking to join a role where I can learn from an well informed environment, experiment and produce promising results and work with different kinds of data.",['nanyang university']
r_701,Currently seeking opportunities as an Analyst as well as Machine Learning Engineer.,['junior engineer award l t best solution provided l t']
r_702,"Machine learning Enthusiast. Motivated to learn, grow and excel my experience by challenging myself.",['data science with python']
r_703,Associate software engineer specializing in Machine Learning models and Optimization. I work with both natural Language processing and computer vision in terms of Modelling and development.,['n a']
r_704,,"['participant', 'vice president social chair greek week delegate']"
r_705,Graduate database management engineer looking to join a role in data analytics or cloud-based machine learning solutions.,['data science on cloud']
r_706,"A Data Science enthusiast with a demonstrated history of working in Banking industry. Currently working on real life Data Science projects with interest in Predictive Analytics, Machine Learning and Deep Learning.",['n a']
r_707,I am currently working as a junior Machine Learning Engineer and I want to learn more about how Machine Learning projects impact real work scenarios.,['n a']
r_708,Recently graduated fresher experienced in Machine Learning and Natural Language Processing looking for roles that involve projects in the same.,['py thonist']
r_709,As a junior analyst I currently work with data preprocessing and data cleaning before sending them to Machine Learning Models. I am also simultaneously training to be a machine learning engineer to work closely with teams that build models and would like to join a venture for such opportunity.,"['alb', 'ci cd', 'django api design server side logic drf django rest framework database management postgresql', 'docker', 'ec2', 'ecs', 'etc linux', 'full stack development front end reactjs', 'gitlab terraform', 'mysql version control git aws ecr', 'nextjs backend python', 'rds', 'shell scripting']"
r_710,Interested in helping businesses take best decisions using Machine learning and Deep learning solutions.,['n a']
r_711,"Machine Learning engineer who has worked on multiple projects with knowledge in big data handling and business analytics. As someone who is always learning, I would love to use my knowledge to provide the best solutions.",['n a']
r_712,"Associate Solution Advisor currently enrolled in PG for Data science, Knowledge in data manipulation, analysis, reporting and data visualization. In depth knowledge of tools used for production.",['n a']
r_713,Fresher starting out and wanting to join a role of machine learning engineer or data science engineer.,['python statistics with pandas and matplotlib']
r_714,"I am a software engineer, and I want to work on full time roles associated with Machine Learning. I have previously worked on some corporate models and due to its intricacies I want to explore more in the domain.",['n a']
r_715,"To design, develop and manage products in the field of consumer electronics devices, networking protocols, internet applications and connected devices. Vision to create personalized experiences based on machine learning.",['city state']
r_716,"Machine Learning Leadership
Cross-Functional Collaboration
Strategy Development
ML/NLP Infrastructure
Prototype Transformation
ML System Design
Algorithm Research
Application Development
Dataset Selection
ML Testing
Statistical Analysis
R&D in ML/NLP
Text Representation
Data Pipeline Design
Statistical Data Analysis
Model Training
Team Collaboration
Research Reporting
Algorithm Analysis","['n a', 'participant']"
r_717,I am fresher data analyst starting out in ERP and MIS. As a fresher I am looking for roles specific to data science and machine learning to learn about the subject and create amazing applications to solve real life problems.,['data science with python']
r_718,"Looking to utilize hands-on experience of machine learning, deep learning and Artificial Intelligence for data discovery, exploration, prediction and analysis tasks.",['n a']
r_719,"Machine Learning Design
Data Analysis
Model Training
AI Integration
Innovation
Cross-Functional Collaboration
Model Deployment
Documentation
Analytical Skills
Communication
Team Collaboration",['python r or java tensorflow pytorch scikit learn']
r_720,"Machine learning Enthusiast. Motivated to learn, grow and excel my experience by challenging myself.",['data science with python']
r_721,,['python analysis with pandas and numpy']
r_722,"Machine Learning Leadership
Cross-Functional Collaboration
Strategy Development
ML/NLP Infrastructure
Prototype Transformation
ML System Design
Algorithm Research
Application Development
Dataset Selection
ML Testing
Statistical Analysis
R&D in ML/NLP
Text Representation
Data Pipeline Design
Statistical Data Analysis
Model Training
Team Collaboration
Research Reporting
Algorithm Analysis","['chairman', 'participant']"
r_723,I am a fresher who is looking to work as a software developer in Machine Learning Application building and deployment. I am experienced in both machine learning and deep learning and have worked on few collaborative projects on such.,['n a']
r_724,"Machine Learning Leadership
Cross-Functional Collaboration
Strategy Development
ML/NLP Infrastructure
Prototype Transformation
ML System Design
Algorithm Research
Application Development
Dataset Selection
ML Testing
Statistical Analysis
R&D in ML/NLP
Text Representation
Data Pipeline Design
Statistical Data Analysis
Model Training
Team Collaboration
Research Reporting
Algorithm Analysis","['accountant iii', 'accounting clerk b', 'accounting instructor', 'assistant accountant', 'student accounts representative bookkeeper']"
r_725,"Fresher starting out with Business Analysis, and machine learning modelling based on data engineering.",['n a']
r_726,"Machine Learning Engineer seeking roles in Machine Learning, Natural Language Processing, Artificial Intelligence, Data Science.",['n a']
r_727,I am actively seeking opportunity as Data Analyst or Machine Learning Engineer. My goal is to discover new business strategies and create an impact through data driven analytical decisions and leading the business to success.,['student']
r_728,Recently graduated fresher experienced in Machine Learning and Natural Language Processing looking for roles that involve projects in the same.,['py thonist']
r_729,"As a research assistant I always try to define new boundaries and work in a meticulous way to figure out solutions. I have used Machine Learning as a base for our product design to synthesis chemical architectures and their reaction, right now I would like to be involved more on the application development side and was looking for an opportunity that did such.",['n a']
r_730,I am a Post Graduate having knowledge of industry-level Machine Learning problems and Research topics. I currently work as a Machine Learning Engineer and I want to keep exploring such opportunities.,['n a']
r_731,Associate software engineer specializing in Machine Learning models and Optimization. I work with both natural Language processing and computer vision in terms of Modelling and development.,['n a']
r_732,,"['cambridge uk', 'mountain view ca usa', 'vancouver bc canada']"
r_733,A highly disciplined and hard-working individual seeking challenging opportunity in the field of data science and data analytics where I can utilize my skills and knowledge to contribute for the growth of the organization,['data science using machine learning with r and python data analytics']
r_734,As a junior analyst I currently work with data preprocessing and data cleaning before sending them to Machine Learning Models. I am also simultaneously training to be a machine learning engineer to work closely with teams that build models and would like to join a venture for such opportunity.,['n a']
r_735,"Machine Learning Design
Data Analysis
Model Training
AI Integration
Innovation
Cross-Functional Collaboration
Model Deployment
Documentation
Analytical Skills
Communication
Team Collaboration",['python r or java tensorflow pytorch scikit learn']
r_736,"I am a Junior Machine Learning developer who focuses on data improvement and modelling, finding patterns in large databases and optimization of different models.",['nasik']
r_737,Recent Graduate testing and debugging machine learning models. I have worked on multiple projects and have contributed to the testing and quality control of models over time. I am looking to switch to a development role where I can exercise my skills.,['n a']
r_738,"Machine Learning Leadership
Cross-Functional Collaboration
Strategy Development
ML/NLP Infrastructure
Prototype Transformation
ML System Design
Algorithm Research
Application Development
Dataset Selection
ML Testing
Statistical Analysis
R&D in ML/NLP
Text Representation
Data Pipeline Design
Statistical Data Analysis
Model Training
Team Collaboration
Research Reporting
Algorithm Analysis",['hanover nh']
r_739,"Machine Learning Leadership
Cross-Functional Collaboration
Strategy Development
ML/NLP Infrastructure
Prototype Transformation
ML System Design
Algorithm Research
Application Development
Dataset Selection
ML Testing
Statistical Analysis
R&D in ML/NLP
Text Representation
Data Pipeline Design
Statistical Data Analysis
Model Training
Team Collaboration
Research Reporting
Algorithm Analysis",['bilingual']
r_740,,"['cloud infrastructure for advanced computing', 'machine learning']"
r_741,,['data scientist python developer certification advanced data analytics with python and r']
r_742,Looking for roles related to application development in Machine Learning.,['n a']
r_743,"Machine Learning Leadership
Cross-Functional Collaboration
Strategy Development
ML/NLP Infrastructure
Prototype Transformation
ML System Design
Algorithm Research
Application Development
Dataset Selection
ML Testing
Statistical Analysis
R&D in ML/NLP
Text Representation
Data Pipeline Design
Statistical Data Analysis
Model Training
Team Collaboration
Research Reporting
Algorithm Analysis",['city state']
r_744,Want to work as a Machine Learning Production Engineer.,['n a']
r_745,"Software developer with a niche towards end to end machine learning projects. Motivated towards learning, solving and producing better results.",['participant']
r_746,"Machine Learning Engineer seeking roles in Machine Learning, Natural Language Processing, Artificial Intelligence, Data Science.",['n a']
r_747,"Machine Learning engineer who has worked on multiple projects with knowledge in big data handling and business analytics. As someone who is always learning, I would love to use my knowledge to provide the best solutions.",['n a']
r_748,"I am an experienced analytics specialist seeking a full-time position in the field of data science and application in business problem solving, where I can apply my knowledge and skills for continuous improvement.",['analytics certification']
r_749,I am currently looking for an opportunity as a Data Science or Machine Learning Engineer.,['business analyst']
r_750,I am a software developer and analyst professional working for a year with client side technology and Machine Learning product delivery. I have handled small but scalable Machine Learning projects and want to expand my experience and expertise in the domain.,['applied machine learning course']
r_751,"Machine Learning Design
Data Analysis
Model Training
AI Integration
Innovation
Cross-Functional Collaboration
Model Deployment
Documentation
Analytical Skills
Communication
Team Collaboration",['python r or java tensorflow pytorch scikit learn']
r_752,"I am a software engineer, and I want to work on full time roles associated with Machine Learning. I have previously worked on some corporate models and due to its intricacies I want to explore more in the domain.",['n a']
r_753,I am an assistant software engineer working on cloud-based solutions. After working on a couple of Machine Learning application evaluations and deployment I got really engrossed into the domain and would like to work more towards improving myself.,['n a']
r_754,Data analyst actively seeking job roles related to data science and machine learning.,['ibm data analytics']
r_755,"Currently looking for an opportunity in Machine Learning and Deep Learning roles. I have a good depth of knowledge in ML Algorithms, various CNN architectures, and worked on Time series data, Image captioning, NLP tasks. Interested to work with an enthusiastic team on business problems.",['participant']
r_756,"A curiosity-driven data scientist, eager to leverage machine learning and data analytics to extract meaningful insights, make informed decisions and solve challenging business problems. I ensure to contribute with my knowledge, logical thinking and analytical skills towards the consistent growth and development of the organization, and enhance my experience through continuous learning and teamwork.","['alb', 'ci cd', 'django api design server side logic drf django rest framework database management postgresql', 'docker', 'ec2', 'ecs', 'etc linux', 'full stack development front end reactjs', 'gitlab terraform', 'mysql version control git aws ecr', 'nextjs backend python', 'rds', 'shell scripting']"
r_757,"I am an experienced analytics specialist seeking a full-time position in the field of data science and application in business problem solving, where I can apply my knowledge and skills for continuous improvement.",['analytics certification']
r_758,,['data scientist python developer certification advanced data analytics with python and r']
r_759,"Machine Learning Engineer seeking roles in Machine Learning, Natural Language Processing, Artificial Intelligence, Data Science.",['n a']
r_760,Currently seeking opportunities as an Analyst as well as Machine Learning Engineer.,['junior engineer award l t best solution provided l t']
r_761,"Fresher starting out with Business Analysis, and machine learning modelling based on data engineering.",['n a']
r_762,"Software developer with a niche towards end to end machine learning projects. Motivated towards learning, solving and producing better results.",['participant']
r_763,I am a software engineer who has worked on several computer vision projects and their end to end deployment. I am looking to join as a Machine Learning developer to closely work on problems and increase my grasp over the domain.,"['deployment of end to end ml projects', 'n a']"
r_764,,['data science']
r_765,"Machine Learning Leadership
Cross-Functional Collaboration
Strategy Development
ML/NLP Infrastructure
Prototype Transformation
ML System Design
Algorithm Research
Application Development
Dataset Selection
ML Testing
Statistical Analysis
R&D in ML/NLP
Text Representation
Data Pipeline Design
Statistical Data Analysis
Model Training
Team Collaboration
Research Reporting
Algorithm Analysis",['city state']
r_766,I am a software developer and analyst professional working for a year with client side technology and Machine Learning product delivery. I have handled small but scalable Machine Learning projects and want to expand my experience and expertise in the domain.,['applied machine learning course']
r_767,"Machine Learning Design
Data Analysis
Model Training
AI Integration
Innovation
Cross-Functional Collaboration
Model Deployment
Documentation
Analytical Skills
Communication
Team Collaboration",['python r or java tensorflow pytorch scikit learn']
r_768,"Machine Learning Engineer seeking roles in Machine Learning, Natural Language Processing, Artificial Intelligence, Data Science.","['alb', 'ci cd', 'django api design server side logic drf django rest framework database management postgresql', 'docker', 'ec2', 'ecs', 'etc linux', 'full stack development front end reactjs', 'gitlab terraform', 'mysql version control git aws ecr', 'nextjs backend python', 'rds', 'shell scripting']"
r_769,Associate software engineer specializing in Machine Learning models and Optimization. I work with both natural Language processing and computer vision in terms of Modelling and development.,['n a']
r_770,,"['cambridge uk', 'mountain view ca usa', 'vancouver bc canada']"
r_771,"Machine Learning Leadership
Cross-Functional Collaboration
Strategy Development
ML/NLP Infrastructure
Prototype Transformation
ML System Design
Algorithm Research
Application Development
Dataset Selection
ML Testing
Statistical Analysis
R&D in ML/NLP
Text Representation
Data Pipeline Design
Statistical Data Analysis
Model Training
Team Collaboration
Research Reporting
Algorithm Analysis",['volunteer teacher']
r_772,,"['city state', 'navi mumbai india']"
r_773,"As a research assistant I always try to define new boundaries and work in a meticulous way to figure out solutions. I have used Machine Learning as a base for our product design to synthesis chemical architectures and their reaction, right now I would like to be involved more on the application development side and was looking for an opportunity that did such.",['n a']
r_774,"Energetic, innovative engineering undergraduate, passionate about Machine Learning, NLP and Deep Learning for solving real-world problems, aiming to work in an organization providing great learning experience and growth opportunities for mutual benefit.","['apr 2021', 'dec 2020', 'feb 2021', 'nov 2021']"
r_775,"Machine Learning Design
Data Analysis
Model Training
AI Integration
Innovation
Cross-Functional Collaboration
Model Deployment
Documentation
Analytical Skills
Communication
Team Collaboration",['python r or java tensorflow pytorch scikit learn']
r_776,I am a market research specialist with a grasp of machine learning and looking for a deeper dive into the career of being a professional machine learning engineer.,['n a']
r_777,Graduate Looking for roles related to BU analyst and machine learning.,['data analyst python programming']
r_778,"Skilled Machine Learning and Deep Learning practitioner, and I have worked on Computer vision-based projects. On the lookout for opportunities that help me understand more about the domain.",['attendee']
r_779,"Software developer focused in the areas of Machine learning application development. Motivated to learn, grow and excel my experience by challenging myself.",['ondevice machine learning']
r_780,"A Data Science enthusiast with a demonstrated history of working in Banking industry. Currently working on real life Data Science projects with interest in Predictive Analytics, Machine Learning and Deep Learning.",['n a']
r_781,,['tensorflow and keras']
r_782,"A Data Science enthusiast with a demonstrated history of working in Banking industry. Currently working on real life Data Science projects with interest in Predictive Analytics, Machine Learning and Deep Learning.",['n a']
r_783,"I am a Junior Machine Learning developer who focuses on data improvement and modelling, finding patterns in large databases and optimization of different models.","['alb', 'ci cd', 'django api design server side logic drf django rest framework database management postgresql', 'docker', 'ec2', 'ecs', 'etc linux', 'full stack development front end reactjs', 'gitlab terraform', 'mysql version control git aws ecr', 'nextjs backend python', 'rds', 'shell scripting']"
r_784,Want to work as a Machine Learning Production Engineer.,['n a']
r_785,"Machine Learning Design
Data Analysis
Model Training
AI Integration
Innovation
Cross-Functional Collaboration
Model Deployment
Documentation
Analytical Skills
Communication
Team Collaboration",['python r or java tensorflow pytorch scikit learn']
r_786,"Machine Learning Design
Data Analysis
Model Training
AI Integration
Innovation
Cross-Functional Collaboration
Model Deployment
Documentation
Analytical Skills
Communication
Team Collaboration",['python r or java tensorflow pytorch scikit learn']
r_787,"Machine Learning Leadership
Cross-Functional Collaboration
Strategy Development
ML/NLP Infrastructure
Prototype Transformation
ML System Design
Algorithm Research
Application Development
Dataset Selection
ML Testing
Statistical Analysis
R&D in ML/NLP
Text Representation
Data Pipeline Design
Statistical Data Analysis
Model Training
Team Collaboration
Research Reporting
Algorithm Analysis",['city state']
r_788,I recently graduated with a B.Tech degree in IT and currently am looking for jobs in sectors related to machine learning. I want to explore and hone my skills. I am committed towards better coding practices.,['n a']
r_789,"I am an experienced analytics specialist seeking a full-time position in the field of data science and application in business problem solving, where I can apply my knowledge and skills for continuous improvement.",['analytics certification']
r_790,,['tensorflow and keras']
r_791,Recent Graduate testing and debugging machine learning models. I have worked on multiple projects and have contributed to the testing and quality control of models over time. I am looking to switch to a development role where I can exercise my skills.,['n a']
r_792,Graduate database management engineer looking to join a role in data analytics or cloud-based machine learning solutions.,"['alb', 'ci cd', 'django api design server side logic drf django rest framework database management postgresql', 'docker', 'ec2', 'ecs', 'etc linux', 'full stack development front end reactjs', 'gitlab terraform', 'mysql version control git aws ecr', 'nextjs backend python', 'rds', 'shell scripting']"
r_793,I am looking for a job switch to transition into Data Science and utilize my currents skills & learnings from my Master's course to solve new problems.,['n a']
r_794,,['data scientist python developer certification advanced data analytics with python and r']
r_795,"Software developer focused in the areas of Machine learning application development. Motivated to learn, grow and excel my experience by challenging myself.",['ondevice machine learning']
r_796,"Software developer focused in the areas of Machine learning application development. Motivated to learn, grow and excel my experience by challenging myself.",['ondevice machine learning']
r_797,,"['cloud infrastructure for advanced computing', 'machine learning']"
r_798,"Machine Learning engineer who has worked on multiple projects with knowledge in big data handling and business analytics. As someone who is always learning, I would love to use my knowledge to provide the best solutions.",['n a']
r_799,Interested in helping businesses take best decisions using Machine learning and Deep learning solutions.,['n a']
r_800,"Associate Solution Advisor currently enrolled in PG for Data science, Knowledge in data manipulation, analysis, reporting and data visualization. In depth knowledge of tools used for production.",['n a']
r_801,Fresher Computer vision and Machine Learning Engineer looking for a job that is both challenging and fun in terms of problem-solving. Also an expert in maintaining and managing Tableau and Power BI dashboards to address business.,"['honorary member', 'innovator of the year runner up']"
r_802,"Machine Learning Design
Data Analysis
Model Training
AI Integration
Innovation
Cross-Functional Collaboration
Model Deployment
Documentation
Analytical Skills
Communication
Team Collaboration",['python r or java tensorflow pytorch scikit learn']
r_803,I am a software developer and analyst professional working for a year with client side technology and Machine Learning product delivery. I have handled small but scalable Machine Learning projects and want to expand my experience and expertise in the domain.,['applied machine learning course']
r_804,"Machine Learning Leadership
Cross-Functional Collaboration
Strategy Development
ML/NLP Infrastructure
Prototype Transformation
ML System Design
Algorithm Research
Application Development
Dataset Selection
ML Testing
Statistical Analysis
R&D in ML/NLP
Text Representation
Data Pipeline Design
Statistical Data Analysis
Model Training
Team Collaboration
Research Reporting
Algorithm Analysis",['n a']
r_805,"Machine Learning Engineer seeking roles in Machine Learning, Natural Language Processing, Artificial Intelligence, Data Science.",['n a']
r_806,I am Data science enthusiast focused on solving complex problems using machine learning techniques. I try to simplify problems and attack them head on. Always working and striving to be better solution finder.,['deep learning']
r_807,"Young Aspirant looking for roles in data science, analytics and Machine Learning.",['n a']
r_808,,"['city state', 'kuwait', 'udaipur india']"
r_809,"Graduate analyst currently working as business analyst consultant. As an individual, I always try to overcome problems in the most analytical manner. I want to work on Machine Learning application problems that deal with real life scenarios.",['n a']
r_810,,['deep learning masters machine learning']
r_811,"Machine Learning Engineer seeking assignments Deep Learning, Reinforcement Learning, Tensorflow. Keras.",['scholar']
r_812,"Machine Learning Design
Data Analysis
Model Training
AI Integration
Innovation
Cross-Functional Collaboration
Model Deployment
Documentation
Analytical Skills
Communication
Team Collaboration",['python r or java tensorflow pytorch scikit learn']
r_813,I am currently looking for an opportunity as a Data Science or Machine Learning Engineer.,['business analyst']
r_814,"Machine Learning Leadership
Cross-Functional Collaboration
Strategy Development
ML/NLP Infrastructure
Prototype Transformation
ML System Design
Algorithm Research
Application Development
Dataset Selection
ML Testing
Statistical Analysis
R&D in ML/NLP
Text Representation
Data Pipeline Design
Statistical Data Analysis
Model Training
Team Collaboration
Research Reporting
Algorithm Analysis",['toronto']
r_815,"Machine Learning Leadership
Cross-Functional Collaboration
Strategy Development
ML/NLP Infrastructure
Prototype Transformation
ML System Design
Algorithm Research
Application Development
Dataset Selection
ML Testing
Statistical Analysis
R&D in ML/NLP
Text Representation
Data Pipeline Design
Statistical Data Analysis
Model Training
Team Collaboration
Research Reporting
Algorithm Analysis","['directed study', 'research assistant', 'research assistant dreu program', 'research intern']"
r_816,,['nlp developer']
r_817,"Machine Learning Leadership
Cross-Functional Collaboration
Strategy Development
ML/NLP Infrastructure
Prototype Transformation
ML System Design
Algorithm Research
Application Development
Dataset Selection
ML Testing
Statistical Analysis
R&D in ML/NLP
Text Representation
Data Pipeline Design
Statistical Data Analysis
Model Training
Team Collaboration
Research Reporting
Algorithm Analysis",['n a']
r_818,"An avid data analyst looking to step into the world of machine learning and data sciences. I have experience related to Data Mining, Data Visualization, Text Analytics, Data Collection and would currently like to expand my horizon and work on Machine Learning projects.",['n a']
r_819,"Associate Solution Advisor currently enrolled in PG for Data science, Knowledge in data manipulation, analysis, reporting and data visualization. In depth knowledge of tools used for production.",['n a']
r_820,"Machine Learning Engineer seeking assignments Deep Learning, Reinforcement Learning, Tensorflow. Keras.",['scholar']
r_821,Graduate database management engineer looking to join a role in data analytics or cloud-based machine learning solutions.,['data science on cloud']
r_822,Understanding and solving problems has been one my core objectives since I started working. Exploring data and the different interpretation it can have is what amazes me. Currently interested Machine Learning developer and engineer roles.,"['a gentle introduction to deep learning using keras', 'deep learning advanced nlp and rnns', 'machine learning a z handson python r in data science']"
r_823,I am a fresher business analyst with a knack for building applications that use machine learning and deep learning.,['team lead']
r_824,A highly disciplined and hard-working individual seeking challenging opportunity in the field of data science and data analytics where I can utilize my skills and knowledge to contribute for the growth of the organization,['data science using machine learning with r and python data analytics']
r_825,"I'm passionate learner with a knack for Artificial Intelligence. The kind of problems AI can solve, fills me with enthusiasm to learn more and contribute more. I have dedicated more than a year developing and training Machine learning Models across several projects.",['pytorch developer']
r_826,,['jr data scientist']
r_827,"Fresher starting out with Business Analysis, and machine learning modelling based on data engineering.",['n a']
r_828,,"['chairman', 'participant']"
r_829,,['jr data scientist']
r_830,"Energetic, innovative engineering undergraduate, passionate about Machine Learning, NLP and Deep Learning for solving real-world problems, aiming to work in an organization providing great learning experience and growth opportunities for mutual benefit.","['apr 2021', 'dec 2020', 'feb 2021', 'nov 2021']"
r_831,Graduating Ph.D. candidate with a research focus on developing large-scale computational models using statistics and machine learning approach. Interested in a career as a computational scientist or quantitative software developer.,"['city', 'city state']"
r_832,I am a market research specialist with a grasp of machine learning and looking for a deeper dive into the career of being a professional machine learning engineer.,['n a']
r_833,Want to work as a Machine Learning Production Engineer.,['n a']
r_834,"A Data Science enthusiast with a demonstrated history of working in Banking industry. Currently working on real life Data Science projects with interest in Predictive Analytics, Machine Learning and Deep Learning.",['n a']
r_835,I am a software developer currently working on Machine Learning Projects. The domain of analytics and Machine Learning has amassed a greater interest for me and I want to explore and learn about the core concepts used in production. I am looking to switch to a fulltime role that will help me explore more about this.,['software lifecycle']
r_836,"Machine Learning Engineer seeking assignments Deep Learning, Reinforcement Learning, Tensorflow. Keras.",['scholar']
r_837,,['tensorflow and keras']
r_838,,['ait']
r_839,"Machine Learning Leadership
Cross-Functional Collaboration
Strategy Development
ML/NLP Infrastructure
Prototype Transformation
ML System Design
Algorithm Research
Application Development
Dataset Selection
ML Testing
Statistical Analysis
R&D in ML/NLP
Text Representation
Data Pipeline Design
Statistical Data Analysis
Model Training
Team Collaboration
Research Reporting
Algorithm Analysis",['name of major']
r_840,"A python programmer, currently pursuing Data science and looking for roles that involve the application of Machine Learning. I am always excited to take on real life problems and tread through different technology stacks.",['certified data scientist']
r_841,,"['chairman', 'participant']"
r_842,I am an assistant software engineer working on cloud-based solutions. After working on a couple of Machine Learning application evaluations and deployment I got really engrossed into the domain and would like to work more towards improving myself.,['n a']
r_843,"I'm passionate learner with a knack for Artificial Intelligence. The kind of problems AI can solve, fills me with enthusiasm to learn more and contribute more. I have dedicated more than a year developing and training Machine learning Models across several projects.",['pytorch developer']
r_844,I am currently looking for an opportunity as a Data Science or Machine Learning Engineer.,['business analyst']
r_845,"A python programmer, currently pursuing Data science and looking for roles that involve the application of Machine Learning. I am always excited to take on real life problems and tread through different technology stacks.",['certified data scientist']
r_846,"A Fresher Seeking Roles In Machine Learning, Business Analysis, Data Predictive Modelling, Statistical Solutions, Data Mining.",['data science and bigdata']
r_847,,['tensorflow and keras']
r_848,"Machine Learning Leadership
Cross-Functional Collaboration
Strategy Development
ML/NLP Infrastructure
Prototype Transformation
ML System Design
Algorithm Research
Application Development
Dataset Selection
ML Testing
Statistical Analysis
R&D in ML/NLP
Text Representation
Data Pipeline Design
Statistical Data Analysis
Model Training
Team Collaboration
Research Reporting
Algorithm Analysis","['city state', 'state']"
r_849,I am a fresher specializing in data analytics and Machine Learning Application development. I believe that if given the opportunity I can prove my potential as a developer. I can easily communicate and work under someone's supervision who can guide me and help me in this journey of learning and exploring.,['participant']
r_850,Interested in helping businesses take best decisions using Machine learning and Deep learning solutions.,['n a']
r_851,,['data science and analytics']
r_852,Fresher starting out and wanting to join a role of machine learning engineer or data science engineer.,['python statistics with pandas and matplotlib']
r_853,"Machine Learning Leadership
Cross-Functional Collaboration
Strategy Development
ML/NLP Infrastructure
Prototype Transformation
ML System Design
Algorithm Research
Application Development
Dataset Selection
ML Testing
Statistical Analysis
R&D in ML/NLP
Text Representation
Data Pipeline Design
Statistical Data Analysis
Model Training
Team Collaboration
Research Reporting
Algorithm Analysis",['n a']
r_854,"A curiosity-driven data scientist, eager to leverage machine learning and data analytics to extract meaningful insights, make informed decisions and solve challenging business problems. I ensure to contribute with my knowledge, logical thinking and analytical skills towards the consistent growth and development of the organization, and enhance my experience through continuous learning and teamwork.",['n a']
r_855,"Machine Learning engineer who has worked on multiple projects with knowledge in big data handling and business analytics. As someone who is always learning, I would love to use my knowledge to provide the best solutions.",['n a']
r_856,"Data Science Enthusiast looking roles in Data Analytics, Machine learning, Statistical Modeling, Data Visualization.",['machine learning internship certificate']
r_857,,"['machine learning with python', 'neural network applied in pytorch']"
r_858,"Machine Learning Leadership
Cross-Functional Collaboration
Strategy Development
ML/NLP Infrastructure
Prototype Transformation
ML System Design
Algorithm Research
Application Development
Dataset Selection
ML Testing
Statistical Analysis
R&D in ML/NLP
Text Representation
Data Pipeline Design
Statistical Data Analysis
Model Training
Team Collaboration
Research Reporting
Algorithm Analysis",['n a']
r_859,,"['city state', 'kuwait', 'udaipur india']"
r_860,"To design, develop and manage products in the field of consumer electronics devices, networking protocols, internet applications and connected devices. Vision to create personalized experiences based on machine learning.",['city state']
r_861,"Software developer focused in the areas of Machine learning application development. Motivated to learn, grow and excel my experience by challenging myself.",['ondevice machine learning']
r_862,I am a fresher specializing in data analytics and Machine Learning Application development. I believe that if given the opportunity I can prove my potential as a developer. I can easily communicate and work under someone's supervision who can guide me and help me in this journey of learning and exploring.,['participant']
r_863,"Machine Learning Leadership
Cross-Functional Collaboration
Strategy Development
ML/NLP Infrastructure
Prototype Transformation
ML System Design
Algorithm Research
Application Development
Dataset Selection
ML Testing
Statistical Analysis
R&D in ML/NLP
Text Representation
Data Pipeline Design
Statistical Data Analysis
Model Training
Team Collaboration
Research Reporting
Algorithm Analysis",['nanyang university']
r_864,,['data science']
r_865,As a junior analyst I currently work with data preprocessing and data cleaning before sending them to Machine Learning Models. I am also simultaneously training to be a machine learning engineer to work closely with teams that build models and would like to join a venture for such opportunity.,['n a']
r_866,"Machine Learning Design
Data Analysis
Model Training
AI Integration
Innovation
Cross-Functional Collaboration
Model Deployment
Documentation
Analytical Skills
Communication
Team Collaboration",['python r or java tensorflow pytorch scikit learn']
r_867,"Graduate analyst currently working as business analyst consultant. As an individual, I always try to overcome problems in the most analytical manner. I want to work on Machine Learning application problems that deal with real life scenarios.",['n a']
r_868,,['deep learning masters machine learning']
r_869,I am a Post Graduate having knowledge of industry-level Machine Learning problems and Research topics. I currently work as a Machine Learning Engineer and I want to keep exploring such opportunities.,['n a']
r_870,,"['cambridge uk', 'mountain view ca usa', 'vancouver bc canada']"
r_871,"Machine Learning Design
Data Analysis
Model Training
AI Integration
Innovation
Cross-Functional Collaboration
Model Deployment
Documentation
Analytical Skills
Communication
Team Collaboration",['python r or java tensorflow pytorch scikit learn']
r_872,"Graduate analyst currently working as business analyst consultant. As an individual, I always try to overcome problems in the most analytical manner. I want to work on Machine Learning application problems that deal with real life scenarios.",['n a']
r_873,Graduate Looking for roles related to BU analyst and machine learning.,['data analyst python programming']
r_874,"Machine Learning Design
Data Analysis
Model Training
AI Integration
Innovation
Cross-Functional Collaboration
Model Deployment
Documentation
Analytical Skills
Communication
Team Collaboration",['python r or java tensorflow pytorch scikit learn']
r_875,,['data analyst nano degree']
r_876,Interested in helping businesses take best decisions using Machine learning and Deep learning solutions.,['n a']
r_877,,"['city state', 'kuwait', 'udaipur india']"
r_878,I am a fresher business analyst with a knack for building applications that use machine learning and deep learning.,['team lead']
r_879,I am a software engineer who has worked on several computer vision projects and their end to end deployment. I am looking to join as a Machine Learning developer to closely work on problems and increase my grasp over the domain.,"['deployment of end to end ml projects', 'n a']"
r_880,Data analyst actively seeking job roles related to data science and machine learning.,['ibm data analytics']
r_881,"To design, develop and manage products in the field of consumer electronics devices, networking protocols, internet applications and connected devices. Vision to create personalized experiences based on machine learning.",['city state']
r_882,"Young Aspirant looking for roles in data science, analytics and Machine Learning.",['n a']
r_883,I am a fresher who is looking to work as a software developer in Machine Learning Application building and deployment. I am experienced in both machine learning and deep learning and have worked on few collaborative projects on such.,['n a']
r_884,"Machine Learning Leadership
Cross-Functional Collaboration
Strategy Development
ML/NLP Infrastructure
Prototype Transformation
ML System Design
Algorithm Research
Application Development
Dataset Selection
ML Testing
Statistical Analysis
R&D in ML/NLP
Text Representation
Data Pipeline Design
Statistical Data Analysis
Model Training
Team Collaboration
Research Reporting
Algorithm Analysis",['machine learning internship certificate']
r_885,"Machine Learning Engineer seeking assignments Deep Learning, Reinforcement Learning, Tensorflow. Keras.",['scholar']
r_886,,['ai on the cloud']
r_887,,['data scientist python developer certification advanced data analytics with python and r']
r_888,,['deep learning masters machine learning']
r_889,,"['natural language processing with python', 'python for big data with pyspark']"
r_890,"Machine Learning Design
Data Analysis
Model Training
AI Integration
Innovation
Cross-Functional Collaboration
Model Deployment
Documentation
Analytical Skills
Communication
Team Collaboration",['python r or java tensorflow pytorch scikit learn']
r_891,Fresher python developer interested in data analytics and machine learning.,['statistics in python']
r_892,Graduating Ph.D. candidate with a research focus on developing large-scale computational models using statistics and machine learning approach. Interested in a career as a computational scientist or quantitative software developer.,"['city', 'city state']"
r_893,"Young Aspirant looking for roles in data science, analytics and Machine Learning.",['n a']
r_894,Graduate Looking for roles related to BU analyst and machine learning.,['data analyst python programming']
r_895,"Machine Learning Design
Data Analysis
Model Training
AI Integration
Innovation
Cross-Functional Collaboration
Model Deployment
Documentation
Analytical Skills
Communication
Team Collaboration",['python r or java tensorflow pytorch scikit learn']
r_896,Would like to join any firm as a software developer in machine learning projects.,['n a']
r_897,,"['cambridge uk', 'mountain view ca usa', 'vancouver bc canada']"
r_898,,"['cambridge uk', 'mountain view ca usa', 'vancouver bc canada']"
r_899,"Skilled Machine Learning and Deep Learning practitioner, and I have worked on Computer vision-based projects. On the lookout for opportunities that help me understand more about the domain.",['attendee']
r_900,,"['natural language processing with python', 'python for big data with pyspark']"
r_901,"Machine Learning Leadership
Cross-Functional Collaboration
Strategy Development
ML/NLP Infrastructure
Prototype Transformation
ML System Design
Algorithm Research
Application Development
Dataset Selection
ML Testing
Statistical Analysis
R&D in ML/NLP
Text Representation
Data Pipeline Design
Statistical Data Analysis
Model Training
Team Collaboration
Research Reporting
Algorithm Analysis",['city state']
r_902,"Software developer focused in the areas of Machine learning application development. Motivated to learn, grow and excel my experience by challenging myself.",['ondevice machine learning']
r_903,Data Science Explorer with a keen interest in application models of Machine learning.,['n a']
r_904,Fresher python developer interested in data analytics and machine learning.,['statistics in python']
r_905,,['data science']
r_906,,['ai on the cloud']
r_907,"I am a software engineer, and I want to work on full time roles associated with Machine Learning. I have previously worked on some corporate models and due to its intricacies I want to explore more in the domain.",['n a']
r_908,Recent Graduate testing and debugging machine learning models. I have worked on multiple projects and have contributed to the testing and quality control of models over time. I am looking to switch to a development role where I can exercise my skills.,['n a']
r_909,"A quality-oriented professional with a keen interest in solving complex business problems by way of AI-based design & thinking. A technology-agnostic individual with a strong background in data science, statistics, and economics with an aim to accelerate artificial intelligence.",['n a']
r_910,"['ASP.NET 4.5', 'academic', 'Clustering', 'consulting', 'curriculum development', 'customer satisfaction', 'data analysis', 'data mining', 'data warehouse', 'Databases', 'database', 'database design', 'database management', 'data warehousing', 'environmental protection', 'Environmental Science', 'GIS', 'HTML', 'instructor', 'Lecturer', 'legal', 'machine learning', 'managing', 'materials', 'meetings', 'C#', 'Microsoft SQL', 'modeling', 'Natural', 'Oracle', 'process development and engineering', 'processes', 'progress', 'Python', 'quality', 'researching', 'research', 'SAS', 'shipping', 'SPSS', 'SQL', 'Statistics', 'Tableau', 'teaching', 'technical support', 'workshops']","['city state', 'n a']"
r_911,"Software developer focused in the areas of Machine learning application development. Motivated to learn, grow and excel my experience by challenging myself.",['ondevice machine learning']
r_912,"Machine Learning Leadership
Cross-Functional Collaboration
Strategy Development
ML/NLP Infrastructure
Prototype Transformation
ML System Design
Algorithm Research
Application Development
Dataset Selection
ML Testing
Statistical Analysis
R&D in ML/NLP
Text Representation
Data Pipeline Design
Statistical Data Analysis
Model Training
Team Collaboration
Research Reporting
Algorithm Analysis",['analytics for beginners']
r_913,"Machine Learning engineer who has worked on multiple projects with knowledge in big data handling and business analytics. As someone who is always learning, I would love to use my knowledge to provide the best solutions.",['n a']
r_914,"Experienced software professional looking for data science and machine learning roles. Masters in machine learning. Good Knowledge of Software Development processes and Object-oriented programming. Sound Knowledge of python, scikit learn and keras.",['n a']
r_915,Graduating Ph.D. candidate with a research focus on developing large-scale computational models using statistics and machine learning approach. Interested in a career as a computational scientist or quantitative software developer.,"['city', 'city state']"
r_916,"A Data Science enthusiast with a demonstrated history of working in Banking industry. Currently working on real life Data Science projects with interest in Predictive Analytics, Machine Learning and Deep Learning.",['n a']
r_917,"Experienced software professional looking for data science and machine learning roles. Masters in machine learning. Good Knowledge of Software Development processes and Object-oriented programming. Sound Knowledge of python, scikit learn and keras.",['n a']
r_918,"I am a software engineer, and I want to work on full time roles associated with Machine Learning. I have previously worked on some corporate models and due to its intricacies I want to explore more in the domain.",['n a']
r_919,,['data science and analytics']
r_920,"Machine Learning Leadership
Cross-Functional Collaboration
Strategy Development
ML/NLP Infrastructure
Prototype Transformation
ML System Design
Algorithm Research
Application Development
Dataset Selection
ML Testing
Statistical Analysis
R&D in ML/NLP
Text Representation
Data Pipeline Design
Statistical Data Analysis
Model Training
Team Collaboration
Research Reporting
Algorithm Analysis",['team lead']
r_921,,"['cambridge uk', 'mountain view ca usa', 'vancouver bc canada']"
r_922,"Experienced software professional looking for data science and machine learning roles. Masters in machine learning. Good Knowledge of Software Development processes and Object-oriented programming. Sound Knowledge of python, scikit learn and keras.",['n a']
r_923,"Fresher starting out with Business Analysis, and machine learning modelling based on data engineering.",['n a']
r_924,,['data science and analytics']
r_925,"Machine Learning Leadership
Cross-Functional Collaboration
Strategy Development
ML/NLP Infrastructure
Prototype Transformation
ML System Design
Algorithm Research
Application Development
Dataset Selection
ML Testing
Statistical Analysis
R&D in ML/NLP
Text Representation
Data Pipeline Design
Statistical Data Analysis
Model Training
Team Collaboration
Research Reporting
Algorithm Analysis",['n a']
r_926,,"['cloud infrastructure for advanced computing', 'machine learning']"
r_927,A highly disciplined and hard-working individual seeking challenging opportunity in the field of data science and data analytics where I can utilize my skills and knowledge to contribute for the growth of the organization,['data science using machine learning with r and python data analytics']
r_928,,['ait']
r_929,"Machine Learning Design
Data Analysis
Model Training
AI Integration
Innovation
Cross-Functional Collaboration
Model Deployment
Documentation
Analytical Skills
Communication
Team Collaboration",['python r or java tensorflow pytorch scikit learn']
r_930,I am a market research specialist with a grasp of machine learning and looking for a deeper dive into the career of being a professional machine learning engineer.,['n a']
r_931,,['data science']
r_932,"Machine Learning Engineer seeking roles in Machine Learning, Natural Language Processing, Artificial Intelligence, Data Science.",['n a']
r_933,Looking for roles related to application development in Machine Learning.,['n a']
r_934,I am looking for a job switch to transition into Data Science and utilize my currents skills & learnings from my Master's course to solve new problems.,['n a']
r_935,"Software developer with a niche towards end to end machine learning projects. Motivated towards learning, solving and producing better results.",['participant']
r_936,A highly disciplined and hard-working individual seeking challenging opportunity in the field of data science and data analytics where I can utilize my skills and knowledge to contribute for the growth of the organization,['data science using machine learning with r and python data analytics']
r_937,"A Data Science enthusiast with a demonstrated history of working in Banking industry. Currently working on real life Data Science projects with interest in Predictive Analytics, Machine Learning and Deep Learning.",['n a']
r_938,Understanding and solving problems has been one my core objectives since I started working. Exploring data and the different interpretation it can have is what amazes me. Currently interested Machine Learning developer and engineer roles.,"['a gentle introduction to deep learning using keras', 'deep learning advanced nlp and rnns', 'machine learning a z handson python r in data science']"
r_939,"Machine Learning Leadership
Cross-Functional Collaboration
Strategy Development
ML/NLP Infrastructure
Prototype Transformation
ML System Design
Algorithm Research
Application Development
Dataset Selection
ML Testing
Statistical Analysis
R&D in ML/NLP
Text Representation
Data Pipeline Design
Statistical Data Analysis
Model Training
Team Collaboration
Research Reporting
Algorithm Analysis",['developer engineer']
r_940,I am a fresher who is looking to work as a software developer in Machine Learning Application building and deployment. I am experienced in both machine learning and deep learning and have worked on few collaborative projects on such.,['n a']
r_941,"Machine Learning Leadership
Cross-Functional Collaboration
Strategy Development
ML/NLP Infrastructure
Prototype Transformation
ML System Design
Algorithm Research
Application Development
Dataset Selection
ML Testing
Statistical Analysis
R&D in ML/NLP
Text Representation
Data Pipeline Design
Statistical Data Analysis
Model Training
Team Collaboration
Research Reporting
Algorithm Analysis",['city state']
r_942,"Young Aspirant looking for roles in data science, analytics and Machine Learning.",['n a']
r_943,,"['participant', 'vice president social chair greek week delegate']"
r_944,"Machine Learning Leadership
Cross-Functional Collaboration
Strategy Development
ML/NLP Infrastructure
Prototype Transformation
ML System Design
Algorithm Research
Application Development
Dataset Selection
ML Testing
Statistical Analysis
R&D in ML/NLP
Text Representation
Data Pipeline Design
Statistical Data Analysis
Model Training
Team Collaboration
Research Reporting
Algorithm Analysis",['python programming']
r_945,"Energetic, innovative engineering undergraduate, passionate about Machine Learning, NLP and Deep Learning for solving real-world problems, aiming to work in an organization providing great learning experience and growth opportunities for mutual benefit.","['apr 2021', 'dec 2020', 'feb 2021', 'nov 2021']"
r_946,"Machine Learning Leadership
Cross-Functional Collaboration
Strategy Development
ML/NLP Infrastructure
Prototype Transformation
ML System Design
Algorithm Research
Application Development
Dataset Selection
ML Testing
Statistical Analysis
R&D in ML/NLP
Text Representation
Data Pipeline Design
Statistical Data Analysis
Model Training
Team Collaboration
Research Reporting
Algorithm Analysis",['city']
r_947,"Machine Learning Design
Data Analysis
Model Training
AI Integration
Innovation
Cross-Functional Collaboration
Model Deployment
Documentation
Analytical Skills
Communication
Team Collaboration",['python r or java tensorflow pytorch scikit learn']
r_948,"An avid data analyst looking to step into the world of machine learning and data sciences. I have experience related to Data Mining, Data Visualization, Text Analytics, Data Collection and would currently like to expand my horizon and work on Machine Learning projects.",['n a']
r_949,I am fresher data analyst starting out in ERP and MIS. As a fresher I am looking for roles specific to data science and machine learning to learn about the subject and create amazing applications to solve real life problems.,['data science with python']
r_950,,"['participant', 'vice president social chair greek week delegate']"
r_951,"Energetic, innovative engineering undergraduate, passionate about Machine Learning, NLP and Deep Learning for solving real-world problems, aiming to work in an organization providing great learning experience and growth opportunities for mutual benefit.","['apr 2021', 'dec 2020', 'feb 2021', 'nov 2021']"
r_952,"Machine Learning Leadership
Cross-Functional Collaboration
Strategy Development
ML/NLP Infrastructure
Prototype Transformation
ML System Design
Algorithm Research
Application Development
Dataset Selection
ML Testing
Statistical Analysis
R&D in ML/NLP
Text Representation
Data Pipeline Design
Statistical Data Analysis
Model Training
Team Collaboration
Research Reporting
Algorithm Analysis",['n a']
r_953,,['training and deploying a machine model']
r_954,I am a software engineer who has worked on several computer vision projects and their end to end deployment. I am looking to join as a Machine Learning developer to closely work on problems and increase my grasp over the domain.,"['deployment of end to end ml projects', 'n a']"
r_955,,"['natural language processing with python', 'python for big data with pyspark']"
r_956,"Energetic, innovative engineering undergraduate, passionate about Machine Learning, NLP and Deep Learning for solving real-world problems, aiming to work in an organization providing great learning experience and growth opportunities for mutual benefit.","['apr 2021', 'dec 2020', 'feb 2021', 'nov 2021']"
r_957,"Machine Learning Leadership
Cross-Functional Collaboration
Strategy Development
ML/NLP Infrastructure
Prototype Transformation
ML System Design
Algorithm Research
Application Development
Dataset Selection
ML Testing
Statistical Analysis
R&D in ML/NLP
Text Representation
Data Pipeline Design
Statistical Data Analysis
Model Training
Team Collaboration
Research Reporting
Algorithm Analysis",['scholar']
r_958,"Machine Learning engineer who has worked on multiple projects with knowledge in big data handling and business analytics. As someone who is always learning, I would love to use my knowledge to provide the best solutions.",['n a']
r_959,,['ai on the cloud']
r_960,"Machine Learning Leadership
Cross-Functional Collaboration
Strategy Development
ML/NLP Infrastructure
Prototype Transformation
ML System Design
Algorithm Research
Application Development
Dataset Selection
ML Testing
Statistical Analysis
R&D in ML/NLP
Text Representation
Data Pipeline Design
Statistical Data Analysis
Model Training
Team Collaboration
Research Reporting
Algorithm Analysis",['ondevice machine learning']
r_961,Seeking challenging opportunity in the field of data science and data analytics where I can utilize my skills and knowledge to contribute for the growth of the organization,['n a']
r_962,"Looking to utilize hands-on experience of machine learning, deep learning and Artificial Intelligence for data discovery, exploration, prediction and analysis tasks.",['n a']
r_963,"I'm passionate learner with a knack for Artificial Intelligence. The kind of problems AI can solve, fills me with enthusiasm to learn more and contribute more. I have dedicated more than a year developing and training Machine learning Models across several projects.","['alb', 'ci cd', 'django api design server side logic drf django rest framework database management postgresql', 'docker', 'ec2', 'ecs', 'etc linux', 'full stack development front end reactjs', 'gitlab terraform', 'mysql version control git aws ecr', 'nextjs backend python', 'rds', 'shell scripting']"
r_964,I am a software developer currently working on Machine Learning Projects. The domain of analytics and Machine Learning has amassed a greater interest for me and I want to explore and learn about the core concepts used in production. I am looking to switch to a fulltime role that will help me explore more about this.,['software lifecycle']
r_965,I am a fresher who is looking to work as a software developer in Machine Learning Application building and deployment. I am experienced in both machine learning and deep learning and have worked on few collaborative projects on such.,['n a']
r_966,Understanding and solving problems has been one my core objectives since I started working. Exploring data and the different interpretation it can have is what amazes me. Currently interested Machine Learning developer and engineer roles.,"['a gentle introduction to deep learning using keras', 'deep learning advanced nlp and rnns', 'machine learning a z handson python r in data science']"
r_967,,"['machine learning with python', 'neural network applied in pytorch']"
r_968,,"['cloud infrastructure for advanced computing', 'machine learning']"
r_969,"Machine Learning Leadership
Cross-Functional Collaboration
Strategy Development
ML/NLP Infrastructure
Prototype Transformation
ML System Design
Algorithm Research
Application Development
Dataset Selection
ML Testing
Statistical Analysis
R&D in ML/NLP
Text Representation
Data Pipeline Design
Statistical Data Analysis
Model Training
Team Collaboration
Research Reporting
Algorithm Analysis","['aws', 'owasp']"
r_970,"Machine Learning Leadership
Cross-Functional Collaboration
Strategy Development
ML/NLP Infrastructure
Prototype Transformation
ML System Design
Algorithm Research
Application Development
Dataset Selection
ML Testing
Statistical Analysis
R&D in ML/NLP
Text Representation
Data Pipeline Design
Statistical Data Analysis
Model Training
Team Collaboration
Research Reporting
Algorithm Analysis",['n a']
r_971,"Machine Learning Leadership
Cross-Functional Collaboration
Strategy Development
ML/NLP Infrastructure
Prototype Transformation
ML System Design
Algorithm Research
Application Development
Dataset Selection
ML Testing
Statistical Analysis
R&D in ML/NLP
Text Representation
Data Pipeline Design
Statistical Data Analysis
Model Training
Team Collaboration
Research Reporting
Algorithm Analysis",['city state']
r_972,Graduating Ph.D. candidate with a research focus on developing large-scale computational models using statistics and machine learning approach. Interested in a career as a computational scientist or quantitative software developer.,"['city', 'city state']"
r_973,"Skilled Machine Learning and Deep Learning practitioner, and I have worked on Computer vision-based projects. On the lookout for opportunities that help me understand more about the domain.",['attendee']
r_974,"Looking to utilize hands-on experience of machine learning, deep learning and Artificial Intelligence for data discovery, exploration, prediction and analysis tasks.",['n a']
r_975,"Machine Learning Leadership
Cross-Functional Collaboration
Strategy Development
ML/NLP Infrastructure
Prototype Transformation
ML System Design
Algorithm Research
Application Development
Dataset Selection
ML Testing
Statistical Analysis
R&D in ML/NLP
Text Representation
Data Pipeline Design
Statistical Data Analysis
Model Training
Team Collaboration
Research Reporting
Algorithm Analysis",['city state']
r_976,"['ASP.NET 4.5', 'academic', 'Clustering', 'consulting', 'curriculum development', 'customer satisfaction', 'data analysis', 'data mining', 'data warehouse', 'Databases', 'database', 'database design', 'database management', 'data warehousing', 'environmental protection', 'Environmental Science', 'GIS', 'HTML', 'instructor', 'Lecturer', 'legal', 'machine learning', 'managing', 'materials', 'meetings', 'C#', 'Microsoft SQL', 'modeling', 'Natural', 'Oracle', 'process development and engineering', 'processes', 'progress', 'Python', 'quality', 'researching', 'research', 'SAS', 'shipping', 'SPSS', 'SQL', 'Statistics', 'Tableau', 'teaching', 'technical support', 'workshops']","['city state', 'n a']"
r_977,,"['city state', 'kuwait', 'udaipur india']"
r_978,"Machine Learning Design
Data Analysis
Model Training
AI Integration
Innovation
Cross-Functional Collaboration
Model Deployment
Documentation
Analytical Skills
Communication
Team Collaboration",['python r or java tensorflow pytorch scikit learn']
r_979,I am currently working as a junior Machine Learning Engineer and I want to learn more about how Machine Learning projects impact real work scenarios.,['n a']
r_980,Would like to join any firm as a software developer in machine learning projects.,['n a']
r_981,,"['machine learning with python', 'neural network applied in pytorch']"
r_982,"Machine learning Enthusiast. Motivated to learn, grow and excel my experience by challenging myself.",['data science with python']
r_983,,"['cambridge uk', 'mountain view ca usa', 'vancouver bc canada']"
r_984,,['data science']
r_985,"I am an experienced analytics specialist seeking a full-time position in the field of data science and application in business problem solving, where I can apply my knowledge and skills for continuous improvement.",['analytics certification']
r_986,"Machine Learning Design
Data Analysis
Model Training
AI Integration
Innovation
Cross-Functional Collaboration
Model Deployment
Documentation
Analytical Skills
Communication
Team Collaboration",['python r or java tensorflow pytorch scikit learn']
r_987,Data Science Explorer with a keen interest in application models of Machine learning.,['n a']
r_988,I am fresher data analyst starting out in ERP and MIS. As a fresher I am looking for roles specific to data science and machine learning to learn about the subject and create amazing applications to solve real life problems.,['data science with python']
r_989,"Machine Learning Design
Data Analysis
Model Training
AI Integration
Innovation
Cross-Functional Collaboration
Model Deployment
Documentation
Analytical Skills
Communication
Team Collaboration",['python r or java tensorflow pytorch scikit learn']
r_990,"To design, develop and manage products in the field of consumer electronics devices, networking protocols, internet applications and connected devices. Vision to create personalized experiences based on machine learning.",['city state']
r_991,As a junior analyst I currently work with data preprocessing and data cleaning before sending them to Machine Learning Models. I am also simultaneously training to be a machine learning engineer to work closely with teams that build models and would like to join a venture for such opportunity.,['n a']
r_992,"Machine Learning Leadership
Cross-Functional Collaboration
Strategy Development
ML/NLP Infrastructure
Prototype Transformation
ML System Design
Algorithm Research
Application Development
Dataset Selection
ML Testing
Statistical Analysis
R&D in ML/NLP
Text Representation
Data Pipeline Design
Statistical Data Analysis
Model Training
Team Collaboration
Research Reporting
Algorithm Analysis",['city state']
r_993,Graduating Ph.D. candidate with a research focus on developing large-scale computational models using statistics and machine learning approach. Interested in a career as a computational scientist or quantitative software developer.,"['city', 'city state']"
r_994,Would like to join any firm as a software developer in machine learning projects.,"['alb', 'ci cd', 'django api design server side logic drf django rest framework database management postgresql', 'docker', 'ec2', 'ecs', 'etc linux', 'full stack development front end reactjs', 'gitlab terraform', 'mysql version control git aws ecr', 'nextjs backend python', 'rds', 'shell scripting']"
r_995,,"['city state', 'navi mumbai india']"
r_996,"Software developer with a niche towards end to end machine learning projects. Motivated towards learning, solving and producing better results.","['alb', 'ci cd', 'django api design server side logic drf django rest framework database management postgresql', 'docker', 'ec2', 'ecs', 'etc linux', 'full stack development front end reactjs', 'gitlab terraform', 'mysql version control git aws ecr', 'nextjs backend python', 'rds', 'shell scripting']"
r_997,Recently graduated fresher experienced in Machine Learning and Natural Language Processing looking for roles that involve projects in the same.,['py thonist']
r_998,"A Fresher Seeking Roles In Machine Learning, Business Analysis, Data Predictive Modelling, Statistical Solutions, Data Mining.",['data science and bigdata']
r_999,"['ASP.NET 4.5', 'academic', 'Clustering', 'consulting', 'curriculum development', 'customer satisfaction', 'data analysis', 'data mining', 'data warehouse', 'Databases', 'database', 'database design', 'database management', 'data warehousing', 'environmental protection', 'Environmental Science', 'GIS', 'HTML', 'instructor', 'Lecturer', 'legal', 'machine learning', 'managing', 'materials', 'meetings', 'C#', 'Microsoft SQL', 'modeling', 'Natural', 'Oracle', 'process development and engineering', 'processes', 'progress', 'Python', 'quality', 'researching', 'research', 'SAS', 'shipping', 'SPSS', 'SQL', 'Statistics', 'Tableau', 'teaching', 'technical support', 'workshops']","['city state', 'n a']"
r_1000,"Machine Learning Design
Data Analysis
Model Training
AI Integration
Innovation
Cross-Functional Collaboration
Model Deployment
Documentation
Analytical Skills
Communication
Team Collaboration",['python r or java tensorflow pytorch scikit learn']
r_1001,I am a fresher who is looking to work as a software developer in Machine Learning Application building and deployment. I am experienced in both machine learning and deep learning and have worked on few collaborative projects on such.,['n a']
r_1002,,['data scientist python developer certification advanced data analytics with python and r']
r_1003,,"['city state', 'kuwait', 'udaipur india']"
r_1004,"Machine Learning Design
Data Analysis
Model Training
AI Integration
Innovation
Cross-Functional Collaboration
Model Deployment
Documentation
Analytical Skills
Communication
Team Collaboration",['python r or java tensorflow pytorch scikit learn']
r_1005,Interested in helping businesses take best decisions using Machine learning and Deep learning solutions.,['n a']
r_1006,"Machine Learning Engineer seeking assignments Deep Learning, Reinforcement Learning, Tensorflow. Keras.",['scholar']
r_1007,Understanding and solving problems has been one my core objectives since I started working. Exploring data and the different interpretation it can have is what amazes me. Currently interested Machine Learning developer and engineer roles.,"['a gentle introduction to deep learning using keras', 'deep learning advanced nlp and rnns', 'machine learning a z handson python r in data science']"
r_1008,"Skilled Machine Learning and Deep Learning practitioner, and I have worked on Computer vision-based projects. On the lookout for opportunities that help me understand more about the domain.",['attendee']
r_1009,Fresher who is dynamic and defined when it comes to domain knowledge related to Data Analytics and Machine Learning.,['participant']
r_1010,Recent Graduate testing and debugging machine learning models. I have worked on multiple projects and have contributed to the testing and quality control of models over time. I am looking to switch to a development role where I can exercise my skills.,['n a']
r_1011,,['data analyst nano degree']
r_1012,Fresher Computer vision and Machine Learning Engineer looking for a job that is both challenging and fun in terms of problem-solving. Also an expert in maintaining and managing Tableau and Power BI dashboards to address business.,"['honorary member', 'innovator of the year runner up']"
r_1013,"I am a software engineer, and I want to work on full time roles associated with Machine Learning. I have previously worked on some corporate models and due to its intricacies I want to explore more in the domain.",['n a']
r_1014,"Machine learning Enthusiast. Motivated to learn, grow and excel my experience by challenging myself.",['data science with python']
r_1015,I recently graduated with a B.Tech degree in IT and currently am looking for jobs in sectors related to machine learning. I want to explore and hone my skills. I am committed towards better coding practices.,['n a']
r_1016,"Machine Learning Design
Data Analysis
Model Training
AI Integration
Innovation
Cross-Functional Collaboration
Model Deployment
Documentation
Analytical Skills
Communication
Team Collaboration",['python r or java tensorflow pytorch scikit learn']
r_1017,Seeking challenging opportunity in the field of data science and data analytics where I can utilize my skills and knowledge to contribute for the growth of the organization,['n a']
r_1018,Fresher python developer interested in data analytics and machine learning.,['statistics in python']
r_1019,,"['machine learning with python', 'neural network applied in pytorch']"
r_1020,I am actively seeking opportunity as Data Analyst or Machine Learning Engineer. My goal is to discover new business strategies and create an impact through data driven analytical decisions and leading the business to success.,['student']
r_1021,I am a fresher specializing in data analytics and Machine Learning Application development. I believe that if given the opportunity I can prove my potential as a developer. I can easily communicate and work under someone's supervision who can guide me and help me in this journey of learning and exploring.,['participant']
r_1022,"Passionate Data Engineer with a zeal to excel forward and produce promising outcomes. Hands-on knowledge in various Machine Learning Algorithms. Also experienced in data mining, warehouse maintaining, and visualization. In search of a role where I can nurture my skills and contribute to the growth of the company and myself.",['n a']
r_1023,"Data Science Enthusiast looking roles in Data Analytics, Machine learning, Statistical Modeling, Data Visualization.",['machine learning internship certificate']
r_1024,"A quality-oriented professional with a keen interest in solving complex business problems by way of AI-based design & thinking. A technology-agnostic individual with a strong background in data science, statistics, and economics with an aim to accelerate artificial intelligence.",['n a']
r_1025,"Data Science Enthusiast looking roles in Data Analytics, Machine learning, Statistical Modeling, Data Visualization.",['machine learning internship certificate']
r_1026,I am a fresher who is looking to work as a software developer in Machine Learning Application building and deployment. I am experienced in both machine learning and deep learning and have worked on few collaborative projects on such.,['n a']
r_1027,"Young Aspirant looking for roles in data science, analytics and Machine Learning.","['alb', 'ci cd', 'django api design server side logic drf django rest framework database management postgresql', 'docker', 'ec2', 'ecs', 'etc linux', 'full stack development front end reactjs', 'gitlab terraform', 'mysql version control git aws ecr', 'nextjs backend python', 'rds', 'shell scripting']"
r_1028,"Machine Learning Leadership
Cross-Functional Collaboration
Strategy Development
ML/NLP Infrastructure
Prototype Transformation
ML System Design
Algorithm Research
Application Development
Dataset Selection
ML Testing
Statistical Analysis
R&D in ML/NLP
Text Representation
Data Pipeline Design
Statistical Data Analysis
Model Training
Team Collaboration
Research Reporting
Algorithm Analysis",['n a']
r_1029,,['tensorflow and keras']
r_1030,Associate software engineer specializing in Machine Learning models and Optimization. I work with both natural Language processing and computer vision in terms of Modelling and development.,['n a']
r_1031,"A quality-oriented professional with a keen interest in solving complex business problems by way of AI-based design & thinking. A technology-agnostic individual with a strong background in data science, statistics, and economics with an aim to accelerate artificial intelligence.",['n a']
r_1032,"Machine learning Enthusiast. Motivated to learn, grow and excel my experience by challenging myself.",['data science with python']
r_1033,"Machine Learning Design
Data Analysis
Model Training
AI Integration
Innovation
Cross-Functional Collaboration
Model Deployment
Documentation
Analytical Skills
Communication
Team Collaboration",['python r or java tensorflow pytorch scikit learn']
r_1034,"Machine Learning Leadership
Cross-Functional Collaboration
Strategy Development
ML/NLP Infrastructure
Prototype Transformation
ML System Design
Algorithm Research
Application Development
Dataset Selection
ML Testing
Statistical Analysis
R&D in ML/NLP
Text Representation
Data Pipeline Design
Statistical Data Analysis
Model Training
Team Collaboration
Research Reporting
Algorithm Analysis",['n a']
r_1035,"Currently looking for an opportunity in Machine Learning and Deep Learning roles. I have a good depth of knowledge in ML Algorithms, various CNN architectures, and worked on Time series data, Image captioning, NLP tasks. Interested to work with an enthusiastic team on business problems.",['participant']
r_1036,"Machine Learning Design
Data Analysis
Model Training
AI Integration
Innovation
Cross-Functional Collaboration
Model Deployment
Documentation
Analytical Skills
Communication
Team Collaboration",['python r or java tensorflow pytorch scikit learn']
r_1037,I am a fresher business analyst with a knack for building applications that use machine learning and deep learning.,['team lead']
r_1038,"Looking to utilize hands-on experience of machine learning, deep learning and Artificial Intelligence for data discovery, exploration, prediction and analysis tasks.",['n a']
r_1039,Data analyst actively seeking job roles related to data science and machine learning.,['ibm data analytics']
r_1040,Would like to join any firm as a software developer in machine learning projects.,['n a']
r_1041,,"['city state', 'kuwait', 'udaipur india']"
r_1042,Associate software engineer specializing in Machine Learning models and Optimization. I work with both natural Language processing and computer vision in terms of Modelling and development.,['n a']
r_1043,,['python analysis with pandas and numpy']
r_1044,"Machine Learning Leadership
Cross-Functional Collaboration
Strategy Development
ML/NLP Infrastructure
Prototype Transformation
ML System Design
Algorithm Research
Application Development
Dataset Selection
ML Testing
Statistical Analysis
R&D in ML/NLP
Text Representation
Data Pipeline Design
Statistical Data Analysis
Model Training
Team Collaboration
Research Reporting
Algorithm Analysis",['city state']
r_1045,"Machine Learning Leadership
Cross-Functional Collaboration
Strategy Development
ML/NLP Infrastructure
Prototype Transformation
ML System Design
Algorithm Research
Application Development
Dataset Selection
ML Testing
Statistical Analysis
R&D in ML/NLP
Text Representation
Data Pipeline Design
Statistical Data Analysis
Model Training
Team Collaboration
Research Reporting
Algorithm Analysis","['pittsburgh pa', 'portland or']"
r_1046,"Software developer with a niche towards end to end machine learning projects. Motivated towards learning, solving and producing better results.",['participant']
r_1047,"Passionate Data Engineer with a zeal to excel forward and produce promising outcomes. Hands-on knowledge in various Machine Learning Algorithms. Also experienced in data mining, warehouse maintaining, and visualization. In search of a role where I can nurture my skills and contribute to the growth of the company and myself.",['n a']
r_1048,"I am an experienced analytics specialist seeking a full-time position in the field of data science and application in business problem solving, where I can apply my knowledge and skills for continuous improvement.",['analytics certification']
r_1049,,"['natural language processing with python', 'python for big data with pyspark']"
r_1050,"Machine Learning Design
Data Analysis
Model Training
AI Integration
Innovation
Cross-Functional Collaboration
Model Deployment
Documentation
Analytical Skills
Communication
Team Collaboration",['python r or java tensorflow pytorch scikit learn']
r_1051,I am currently working as a junior Machine Learning Engineer and I want to learn more about how Machine Learning projects impact real work scenarios.,['n a']
r_1052,"Currently looking for an opportunity in Machine Learning and Deep Learning roles. I have a good depth of knowledge in ML Algorithms, various CNN architectures, and worked on Time series data, Image captioning, NLP tasks. Interested to work with an enthusiastic team on business problems.",['participant']
r_1053,"An avid data analyst looking to step into the world of machine learning and data sciences. I have experience related to Data Mining, Data Visualization, Text Analytics, Data Collection and would currently like to expand my horizon and work on Machine Learning projects.",['n a']
r_1054,,['data scientist python developer certification advanced data analytics with python and r']
r_1055,"Data Science Enthusiast looking roles in Data Analytics, Machine learning, Statistical Modeling, Data Visualization.",['machine learning internship certificate']
r_1056,Data analyst actively seeking job roles related to data science and machine learning.,['ibm data analytics']
r_1057,,['data science']
r_1058,"I am an experienced analytics specialist seeking a full-time position in the field of data science and application in business problem solving, where I can apply my knowledge and skills for continuous improvement.","['alb', 'ci cd', 'django api design server side logic drf django rest framework database management postgresql', 'docker', 'ec2', 'ecs', 'etc linux', 'full stack development front end reactjs', 'gitlab terraform', 'mysql version control git aws ecr', 'nextjs backend python', 'rds', 'shell scripting']"
r_1059,,['data science']
r_1060,,['deep learning masters machine learning']
r_1061,,['data analyst nano degree']
r_1062,I am a fresher business analyst with a knack for building applications that use machine learning and deep learning.,['team lead']
r_1063,"A python programmer, currently pursuing Data science and looking for roles that involve the application of Machine Learning. I am always excited to take on real life problems and tread through different technology stacks.",['certified data scientist']
r_1064,,['data science and analytics']
r_1065,,['data science']
r_1066,"Machine Learning Leadership
Cross-Functional Collaboration
Strategy Development
ML/NLP Infrastructure
Prototype Transformation
ML System Design
Algorithm Research
Application Development
Dataset Selection
ML Testing
Statistical Analysis
R&D in ML/NLP
Text Representation
Data Pipeline Design
Statistical Data Analysis
Model Training
Team Collaboration
Research Reporting
Algorithm Analysis",['object detection']
r_1067,"Machine Learning Leadership
Cross-Functional Collaboration
Strategy Development
ML/NLP Infrastructure
Prototype Transformation
ML System Design
Algorithm Research
Application Development
Dataset Selection
ML Testing
Statistical Analysis
R&D in ML/NLP
Text Representation
Data Pipeline Design
Statistical Data Analysis
Model Training
Team Collaboration
Research Reporting
Algorithm Analysis",['gcse level']
r_1068,,"['natural language processing with python', 'python for big data with pyspark']"
r_1069,,"['participant', 'vice president social chair greek week delegate']"
r_1070,Recently graduated fresher experienced in Machine Learning and Natural Language Processing looking for roles that involve projects in the same.,['py thonist']
r_1071,,['python analysis with pandas and numpy']
r_1072,I am a software developer and analyst professional working for a year with client side technology and Machine Learning product delivery. I have handled small but scalable Machine Learning projects and want to expand my experience and expertise in the domain.,['applied machine learning course']
r_1073,"Machine Learning engineer who has worked on multiple projects with knowledge in big data handling and business analytics. As someone who is always learning, I would love to use my knowledge to provide the best solutions.",['n a']
r_1074,"Machine Learning Design
Data Analysis
Model Training
AI Integration
Innovation
Cross-Functional Collaboration
Model Deployment
Documentation
Analytical Skills
Communication
Team Collaboration",['python r or java tensorflow pytorch scikit learn']
r_1075,"Fresher starting out with Business Analysis, and machine learning modelling based on data engineering.",['n a']
r_1076,Recent Graduate testing and debugging machine learning models. I have worked on multiple projects and have contributed to the testing and quality control of models over time. I am looking to switch to a development role where I can exercise my skills.,['n a']
r_1077,"An avid data analyst looking to step into the world of machine learning and data sciences. I have experience related to Data Mining, Data Visualization, Text Analytics, Data Collection and would currently like to expand my horizon and work on Machine Learning projects.",['n a']
r_1078,"['ASP.NET 4.5', 'academic', 'Clustering', 'consulting', 'curriculum development', 'customer satisfaction', 'data analysis', 'data mining', 'data warehouse', 'Databases', 'database', 'database design', 'database management', 'data warehousing', 'environmental protection', 'Environmental Science', 'GIS', 'HTML', 'instructor', 'Lecturer', 'legal', 'machine learning', 'managing', 'materials', 'meetings', 'C#', 'Microsoft SQL', 'modeling', 'Natural', 'Oracle', 'process development and engineering', 'processes', 'progress', 'Python', 'quality', 'researching', 'research', 'SAS', 'shipping', 'SPSS', 'SQL', 'Statistics', 'Tableau', 'teaching', 'technical support', 'workshops']","['city state', 'n a']"
r_1079,"Fresher starting out with Business Analysis, and machine learning modelling based on data engineering.",['n a']
r_1080,,"['cambridge uk', 'mountain view ca usa', 'vancouver bc canada']"
r_1081,"Machine Learning Design
Data Analysis
Model Training
AI Integration
Innovation
Cross-Functional Collaboration
Model Deployment
Documentation
Analytical Skills
Communication
Team Collaboration",['python r or java tensorflow pytorch scikit learn']
r_1082,"Machine Learning Leadership
Cross-Functional Collaboration
Strategy Development
ML/NLP Infrastructure
Prototype Transformation
ML System Design
Algorithm Research
Application Development
Dataset Selection
ML Testing
Statistical Analysis
R&D in ML/NLP
Text Representation
Data Pipeline Design
Statistical Data Analysis
Model Training
Team Collaboration
Research Reporting
Algorithm Analysis",['nlp developer']
r_1083,"['ASP.NET 4.5', 'academic', 'Clustering', 'consulting', 'curriculum development', 'customer satisfaction', 'data analysis', 'data mining', 'data warehouse', 'Databases', 'database', 'database design', 'database management', 'data warehousing', 'environmental protection', 'Environmental Science', 'GIS', 'HTML', 'instructor', 'Lecturer', 'legal', 'machine learning', 'managing', 'materials', 'meetings', 'C#', 'Microsoft SQL', 'modeling', 'Natural', 'Oracle', 'process development and engineering', 'processes', 'progress', 'Python', 'quality', 'researching', 'research', 'SAS', 'shipping', 'SPSS', 'SQL', 'Statistics', 'Tableau', 'teaching', 'technical support', 'workshops']","['city state', 'n a']"
r_1084,"Machine Learning Design
Data Analysis
Model Training
AI Integration
Innovation
Cross-Functional Collaboration
Model Deployment
Documentation
Analytical Skills
Communication
Team Collaboration",['python r or java tensorflow pytorch scikit learn']
r_1085,Fresher who is dynamic and defined when it comes to domain knowledge related to Data Analytics and Machine Learning.,['participant']
r_1086,"A python programmer, currently pursuing Data science and looking for roles that involve the application of Machine Learning. I am always excited to take on real life problems and tread through different technology stacks.",['certified data scientist']
r_1087,"To design, develop and manage products in the field of consumer electronics devices, networking protocols, internet applications and connected devices. Vision to create personalized experiences based on machine learning.",['city state']
r_1088,"Associate Solution Advisor currently enrolled in PG for Data science, Knowledge in data manipulation, analysis, reporting and data visualization. In depth knowledge of tools used for production.",['n a']
r_1089,I am a software developer currently working on Machine Learning Projects. The domain of analytics and Machine Learning has amassed a greater interest for me and I want to explore and learn about the core concepts used in production. I am looking to switch to a fulltime role that will help me explore more about this.,['software lifecycle']
r_1090,"A quality-oriented professional with a keen interest in solving complex business problems by way of AI-based design & thinking. A technology-agnostic individual with a strong background in data science, statistics, and economics with an aim to accelerate artificial intelligence.",['n a']
r_1091,I am a software developer and analyst professional working for a year with client side technology and Machine Learning product delivery. I have handled small but scalable Machine Learning projects and want to expand my experience and expertise in the domain.,['applied machine learning course']
r_1092,"To design, develop and manage products in the field of consumer electronics devices, networking protocols, internet applications and connected devices. Vision to create personalized experiences based on machine learning.",['city state']
r_1093,Graduate database management engineer looking to join a role in data analytics or cloud-based machine learning solutions.,['data science on cloud']
r_1094,I am a software developer currently working on Machine Learning Projects. The domain of analytics and Machine Learning has amassed a greater interest for me and I want to explore and learn about the core concepts used in production. I am looking to switch to a fulltime role that will help me explore more about this.,['software lifecycle']
r_1095,Data analyst actively seeking job roles related to data science and machine learning.,['ibm data analytics']
r_1096,,['python analysis with pandas and numpy']
r_1097,I am currently working as a junior Machine Learning Engineer and I want to learn more about how Machine Learning projects impact real work scenarios.,['n a']
r_1098,I am looking for a job switch to transition into Data Science and utilize my currents skills & learnings from my Master's course to solve new problems.,['n a']
r_1099,,"['city state', 'kuwait', 'udaipur india']"
r_1100,,['python analysis with pandas and numpy']
r_1101,I am a software developer currently working on Machine Learning Projects. The domain of analytics and Machine Learning has amassed a greater interest for me and I want to explore and learn about the core concepts used in production. I am looking to switch to a fulltime role that will help me explore more about this.,['software lifecycle']
r_1102,I am actively seeking opportunity as Data Analyst or Machine Learning Engineer. My goal is to discover new business strategies and create an impact through data driven analytical decisions and leading the business to success.,['student']
r_1103,Currently seeking opportunities as an Analyst as well as Machine Learning Engineer.,['junior engineer award l t best solution provided l t']
r_1104,"Machine Learning Leadership
Cross-Functional Collaboration
Strategy Development
ML/NLP Infrastructure
Prototype Transformation
ML System Design
Algorithm Research
Application Development
Dataset Selection
ML Testing
Statistical Analysis
R&D in ML/NLP
Text Representation
Data Pipeline Design
Statistical Data Analysis
Model Training
Team Collaboration
Research Reporting
Algorithm Analysis",['city state']
r_1105,"Machine Learning Leadership
Cross-Functional Collaboration
Strategy Development
ML/NLP Infrastructure
Prototype Transformation
ML System Design
Algorithm Research
Application Development
Dataset Selection
ML Testing
Statistical Analysis
R&D in ML/NLP
Text Representation
Data Pipeline Design
Statistical Data Analysis
Model Training
Team Collaboration
Research Reporting
Algorithm Analysis",['city province']
r_1106,,"['cambridge uk', 'mountain view ca usa', 'vancouver bc canada']"
r_1107,"To design, develop and manage products in the field of consumer electronics devices, networking protocols, internet applications and connected devices. Vision to create personalized experiences based on machine learning.",['city state']
r_1108,Fresher who is dynamic and defined when it comes to domain knowledge related to Data Analytics and Machine Learning.,['participant']
r_1109,,"['chairman', 'participant']"
r_1110,I am a fresher specializing in data analytics and Machine Learning Application development. I believe that if given the opportunity I can prove my potential as a developer. I can easily communicate and work under someone's supervision who can guide me and help me in this journey of learning and exploring.,['participant']
r_1111,Understanding and solving problems has been one my core objectives since I started working. Exploring data and the different interpretation it can have is what amazes me. Currently interested Machine Learning developer and engineer roles.,"['a gentle introduction to deep learning using keras', 'deep learning advanced nlp and rnns', 'machine learning a z handson python r in data science']"
r_1112,"Young Aspirant looking for roles in data science, analytics and Machine Learning.",['n a']
r_1113,,['data science']
r_1114,"Machine Learning Design
Data Analysis
Model Training
AI Integration
Innovation
Cross-Functional Collaboration
Model Deployment
Documentation
Analytical Skills
Communication
Team Collaboration",['python r or java tensorflow pytorch scikit learn']
r_1115,"Fresher starting out with Business Analysis, and machine learning modelling based on data engineering.",['n a']
r_1116,"Machine Learning Leadership
Cross-Functional Collaboration
Strategy Development
ML/NLP Infrastructure
Prototype Transformation
ML System Design
Algorithm Research
Application Development
Dataset Selection
ML Testing
Statistical Analysis
R&D in ML/NLP
Text Representation
Data Pipeline Design
Statistical Data Analysis
Model Training
Team Collaboration
Research Reporting
Algorithm Analysis",['n a']
r_1117,Graduate Looking for roles related to BU analyst and machine learning.,['data analyst python programming']
r_1118,I am fresher data analyst starting out in ERP and MIS. As a fresher I am looking for roles specific to data science and machine learning to learn about the subject and create amazing applications to solve real life problems.,['data science with python']
r_1119,"Machine Learning Design
Data Analysis
Model Training
AI Integration
Innovation
Cross-Functional Collaboration
Model Deployment
Documentation
Analytical Skills
Communication
Team Collaboration",['python r or java tensorflow pytorch scikit learn']
r_1120,"A python programmer, currently pursuing Data science and looking for roles that involve the application of Machine Learning. I am always excited to take on real life problems and tread through different technology stacks.",['certified data scientist']
r_1121,I am fresher data analyst starting out in ERP and MIS. As a fresher I am looking for roles specific to data science and machine learning to learn about the subject and create amazing applications to solve real life problems.,['data science with python']
r_1122,"I am a Master of Data Science graduate looking to work as a fulltime employee, seeking an entry level role in data science domain. I can offer a strong programming skills and good academic results together with a sound knowledge of implementing Machine learning techniques. Also, I am keen to learn new skill sets that the role demands. I am a highly analytical individual with interpersonal and technical skills, a desire to learn and determined attitude to succeed.",['data management on large scale']
r_1123,,['tensorflow and keras']
r_1124,"Machine Learning Design
Data Analysis
Model Training
AI Integration
Innovation
Cross-Functional Collaboration
Model Deployment
Documentation
Analytical Skills
Communication
Team Collaboration",['python r or java tensorflow pytorch scikit learn']
r_1125,"I'm passionate learner with a knack for Artificial Intelligence. The kind of problems AI can solve, fills me with enthusiasm to learn more and contribute more. I have dedicated more than a year developing and training Machine learning Models across several projects.",['pytorch developer']
r_1126,,['nlp developer']
r_1127,"I am a Master of Data Science graduate looking to work as a fulltime employee, seeking an entry level role in data science domain. I can offer a strong programming skills and good academic results together with a sound knowledge of implementing Machine learning techniques. Also, I am keen to learn new skill sets that the role demands. I am a highly analytical individual with interpersonal and technical skills, a desire to learn and determined attitude to succeed.",['data management on large scale']
r_1128,I am looking for a job switch to transition into Data Science and utilize my currents skills & learnings from my Master's course to solve new problems.,['n a']
r_1129,I am a software developer currently working on Machine Learning Projects. The domain of analytics and Machine Learning has amassed a greater interest for me and I want to explore and learn about the core concepts used in production. I am looking to switch to a fulltime role that will help me explore more about this.,['software lifecycle']
r_1130,I recently graduated with a B.Tech degree in IT and currently am looking for jobs in sectors related to machine learning. I want to explore and hone my skills. I am committed towards better coding practices.,['n a']
r_1131,Data analyst actively seeking job roles related to data science and machine learning.,['ibm data analytics']
r_1132,"As a research assistant I always try to define new boundaries and work in a meticulous way to figure out solutions. I have used Machine Learning as a base for our product design to synthesis chemical architectures and their reaction, right now I would like to be involved more on the application development side and was looking for an opportunity that did such.",['n a']
r_1133,"Machine Learning Leadership
Cross-Functional Collaboration
Strategy Development
ML/NLP Infrastructure
Prototype Transformation
ML System Design
Algorithm Research
Application Development
Dataset Selection
ML Testing
Statistical Analysis
R&D in ML/NLP
Text Representation
Data Pipeline Design
Statistical Data Analysis
Model Training
Team Collaboration
Research Reporting
Algorithm Analysis",['n a']
r_1134,Recent Graduate testing and debugging machine learning models. I have worked on multiple projects and have contributed to the testing and quality control of models over time. I am looking to switch to a development role where I can exercise my skills.,['n a']
r_1135,"Skilled Machine Learning and Deep Learning practitioner, and I have worked on Computer vision-based projects. On the lookout for opportunities that help me understand more about the domain.",['attendee']
r_1136,"Machine Learning Design
Data Analysis
Model Training
AI Integration
Innovation
Cross-Functional Collaboration
Model Deployment
Documentation
Analytical Skills
Communication
Team Collaboration",['python r or java tensorflow pytorch scikit learn']
r_1137,"Machine Learning Design
Data Analysis
Model Training
AI Integration
Innovation
Cross-Functional Collaboration
Model Deployment
Documentation
Analytical Skills
Communication
Team Collaboration",['python r or java tensorflow pytorch scikit learn']
r_1138,Fresher starting out and wanting to join a role of machine learning engineer or data science engineer.,['python statistics with pandas and matplotlib']
r_1139,"Machine Learning Design
Data Analysis
Model Training
AI Integration
Innovation
Cross-Functional Collaboration
Model Deployment
Documentation
Analytical Skills
Communication
Team Collaboration",['python r or java tensorflow pytorch scikit learn']
r_1140,"Graduate analyst currently working as business analyst consultant. As an individual, I always try to overcome problems in the most analytical manner. I want to work on Machine Learning application problems that deal with real life scenarios.",['n a']
r_1141,"Machine Learning Design
Data Analysis
Model Training
AI Integration
Innovation
Cross-Functional Collaboration
Model Deployment
Documentation
Analytical Skills
Communication
Team Collaboration",['python r or java tensorflow pytorch scikit learn']
r_1142,"Machine Learning Design
Data Analysis
Model Training
AI Integration
Innovation
Cross-Functional Collaboration
Model Deployment
Documentation
Analytical Skills
Communication
Team Collaboration",['python r or java tensorflow pytorch scikit learn']
r_1143,Data Science Explorer with a keen interest in application models of Machine learning.,['n a']
r_1144,"Fresher starting out with Business Analysis, and machine learning modelling based on data engineering.",['n a']
r_1145,,['data analyst nano degree']
r_1146,"I am a Junior Machine Learning developer who focuses on data improvement and modelling, finding patterns in large databases and optimization of different models.",['nasik']
r_1147,,['data science']
r_1148,I am a fresher who is looking to work as a software developer in Machine Learning Application building and deployment. I am experienced in both machine learning and deep learning and have worked on few collaborative projects on such.,['n a']
r_1149,"Data Science Enthusiast looking roles in Data Analytics, Machine learning, Statistical Modeling, Data Visualization.",['machine learning internship certificate']
r_1150,"A Data Science enthusiast with a demonstrated history of working in Banking industry. Currently working on real life Data Science projects with interest in Predictive Analytics, Machine Learning and Deep Learning.",['n a']
r_1151,"Machine Learning Leadership
Cross-Functional Collaboration
Strategy Development
ML/NLP Infrastructure
Prototype Transformation
ML System Design
Algorithm Research
Application Development
Dataset Selection
ML Testing
Statistical Analysis
R&D in ML/NLP
Text Representation
Data Pipeline Design
Statistical Data Analysis
Model Training
Team Collaboration
Research Reporting
Algorithm Analysis","['member', 'participant']"
r_1152,"Machine Learning Leadership
Cross-Functional Collaboration
Strategy Development
ML/NLP Infrastructure
Prototype Transformation
ML System Design
Algorithm Research
Application Development
Dataset Selection
ML Testing
Statistical Analysis
R&D in ML/NLP
Text Representation
Data Pipeline Design
Statistical Data Analysis
Model Training
Team Collaboration
Research Reporting
Algorithm Analysis",['city state']
r_1153,As a Data Analyst I always look into more innovative ways of finding figures and facts from data. I have also worked with some production based Machine learning application problems and I would like to involve myself more with such ventures.,"['using python', 'using tableau']"
r_1154,"Passionate Data Engineer with a zeal to excel forward and produce promising outcomes. Hands-on knowledge in various Machine Learning Algorithms. Also experienced in data mining, warehouse maintaining, and visualization. In search of a role where I can nurture my skills and contribute to the growth of the company and myself.","['alb', 'ci cd', 'django api design server side logic drf django rest framework database management postgresql', 'docker', 'ec2', 'ecs', 'etc linux', 'full stack development front end reactjs', 'gitlab terraform', 'mysql version control git aws ecr', 'nextjs backend python', 'rds', 'shell scripting']"
r_1155,"Machine Learning Leadership
Cross-Functional Collaboration
Strategy Development
ML/NLP Infrastructure
Prototype Transformation
ML System Design
Algorithm Research
Application Development
Dataset Selection
ML Testing
Statistical Analysis
R&D in ML/NLP
Text Representation
Data Pipeline Design
Statistical Data Analysis
Model Training
Team Collaboration
Research Reporting
Algorithm Analysis","['management leadership certification', 'six sigma greenbelt certification']"
r_1156,Interested in helping businesses take best decisions using Machine learning and Deep learning solutions.,['n a']
r_1157,Fresher python developer interested in data analytics and machine learning.,['statistics in python']
r_1158,"A python programmer, currently pursuing Data science and looking for roles that involve the application of Machine Learning. I am always excited to take on real life problems and tread through different technology stacks.",['certified data scientist']
r_1159,Graduate database management engineer looking to join a role in data analytics or cloud-based machine learning solutions.,['data science on cloud']
r_1160,,['data science']
r_1161,"Machine Learning Leadership
Cross-Functional Collaboration
Strategy Development
ML/NLP Infrastructure
Prototype Transformation
ML System Design
Algorithm Research
Application Development
Dataset Selection
ML Testing
Statistical Analysis
R&D in ML/NLP
Text Representation
Data Pipeline Design
Statistical Data Analysis
Model Training
Team Collaboration
Research Reporting
Algorithm Analysis","['greenville sc', 'greer sc', 'remote']"
r_1162,I recently graduated with a B.Tech degree in IT and currently am looking for jobs in sectors related to machine learning. I want to explore and hone my skills. I am committed towards better coding practices.,['n a']
r_1163,As a Data Analyst I always look into more innovative ways of finding figures and facts from data. I have also worked with some production based Machine learning application problems and I would like to involve myself more with such ventures.,"['using python', 'using tableau']"
r_1164,,['jr data scientist']
r_1165,"Young Aspirant looking for roles in data science, analytics and Machine Learning.",['n a']
r_1166,Graduate Looking for roles related to BU analyst and machine learning.,['data analyst python programming']
r_1167,,['ait']
r_1168,"Experienced software professional looking for data science and machine learning roles. Masters in machine learning. Good Knowledge of Software Development processes and Object-oriented programming. Sound Knowledge of python, scikit learn and keras.",['n a']
r_1169,"Machine Learning Leadership
Cross-Functional Collaboration
Strategy Development
ML/NLP Infrastructure
Prototype Transformation
ML System Design
Algorithm Research
Application Development
Dataset Selection
ML Testing
Statistical Analysis
R&D in ML/NLP
Text Representation
Data Pipeline Design
Statistical Data Analysis
Model Training
Team Collaboration
Research Reporting
Algorithm Analysis",['city state']
r_1170,Seeking challenging opportunity in the field of data science and data analytics where I can utilize my skills and knowledge to contribute for the growth of the organization,['n a']
r_1171,Interested in helping businesses take best decisions using Machine learning and Deep learning solutions.,['n a']
r_1172,,['jr data scientist']
r_1173,,"['city state', 'navi mumbai india']"
r_1174,"Machine Learning Design
Data Analysis
Model Training
AI Integration
Innovation
Cross-Functional Collaboration
Model Deployment
Documentation
Analytical Skills
Communication
Team Collaboration",['python r or java tensorflow pytorch scikit learn']
r_1175,,['tensorflow and keras']
r_1176,"Machine Learning Design
Data Analysis
Model Training
AI Integration
Innovation
Cross-Functional Collaboration
Model Deployment
Documentation
Analytical Skills
Communication
Team Collaboration",['python r or java tensorflow pytorch scikit learn']
r_1177,"I am a Junior Machine Learning developer who focuses on data improvement and modelling, finding patterns in large databases and optimization of different models.",['nasik']
r_1178,"Machine Learning engineer who has worked on multiple projects with knowledge in big data handling and business analytics. As someone who is always learning, I would love to use my knowledge to provide the best solutions.",['n a']
r_1179,"Software developer with a niche towards end to end machine learning projects. Motivated towards learning, solving and producing better results.",['participant']
r_1180,"A Fresher Seeking Roles In Machine Learning, Business Analysis, Data Predictive Modelling, Statistical Solutions, Data Mining.",['data science and bigdata']
r_1181,,"['chairman', 'participant']"
r_1182,,['training and deploying a machine model']
r_1183,"Machine Learning Design
Data Analysis
Model Training
AI Integration
Innovation
Cross-Functional Collaboration
Model Deployment
Documentation
Analytical Skills
Communication
Team Collaboration",['python r or java tensorflow pytorch scikit learn']
r_1184,"I am a Master of Data Science graduate looking to work as a fulltime employee, seeking an entry level role in data science domain. I can offer a strong programming skills and good academic results together with a sound knowledge of implementing Machine learning techniques. Also, I am keen to learn new skill sets that the role demands. I am a highly analytical individual with interpersonal and technical skills, a desire to learn and determined attitude to succeed.",['data management on large scale']
r_1185,"Machine Learning Design
Data Analysis
Model Training
AI Integration
Innovation
Cross-Functional Collaboration
Model Deployment
Documentation
Analytical Skills
Communication
Team Collaboration",['python r or java tensorflow pytorch scikit learn']
r_1186,"Machine Learning Design
Data Analysis
Model Training
AI Integration
Innovation
Cross-Functional Collaboration
Model Deployment
Documentation
Analytical Skills
Communication
Team Collaboration",['python r or java tensorflow pytorch scikit learn']
r_1187,"Machine Learning Design
Data Analysis
Model Training
AI Integration
Innovation
Cross-Functional Collaboration
Model Deployment
Documentation
Analytical Skills
Communication
Team Collaboration",['python r or java tensorflow pytorch scikit learn']
r_1188,Interested in helping businesses take best decisions using Machine learning and Deep learning solutions.,['n a']
r_1189,I am a software developer and analyst professional working for a year with client side technology and Machine Learning product delivery. I have handled small but scalable Machine Learning projects and want to expand my experience and expertise in the domain.,['applied machine learning course']
r_1190,I recently graduated with a B.Tech degree in IT and currently am looking for jobs in sectors related to machine learning. I want to explore and hone my skills. I am committed towards better coding practices.,['n a']
r_1191,,['jr data scientist']
r_1192,"Machine Learning Design
Data Analysis
Model Training
AI Integration
Innovation
Cross-Functional Collaboration
Model Deployment
Documentation
Analytical Skills
Communication
Team Collaboration",['python r or java tensorflow pytorch scikit learn']
r_1193,Fresher who is dynamic and defined when it comes to domain knowledge related to Data Analytics and Machine Learning.,['participant']
r_1194,"Machine Learning Leadership
Cross-Functional Collaboration
Strategy Development
ML/NLP Infrastructure
Prototype Transformation
ML System Design
Algorithm Research
Application Development
Dataset Selection
ML Testing
Statistical Analysis
R&D in ML/NLP
Text Representation
Data Pipeline Design
Statistical Data Analysis
Model Training
Team Collaboration
Research Reporting
Algorithm Analysis",['n a']
r_1195,"Young Aspirant looking for roles in data science, analytics and Machine Learning.",['n a']
r_1196,I recently graduated with a B.Tech degree in IT and currently am looking for jobs in sectors related to machine learning. I want to explore and hone my skills. I am committed towards better coding practices.,['n a']
r_1197,"Looking to utilize hands-on experience of machine learning, deep learning and Artificial Intelligence for data discovery, exploration, prediction and analysis tasks.","['alb', 'ci cd', 'django api design server side logic drf django rest framework database management postgresql', 'docker', 'ec2', 'ecs', 'etc linux', 'full stack development front end reactjs', 'gitlab terraform', 'mysql version control git aws ecr', 'nextjs backend python', 'rds', 'shell scripting']"
r_1198,,['jr data scientist']
r_1199,Data analyst actively seeking job roles related to data science and machine learning.,['ibm data analytics']
r_1200,"A curiosity-driven data scientist, eager to leverage machine learning and data analytics to extract meaningful insights, make informed decisions and solve challenging business problems. I ensure to contribute with my knowledge, logical thinking and analytical skills towards the consistent growth and development of the organization, and enhance my experience through continuous learning and teamwork.",['n a']
r_1201,Fresher Computer vision and Machine Learning Engineer looking for a job that is both challenging and fun in terms of problem-solving. Also an expert in maintaining and managing Tableau and Power BI dashboards to address business.,"['honorary member', 'innovator of the year runner up']"
r_1202,"Machine Learning Design
Data Analysis
Model Training
AI Integration
Innovation
Cross-Functional Collaboration
Model Deployment
Documentation
Analytical Skills
Communication
Team Collaboration",['python r or java tensorflow pytorch scikit learn']
r_1203,,['training and deploying a machine model']
r_1204,Recent Graduate testing and debugging machine learning models. I have worked on multiple projects and have contributed to the testing and quality control of models over time. I am looking to switch to a development role where I can exercise my skills.,['n a']
r_1205,I am actively seeking opportunity as Data Analyst or Machine Learning Engineer. My goal is to discover new business strategies and create an impact through data driven analytical decisions and leading the business to success.,"['alb', 'ci cd', 'django api design server side logic drf django rest framework database management postgresql', 'docker', 'ec2', 'ecs', 'etc linux', 'full stack development front end reactjs', 'gitlab terraform', 'mysql version control git aws ecr', 'nextjs backend python', 'rds', 'shell scripting']"
r_1206,"Machine Learning Design
Data Analysis
Model Training
AI Integration
Innovation
Cross-Functional Collaboration
Model Deployment
Documentation
Analytical Skills
Communication
Team Collaboration",['python r or java tensorflow pytorch scikit learn']
r_1207,I am a software developer currently working on Machine Learning Projects. The domain of analytics and Machine Learning has amassed a greater interest for me and I want to explore and learn about the core concepts used in production. I am looking to switch to a fulltime role that will help me explore more about this.,['software lifecycle']
r_1208,"I am an experienced analytics specialist seeking a full-time position in the field of data science and application in business problem solving, where I can apply my knowledge and skills for continuous improvement.",['analytics certification']
r_1209,"Machine Learning Leadership
Cross-Functional Collaboration
Strategy Development
ML/NLP Infrastructure
Prototype Transformation
ML System Design
Algorithm Research
Application Development
Dataset Selection
ML Testing
Statistical Analysis
R&D in ML/NLP
Text Representation
Data Pipeline Design
Statistical Data Analysis
Model Training
Team Collaboration
Research Reporting
Algorithm Analysis",['city state']
r_1210,"['ASP.NET 4.5', 'academic', 'Clustering', 'consulting', 'curriculum development', 'customer satisfaction', 'data analysis', 'data mining', 'data warehouse', 'Databases', 'database', 'database design', 'database management', 'data warehousing', 'environmental protection', 'Environmental Science', 'GIS', 'HTML', 'instructor', 'Lecturer', 'legal', 'machine learning', 'managing', 'materials', 'meetings', 'C#', 'Microsoft SQL', 'modeling', 'Natural', 'Oracle', 'process development and engineering', 'processes', 'progress', 'Python', 'quality', 'researching', 'research', 'SAS', 'shipping', 'SPSS', 'SQL', 'Statistics', 'Tableau', 'teaching', 'technical support', 'workshops']","['city state', 'n a']"
r_1211,Data Science Explorer with a keen interest in application models of Machine learning.,['n a']
r_1212,,"['city state', 'kuwait', 'udaipur india']"
r_1213,"Machine Learning Design
Data Analysis
Model Training
AI Integration
Innovation
Cross-Functional Collaboration
Model Deployment
Documentation
Analytical Skills
Communication
Team Collaboration",['python r or java tensorflow pytorch scikit learn']
r_1214,"Machine Learning Leadership
Cross-Functional Collaboration
Strategy Development
ML/NLP Infrastructure
Prototype Transformation
ML System Design
Algorithm Research
Application Development
Dataset Selection
ML Testing
Statistical Analysis
R&D in ML/NLP
Text Representation
Data Pipeline Design
Statistical Data Analysis
Model Training
Team Collaboration
Research Reporting
Algorithm Analysis",['pytorch developer']
r_1215,"Machine Learning Leadership
Cross-Functional Collaboration
Strategy Development
ML/NLP Infrastructure
Prototype Transformation
ML System Design
Algorithm Research
Application Development
Dataset Selection
ML Testing
Statistical Analysis
R&D in ML/NLP
Text Representation
Data Pipeline Design
Statistical Data Analysis
Model Training
Team Collaboration
Research Reporting
Algorithm Analysis",['n a']
r_1216,,['data scientist python developer certification advanced data analytics with python and r']
r_1217,"Fresher starting out with Business Analysis, and machine learning modelling based on data engineering.",['n a']
r_1218,Software Engineer with a track record of Implementing and completing projects on time and in alignment with client expectations. Enthusiast about Data Science and keen to learn and explore.,['n a']
r_1219,"Graduate analyst currently working as business analyst consultant. As an individual, I always try to overcome problems in the most analytical manner. I want to work on Machine Learning application problems that deal with real life scenarios.",['n a']
r_1220,Graduating Ph.D. candidate with a research focus on developing large-scale computational models using statistics and machine learning approach. Interested in a career as a computational scientist or quantitative software developer.,"['city', 'city state']"
r_1221,I am a fresher specializing in data analytics and Machine Learning Application development. I believe that if given the opportunity I can prove my potential as a developer. I can easily communicate and work under someone's supervision who can guide me and help me in this journey of learning and exploring.,['participant']
r_1222,,['tensorflow and keras']
r_1223,Understanding and solving problems has been one my core objectives since I started working. Exploring data and the different interpretation it can have is what amazes me. Currently interested Machine Learning developer and engineer roles.,"['a gentle introduction to deep learning using keras', 'deep learning advanced nlp and rnns', 'machine learning a z handson python r in data science']"
r_1224,"Machine learning Enthusiast. Motivated to learn, grow and excel my experience by challenging myself.",['data science with python']
r_1225,,"['participant', 'vice president social chair greek week delegate']"
r_1226,,['nlp developer']
r_1227,"Machine Learning Leadership
Cross-Functional Collaboration
Strategy Development
ML/NLP Infrastructure
Prototype Transformation
ML System Design
Algorithm Research
Application Development
Dataset Selection
ML Testing
Statistical Analysis
R&D in ML/NLP
Text Representation
Data Pipeline Design
Statistical Data Analysis
Model Training
Team Collaboration
Research Reporting
Algorithm Analysis",['city state']
r_1228,,['deep learning masters machine learning']
r_1229,"Young Aspirant looking for roles in data science, analytics and Machine Learning.",['n a']
r_1230,"Machine Learning Design
Data Analysis
Model Training
AI Integration
Innovation
Cross-Functional Collaboration
Model Deployment
Documentation
Analytical Skills
Communication
Team Collaboration",['python r or java tensorflow pytorch scikit learn']
r_1231,I am a fresher specializing in data analytics and Machine Learning Application development. I believe that if given the opportunity I can prove my potential as a developer. I can easily communicate and work under someone's supervision who can guide me and help me in this journey of learning and exploring.,"['alb', 'ci cd', 'django api design server side logic drf django rest framework database management postgresql', 'docker', 'ec2', 'ecs', 'etc linux', 'full stack development front end reactjs', 'gitlab terraform', 'mysql version control git aws ecr', 'nextjs backend python', 'rds', 'shell scripting']"
r_1232,Currently seeking opportunities as an Analyst as well as Machine Learning Engineer.,['junior engineer award l t best solution provided l t']
r_1233,,"['cambridge uk', 'mountain view ca usa', 'vancouver bc canada']"
r_1234,"As a research assistant I always try to define new boundaries and work in a meticulous way to figure out solutions. I have used Machine Learning as a base for our product design to synthesis chemical architectures and their reaction, right now I would like to be involved more on the application development side and was looking for an opportunity that did such.",['n a']
r_1235,"Currently looking for an opportunity in Machine Learning and Deep Learning roles. I have a good depth of knowledge in ML Algorithms, various CNN architectures, and worked on Time series data, Image captioning, NLP tasks. Interested to work with an enthusiastic team on business problems.",['participant']
r_1236,"Machine Learning Design
Data Analysis
Model Training
AI Integration
Innovation
Cross-Functional Collaboration
Model Deployment
Documentation
Analytical Skills
Communication
Team Collaboration",['python r or java tensorflow pytorch scikit learn']
r_1237,"Currently looking for an opportunity in Machine Learning and Deep Learning roles. I have a good depth of knowledge in ML Algorithms, various CNN architectures, and worked on Time series data, Image captioning, NLP tasks. Interested to work with an enthusiastic team on business problems.",['participant']
r_1238,,['data analyst nano degree']
r_1239,,"['cloud infrastructure for advanced computing', 'machine learning']"
r_1240,,"['cloud infrastructure for advanced computing', 'machine learning']"
r_1241,I am an assistant software engineer working on cloud-based solutions. After working on a couple of Machine Learning application evaluations and deployment I got really engrossed into the domain and would like to work more towards improving myself.,['n a']
r_1242,"Machine Learning Leadership
Cross-Functional Collaboration
Strategy Development
ML/NLP Infrastructure
Prototype Transformation
ML System Design
Algorithm Research
Application Development
Dataset Selection
ML Testing
Statistical Analysis
R&D in ML/NLP
Text Representation
Data Pipeline Design
Statistical Data Analysis
Model Training
Team Collaboration
Research Reporting
Algorithm Analysis",['student']
r_1243,,['jr data scientist']
r_1244,Want to work as a Machine Learning Production Engineer.,['n a']
r_1245,"Machine Learning Leadership
Cross-Functional Collaboration
Strategy Development
ML/NLP Infrastructure
Prototype Transformation
ML System Design
Algorithm Research
Application Development
Dataset Selection
ML Testing
Statistical Analysis
R&D in ML/NLP
Text Representation
Data Pipeline Design
Statistical Data Analysis
Model Training
Team Collaboration
Research Reporting
Algorithm Analysis",['ait']
r_1246,,['ai on the cloud']
r_1247,"Machine Learning Leadership
Cross-Functional Collaboration
Strategy Development
ML/NLP Infrastructure
Prototype Transformation
ML System Design
Algorithm Research
Application Development
Dataset Selection
ML Testing
Statistical Analysis
R&D in ML/NLP
Text Representation
Data Pipeline Design
Statistical Data Analysis
Model Training
Team Collaboration
Research Reporting
Algorithm Analysis",['n a']
r_1248,"Machine Learning Leadership
Cross-Functional Collaboration
Strategy Development
ML/NLP Infrastructure
Prototype Transformation
ML System Design
Algorithm Research
Application Development
Dataset Selection
ML Testing
Statistical Analysis
R&D in ML/NLP
Text Representation
Data Pipeline Design
Statistical Data Analysis
Model Training
Team Collaboration
Research Reporting
Algorithm Analysis",['best college elocutioner']
r_1249,"Machine Learning Design
Data Analysis
Model Training
AI Integration
Innovation
Cross-Functional Collaboration
Model Deployment
Documentation
Analytical Skills
Communication
Team Collaboration",['python r or java tensorflow pytorch scikit learn']
r_1250,"I am a Junior Machine Learning developer who focuses on data improvement and modelling, finding patterns in large databases and optimization of different models.",['nasik']
r_1251,"I am a Master of Data Science graduate looking to work as a fulltime employee, seeking an entry level role in data science domain. I can offer a strong programming skills and good academic results together with a sound knowledge of implementing Machine learning techniques. Also, I am keen to learn new skill sets that the role demands. I am a highly analytical individual with interpersonal and technical skills, a desire to learn and determined attitude to succeed.",['data management on large scale']
r_1252,I am a fresher specializing in data analytics and Machine Learning Application development. I believe that if given the opportunity I can prove my potential as a developer. I can easily communicate and work under someone's supervision who can guide me and help me in this journey of learning and exploring.,['participant']
r_1253,"A Data Science enthusiast with a demonstrated history of working in Banking industry. Currently working on real life Data Science projects with interest in Predictive Analytics, Machine Learning and Deep Learning.","['alb', 'ci cd', 'django api design server side logic drf django rest framework database management postgresql', 'docker', 'ec2', 'ecs', 'etc linux', 'full stack development front end reactjs', 'gitlab terraform', 'mysql version control git aws ecr', 'nextjs backend python', 'rds', 'shell scripting']"
r_1254,Associate software engineer specializing in Machine Learning models and Optimization. I work with both natural Language processing and computer vision in terms of Modelling and development.,['n a']
r_1255,"Young Aspirant looking for roles in data science, analytics and Machine Learning.",['n a']
r_1256,"Machine Learning Engineer seeking assignments Deep Learning, Reinforcement Learning, Tensorflow. Keras.",['scholar']
r_1257,"Machine Learning Design
Data Analysis
Model Training
AI Integration
Innovation
Cross-Functional Collaboration
Model Deployment
Documentation
Analytical Skills
Communication
Team Collaboration",['python r or java tensorflow pytorch scikit learn']
r_1258,"Machine Learning Design
Data Analysis
Model Training
AI Integration
Innovation
Cross-Functional Collaboration
Model Deployment
Documentation
Analytical Skills
Communication
Team Collaboration",['python r or java tensorflow pytorch scikit learn']
r_1259,"Fresher having knowledge in machine learning and natural language processing. Looking to join a role where I can learn from an well informed environment, experiment and produce promising results and work with different kinds of data.",['nanyang university']
r_1260,"I am an experienced analytics specialist seeking a full-time position in the field of data science and application in business problem solving, where I can apply my knowledge and skills for continuous improvement.",['analytics certification']
r_1261,Graduating Ph.D. candidate with a research focus on developing large-scale computational models using statistics and machine learning approach. Interested in a career as a computational scientist or quantitative software developer.,"['alb', 'ci cd', 'django api design server side logic drf django rest framework database management postgresql', 'docker', 'ec2', 'ecs', 'etc linux', 'full stack development front end reactjs', 'gitlab terraform', 'mysql version control git aws ecr', 'nextjs backend python', 'rds', 'shell scripting']"
r_1262,"Machine Learning Leadership
Cross-Functional Collaboration
Strategy Development
ML/NLP Infrastructure
Prototype Transformation
ML System Design
Algorithm Research
Application Development
Dataset Selection
ML Testing
Statistical Analysis
R&D in ML/NLP
Text Representation
Data Pipeline Design
Statistical Data Analysis
Model Training
Team Collaboration
Research Reporting
Algorithm Analysis","['2005', '2012', '2013']"
r_1263,"Machine Learning Leadership
Cross-Functional Collaboration
Strategy Development
ML/NLP Infrastructure
Prototype Transformation
ML System Design
Algorithm Research
Application Development
Dataset Selection
ML Testing
Statistical Analysis
R&D in ML/NLP
Text Representation
Data Pipeline Design
Statistical Data Analysis
Model Training
Team Collaboration
Research Reporting
Algorithm Analysis",['city state']
r_1264,I am a software engineer who has worked on several computer vision projects and their end to end deployment. I am looking to join as a Machine Learning developer to closely work on problems and increase my grasp over the domain.,"['deployment of end to end ml projects', 'n a']"
r_1265,,['data scientist python developer certification advanced data analytics with python and r']
r_1266,"Machine Learning Engineer seeking assignments Deep Learning, Reinforcement Learning, Tensorflow. Keras.",['scholar']
r_1267,"I am an experienced analytics specialist seeking a full-time position in the field of data science and application in business problem solving, where I can apply my knowledge and skills for continuous improvement.",['analytics certification']
r_1268,,['ait']
r_1269,,['data science']
r_1270,,['training and deploying a machine model']
r_1271,I am a fresher who is looking to work as a software developer in Machine Learning Application building and deployment. I am experienced in both machine learning and deep learning and have worked on few collaborative projects on such.,['n a']
r_1272,,"['chairman', 'participant']"
r_1273,Fresher starting out and wanting to join a role of machine learning engineer or data science engineer.,['python statistics with pandas and matplotlib']
r_1274,Want to work as a Machine Learning Production Engineer.,['n a']
r_1275,Looking for roles related to application development in Machine Learning.,['n a']
r_1276,"To design, develop and manage products in the field of consumer electronics devices, networking protocols, internet applications and connected devices. Vision to create personalized experiences based on machine learning.",['city state']
r_1277,"Machine Learning Engineer seeking assignments Deep Learning, Reinforcement Learning, Tensorflow. Keras.",['scholar']
r_1278,,"['cambridge uk', 'mountain view ca usa', 'vancouver bc canada']"
r_1279,,['ai on the cloud']
r_1280,,"['participant', 'vice president social chair greek week delegate']"
r_1281,"A curiosity-driven data scientist, eager to leverage machine learning and data analytics to extract meaningful insights, make informed decisions and solve challenging business problems. I ensure to contribute with my knowledge, logical thinking and analytical skills towards the consistent growth and development of the organization, and enhance my experience through continuous learning and teamwork.",['n a']
r_1282,"A curiosity-driven data scientist, eager to leverage machine learning and data analytics to extract meaningful insights, make informed decisions and solve challenging business problems. I ensure to contribute with my knowledge, logical thinking and analytical skills towards the consistent growth and development of the organization, and enhance my experience through continuous learning and teamwork.",['n a']
r_1283,"Machine Learning Leadership
Cross-Functional Collaboration
Strategy Development
ML/NLP Infrastructure
Prototype Transformation
ML System Design
Algorithm Research
Application Development
Dataset Selection
ML Testing
Statistical Analysis
R&D in ML/NLP
Text Representation
Data Pipeline Design
Statistical Data Analysis
Model Training
Team Collaboration
Research Reporting
Algorithm Analysis",['2011']
r_1284,"Machine Learning Design
Data Analysis
Model Training
AI Integration
Innovation
Cross-Functional Collaboration
Model Deployment
Documentation
Analytical Skills
Communication
Team Collaboration",['python r or java tensorflow pytorch scikit learn']
r_1285,"Currently looking for an opportunity in Machine Learning and Deep Learning roles. I have a good depth of knowledge in ML Algorithms, various CNN architectures, and worked on Time series data, Image captioning, NLP tasks. Interested to work with an enthusiastic team on business problems.",['participant']
r_1286,"I am a software engineer, and I want to work on full time roles associated with Machine Learning. I have previously worked on some corporate models and due to its intricacies I want to explore more in the domain.",['n a']
r_1287,"A curiosity-driven data scientist, eager to leverage machine learning and data analytics to extract meaningful insights, make informed decisions and solve challenging business problems. I ensure to contribute with my knowledge, logical thinking and analytical skills towards the consistent growth and development of the organization, and enhance my experience through continuous learning and teamwork.",['n a']
r_1288,"Machine Learning Leadership
Cross-Functional Collaboration
Strategy Development
ML/NLP Infrastructure
Prototype Transformation
ML System Design
Algorithm Research
Application Development
Dataset Selection
ML Testing
Statistical Analysis
R&D in ML/NLP
Text Representation
Data Pipeline Design
Statistical Data Analysis
Model Training
Team Collaboration
Research Reporting
Algorithm Analysis",['n a']
r_1289,"A Fresher Seeking Roles In Machine Learning, Business Analysis, Data Predictive Modelling, Statistical Solutions, Data Mining.",['data science and bigdata']
r_1290,Recently graduated fresher experienced in Machine Learning and Natural Language Processing looking for roles that involve projects in the same.,['py thonist']
r_1291,I am a fresher who is looking to work as a software developer in Machine Learning Application building and deployment. I am experienced in both machine learning and deep learning and have worked on few collaborative projects on such.,['n a']
r_1292,"Machine Learning Leadership
Cross-Functional Collaboration
Strategy Development
ML/NLP Infrastructure
Prototype Transformation
ML System Design
Algorithm Research
Application Development
Dataset Selection
ML Testing
Statistical Analysis
R&D in ML/NLP
Text Representation
Data Pipeline Design
Statistical Data Analysis
Model Training
Team Collaboration
Research Reporting
Algorithm Analysis",['n a']
r_1293,As a Data Analyst I always look into more innovative ways of finding figures and facts from data. I have also worked with some production based Machine learning application problems and I would like to involve myself more with such ventures.,"['using python', 'using tableau']"
r_1294,"Energetic, innovative engineering undergraduate, passionate about Machine Learning, NLP and Deep Learning for solving real-world problems, aiming to work in an organization providing great learning experience and growth opportunities for mutual benefit.","['apr 2021', 'dec 2020', 'feb 2021', 'nov 2021']"
r_1295,"Fresher starting out with Business Analysis, and machine learning modelling based on data engineering.",['n a']
r_1296,"As a research assistant I always try to define new boundaries and work in a meticulous way to figure out solutions. I have used Machine Learning as a base for our product design to synthesis chemical architectures and their reaction, right now I would like to be involved more on the application development side and was looking for an opportunity that did such.",['n a']
r_1297,Want to work as a Machine Learning Production Engineer.,['n a']
r_1298,"To design, develop and manage products in the field of consumer electronics devices, networking protocols, internet applications and connected devices. Vision to create personalized experiences based on machine learning.",['city state']
r_1299,Associate software engineer specializing in Machine Learning models and Optimization. I work with both natural Language processing and computer vision in terms of Modelling and development.,['n a']
r_1300,,"['machine learning with python', 'neural network applied in pytorch']"
r_1301,"I am a Junior Machine Learning developer who focuses on data improvement and modelling, finding patterns in large databases and optimization of different models.",['nasik']
r_1302,,"['city state', 'kuwait', 'udaipur india']"
r_1303,"Machine Learning Leadership
Cross-Functional Collaboration
Strategy Development
ML/NLP Infrastructure
Prototype Transformation
ML System Design
Algorithm Research
Application Development
Dataset Selection
ML Testing
Statistical Analysis
R&D in ML/NLP
Text Representation
Data Pipeline Design
Statistical Data Analysis
Model Training
Team Collaboration
Research Reporting
Algorithm Analysis","['native', 'professional working proficiency']"
r_1304,Fresher who is dynamic and defined when it comes to domain knowledge related to Data Analytics and Machine Learning.,['participant']
r_1305,,['training and deploying a machine model']
r_1306,"Fresher having knowledge in machine learning and natural language processing. Looking to join a role where I can learn from an well informed environment, experiment and produce promising results and work with different kinds of data.",['nanyang university']
r_1307,"A Data Science enthusiast with a demonstrated history of working in Banking industry. Currently working on real life Data Science projects with interest in Predictive Analytics, Machine Learning and Deep Learning.",['n a']
r_1308,"Looking to utilize hands-on experience of machine learning, deep learning and Artificial Intelligence for data discovery, exploration, prediction and analysis tasks.",['n a']
r_1309,"Machine Learning Leadership
Cross-Functional Collaboration
Strategy Development
ML/NLP Infrastructure
Prototype Transformation
ML System Design
Algorithm Research
Application Development
Dataset Selection
ML Testing
Statistical Analysis
R&D in ML/NLP
Text Representation
Data Pipeline Design
Statistical Data Analysis
Model Training
Team Collaboration
Research Reporting
Algorithm Analysis",['n a']
r_1310,"A curiosity-driven data scientist, eager to leverage machine learning and data analytics to extract meaningful insights, make informed decisions and solve challenging business problems. I ensure to contribute with my knowledge, logical thinking and analytical skills towards the consistent growth and development of the organization, and enhance my experience through continuous learning and teamwork.",['n a']
r_1311,"An avid data analyst looking to step into the world of machine learning and data sciences. I have experience related to Data Mining, Data Visualization, Text Analytics, Data Collection and would currently like to expand my horizon and work on Machine Learning projects.",['n a']
r_1312,Would like to join any firm as a software developer in machine learning projects.,['n a']
r_1313,I am a software developer currently working on Machine Learning Projects. The domain of analytics and Machine Learning has amassed a greater interest for me and I want to explore and learn about the core concepts used in production. I am looking to switch to a fulltime role that will help me explore more about this.,['software lifecycle']
r_1314,"I am a software engineer, and I want to work on full time roles associated with Machine Learning. I have previously worked on some corporate models and due to its intricacies I want to explore more in the domain.",['n a']
r_1315,"Machine Learning Leadership
Cross-Functional Collaboration
Strategy Development
ML/NLP Infrastructure
Prototype Transformation
ML System Design
Algorithm Research
Application Development
Dataset Selection
ML Testing
Statistical Analysis
R&D in ML/NLP
Text Representation
Data Pipeline Design
Statistical Data Analysis
Model Training
Team Collaboration
Research Reporting
Algorithm Analysis",['n a']
r_1316,"Machine Learning Leadership
Cross-Functional Collaboration
Strategy Development
ML/NLP Infrastructure
Prototype Transformation
ML System Design
Algorithm Research
Application Development
Dataset Selection
ML Testing
Statistical Analysis
R&D in ML/NLP
Text Representation
Data Pipeline Design
Statistical Data Analysis
Model Training
Team Collaboration
Research Reporting
Algorithm Analysis","['peruvian hearts program', 'simiyu house organization']"
r_1317,"I am a Master of Data Science graduate looking to work as a fulltime employee, seeking an entry level role in data science domain. I can offer a strong programming skills and good academic results together with a sound knowledge of implementing Machine learning techniques. Also, I am keen to learn new skill sets that the role demands. I am a highly analytical individual with interpersonal and technical skills, a desire to learn and determined attitude to succeed.",['data management on large scale']
r_1318,Recently graduated fresher experienced in Machine Learning and Natural Language Processing looking for roles that involve projects in the same.,['py thonist']
r_1319,I am fresher data analyst starting out in ERP and MIS. As a fresher I am looking for roles specific to data science and machine learning to learn about the subject and create amazing applications to solve real life problems.,['data science with python']
r_1320,Data analyst actively seeking job roles related to data science and machine learning.,['ibm data analytics']
r_1321,"A python programmer, currently pursuing Data science and looking for roles that involve the application of Machine Learning. I am always excited to take on real life problems and tread through different technology stacks.",['certified data scientist']
r_1322,"Experienced software professional looking for data science and machine learning roles. Masters in machine learning. Good Knowledge of Software Development processes and Object-oriented programming. Sound Knowledge of python, scikit learn and keras.",['n a']
r_1323,"Machine Learning Design
Data Analysis
Model Training
AI Integration
Innovation
Cross-Functional Collaboration
Model Deployment
Documentation
Analytical Skills
Communication
Team Collaboration",['python r or java tensorflow pytorch scikit learn']
r_1324,Graduate database management engineer looking to join a role in data analytics or cloud-based machine learning solutions.,['data science on cloud']
r_1325,I am a software developer and analyst professional working for a year with client side technology and Machine Learning product delivery. I have handled small but scalable Machine Learning projects and want to expand my experience and expertise in the domain.,['applied machine learning course']
r_1326,"I'm passionate learner with a knack for Artificial Intelligence. The kind of problems AI can solve, fills me with enthusiasm to learn more and contribute more. I have dedicated more than a year developing and training Machine learning Models across several projects.",['pytorch developer']
r_1327,"As a research assistant I always try to define new boundaries and work in a meticulous way to figure out solutions. I have used Machine Learning as a base for our product design to synthesis chemical architectures and their reaction, right now I would like to be involved more on the application development side and was looking for an opportunity that did such.",['n a']
r_1328,,['tensorflow and keras']
r_1329,I recently graduated with a B.Tech degree in IT and currently am looking for jobs in sectors related to machine learning. I want to explore and hone my skills. I am committed towards better coding practices.,['n a']
r_1330,"An avid data analyst looking to step into the world of machine learning and data sciences. I have experience related to Data Mining, Data Visualization, Text Analytics, Data Collection and would currently like to expand my horizon and work on Machine Learning projects.",['n a']
r_1331,"Machine Learning Leadership
Cross-Functional Collaboration
Strategy Development
ML/NLP Infrastructure
Prototype Transformation
ML System Design
Algorithm Research
Application Development
Dataset Selection
ML Testing
Statistical Analysis
R&D in ML/NLP
Text Representation
Data Pipeline Design
Statistical Data Analysis
Model Training
Team Collaboration
Research Reporting
Algorithm Analysis",['data science']
r_1332,I recently graduated with a B.Tech degree in IT and currently am looking for jobs in sectors related to machine learning. I want to explore and hone my skills. I am committed towards better coding practices.,['n a']
r_1333,I am a software engineer who has worked on several computer vision projects and their end to end deployment. I am looking to join as a Machine Learning developer to closely work on problems and increase my grasp over the domain.,"['deployment of end to end ml projects', 'n a']"
r_1334,I am a market research specialist with a grasp of machine learning and looking for a deeper dive into the career of being a professional machine learning engineer.,['n a']
r_1335,"An avid data analyst looking to step into the world of machine learning and data sciences. I have experience related to Data Mining, Data Visualization, Text Analytics, Data Collection and would currently like to expand my horizon and work on Machine Learning projects.",['n a']
r_1336,Interested in helping businesses take best decisions using Machine learning and Deep learning solutions.,['n a']
r_1337,Data analyst actively seeking job roles related to data science and machine learning.,['ibm data analytics']
r_1338,,['data scientist python developer certification advanced data analytics with python and r']
r_1339,,['ai on the cloud']
r_1340,"Machine Learning Design
Data Analysis
Model Training
AI Integration
Innovation
Cross-Functional Collaboration
Model Deployment
Documentation
Analytical Skills
Communication
Team Collaboration",['python r or java tensorflow pytorch scikit learn']
r_1341,I recently graduated with a B.Tech degree in IT and currently am looking for jobs in sectors related to machine learning. I want to explore and hone my skills. I am committed towards better coding practices.,['n a']
r_1342,"Machine Learning Leadership
Cross-Functional Collaboration
Strategy Development
ML/NLP Infrastructure
Prototype Transformation
ML System Design
Algorithm Research
Application Development
Dataset Selection
ML Testing
Statistical Analysis
R&D in ML/NLP
Text Representation
Data Pipeline Design
Statistical Data Analysis
Model Training
Team Collaboration
Research Reporting
Algorithm Analysis",['sde intern']
r_1343,"Machine Learning engineer who has worked on multiple projects with knowledge in big data handling and business analytics. As someone who is always learning, I would love to use my knowledge to provide the best solutions.",['n a']
r_1344,I am fresher data analyst starting out in ERP and MIS. As a fresher I am looking for roles specific to data science and machine learning to learn about the subject and create amazing applications to solve real life problems.,['data science with python']
r_1345,,['python analysis with pandas and numpy']
r_1346,,"['city state', 'navi mumbai india']"
r_1347,"I am a software engineer, and I want to work on full time roles associated with Machine Learning. I have previously worked on some corporate models and due to its intricacies I want to explore more in the domain.",['n a']
r_1348,I am a Post Graduate having knowledge of industry-level Machine Learning problems and Research topics. I currently work as a Machine Learning Engineer and I want to keep exploring such opportunities.,['n a']
r_1349,Fresher starting out and wanting to join a role of machine learning engineer or data science engineer.,['python statistics with pandas and matplotlib']
r_1350,,['data scientist python developer certification advanced data analytics with python and r']
r_1351,I am actively seeking opportunity as Data Analyst or Machine Learning Engineer. My goal is to discover new business strategies and create an impact through data driven analytical decisions and leading the business to success.,['student']
r_1352,,['data science and analytics']
r_1353,"Machine Learning Leadership
Cross-Functional Collaboration
Strategy Development
ML/NLP Infrastructure
Prototype Transformation
ML System Design
Algorithm Research
Application Development
Dataset Selection
ML Testing
Statistical Analysis
R&D in ML/NLP
Text Representation
Data Pipeline Design
Statistical Data Analysis
Model Training
Team Collaboration
Research Reporting
Algorithm Analysis",['n a']
r_1354,,"['chairman', 'participant']"
r_1355,I am a software engineer who has worked on several computer vision projects and their end to end deployment. I am looking to join as a Machine Learning developer to closely work on problems and increase my grasp over the domain.,"['deployment of end to end ml projects', 'n a']"
r_1356,I am currently working as a junior Machine Learning Engineer and I want to learn more about how Machine Learning projects impact real work scenarios.,['n a']
r_1357,I recently graduated with a B.Tech degree in IT and currently am looking for jobs in sectors related to machine learning. I want to explore and hone my skills. I am committed towards better coding practices.,['n a']
r_1358,I am currently working as a junior Machine Learning Engineer and I want to learn more about how Machine Learning projects impact real work scenarios.,['n a']
r_1359,"Machine Learning Leadership
Cross-Functional Collaboration
Strategy Development
ML/NLP Infrastructure
Prototype Transformation
ML System Design
Algorithm Research
Application Development
Dataset Selection
ML Testing
Statistical Analysis
R&D in ML/NLP
Text Representation
Data Pipeline Design
Statistical Data Analysis
Model Training
Team Collaboration
Research Reporting
Algorithm Analysis",['beginner']
r_1360,As a Data Analyst I always look into more innovative ways of finding figures and facts from data. I have also worked with some production based Machine learning application problems and I would like to involve myself more with such ventures.,"['using python', 'using tableau']"
r_1361,"Data Analyst, interested in Machine Learning application development. As a data analyst, I have extensive experience with data preprocessing and pipeline building and I would like to venture further into this domain to learn more about it.",['n a']
r_1362,I am fresher data analyst starting out in ERP and MIS. As a fresher I am looking for roles specific to data science and machine learning to learn about the subject and create amazing applications to solve real life problems.,['data science with python']
r_1363,I am a fresher business analyst with a knack for building applications that use machine learning and deep learning.,['team lead']
r_1364,,['data analyst nano degree']
r_1365,Fresher who is dynamic and defined when it comes to domain knowledge related to Data Analytics and Machine Learning.,['participant']
r_1366,,['training and deploying a machine model']
r_1367,"Machine Learning Design
Data Analysis
Model Training
AI Integration
Innovation
Cross-Functional Collaboration
Model Deployment
Documentation
Analytical Skills
Communication
Team Collaboration",['python r or java tensorflow pytorch scikit learn']
r_1368,Software Engineer with a track record of Implementing and completing projects on time and in alignment with client expectations. Enthusiast about Data Science and keen to learn and explore.,['n a']
r_1369,"Machine Learning Design
Data Analysis
Model Training
AI Integration
Innovation
Cross-Functional Collaboration
Model Deployment
Documentation
Analytical Skills
Communication
Team Collaboration",['python r or java tensorflow pytorch scikit learn']
r_1370,"Machine Learning Leadership
Cross-Functional Collaboration
Strategy Development
ML/NLP Infrastructure
Prototype Transformation
ML System Design
Algorithm Research
Application Development
Dataset Selection
ML Testing
Statistical Analysis
R&D in ML/NLP
Text Representation
Data Pipeline Design
Statistical Data Analysis
Model Training
Team Collaboration
Research Reporting
Algorithm Analysis",['city state']
r_1371,I am an assistant software engineer working on cloud-based solutions. After working on a couple of Machine Learning application evaluations and deployment I got really engrossed into the domain and would like to work more towards improving myself.,['n a']
r_1372,,['data science']
r_1373,"I am a Master of Data Science graduate looking to work as a fulltime employee, seeking an entry level role in data science domain. I can offer a strong programming skills and good academic results together with a sound knowledge of implementing Machine learning techniques. Also, I am keen to learn new skill sets that the role demands. I am a highly analytical individual with interpersonal and technical skills, a desire to learn and determined attitude to succeed.",['data management on large scale']
r_1374,Recent Graduate testing and debugging machine learning models. I have worked on multiple projects and have contributed to the testing and quality control of models over time. I am looking to switch to a development role where I can exercise my skills.,['n a']
r_1375,Data analyst actively seeking job roles related to data science and machine learning.,['ibm data analytics']
r_1376,I am a software engineer who has worked on several computer vision projects and their end to end deployment. I am looking to join as a Machine Learning developer to closely work on problems and increase my grasp over the domain.,"['deployment of end to end ml projects', 'n a']"
r_1377,"I am a Junior Machine Learning developer who focuses on data improvement and modelling, finding patterns in large databases and optimization of different models.",['nasik']
r_1378,Associate software engineer specializing in Machine Learning models and Optimization. I work with both natural Language processing and computer vision in terms of Modelling and development.,['n a']
r_1379,"Machine Learning Leadership
Cross-Functional Collaboration
Strategy Development
ML/NLP Infrastructure
Prototype Transformation
ML System Design
Algorithm Research
Application Development
Dataset Selection
ML Testing
Statistical Analysis
R&D in ML/NLP
Text Representation
Data Pipeline Design
Statistical Data Analysis
Model Training
Team Collaboration
Research Reporting
Algorithm Analysis",['n a']
r_1380,"A quality-oriented professional with a keen interest in solving complex business problems by way of AI-based design & thinking. A technology-agnostic individual with a strong background in data science, statistics, and economics with an aim to accelerate artificial intelligence.",['n a']
r_1381,,['training and deploying a machine model']
r_1382,Software Engineer with a track record of Implementing and completing projects on time and in alignment with client expectations. Enthusiast about Data Science and keen to learn and explore.,['n a']
r_1383,"I am a Junior Machine Learning developer who focuses on data improvement and modelling, finding patterns in large databases and optimization of different models.",['nasik']
r_1384,"Machine learning Enthusiast. Motivated to learn, grow and excel my experience by challenging myself.",['data science with python']
r_1385,"Machine Learning Leadership
Cross-Functional Collaboration
Strategy Development
ML/NLP Infrastructure
Prototype Transformation
ML System Design
Algorithm Research
Application Development
Dataset Selection
ML Testing
Statistical Analysis
R&D in ML/NLP
Text Representation
Data Pipeline Design
Statistical Data Analysis
Model Training
Team Collaboration
Research Reporting
Algorithm Analysis",['city state']
r_1386,I am currently working as a junior Machine Learning Engineer and I want to learn more about how Machine Learning projects impact real work scenarios.,['n a']
r_1387,,['data analyst nano degree']
r_1388,"Machine Learning Leadership
Cross-Functional Collaboration
Strategy Development
ML/NLP Infrastructure
Prototype Transformation
ML System Design
Algorithm Research
Application Development
Dataset Selection
ML Testing
Statistical Analysis
R&D in ML/NLP
Text Representation
Data Pipeline Design
Statistical Data Analysis
Model Training
Team Collaboration
Research Reporting
Algorithm Analysis","['with power bi', 'with python']"
r_1389,Currently seeking opportunities as an Analyst as well as Machine Learning Engineer.,['junior engineer award l t best solution provided l t']
r_1390,Graduate Looking for roles related to BU analyst and machine learning.,['data analyst python programming']
r_1391,Want to work as a Machine Learning Production Engineer.,['n a']
r_1392,,['training and deploying a machine model']
r_1393,I am looking for a job switch to transition into Data Science and utilize my currents skills & learnings from my Master's course to solve new problems.,['n a']
r_1394,"Software developer focused in the areas of Machine learning application development. Motivated to learn, grow and excel my experience by challenging myself.",['ondevice machine learning']
r_1395,"Machine Learning Leadership
Cross-Functional Collaboration
Strategy Development
ML/NLP Infrastructure
Prototype Transformation
ML System Design
Algorithm Research
Application Development
Dataset Selection
ML Testing
Statistical Analysis
R&D in ML/NLP
Text Representation
Data Pipeline Design
Statistical Data Analysis
Model Training
Team Collaboration
Research Reporting
Algorithm Analysis",['data management on large scale']
r_1396,"Experienced software professional looking for data science and machine learning roles. Masters in machine learning. Good Knowledge of Software Development processes and Object-oriented programming. Sound Knowledge of python, scikit learn and keras.",['n a']
r_1397,"Data Science Enthusiast looking roles in Data Analytics, Machine learning, Statistical Modeling, Data Visualization.",['machine learning internship certificate']
r_1398,"Machine learning Enthusiast. Motivated to learn, grow and excel my experience by challenging myself.",['data science with python']
r_1399,Would like to join any firm as a software developer in machine learning projects.,['n a']
r_1400,,['data science']
r_1401,"Looking to utilize hands-on experience of machine learning, deep learning and Artificial Intelligence for data discovery, exploration, prediction and analysis tasks.",['n a']
r_1402,Would like to join any firm as a software developer in machine learning projects.,['n a']
r_1403,"Machine Learning Design
Data Analysis
Model Training
AI Integration
Innovation
Cross-Functional Collaboration
Model Deployment
Documentation
Analytical Skills
Communication
Team Collaboration",['python r or java tensorflow pytorch scikit learn']
r_1404,,"['city state', 'kuwait', 'udaipur india']"
r_1405,,['jr data scientist']
r_1406,"Machine Learning Design
Data Analysis
Model Training
AI Integration
Innovation
Cross-Functional Collaboration
Model Deployment
Documentation
Analytical Skills
Communication
Team Collaboration",['python r or java tensorflow pytorch scikit learn']
r_1407,,['ait']
r_1408,"An avid data analyst looking to step into the world of machine learning and data sciences. I have experience related to Data Mining, Data Visualization, Text Analytics, Data Collection and would currently like to expand my horizon and work on Machine Learning projects.",['n a']
r_1409,I am a software developer currently working on Machine Learning Projects. The domain of analytics and Machine Learning has amassed a greater interest for me and I want to explore and learn about the core concepts used in production. I am looking to switch to a fulltime role that will help me explore more about this.,['software lifecycle']
r_1410,"Machine Learning Leadership
Cross-Functional Collaboration
Strategy Development
ML/NLP Infrastructure
Prototype Transformation
ML System Design
Algorithm Research
Application Development
Dataset Selection
ML Testing
Statistical Analysis
R&D in ML/NLP
Text Representation
Data Pipeline Design
Statistical Data Analysis
Model Training
Team Collaboration
Research Reporting
Algorithm Analysis",['data analyst python programming']
r_1411,I am fresher data analyst starting out in ERP and MIS. As a fresher I am looking for roles specific to data science and machine learning to learn about the subject and create amazing applications to solve real life problems.,['data science with python']
r_1412,"Machine Learning Design
Data Analysis
Model Training
AI Integration
Innovation
Cross-Functional Collaboration
Model Deployment
Documentation
Analytical Skills
Communication
Team Collaboration",['python r or java tensorflow pytorch scikit learn']
r_1413,As a Data Analyst I always look into more innovative ways of finding figures and facts from data. I have also worked with some production based Machine learning application problems and I would like to involve myself more with such ventures.,"['using python', 'using tableau']"
r_1414,"Machine Learning Design
Data Analysis
Model Training
AI Integration
Innovation
Cross-Functional Collaboration
Model Deployment
Documentation
Analytical Skills
Communication
Team Collaboration",['python r or java tensorflow pytorch scikit learn']
r_1415,"I'm passionate learner with a knack for Artificial Intelligence. The kind of problems AI can solve, fills me with enthusiasm to learn more and contribute more. I have dedicated more than a year developing and training Machine learning Models across several projects.",['pytorch developer']
r_1416,Fresher who is dynamic and defined when it comes to domain knowledge related to Data Analytics and Machine Learning.,['participant']
r_1417,A highly disciplined and hard-working individual seeking challenging opportunity in the field of data science and data analytics where I can utilize my skills and knowledge to contribute for the growth of the organization,"['alb', 'ci cd', 'django api design server side logic drf django rest framework database management postgresql', 'docker', 'ec2', 'ecs', 'etc linux', 'full stack development front end reactjs', 'gitlab terraform', 'mysql version control git aws ecr', 'nextjs backend python', 'rds', 'shell scripting']"
r_1418,"Machine Learning Leadership
Cross-Functional Collaboration
Strategy Development
ML/NLP Infrastructure
Prototype Transformation
ML System Design
Algorithm Research
Application Development
Dataset Selection
ML Testing
Statistical Analysis
R&D in ML/NLP
Text Representation
Data Pipeline Design
Statistical Data Analysis
Model Training
Team Collaboration
Research Reporting
Algorithm Analysis",['business analyst']
r_1419,,['data analyst nano degree']
r_1420,"Machine Learning Design
Data Analysis
Model Training
AI Integration
Innovation
Cross-Functional Collaboration
Model Deployment
Documentation
Analytical Skills
Communication
Team Collaboration",['python r or java tensorflow pytorch scikit learn']
r_1421,"Machine Learning Design
Data Analysis
Model Training
AI Integration
Innovation
Cross-Functional Collaboration
Model Deployment
Documentation
Analytical Skills
Communication
Team Collaboration",['python r or java tensorflow pytorch scikit learn']
r_1422,"Machine Learning Leadership
Cross-Functional Collaboration
Strategy Development
ML/NLP Infrastructure
Prototype Transformation
ML System Design
Algorithm Research
Application Development
Dataset Selection
ML Testing
Statistical Analysis
R&D in ML/NLP
Text Representation
Data Pipeline Design
Statistical Data Analysis
Model Training
Team Collaboration
Research Reporting
Algorithm Analysis",['n a']
r_1423,,"['machine learning with python', 'neural network applied in pytorch']"
r_1424,Interested in helping businesses take best decisions using Machine learning and Deep learning solutions.,['n a']
r_1425,,['tensorflow and keras']
r_1426,I am a Post Graduate having knowledge of industry-level Machine Learning problems and Research topics. I currently work as a Machine Learning Engineer and I want to keep exploring such opportunities.,"['alb', 'ci cd', 'django api design server side logic drf django rest framework database management postgresql', 'docker', 'ec2', 'ecs', 'etc linux', 'full stack development front end reactjs', 'gitlab terraform', 'mysql version control git aws ecr', 'nextjs backend python', 'rds', 'shell scripting']"
r_1427,"Fresher starting out with Business Analysis, and machine learning modelling based on data engineering.",['n a']
r_1428,I am a fresher business analyst with a knack for building applications that use machine learning and deep learning.,['team lead']
r_1429,"Machine Learning Leadership
Cross-Functional Collaboration
Strategy Development
ML/NLP Infrastructure
Prototype Transformation
ML System Design
Algorithm Research
Application Development
Dataset Selection
ML Testing
Statistical Analysis
R&D in ML/NLP
Text Representation
Data Pipeline Design
Statistical Data Analysis
Model Training
Team Collaboration
Research Reporting
Algorithm Analysis",['n a']
r_1430,"Machine Learning Engineer seeking assignments Deep Learning, Reinforcement Learning, Tensorflow. Keras.",['scholar']
r_1431,Fresher python developer interested in data analytics and machine learning.,['statistics in python']
r_1432,"Data Analyst, interested in Machine Learning application development. As a data analyst, I have extensive experience with data preprocessing and pipeline building and I would like to venture further into this domain to learn more about it.",['n a']
r_1433,I am a software engineer who has worked on several computer vision projects and their end to end deployment. I am looking to join as a Machine Learning developer to closely work on problems and increase my grasp over the domain.,"['deployment of end to end ml projects', 'n a']"
r_1434,"A quality-oriented professional with a keen interest in solving complex business problems by way of AI-based design & thinking. A technology-agnostic individual with a strong background in data science, statistics, and economics with an aim to accelerate artificial intelligence.",['n a']
r_1435,"Passionate Data Engineer with a zeal to excel forward and produce promising outcomes. Hands-on knowledge in various Machine Learning Algorithms. Also experienced in data mining, warehouse maintaining, and visualization. In search of a role where I can nurture my skills and contribute to the growth of the company and myself.",['n a']
r_1436,I am a software developer and analyst professional working for a year with client side technology and Machine Learning product delivery. I have handled small but scalable Machine Learning projects and want to expand my experience and expertise in the domain.,['applied machine learning course']
r_1437,"Machine Learning Design
Data Analysis
Model Training
AI Integration
Innovation
Cross-Functional Collaboration
Model Deployment
Documentation
Analytical Skills
Communication
Team Collaboration",['python r or java tensorflow pytorch scikit learn']
r_1438,"I am a Master of Data Science graduate looking to work as a fulltime employee, seeking an entry level role in data science domain. I can offer a strong programming skills and good academic results together with a sound knowledge of implementing Machine learning techniques. Also, I am keen to learn new skill sets that the role demands. I am a highly analytical individual with interpersonal and technical skills, a desire to learn and determined attitude to succeed.",['data management on large scale']
r_1439,,"['city state', 'kuwait', 'udaipur india']"
r_1440,,['deep learning masters machine learning']
r_1441,I am a software developer and analyst professional working for a year with client side technology and Machine Learning product delivery. I have handled small but scalable Machine Learning projects and want to expand my experience and expertise in the domain.,['applied machine learning course']
r_1442,"As a research assistant I always try to define new boundaries and work in a meticulous way to figure out solutions. I have used Machine Learning as a base for our product design to synthesis chemical architectures and their reaction, right now I would like to be involved more on the application development side and was looking for an opportunity that did such.",['n a']
r_1443,"Machine Learning Leadership
Cross-Functional Collaboration
Strategy Development
ML/NLP Infrastructure
Prototype Transformation
ML System Design
Algorithm Research
Application Development
Dataset Selection
ML Testing
Statistical Analysis
R&D in ML/NLP
Text Representation
Data Pipeline Design
Statistical Data Analysis
Model Training
Team Collaboration
Research Reporting
Algorithm Analysis",['n a']
r_1444,A highly disciplined and hard-working individual seeking challenging opportunity in the field of data science and data analytics where I can utilize my skills and knowledge to contribute for the growth of the organization,['data science using machine learning with r and python data analytics']
r_1445,Associate software engineer specializing in Machine Learning models and Optimization. I work with both natural Language processing and computer vision in terms of Modelling and development.,['n a']
r_1446,"A Data Science enthusiast with a demonstrated history of working in Banking industry. Currently working on real life Data Science projects with interest in Predictive Analytics, Machine Learning and Deep Learning.",['n a']
r_1447,,['ait']
r_1448,Fresher who is dynamic and defined when it comes to domain knowledge related to Data Analytics and Machine Learning.,['participant']
r_1449,I am a software developer and analyst professional working for a year with client side technology and Machine Learning product delivery. I have handled small but scalable Machine Learning projects and want to expand my experience and expertise in the domain.,['applied machine learning course']
r_1450,,['ai on the cloud']
r_1451,"Machine Learning Design
Data Analysis
Model Training
AI Integration
Innovation
Cross-Functional Collaboration
Model Deployment
Documentation
Analytical Skills
Communication
Team Collaboration",['python r or java tensorflow pytorch scikit learn']
r_1452,"Graduate analyst currently working as business analyst consultant. As an individual, I always try to overcome problems in the most analytical manner. I want to work on Machine Learning application problems that deal with real life scenarios.",['n a']
r_1453,Graduate database management engineer looking to join a role in data analytics or cloud-based machine learning solutions.,['data science on cloud']
r_1454,"Machine Learning Leadership
Cross-Functional Collaboration
Strategy Development
ML/NLP Infrastructure
Prototype Transformation
ML System Design
Algorithm Research
Application Development
Dataset Selection
ML Testing
Statistical Analysis
R&D in ML/NLP
Text Representation
Data Pipeline Design
Statistical Data Analysis
Model Training
Team Collaboration
Research Reporting
Algorithm Analysis","['apr 2021', 'dec 2020', 'feb 2021', 'nov 2021']"
r_1455,"Machine Learning Leadership
Cross-Functional Collaboration
Strategy Development
ML/NLP Infrastructure
Prototype Transformation
ML System Design
Algorithm Research
Application Development
Dataset Selection
ML Testing
Statistical Analysis
R&D in ML/NLP
Text Representation
Data Pipeline Design
Statistical Data Analysis
Model Training
Team Collaboration
Research Reporting
Algorithm Analysis",['city state']
r_1456,"Software developer focused in the areas of Machine learning application development. Motivated to learn, grow and excel my experience by challenging myself.",['ondevice machine learning']
r_1457,"Machine Learning engineer who has worked on multiple projects with knowledge in big data handling and business analytics. As someone who is always learning, I would love to use my knowledge to provide the best solutions.",['n a']
r_1458,,"['participant', 'vice president social chair greek week delegate']"
r_1459,Currently seeking opportunities as an Analyst as well as Machine Learning Engineer.,['junior engineer award l t best solution provided l t']
r_1460,A highly disciplined and hard-working individual seeking challenging opportunity in the field of data science and data analytics where I can utilize my skills and knowledge to contribute for the growth of the organization,['data science using machine learning with r and python data analytics']
r_1461,I am a market research specialist with a grasp of machine learning and looking for a deeper dive into the career of being a professional machine learning engineer.,['n a']
r_1462,Seeking challenging opportunity in the field of data science and data analytics where I can utilize my skills and knowledge to contribute for the growth of the organization,['n a']
r_1463,"Experienced software professional looking for data science and machine learning roles. Masters in machine learning. Good Knowledge of Software Development processes and Object-oriented programming. Sound Knowledge of python, scikit learn and keras.",['n a']
r_1464,"Machine Learning Design
Data Analysis
Model Training
AI Integration
Innovation
Cross-Functional Collaboration
Model Deployment
Documentation
Analytical Skills
Communication
Team Collaboration",['python r or java tensorflow pytorch scikit learn']
r_1465,"Machine Learning Design
Data Analysis
Model Training
AI Integration
Innovation
Cross-Functional Collaboration
Model Deployment
Documentation
Analytical Skills
Communication
Team Collaboration",['python r or java tensorflow pytorch scikit learn']
r_1466,"Machine Learning Design
Data Analysis
Model Training
AI Integration
Innovation
Cross-Functional Collaboration
Model Deployment
Documentation
Analytical Skills
Communication
Team Collaboration",['python r or java tensorflow pytorch scikit learn']
r_1467,,"['chairman', 'participant']"
r_1468,"A Fresher Seeking Roles In Machine Learning, Business Analysis, Data Predictive Modelling, Statistical Solutions, Data Mining.",['data science and bigdata']
r_1469,"Machine Learning Leadership
Cross-Functional Collaboration
Strategy Development
ML/NLP Infrastructure
Prototype Transformation
ML System Design
Algorithm Research
Application Development
Dataset Selection
ML Testing
Statistical Analysis
R&D in ML/NLP
Text Representation
Data Pipeline Design
Statistical Data Analysis
Model Training
Team Collaboration
Research Reporting
Algorithm Analysis",['gold medalist']
r_1470,"Machine Learning Design
Data Analysis
Model Training
AI Integration
Innovation
Cross-Functional Collaboration
Model Deployment
Documentation
Analytical Skills
Communication
Team Collaboration",['python r or java tensorflow pytorch scikit learn']
r_1471,"Machine Learning Design
Data Analysis
Model Training
AI Integration
Innovation
Cross-Functional Collaboration
Model Deployment
Documentation
Analytical Skills
Communication
Team Collaboration",['python r or java tensorflow pytorch scikit learn']
r_1472,"Software developer focused in the areas of Machine learning application development. Motivated to learn, grow and excel my experience by challenging myself.",['ondevice machine learning']
r_1473,Graduate Looking for roles related to BU analyst and machine learning.,['data analyst python programming']
r_1474,"Machine Learning Design
Data Analysis
Model Training
AI Integration
Innovation
Cross-Functional Collaboration
Model Deployment
Documentation
Analytical Skills
Communication
Team Collaboration",['python r or java tensorflow pytorch scikit learn']
r_1475,"Data Analyst, interested in Machine Learning application development. As a data analyst, I have extensive experience with data preprocessing and pipeline building and I would like to venture further into this domain to learn more about it.",['n a']
r_1476,,['python analysis with pandas and numpy']
r_1477,I am a fresher specializing in data analytics and Machine Learning Application development. I believe that if given the opportunity I can prove my potential as a developer. I can easily communicate and work under someone's supervision who can guide me and help me in this journey of learning and exploring.,['participant']
r_1478,,"['cambridge uk', 'mountain view ca usa', 'vancouver bc canada']"
r_1479,I am fresher data analyst starting out in ERP and MIS. As a fresher I am looking for roles specific to data science and machine learning to learn about the subject and create amazing applications to solve real life problems.,['data science with python']
r_1480,"A Data Science enthusiast with a demonstrated history of working in Banking industry. Currently working on real life Data Science projects with interest in Predictive Analytics, Machine Learning and Deep Learning.",['n a']
r_1481,I recently graduated with a B.Tech degree in IT and currently am looking for jobs in sectors related to machine learning. I want to explore and hone my skills. I am committed towards better coding practices.,['n a']
r_1482,"A quality-oriented professional with a keen interest in solving complex business problems by way of AI-based design & thinking. A technology-agnostic individual with a strong background in data science, statistics, and economics with an aim to accelerate artificial intelligence.",['n a']
r_1483,"Looking to utilize hands-on experience of machine learning, deep learning and Artificial Intelligence for data discovery, exploration, prediction and analysis tasks.",['n a']
r_1484,Graduate database management engineer looking to join a role in data analytics or cloud-based machine learning solutions.,['data science on cloud']
r_1485,,['data analyst nano degree']
r_1486,Software Engineer with a track record of Implementing and completing projects on time and in alignment with client expectations. Enthusiast about Data Science and keen to learn and explore.,['n a']
r_1487,"Machine Learning Leadership
Cross-Functional Collaboration
Strategy Development
ML/NLP Infrastructure
Prototype Transformation
ML System Design
Algorithm Research
Application Development
Dataset Selection
ML Testing
Statistical Analysis
R&D in ML/NLP
Text Representation
Data Pipeline Design
Statistical Data Analysis
Model Training
Team Collaboration
Research Reporting
Algorithm Analysis",['n a']
r_1488,"A quality-oriented professional with a keen interest in solving complex business problems by way of AI-based design & thinking. A technology-agnostic individual with a strong background in data science, statistics, and economics with an aim to accelerate artificial intelligence.",['n a']
r_1489,I recently graduated with a B.Tech degree in IT and currently am looking for jobs in sectors related to machine learning. I want to explore and hone my skills. I am committed towards better coding practices.,['n a']
r_1490,,['ait']
r_1491,I am currently looking for an opportunity as a Data Science or Machine Learning Engineer.,['business analyst']
r_1492,"Graduate analyst currently working as business analyst consultant. As an individual, I always try to overcome problems in the most analytical manner. I want to work on Machine Learning application problems that deal with real life scenarios.",['n a']
r_1493,Recently graduated fresher experienced in Machine Learning and Natural Language Processing looking for roles that involve projects in the same.,['py thonist']
r_1494,Fresher python developer interested in data analytics and machine learning.,['statistics in python']
r_1495,"Machine Learning Design
Data Analysis
Model Training
AI Integration
Innovation
Cross-Functional Collaboration
Model Deployment
Documentation
Analytical Skills
Communication
Team Collaboration",['python r or java tensorflow pytorch scikit learn']
r_1496,Recent Graduate testing and debugging machine learning models. I have worked on multiple projects and have contributed to the testing and quality control of models over time. I am looking to switch to a development role where I can exercise my skills.,['n a']
r_1497,I am a fresher who is looking to work as a software developer in Machine Learning Application building and deployment. I am experienced in both machine learning and deep learning and have worked on few collaborative projects on such.,['n a']
r_1498,"Data Science Enthusiast looking roles in Data Analytics, Machine learning, Statistical Modeling, Data Visualization.",['machine learning internship certificate']
r_1499,"To design, develop and manage products in the field of consumer electronics devices, networking protocols, internet applications and connected devices. Vision to create personalized experiences based on machine learning.",['city state']
r_1500,"Machine Learning Design
Data Analysis
Model Training
AI Integration
Innovation
Cross-Functional Collaboration
Model Deployment
Documentation
Analytical Skills
Communication
Team Collaboration",['python r or java tensorflow pytorch scikit learn']
r_1501,"Machine Learning Design
Data Analysis
Model Training
AI Integration
Innovation
Cross-Functional Collaboration
Model Deployment
Documentation
Analytical Skills
Communication
Team Collaboration",['python r or java tensorflow pytorch scikit learn']
r_1502,I recently graduated with a B.Tech degree in IT and currently am looking for jobs in sectors related to machine learning. I want to explore and hone my skills. I am committed towards better coding practices.,['n a']
r_1503,"Machine Learning Design
Data Analysis
Model Training
AI Integration
Innovation
Cross-Functional Collaboration
Model Deployment
Documentation
Analytical Skills
Communication
Team Collaboration",['python r or java tensorflow pytorch scikit learn']
r_1504,Fresher starting out and wanting to join a role of machine learning engineer or data science engineer.,['python statistics with pandas and matplotlib']
r_1505,"Machine Learning Leadership
Cross-Functional Collaboration
Strategy Development
ML/NLP Infrastructure
Prototype Transformation
ML System Design
Algorithm Research
Application Development
Dataset Selection
ML Testing
Statistical Analysis
R&D in ML/NLP
Text Representation
Data Pipeline Design
Statistical Data Analysis
Model Training
Team Collaboration
Research Reporting
Algorithm Analysis",['city state']
r_1506,,['deep learning masters machine learning']
r_1507,,['data science']
r_1508,I am a software developer and analyst professional working for a year with client side technology and Machine Learning product delivery. I have handled small but scalable Machine Learning projects and want to expand my experience and expertise in the domain.,['applied machine learning course']
r_1509,Software Engineer with a track record of Implementing and completing projects on time and in alignment with client expectations. Enthusiast about Data Science and keen to learn and explore.,['n a']
r_1510,"Data Analyst, interested in Machine Learning application development. As a data analyst, I have extensive experience with data preprocessing and pipeline building and I would like to venture further into this domain to learn more about it.",['n a']
r_1511,,['python analysis with pandas and numpy']
r_1512,"Machine Learning Leadership
Cross-Functional Collaboration
Strategy Development
ML/NLP Infrastructure
Prototype Transformation
ML System Design
Algorithm Research
Application Development
Dataset Selection
ML Testing
Statistical Analysis
R&D in ML/NLP
Text Representation
Data Pipeline Design
Statistical Data Analysis
Model Training
Team Collaboration
Research Reporting
Algorithm Analysis",['n a']
r_1513,"Looking to utilize hands-on experience of machine learning, deep learning and Artificial Intelligence for data discovery, exploration, prediction and analysis tasks.",['n a']
r_1514,"Passionate Data Engineer with a zeal to excel forward and produce promising outcomes. Hands-on knowledge in various Machine Learning Algorithms. Also experienced in data mining, warehouse maintaining, and visualization. In search of a role where I can nurture my skills and contribute to the growth of the company and myself.",['n a']
r_1515,"Machine Learning Leadership
Cross-Functional Collaboration
Strategy Development
ML/NLP Infrastructure
Prototype Transformation
ML System Design
Algorithm Research
Application Development
Dataset Selection
ML Testing
Statistical Analysis
R&D in ML/NLP
Text Representation
Data Pipeline Design
Statistical Data Analysis
Model Training
Team Collaboration
Research Reporting
Algorithm Analysis",['n a']
r_1516,Currently seeking opportunities as an Analyst as well as Machine Learning Engineer.,['junior engineer award l t best solution provided l t']
r_1517,"Machine Learning Design
Data Analysis
Model Training
AI Integration
Innovation
Cross-Functional Collaboration
Model Deployment
Documentation
Analytical Skills
Communication
Team Collaboration",['python r or java tensorflow pytorch scikit learn']
r_1518,,['tensorflow and keras']
r_1519,"Machine Learning Design
Data Analysis
Model Training
AI Integration
Innovation
Cross-Functional Collaboration
Model Deployment
Documentation
Analytical Skills
Communication
Team Collaboration",['python r or java tensorflow pytorch scikit learn']
r_1520,"Graduate analyst currently working as business analyst consultant. As an individual, I always try to overcome problems in the most analytical manner. I want to work on Machine Learning application problems that deal with real life scenarios.",['n a']
r_1521,I am a market research specialist with a grasp of machine learning and looking for a deeper dive into the career of being a professional machine learning engineer.,['n a']
r_1522,Currently seeking opportunities as an Analyst as well as Machine Learning Engineer.,['junior engineer award l t best solution provided l t']
r_1523,,['data analyst nano degree']
r_1524,"Machine Learning Design
Data Analysis
Model Training
AI Integration
Innovation
Cross-Functional Collaboration
Model Deployment
Documentation
Analytical Skills
Communication
Team Collaboration",['python r or java tensorflow pytorch scikit learn']
r_1525,Fresher who is dynamic and defined when it comes to domain knowledge related to Data Analytics and Machine Learning.,['participant']
r_1526,"Fresher having knowledge in machine learning and natural language processing. Looking to join a role where I can learn from an well informed environment, experiment and produce promising results and work with different kinds of data.",['nanyang university']
r_1527,Currently seeking opportunities as an Analyst as well as Machine Learning Engineer.,['junior engineer award l t best solution provided l t']
r_1528,"I am a Master of Data Science graduate looking to work as a fulltime employee, seeking an entry level role in data science domain. I can offer a strong programming skills and good academic results together with a sound knowledge of implementing Machine learning techniques. Also, I am keen to learn new skill sets that the role demands. I am a highly analytical individual with interpersonal and technical skills, a desire to learn and determined attitude to succeed.",['data management on large scale']
r_1529,"Fresher starting out with Business Analysis, and machine learning modelling based on data engineering.",['n a']
r_1530,Graduating Ph.D. candidate with a research focus on developing large-scale computational models using statistics and machine learning approach. Interested in a career as a computational scientist or quantitative software developer.,"['city', 'city state']"
r_1531,I am Data science enthusiast focused on solving complex problems using machine learning techniques. I try to simplify problems and attack them head on. Always working and striving to be better solution finder.,['deep learning']
r_1532,"Young Aspirant looking for roles in data science, analytics and Machine Learning.",['n a']
r_1533,Interested in helping businesses take best decisions using Machine learning and Deep learning solutions.,['n a']
r_1534,"Machine Learning Design
Data Analysis
Model Training
AI Integration
Innovation
Cross-Functional Collaboration
Model Deployment
Documentation
Analytical Skills
Communication
Team Collaboration",['python r or java tensorflow pytorch scikit learn']
r_1535,I am a fresher who is looking to work as a software developer in Machine Learning Application building and deployment. I am experienced in both machine learning and deep learning and have worked on few collaborative projects on such.,['n a']
r_1536,"Data Science Enthusiast looking roles in Data Analytics, Machine learning, Statistical Modeling, Data Visualization.",['machine learning internship certificate']
r_1537,Currently seeking opportunities as an Analyst as well as Machine Learning Engineer.,['junior engineer award l t best solution provided l t']
r_1538,Fresher Computer vision and Machine Learning Engineer looking for a job that is both challenging and fun in terms of problem-solving. Also an expert in maintaining and managing Tableau and Power BI dashboards to address business.,"['honorary member', 'innovator of the year runner up']"
r_1539,,['data analyst nano degree']
r_1540,"Machine Learning Design
Data Analysis
Model Training
AI Integration
Innovation
Cross-Functional Collaboration
Model Deployment
Documentation
Analytical Skills
Communication
Team Collaboration",['python r or java tensorflow pytorch scikit learn']
r_1541,"Machine Learning engineer who has worked on multiple projects with knowledge in big data handling and business analytics. As someone who is always learning, I would love to use my knowledge to provide the best solutions.",['n a']
r_1542,"Machine Learning Leadership
Cross-Functional Collaboration
Strategy Development
ML/NLP Infrastructure
Prototype Transformation
ML System Design
Algorithm Research
Application Development
Dataset Selection
ML Testing
Statistical Analysis
R&D in ML/NLP
Text Representation
Data Pipeline Design
Statistical Data Analysis
Model Training
Team Collaboration
Research Reporting
Algorithm Analysis","['city state', 'navi mumbai india']"
r_1543,"Machine Learning Leadership
Cross-Functional Collaboration
Strategy Development
ML/NLP Infrastructure
Prototype Transformation
ML System Design
Algorithm Research
Application Development
Dataset Selection
ML Testing
Statistical Analysis
R&D in ML/NLP
Text Representation
Data Pipeline Design
Statistical Data Analysis
Model Training
Team Collaboration
Research Reporting
Algorithm Analysis",['participant']
r_1544,"Data Science Enthusiast looking roles in Data Analytics, Machine learning, Statistical Modeling, Data Visualization.",['machine learning internship certificate']
r_1545,"Associate Solution Advisor currently enrolled in PG for Data science, Knowledge in data manipulation, analysis, reporting and data visualization. In depth knowledge of tools used for production.",['n a']
r_1546,"As a research assistant I always try to define new boundaries and work in a meticulous way to figure out solutions. I have used Machine Learning as a base for our product design to synthesis chemical architectures and their reaction, right now I would like to be involved more on the application development side and was looking for an opportunity that did such.",['n a']
r_1547,Associate software engineer specializing in Machine Learning models and Optimization. I work with both natural Language processing and computer vision in terms of Modelling and development.,['n a']
r_1548,"Machine Learning Design
Data Analysis
Model Training
AI Integration
Innovation
Cross-Functional Collaboration
Model Deployment
Documentation
Analytical Skills
Communication
Team Collaboration",['python r or java tensorflow pytorch scikit learn']
r_1549,"An avid data analyst looking to step into the world of machine learning and data sciences. I have experience related to Data Mining, Data Visualization, Text Analytics, Data Collection and would currently like to expand my horizon and work on Machine Learning projects.","['alb', 'ci cd', 'django api design server side logic drf django rest framework database management postgresql', 'docker', 'ec2', 'ecs', 'etc linux', 'full stack development front end reactjs', 'gitlab terraform', 'mysql version control git aws ecr', 'nextjs backend python', 'rds', 'shell scripting']"
r_1550,I am a software engineer who has worked on several computer vision projects and their end to end deployment. I am looking to join as a Machine Learning developer to closely work on problems and increase my grasp over the domain.,"['deployment of end to end ml projects', 'n a']"
r_1551,Fresher who is dynamic and defined when it comes to domain knowledge related to Data Analytics and Machine Learning.,"['alb', 'ci cd', 'django api design server side logic drf django rest framework database management postgresql', 'docker', 'ec2', 'ecs', 'etc linux', 'full stack development front end reactjs', 'gitlab terraform', 'mysql version control git aws ecr', 'nextjs backend python', 'rds', 'shell scripting']"
r_1552,Want to work as a Machine Learning Production Engineer.,['n a']
r_1553,"Machine Learning Leadership
Cross-Functional Collaboration
Strategy Development
ML/NLP Infrastructure
Prototype Transformation
ML System Design
Algorithm Research
Application Development
Dataset Selection
ML Testing
Statistical Analysis
R&D in ML/NLP
Text Representation
Data Pipeline Design
Statistical Data Analysis
Model Training
Team Collaboration
Research Reporting
Algorithm Analysis",['city state']
r_1554,Seeking challenging opportunity in the field of data science and data analytics where I can utilize my skills and knowledge to contribute for the growth of the organization,['n a']
r_1555,"As a research assistant I always try to define new boundaries and work in a meticulous way to figure out solutions. I have used Machine Learning as a base for our product design to synthesis chemical architectures and their reaction, right now I would like to be involved more on the application development side and was looking for an opportunity that did such.",['n a']
r_1556,"Machine Learning Design
Data Analysis
Model Training
AI Integration
Innovation
Cross-Functional Collaboration
Model Deployment
Documentation
Analytical Skills
Communication
Team Collaboration",['python r or java tensorflow pytorch scikit learn']
r_1557,"Machine Learning Engineer seeking assignments Deep Learning, Reinforcement Learning, Tensorflow. Keras.",['scholar']
r_1558,"Machine Learning Design
Data Analysis
Model Training
AI Integration
Innovation
Cross-Functional Collaboration
Model Deployment
Documentation
Analytical Skills
Communication
Team Collaboration",['python r or java tensorflow pytorch scikit learn']
r_1559,"Machine Learning Leadership
Cross-Functional Collaboration
Strategy Development
ML/NLP Infrastructure
Prototype Transformation
ML System Design
Algorithm Research
Application Development
Dataset Selection
ML Testing
Statistical Analysis
R&D in ML/NLP
Text Representation
Data Pipeline Design
Statistical Data Analysis
Model Training
Team Collaboration
Research Reporting
Algorithm Analysis",['city state']
r_1560,Fresher Computer vision and Machine Learning Engineer looking for a job that is both challenging and fun in terms of problem-solving. Also an expert in maintaining and managing Tableau and Power BI dashboards to address business.,"['honorary member', 'innovator of the year runner up']"
r_1561,"Software developer with a niche towards end to end machine learning projects. Motivated towards learning, solving and producing better results.",['participant']
r_1562,"I am a Junior Machine Learning developer who focuses on data improvement and modelling, finding patterns in large databases and optimization of different models.",['nasik']
r_1563,Recent Graduate testing and debugging machine learning models. I have worked on multiple projects and have contributed to the testing and quality control of models over time. I am looking to switch to a development role where I can exercise my skills.,['n a']
r_1564,"Machine Learning Design
Data Analysis
Model Training
AI Integration
Innovation
Cross-Functional Collaboration
Model Deployment
Documentation
Analytical Skills
Communication
Team Collaboration",['python r or java tensorflow pytorch scikit learn']
r_1565,I am currently looking for an opportunity as a Data Science or Machine Learning Engineer.,['business analyst']
r_1566,"A Fresher Seeking Roles In Machine Learning, Business Analysis, Data Predictive Modelling, Statistical Solutions, Data Mining.",['data science and bigdata']
r_1567,"Associate Solution Advisor currently enrolled in PG for Data science, Knowledge in data manipulation, analysis, reporting and data visualization. In depth knowledge of tools used for production.",['n a']
r_1568,Fresher starting out and wanting to join a role of machine learning engineer or data science engineer.,"['alb', 'ci cd', 'django api design server side logic drf django rest framework database management postgresql', 'docker', 'ec2', 'ecs', 'etc linux', 'full stack development front end reactjs', 'gitlab terraform', 'mysql version control git aws ecr', 'nextjs backend python', 'rds', 'shell scripting']"
r_1569,"A Data Science enthusiast with a demonstrated history of working in Banking industry. Currently working on real life Data Science projects with interest in Predictive Analytics, Machine Learning and Deep Learning.",['n a']
r_1570,Associate software engineer specializing in Machine Learning models and Optimization. I work with both natural Language processing and computer vision in terms of Modelling and development.,['n a']
r_1571,"I am a Master of Data Science graduate looking to work as a fulltime employee, seeking an entry level role in data science domain. I can offer a strong programming skills and good academic results together with a sound knowledge of implementing Machine learning techniques. Also, I am keen to learn new skill sets that the role demands. I am a highly analytical individual with interpersonal and technical skills, a desire to learn and determined attitude to succeed.",['data management on large scale']
r_1572,Graduate database management engineer looking to join a role in data analytics or cloud-based machine learning solutions.,['data science on cloud']
r_1573,"A python programmer, currently pursuing Data science and looking for roles that involve the application of Machine Learning. I am always excited to take on real life problems and tread through different technology stacks.",['certified data scientist']
r_1574,"Machine Learning Leadership
Cross-Functional Collaboration
Strategy Development
ML/NLP Infrastructure
Prototype Transformation
ML System Design
Algorithm Research
Application Development
Dataset Selection
ML Testing
Statistical Analysis
R&D in ML/NLP
Text Representation
Data Pipeline Design
Statistical Data Analysis
Model Training
Team Collaboration
Research Reporting
Algorithm Analysis",['city state']
r_1575,Associate software engineer specializing in Machine Learning models and Optimization. I work with both natural Language processing and computer vision in terms of Modelling and development.,['n a']
r_1576,"Machine Learning Leadership
Cross-Functional Collaboration
Strategy Development
ML/NLP Infrastructure
Prototype Transformation
ML System Design
Algorithm Research
Application Development
Dataset Selection
ML Testing
Statistical Analysis
R&D in ML/NLP
Text Representation
Data Pipeline Design
Statistical Data Analysis
Model Training
Team Collaboration
Research Reporting
Algorithm Analysis","['cleveland oh', 'columbus oh', 'euclid oh']"
r_1577,"An avid data analyst looking to step into the world of machine learning and data sciences. I have experience related to Data Mining, Data Visualization, Text Analytics, Data Collection and would currently like to expand my horizon and work on Machine Learning projects.",['n a']
r_1578,"Machine Learning Leadership
Cross-Functional Collaboration
Strategy Development
ML/NLP Infrastructure
Prototype Transformation
ML System Design
Algorithm Research
Application Development
Dataset Selection
ML Testing
Statistical Analysis
R&D in ML/NLP
Text Representation
Data Pipeline Design
Statistical Data Analysis
Model Training
Team Collaboration
Research Reporting
Algorithm Analysis",['n a']
r_1579,As a Data Analyst I always look into more innovative ways of finding figures and facts from data. I have also worked with some production based Machine learning application problems and I would like to involve myself more with such ventures.,"['using python', 'using tableau']"
r_1580,,"['chairman', 'participant']"
r_1581,"I am a Master of Data Science graduate looking to work as a fulltime employee, seeking an entry level role in data science domain. I can offer a strong programming skills and good academic results together with a sound knowledge of implementing Machine learning techniques. Also, I am keen to learn new skill sets that the role demands. I am a highly analytical individual with interpersonal and technical skills, a desire to learn and determined attitude to succeed.",['data management on large scale']
r_1582,"Machine Learning Leadership
Cross-Functional Collaboration
Strategy Development
ML/NLP Infrastructure
Prototype Transformation
ML System Design
Algorithm Research
Application Development
Dataset Selection
ML Testing
Statistical Analysis
R&D in ML/NLP
Text Representation
Data Pipeline Design
Statistical Data Analysis
Model Training
Team Collaboration
Research Reporting
Algorithm Analysis",['pta']
r_1583,"As a research assistant I always try to define new boundaries and work in a meticulous way to figure out solutions. I have used Machine Learning as a base for our product design to synthesis chemical architectures and their reaction, right now I would like to be involved more on the application development side and was looking for an opportunity that did such.",['n a']
r_1584,"Machine Learning Leadership
Cross-Functional Collaboration
Strategy Development
ML/NLP Infrastructure
Prototype Transformation
ML System Design
Algorithm Research
Application Development
Dataset Selection
ML Testing
Statistical Analysis
R&D in ML/NLP
Text Representation
Data Pipeline Design
Statistical Data Analysis
Model Training
Team Collaboration
Research Reporting
Algorithm Analysis",['february 15 2021']
r_1585,,['tensorflow and keras']
r_1586,"Machine Learning Leadership
Cross-Functional Collaboration
Strategy Development
ML/NLP Infrastructure
Prototype Transformation
ML System Design
Algorithm Research
Application Development
Dataset Selection
ML Testing
Statistical Analysis
R&D in ML/NLP
Text Representation
Data Pipeline Design
Statistical Data Analysis
Model Training
Team Collaboration
Research Reporting
Algorithm Analysis",['n a']
r_1587,,['ait']
r_1588,Fresher starting out and wanting to join a role of machine learning engineer or data science engineer.,['python statistics with pandas and matplotlib']
r_1589,"Machine Learning Design
Data Analysis
Model Training
AI Integration
Innovation
Cross-Functional Collaboration
Model Deployment
Documentation
Analytical Skills
Communication
Team Collaboration",['python r or java tensorflow pytorch scikit learn']
r_1590,Want to work as a Machine Learning Production Engineer.,['n a']
r_1591,I am a software developer currently working on Machine Learning Projects. The domain of analytics and Machine Learning has amassed a greater interest for me and I want to explore and learn about the core concepts used in production. I am looking to switch to a fulltime role that will help me explore more about this.,['software lifecycle']
r_1592,Recently graduated fresher experienced in Machine Learning and Natural Language Processing looking for roles that involve projects in the same.,['py thonist']
r_1593,I am currently working as a junior Machine Learning Engineer and I want to learn more about how Machine Learning projects impact real work scenarios.,['n a']
r_1594,Recent Graduate testing and debugging machine learning models. I have worked on multiple projects and have contributed to the testing and quality control of models over time. I am looking to switch to a development role where I can exercise my skills.,['n a']
r_1595,"Machine Learning Design
Data Analysis
Model Training
AI Integration
Innovation
Cross-Functional Collaboration
Model Deployment
Documentation
Analytical Skills
Communication
Team Collaboration",['python r or java tensorflow pytorch scikit learn']
r_1596,,['tensorflow and keras']
r_1597,"Machine Learning Design
Data Analysis
Model Training
AI Integration
Innovation
Cross-Functional Collaboration
Model Deployment
Documentation
Analytical Skills
Communication
Team Collaboration",['python r or java tensorflow pytorch scikit learn']
r_1598,"Machine Learning Design
Data Analysis
Model Training
AI Integration
Innovation
Cross-Functional Collaboration
Model Deployment
Documentation
Analytical Skills
Communication
Team Collaboration",['python r or java tensorflow pytorch scikit learn']
r_1599,,"['chairman', 'participant']"
r_1600,Understanding and solving problems has been one my core objectives since I started working. Exploring data and the different interpretation it can have is what amazes me. Currently interested Machine Learning developer and engineer roles.,"['a gentle introduction to deep learning using keras', 'deep learning advanced nlp and rnns', 'machine learning a z handson python r in data science']"
r_1601,"Machine Learning engineer who has worked on multiple projects with knowledge in big data handling and business analytics. As someone who is always learning, I would love to use my knowledge to provide the best solutions.",['n a']
r_1602,I am looking for a job switch to transition into Data Science and utilize my currents skills & learnings from my Master's course to solve new problems.,['n a']
r_1603,Associate software engineer specializing in Machine Learning models and Optimization. I work with both natural Language processing and computer vision in terms of Modelling and development.,['n a']
r_1604,,['data science']
r_1605,Interested in helping businesses take best decisions using Machine learning and Deep learning solutions.,['n a']
r_1606,"Machine Learning Design
Data Analysis
Model Training
AI Integration
Innovation
Cross-Functional Collaboration
Model Deployment
Documentation
Analytical Skills
Communication
Team Collaboration",['python r or java tensorflow pytorch scikit learn']
r_1607,"['ASP.NET 4.5', 'academic', 'Clustering', 'consulting', 'curriculum development', 'customer satisfaction', 'data analysis', 'data mining', 'data warehouse', 'Databases', 'database', 'database design', 'database management', 'data warehousing', 'environmental protection', 'Environmental Science', 'GIS', 'HTML', 'instructor', 'Lecturer', 'legal', 'machine learning', 'managing', 'materials', 'meetings', 'C#', 'Microsoft SQL', 'modeling', 'Natural', 'Oracle', 'process development and engineering', 'processes', 'progress', 'Python', 'quality', 'researching', 'research', 'SAS', 'shipping', 'SPSS', 'SQL', 'Statistics', 'Tableau', 'teaching', 'technical support', 'workshops']","['city state', 'n a']"
r_1608,,['python analysis with pandas and numpy']
r_1609,As a Data Analyst I always look into more innovative ways of finding figures and facts from data. I have also worked with some production based Machine learning application problems and I would like to involve myself more with such ventures.,"['using python', 'using tableau']"
r_1610,I am a fresher specializing in data analytics and Machine Learning Application development. I believe that if given the opportunity I can prove my potential as a developer. I can easily communicate and work under someone's supervision who can guide me and help me in this journey of learning and exploring.,['participant']
r_1611,"Looking to utilize hands-on experience of machine learning, deep learning and Artificial Intelligence for data discovery, exploration, prediction and analysis tasks.",['n a']
r_1612,"A quality-oriented professional with a keen interest in solving complex business problems by way of AI-based design & thinking. A technology-agnostic individual with a strong background in data science, statistics, and economics with an aim to accelerate artificial intelligence.",['n a']
r_1613,Currently seeking opportunities as an Analyst as well as Machine Learning Engineer.,['junior engineer award l t best solution provided l t']
r_1614,Understanding and solving problems has been one my core objectives since I started working. Exploring data and the different interpretation it can have is what amazes me. Currently interested Machine Learning developer and engineer roles.,"['a gentle introduction to deep learning using keras', 'deep learning advanced nlp and rnns', 'machine learning a z handson python r in data science']"
r_1615,"Machine Learning Leadership
Cross-Functional Collaboration
Strategy Development
ML/NLP Infrastructure
Prototype Transformation
ML System Design
Algorithm Research
Application Development
Dataset Selection
ML Testing
Statistical Analysis
R&D in ML/NLP
Text Representation
Data Pipeline Design
Statistical Data Analysis
Model Training
Team Collaboration
Research Reporting
Algorithm Analysis",['ai on the cloud']
r_1616,As a Data Analyst I always look into more innovative ways of finding figures and facts from data. I have also worked with some production based Machine learning application problems and I would like to involve myself more with such ventures.,"['using python', 'using tableau']"
r_1617,"Machine Learning Design
Data Analysis
Model Training
AI Integration
Innovation
Cross-Functional Collaboration
Model Deployment
Documentation
Analytical Skills
Communication
Team Collaboration",['python r or java tensorflow pytorch scikit learn']
r_1618,"Machine Learning Design
Data Analysis
Model Training
AI Integration
Innovation
Cross-Functional Collaboration
Model Deployment
Documentation
Analytical Skills
Communication
Team Collaboration",['python r or java tensorflow pytorch scikit learn']
r_1619,,['ai on the cloud']
r_1620,,['data science']
r_1621,"A python programmer, currently pursuing Data science and looking for roles that involve the application of Machine Learning. I am always excited to take on real life problems and tread through different technology stacks.",['certified data scientist']
r_1622,Fresher Computer vision and Machine Learning Engineer looking for a job that is both challenging and fun in terms of problem-solving. Also an expert in maintaining and managing Tableau and Power BI dashboards to address business.,"['honorary member', 'innovator of the year runner up']"
r_1623,"Skilled Machine Learning and Deep Learning practitioner, and I have worked on Computer vision-based projects. On the lookout for opportunities that help me understand more about the domain.",['attendee']
r_1624,I am a fresher who is looking to work as a software developer in Machine Learning Application building and deployment. I am experienced in both machine learning and deep learning and have worked on few collaborative projects on such.,['n a']
r_1625,,['deep learning masters machine learning']
r_1626,,['nlp developer']
r_1627,"Energetic, innovative engineering undergraduate, passionate about Machine Learning, NLP and Deep Learning for solving real-world problems, aiming to work in an organization providing great learning experience and growth opportunities for mutual benefit.","['apr 2021', 'dec 2020', 'feb 2021', 'nov 2021']"
r_1628,"Fresher starting out with Business Analysis, and machine learning modelling based on data engineering.",['n a']
r_1629,I am looking for a job switch to transition into Data Science and utilize my currents skills & learnings from my Master's course to solve new problems.,['n a']
r_1630,"['ASP.NET 4.5', 'academic', 'Clustering', 'consulting', 'curriculum development', 'customer satisfaction', 'data analysis', 'data mining', 'data warehouse', 'Databases', 'database', 'database design', 'database management', 'data warehousing', 'environmental protection', 'Environmental Science', 'GIS', 'HTML', 'instructor', 'Lecturer', 'legal', 'machine learning', 'managing', 'materials', 'meetings', 'C#', 'Microsoft SQL', 'modeling', 'Natural', 'Oracle', 'process development and engineering', 'processes', 'progress', 'Python', 'quality', 'researching', 'research', 'SAS', 'shipping', 'SPSS', 'SQL', 'Statistics', 'Tableau', 'teaching', 'technical support', 'workshops']","['city state', 'n a']"
r_1631,,['data science and analytics']
r_1632,,['data science']
r_1633,"Machine Learning Design
Data Analysis
Model Training
AI Integration
Innovation
Cross-Functional Collaboration
Model Deployment
Documentation
Analytical Skills
Communication
Team Collaboration",['python r or java tensorflow pytorch scikit learn']
r_1634,"Data Analyst, interested in Machine Learning application development. As a data analyst, I have extensive experience with data preprocessing and pipeline building and I would like to venture further into this domain to learn more about it.",['n a']
r_1635,Data analyst actively seeking job roles related to data science and machine learning.,['ibm data analytics']
r_1636,Graduating Ph.D. candidate with a research focus on developing large-scale computational models using statistics and machine learning approach. Interested in a career as a computational scientist or quantitative software developer.,"['city', 'city state']"
r_1637,"Fresher having knowledge in machine learning and natural language processing. Looking to join a role where I can learn from an well informed environment, experiment and produce promising results and work with different kinds of data.",['nanyang university']
r_1638,I am a market research specialist with a grasp of machine learning and looking for a deeper dive into the career of being a professional machine learning engineer.,['n a']
r_1639,,['nlp developer']
r_1640,Data Science Explorer with a keen interest in application models of Machine learning.,"['alb', 'ci cd', 'django api design server side logic drf django rest framework database management postgresql', 'docker', 'ec2', 'ecs', 'etc linux', 'full stack development front end reactjs', 'gitlab terraform', 'mysql version control git aws ecr', 'nextjs backend python', 'rds', 'shell scripting']"
r_1641,As a Data Analyst I always look into more innovative ways of finding figures and facts from data. I have also worked with some production based Machine learning application problems and I would like to involve myself more with such ventures.,"['using python', 'using tableau']"
r_1642,,['data science']
r_1643,,['nlp developer']
r_1644,"I am a software engineer, and I want to work on full time roles associated with Machine Learning. I have previously worked on some corporate models and due to its intricacies I want to explore more in the domain.",['n a']
r_1645,Software Engineer with a track record of Implementing and completing projects on time and in alignment with client expectations. Enthusiast about Data Science and keen to learn and explore.,['n a']
r_1646,"Graduate analyst currently working as business analyst consultant. As an individual, I always try to overcome problems in the most analytical manner. I want to work on Machine Learning application problems that deal with real life scenarios.",['n a']
r_1647,"Machine Learning Leadership
Cross-Functional Collaboration
Strategy Development
ML/NLP Infrastructure
Prototype Transformation
ML System Design
Algorithm Research
Application Development
Dataset Selection
ML Testing
Statistical Analysis
R&D in ML/NLP
Text Representation
Data Pipeline Design
Statistical Data Analysis
Model Training
Team Collaboration
Research Reporting
Algorithm Analysis",['n a']
r_1648,"Fresher having knowledge in machine learning and natural language processing. Looking to join a role where I can learn from an well informed environment, experiment and produce promising results and work with different kinds of data.",['nanyang university']
r_1649,I am a market research specialist with a grasp of machine learning and looking for a deeper dive into the career of being a professional machine learning engineer.,['n a']
r_1650,"Machine Learning Design
Data Analysis
Model Training
AI Integration
Innovation
Cross-Functional Collaboration
Model Deployment
Documentation
Analytical Skills
Communication
Team Collaboration",['python r or java tensorflow pytorch scikit learn']
r_1651,"Machine Learning Leadership
Cross-Functional Collaboration
Strategy Development
ML/NLP Infrastructure
Prototype Transformation
ML System Design
Algorithm Research
Application Development
Dataset Selection
ML Testing
Statistical Analysis
R&D in ML/NLP
Text Representation
Data Pipeline Design
Statistical Data Analysis
Model Training
Team Collaboration
Research Reporting
Algorithm Analysis","['honorary member', 'innovator of the year runner up']"
r_1652,"Machine Learning Design
Data Analysis
Model Training
AI Integration
Innovation
Cross-Functional Collaboration
Model Deployment
Documentation
Analytical Skills
Communication
Team Collaboration",['python r or java tensorflow pytorch scikit learn']
r_1653,I am an assistant software engineer working on cloud-based solutions. After working on a couple of Machine Learning application evaluations and deployment I got really engrossed into the domain and would like to work more towards improving myself.,['n a']
r_1654,"Machine Learning Design
Data Analysis
Model Training
AI Integration
Innovation
Cross-Functional Collaboration
Model Deployment
Documentation
Analytical Skills
Communication
Team Collaboration",['python r or java tensorflow pytorch scikit learn']
r_1655,"Machine Learning Design
Data Analysis
Model Training
AI Integration
Innovation
Cross-Functional Collaboration
Model Deployment
Documentation
Analytical Skills
Communication
Team Collaboration",['python r or java tensorflow pytorch scikit learn']
r_1656,I am fresher data analyst starting out in ERP and MIS. As a fresher I am looking for roles specific to data science and machine learning to learn about the subject and create amazing applications to solve real life problems.,['data science with python']
r_1657,"Machine Learning Leadership
Cross-Functional Collaboration
Strategy Development
ML/NLP Infrastructure
Prototype Transformation
ML System Design
Algorithm Research
Application Development
Dataset Selection
ML Testing
Statistical Analysis
R&D in ML/NLP
Text Representation
Data Pipeline Design
Statistical Data Analysis
Model Training
Team Collaboration
Research Reporting
Algorithm Analysis","['good in both written and spoken', 'mother tongue']"
r_1658,Seeking challenging opportunity in the field of data science and data analytics where I can utilize my skills and knowledge to contribute for the growth of the organization,['n a']
r_1659,"Currently looking for an opportunity in Machine Learning and Deep Learning roles. I have a good depth of knowledge in ML Algorithms, various CNN architectures, and worked on Time series data, Image captioning, NLP tasks. Interested to work with an enthusiastic team on business problems.",['participant']
r_1660,Fresher starting out and wanting to join a role of machine learning engineer or data science engineer.,['python statistics with pandas and matplotlib']
r_1661,Software Engineer with a track record of Implementing and completing projects on time and in alignment with client expectations. Enthusiast about Data Science and keen to learn and explore.,['n a']
r_1662,"A curiosity-driven data scientist, eager to leverage machine learning and data analytics to extract meaningful insights, make informed decisions and solve challenging business problems. I ensure to contribute with my knowledge, logical thinking and analytical skills towards the consistent growth and development of the organization, and enhance my experience through continuous learning and teamwork.",['n a']
r_1663,Understanding and solving problems has been one my core objectives since I started working. Exploring data and the different interpretation it can have is what amazes me. Currently interested Machine Learning developer and engineer roles.,"['a gentle introduction to deep learning using keras', 'deep learning advanced nlp and rnns', 'machine learning a z handson python r in data science']"
r_1664,"Machine Learning Design
Data Analysis
Model Training
AI Integration
Innovation
Cross-Functional Collaboration
Model Deployment
Documentation
Analytical Skills
Communication
Team Collaboration",['python r or java tensorflow pytorch scikit learn']
r_1665,"I am a Junior Machine Learning developer who focuses on data improvement and modelling, finding patterns in large databases and optimization of different models.",['nasik']
r_1666,"Machine Learning Leadership
Cross-Functional Collaboration
Strategy Development
ML/NLP Infrastructure
Prototype Transformation
ML System Design
Algorithm Research
Application Development
Dataset Selection
ML Testing
Statistical Analysis
R&D in ML/NLP
Text Representation
Data Pipeline Design
Statistical Data Analysis
Model Training
Team Collaboration
Research Reporting
Algorithm Analysis",['city state']
r_1667,"Software developer focused in the areas of Machine learning application development. Motivated to learn, grow and excel my experience by challenging myself.",['ondevice machine learning']
r_1668,"['ASP.NET 4.5', 'academic', 'Clustering', 'consulting', 'curriculum development', 'customer satisfaction', 'data analysis', 'data mining', 'data warehouse', 'Databases', 'database', 'database design', 'database management', 'data warehousing', 'environmental protection', 'Environmental Science', 'GIS', 'HTML', 'instructor', 'Lecturer', 'legal', 'machine learning', 'managing', 'materials', 'meetings', 'C#', 'Microsoft SQL', 'modeling', 'Natural', 'Oracle', 'process development and engineering', 'processes', 'progress', 'Python', 'quality', 'researching', 'research', 'SAS', 'shipping', 'SPSS', 'SQL', 'Statistics', 'Tableau', 'teaching', 'technical support', 'workshops']","['city state', 'n a']"
r_1669,Understanding and solving problems has been one my core objectives since I started working. Exploring data and the different interpretation it can have is what amazes me. Currently interested Machine Learning developer and engineer roles.,"['a gentle introduction to deep learning using keras', 'deep learning advanced nlp and rnns', 'machine learning a z handson python r in data science']"
r_1670,I am a market research specialist with a grasp of machine learning and looking for a deeper dive into the career of being a professional machine learning engineer.,['n a']
r_1671,"I am an experienced analytics specialist seeking a full-time position in the field of data science and application in business problem solving, where I can apply my knowledge and skills for continuous improvement.",['analytics certification']
r_1672,"Machine Learning Leadership
Cross-Functional Collaboration
Strategy Development
ML/NLP Infrastructure
Prototype Transformation
ML System Design
Algorithm Research
Application Development
Dataset Selection
ML Testing
Statistical Analysis
R&D in ML/NLP
Text Representation
Data Pipeline Design
Statistical Data Analysis
Model Training
Team Collaboration
Research Reporting
Algorithm Analysis",['n a']
r_1673,Recent Graduate testing and debugging machine learning models. I have worked on multiple projects and have contributed to the testing and quality control of models over time. I am looking to switch to a development role where I can exercise my skills.,['n a']
r_1674,Graduate database management engineer looking to join a role in data analytics or cloud-based machine learning solutions.,['data science on cloud']
r_1675,"Machine Learning Design
Data Analysis
Model Training
AI Integration
Innovation
Cross-Functional Collaboration
Model Deployment
Documentation
Analytical Skills
Communication
Team Collaboration",['python r or java tensorflow pytorch scikit learn']
r_1676,"Machine Learning Design
Data Analysis
Model Training
AI Integration
Innovation
Cross-Functional Collaboration
Model Deployment
Documentation
Analytical Skills
Communication
Team Collaboration",['python r or java tensorflow pytorch scikit learn']
r_1677,Currently seeking opportunities as an Analyst as well as Machine Learning Engineer.,['junior engineer award l t best solution provided l t']
r_1678,"Machine Learning Design
Data Analysis
Model Training
AI Integration
Innovation
Cross-Functional Collaboration
Model Deployment
Documentation
Analytical Skills
Communication
Team Collaboration",['python r or java tensorflow pytorch scikit learn']
r_1679,I am a fresher specializing in data analytics and Machine Learning Application development. I believe that if given the opportunity I can prove my potential as a developer. I can easily communicate and work under someone's supervision who can guide me and help me in this journey of learning and exploring.,['participant']
r_1680,I am fresher data analyst starting out in ERP and MIS. As a fresher I am looking for roles specific to data science and machine learning to learn about the subject and create amazing applications to solve real life problems.,['data science with python']
r_1681,"Machine Learning engineer who has worked on multiple projects with knowledge in big data handling and business analytics. As someone who is always learning, I would love to use my knowledge to provide the best solutions.",['n a']
r_1682,"Machine Learning Design
Data Analysis
Model Training
AI Integration
Innovation
Cross-Functional Collaboration
Model Deployment
Documentation
Analytical Skills
Communication
Team Collaboration",['python r or java tensorflow pytorch scikit learn']
r_1683,I am an assistant software engineer working on cloud-based solutions. After working on a couple of Machine Learning application evaluations and deployment I got really engrossed into the domain and would like to work more towards improving myself.,['n a']
r_1684,"Machine Learning Leadership
Cross-Functional Collaboration
Strategy Development
ML/NLP Infrastructure
Prototype Transformation
ML System Design
Algorithm Research
Application Development
Dataset Selection
ML Testing
Statistical Analysis
R&D in ML/NLP
Text Representation
Data Pipeline Design
Statistical Data Analysis
Model Training
Team Collaboration
Research Reporting
Algorithm Analysis",['data science']
r_1685,,"['city state', 'navi mumbai india']"
r_1686,"Currently looking for an opportunity in Machine Learning and Deep Learning roles. I have a good depth of knowledge in ML Algorithms, various CNN architectures, and worked on Time series data, Image captioning, NLP tasks. Interested to work with an enthusiastic team on business problems.",['participant']
r_1687,"A Fresher Seeking Roles In Machine Learning, Business Analysis, Data Predictive Modelling, Statistical Solutions, Data Mining.",['data science and bigdata']
r_1688,"Machine Learning Design
Data Analysis
Model Training
AI Integration
Innovation
Cross-Functional Collaboration
Model Deployment
Documentation
Analytical Skills
Communication
Team Collaboration",['python r or java tensorflow pytorch scikit learn']
r_1689,Seeking challenging opportunity in the field of data science and data analytics where I can utilize my skills and knowledge to contribute for the growth of the organization,['n a']
r_1690,,['data science']
r_1691,Graduating Ph.D. candidate with a research focus on developing large-scale computational models using statistics and machine learning approach. Interested in a career as a computational scientist or quantitative software developer.,"['city', 'city state']"
r_1692,"Machine Learning Design
Data Analysis
Model Training
AI Integration
Innovation
Cross-Functional Collaboration
Model Deployment
Documentation
Analytical Skills
Communication
Team Collaboration",['python r or java tensorflow pytorch scikit learn']
r_1693,"I am a Master of Data Science graduate looking to work as a fulltime employee, seeking an entry level role in data science domain. I can offer a strong programming skills and good academic results together with a sound knowledge of implementing Machine learning techniques. Also, I am keen to learn new skill sets that the role demands. I am a highly analytical individual with interpersonal and technical skills, a desire to learn and determined attitude to succeed.",['data management on large scale']
r_1694,As a junior analyst I currently work with data preprocessing and data cleaning before sending them to Machine Learning Models. I am also simultaneously training to be a machine learning engineer to work closely with teams that build models and would like to join a venture for such opportunity.,['n a']
r_1695,,"['natural language processing with python', 'python for big data with pyspark']"
r_1696,Currently seeking opportunities as an Analyst as well as Machine Learning Engineer.,['junior engineer award l t best solution provided l t']
r_1697,Software Engineer with a track record of Implementing and completing projects on time and in alignment with client expectations. Enthusiast about Data Science and keen to learn and explore.,['n a']
r_1698,"Machine Learning Leadership
Cross-Functional Collaboration
Strategy Development
ML/NLP Infrastructure
Prototype Transformation
ML System Design
Algorithm Research
Application Development
Dataset Selection
ML Testing
Statistical Analysis
R&D in ML/NLP
Text Representation
Data Pipeline Design
Statistical Data Analysis
Model Training
Team Collaboration
Research Reporting
Algorithm Analysis","['cambridge uk', 'mountain view ca usa', 'vancouver bc canada']"
r_1699,"Looking to utilize hands-on experience of machine learning, deep learning and Artificial Intelligence for data discovery, exploration, prediction and analysis tasks.",['n a']
r_1700,"Machine Learning Leadership
Cross-Functional Collaboration
Strategy Development
ML/NLP Infrastructure
Prototype Transformation
ML System Design
Algorithm Research
Application Development
Dataset Selection
ML Testing
Statistical Analysis
R&D in ML/NLP
Text Representation
Data Pipeline Design
Statistical Data Analysis
Model Training
Team Collaboration
Research Reporting
Algorithm Analysis",['volunteer']
r_1701,I am actively seeking opportunity as Data Analyst or Machine Learning Engineer. My goal is to discover new business strategies and create an impact through data driven analytical decisions and leading the business to success.,['student']
r_1702,I am Data science enthusiast focused on solving complex problems using machine learning techniques. I try to simplify problems and attack them head on. Always working and striving to be better solution finder.,['deep learning']
r_1703,"['ASP.NET 4.5', 'academic', 'Clustering', 'consulting', 'curriculum development', 'customer satisfaction', 'data analysis', 'data mining', 'data warehouse', 'Databases', 'database', 'database design', 'database management', 'data warehousing', 'environmental protection', 'Environmental Science', 'GIS', 'HTML', 'instructor', 'Lecturer', 'legal', 'machine learning', 'managing', 'materials', 'meetings', 'C#', 'Microsoft SQL', 'modeling', 'Natural', 'Oracle', 'process development and engineering', 'processes', 'progress', 'Python', 'quality', 'researching', 'research', 'SAS', 'shipping', 'SPSS', 'SQL', 'Statistics', 'Tableau', 'teaching', 'technical support', 'workshops']","['city state', 'n a']"
r_1704,"Energetic, innovative engineering undergraduate, passionate about Machine Learning, NLP and Deep Learning for solving real-world problems, aiming to work in an organization providing great learning experience and growth opportunities for mutual benefit.","['apr 2021', 'dec 2020', 'feb 2021', 'nov 2021']"
r_1705,,['jr data scientist']
r_1706,"I am an experienced analytics specialist seeking a full-time position in the field of data science and application in business problem solving, where I can apply my knowledge and skills for continuous improvement.",['analytics certification']
r_1707,I am an assistant software engineer working on cloud-based solutions. After working on a couple of Machine Learning application evaluations and deployment I got really engrossed into the domain and would like to work more towards improving myself.,['n a']
r_1708,I am a Post Graduate having knowledge of industry-level Machine Learning problems and Research topics. I currently work as a Machine Learning Engineer and I want to keep exploring such opportunities.,['n a']
r_1709,I am looking for a job switch to transition into Data Science and utilize my currents skills & learnings from my Master's course to solve new problems.,['n a']
r_1710,"Machine Learning Engineer seeking roles in Machine Learning, Natural Language Processing, Artificial Intelligence, Data Science.",['n a']
r_1711,I am a Post Graduate having knowledge of industry-level Machine Learning problems and Research topics. I currently work as a Machine Learning Engineer and I want to keep exploring such opportunities.,['n a']
r_1712,Fresher starting out and wanting to join a role of machine learning engineer or data science engineer.,['python statistics with pandas and matplotlib']
r_1713,"Machine Learning Engineer seeking assignments Deep Learning, Reinforcement Learning, Tensorflow. Keras.",['scholar']
r_1714,I am a software engineer who has worked on several computer vision projects and their end to end deployment. I am looking to join as a Machine Learning developer to closely work on problems and increase my grasp over the domain.,"['deployment of end to end ml projects', 'n a']"
r_1715,"Software developer with a niche towards end to end machine learning projects. Motivated towards learning, solving and producing better results.",['participant']
r_1716,I am a software engineer who has worked on several computer vision projects and their end to end deployment. I am looking to join as a Machine Learning developer to closely work on problems and increase my grasp over the domain.,"['deployment of end to end ml projects', 'n a']"
r_1717,"Machine Learning Leadership
Cross-Functional Collaboration
Strategy Development
ML/NLP Infrastructure
Prototype Transformation
ML System Design
Algorithm Research
Application Development
Dataset Selection
ML Testing
Statistical Analysis
R&D in ML/NLP
Text Representation
Data Pipeline Design
Statistical Data Analysis
Model Training
Team Collaboration
Research Reporting
Algorithm Analysis","['malvern pa', 'pittsburgh pa']"
r_1718,"Machine Learning Leadership
Cross-Functional Collaboration
Strategy Development
ML/NLP Infrastructure
Prototype Transformation
ML System Design
Algorithm Research
Application Development
Dataset Selection
ML Testing
Statistical Analysis
R&D in ML/NLP
Text Representation
Data Pipeline Design
Statistical Data Analysis
Model Training
Team Collaboration
Research Reporting
Algorithm Analysis",['n a']
r_1719,Would like to join any firm as a software developer in machine learning projects.,['n a']
r_1720,"Machine Learning Leadership
Cross-Functional Collaboration
Strategy Development
ML/NLP Infrastructure
Prototype Transformation
ML System Design
Algorithm Research
Application Development
Dataset Selection
ML Testing
Statistical Analysis
R&D in ML/NLP
Text Representation
Data Pipeline Design
Statistical Data Analysis
Model Training
Team Collaboration
Research Reporting
Algorithm Analysis",['city state']
r_1721,"Data Analyst, interested in Machine Learning application development. As a data analyst, I have extensive experience with data preprocessing and pipeline building and I would like to venture further into this domain to learn more about it.",['n a']
r_1722,"Machine Learning Leadership
Cross-Functional Collaboration
Strategy Development
ML/NLP Infrastructure
Prototype Transformation
ML System Design
Algorithm Research
Application Development
Dataset Selection
ML Testing
Statistical Analysis
R&D in ML/NLP
Text Representation
Data Pipeline Design
Statistical Data Analysis
Model Training
Team Collaboration
Research Reporting
Algorithm Analysis",['n a']
r_1723,"Experienced software professional looking for data science and machine learning roles. Masters in machine learning. Good Knowledge of Software Development processes and Object-oriented programming. Sound Knowledge of python, scikit learn and keras.",['n a']
r_1724,I am Data science enthusiast focused on solving complex problems using machine learning techniques. I try to simplify problems and attack them head on. Always working and striving to be better solution finder.,"['alb', 'ci cd', 'django api design server side logic drf django rest framework database management postgresql', 'docker', 'ec2', 'ecs', 'etc linux', 'full stack development front end reactjs', 'gitlab terraform', 'mysql version control git aws ecr', 'nextjs backend python', 'rds', 'shell scripting']"
r_1725,"Machine Learning Leadership
Cross-Functional Collaboration
Strategy Development
ML/NLP Infrastructure
Prototype Transformation
ML System Design
Algorithm Research
Application Development
Dataset Selection
ML Testing
Statistical Analysis
R&D in ML/NLP
Text Representation
Data Pipeline Design
Statistical Data Analysis
Model Training
Team Collaboration
Research Reporting
Algorithm Analysis",['n a']
r_1726,Recently graduated fresher experienced in Machine Learning and Natural Language Processing looking for roles that involve projects in the same.,['py thonist']
r_1727,I am currently looking for an opportunity as a Data Science or Machine Learning Engineer.,['business analyst']
r_1728,A highly disciplined and hard-working individual seeking challenging opportunity in the field of data science and data analytics where I can utilize my skills and knowledge to contribute for the growth of the organization,['data science using machine learning with r and python data analytics']
r_1729,"As a research assistant I always try to define new boundaries and work in a meticulous way to figure out solutions. I have used Machine Learning as a base for our product design to synthesis chemical architectures and their reaction, right now I would like to be involved more on the application development side and was looking for an opportunity that did such.",['n a']
r_1730,I am currently looking for an opportunity as a Data Science or Machine Learning Engineer.,['business analyst']
r_1731,"Machine Learning Leadership
Cross-Functional Collaboration
Strategy Development
ML/NLP Infrastructure
Prototype Transformation
ML System Design
Algorithm Research
Application Development
Dataset Selection
ML Testing
Statistical Analysis
R&D in ML/NLP
Text Representation
Data Pipeline Design
Statistical Data Analysis
Model Training
Team Collaboration
Research Reporting
Algorithm Analysis",['deep learning masters machine learning']
r_1732,"Machine Learning Leadership
Cross-Functional Collaboration
Strategy Development
ML/NLP Infrastructure
Prototype Transformation
ML System Design
Algorithm Research
Application Development
Dataset Selection
ML Testing
Statistical Analysis
R&D in ML/NLP
Text Representation
Data Pipeline Design
Statistical Data Analysis
Model Training
Team Collaboration
Research Reporting
Algorithm Analysis",['dec 2016']
r_1733,Graduate database management engineer looking to join a role in data analytics or cloud-based machine learning solutions.,['data science on cloud']
r_1734,Graduating Ph.D. candidate with a research focus on developing large-scale computational models using statistics and machine learning approach. Interested in a career as a computational scientist or quantitative software developer.,"['city', 'city state']"
r_1735,,['nlp developer']
r_1736,"Machine Learning Design
Data Analysis
Model Training
AI Integration
Innovation
Cross-Functional Collaboration
Model Deployment
Documentation
Analytical Skills
Communication
Team Collaboration",['python r or java tensorflow pytorch scikit learn']
r_1737,"Machine Learning Design
Data Analysis
Model Training
AI Integration
Innovation
Cross-Functional Collaboration
Model Deployment
Documentation
Analytical Skills
Communication
Team Collaboration",['python r or java tensorflow pytorch scikit learn']
r_1738,Fresher Computer vision and Machine Learning Engineer looking for a job that is both challenging and fun in terms of problem-solving. Also an expert in maintaining and managing Tableau and Power BI dashboards to address business.,"['honorary member', 'innovator of the year runner up']"
r_1739,"Experienced software professional looking for data science and machine learning roles. Masters in machine learning. Good Knowledge of Software Development processes and Object-oriented programming. Sound Knowledge of python, scikit learn and keras.",['n a']
r_1740,"Machine Learning Design
Data Analysis
Model Training
AI Integration
Innovation
Cross-Functional Collaboration
Model Deployment
Documentation
Analytical Skills
Communication
Team Collaboration",['python r or java tensorflow pytorch scikit learn']
r_1741,"Graduate analyst currently working as business analyst consultant. As an individual, I always try to overcome problems in the most analytical manner. I want to work on Machine Learning application problems that deal with real life scenarios.","['alb', 'ci cd', 'django api design server side logic drf django rest framework database management postgresql', 'docker', 'ec2', 'ecs', 'etc linux', 'full stack development front end reactjs', 'gitlab terraform', 'mysql version control git aws ecr', 'nextjs backend python', 'rds', 'shell scripting']"
r_1742,"Machine Learning Leadership
Cross-Functional Collaboration
Strategy Development
ML/NLP Infrastructure
Prototype Transformation
ML System Design
Algorithm Research
Application Development
Dataset Selection
ML Testing
Statistical Analysis
R&D in ML/NLP
Text Representation
Data Pipeline Design
Statistical Data Analysis
Model Training
Team Collaboration
Research Reporting
Algorithm Analysis","['a gentle introduction to deep learning using keras', 'deep learning advanced nlp and rnns', 'machine learning a z handson python r in data science']"
r_1743,"Young Aspirant looking for roles in data science, analytics and Machine Learning.",['n a']
r_1744,"Experienced software professional looking for data science and machine learning roles. Masters in machine learning. Good Knowledge of Software Development processes and Object-oriented programming. Sound Knowledge of python, scikit learn and keras.",['n a']
r_1745,"I am a software engineer, and I want to work on full time roles associated with Machine Learning. I have previously worked on some corporate models and due to its intricacies I want to explore more in the domain.",['n a']
r_1746,"Fresher having knowledge in machine learning and natural language processing. Looking to join a role where I can learn from an well informed environment, experiment and produce promising results and work with different kinds of data.",['nanyang university']
r_1747,"Looking to utilize hands-on experience of machine learning, deep learning and Artificial Intelligence for data discovery, exploration, prediction and analysis tasks.",['n a']
r_1748,"Fresher starting out with Business Analysis, and machine learning modelling based on data engineering.",['n a']
r_1749,Looking for roles related to application development in Machine Learning.,['n a']
r_1750,"Software developer with a niche towards end to end machine learning projects. Motivated towards learning, solving and producing better results.",['participant']
r_1751,"A Fresher Seeking Roles In Machine Learning, Business Analysis, Data Predictive Modelling, Statistical Solutions, Data Mining.",['data science and bigdata']
r_1752,Understanding and solving problems has been one my core objectives since I started working. Exploring data and the different interpretation it can have is what amazes me. Currently interested Machine Learning developer and engineer roles.,"['a gentle introduction to deep learning using keras', 'deep learning advanced nlp and rnns', 'machine learning a z handson python r in data science']"
r_1753,,['deep learning masters machine learning']
r_1754,As a junior analyst I currently work with data preprocessing and data cleaning before sending them to Machine Learning Models. I am also simultaneously training to be a machine learning engineer to work closely with teams that build models and would like to join a venture for such opportunity.,['n a']
r_1755,Recently graduated fresher experienced in Machine Learning and Natural Language Processing looking for roles that involve projects in the same.,['py thonist']
r_1756,,"['cloud infrastructure for advanced computing', 'machine learning']"
r_1757,,['ait']
r_1758,"Experienced software professional looking for data science and machine learning roles. Masters in machine learning. Good Knowledge of Software Development processes and Object-oriented programming. Sound Knowledge of python, scikit learn and keras.",['n a']
r_1759,I am a fresher who is looking to work as a software developer in Machine Learning Application building and deployment. I am experienced in both machine learning and deep learning and have worked on few collaborative projects on such.,['n a']
r_1760,"Machine Learning Design
Data Analysis
Model Training
AI Integration
Innovation
Cross-Functional Collaboration
Model Deployment
Documentation
Analytical Skills
Communication
Team Collaboration",['python r or java tensorflow pytorch scikit learn']
r_1761,I am an assistant software engineer working on cloud-based solutions. After working on a couple of Machine Learning application evaluations and deployment I got really engrossed into the domain and would like to work more towards improving myself.,['n a']
r_1762,"Energetic, innovative engineering undergraduate, passionate about Machine Learning, NLP and Deep Learning for solving real-world problems, aiming to work in an organization providing great learning experience and growth opportunities for mutual benefit.","['apr 2021', 'dec 2020', 'feb 2021', 'nov 2021']"
r_1763,I am a software developer and analyst professional working for a year with client side technology and Machine Learning product delivery. I have handled small but scalable Machine Learning projects and want to expand my experience and expertise in the domain.,['applied machine learning course']
r_1764,,['tensorflow and keras']
r_1765,"Young Aspirant looking for roles in data science, analytics and Machine Learning.",['n a']
r_1766,I am currently working as a junior Machine Learning Engineer and I want to learn more about how Machine Learning projects impact real work scenarios.,['n a']
r_1767,"Machine Learning Leadership
Cross-Functional Collaboration
Strategy Development
ML/NLP Infrastructure
Prototype Transformation
ML System Design
Algorithm Research
Application Development
Dataset Selection
ML Testing
Statistical Analysis
R&D in ML/NLP
Text Representation
Data Pipeline Design
Statistical Data Analysis
Model Training
Team Collaboration
Research Reporting
Algorithm Analysis","['city state', 'n a']"
r_1768,,['tensorflow and keras']
r_1769,"As a research assistant I always try to define new boundaries and work in a meticulous way to figure out solutions. I have used Machine Learning as a base for our product design to synthesis chemical architectures and their reaction, right now I would like to be involved more on the application development side and was looking for an opportunity that did such.",['n a']
r_1770,"Skilled Machine Learning and Deep Learning practitioner, and I have worked on Computer vision-based projects. On the lookout for opportunities that help me understand more about the domain.",['attendee']
r_1771,Understanding and solving problems has been one my core objectives since I started working. Exploring data and the different interpretation it can have is what amazes me. Currently interested Machine Learning developer and engineer roles.,"['a gentle introduction to deep learning using keras', 'deep learning advanced nlp and rnns', 'machine learning a z handson python r in data science']"
r_1772,Software Engineer with a track record of Implementing and completing projects on time and in alignment with client expectations. Enthusiast about Data Science and keen to learn and explore.,['n a']
r_1773,I am currently a Graduate who works with NLP-based problems. I am also familiar with Machine Learning Methodologies for production environments. Always a team player and ready to take criticism and work towards better outcomes.,"['alb', 'ci cd', 'django api design server side logic drf django rest framework database management postgresql', 'docker', 'ec2', 'ecs', 'etc linux', 'full stack development front end reactjs', 'gitlab terraform', 'mysql version control git aws ecr', 'nextjs backend python', 'rds', 'shell scripting']"
r_1774,I am Data science enthusiast focused on solving complex problems using machine learning techniques. I try to simplify problems and attack them head on. Always working and striving to be better solution finder.,['deep learning']
r_1775,Want to work as a Machine Learning Production Engineer.,['n a']
r_1776,,['python analysis with pandas and numpy']
r_1777,"Machine Learning Leadership
Cross-Functional Collaboration
Strategy Development
ML/NLP Infrastructure
Prototype Transformation
ML System Design
Algorithm Research
Application Development
Dataset Selection
ML Testing
Statistical Analysis
R&D in ML/NLP
Text Representation
Data Pipeline Design
Statistical Data Analysis
Model Training
Team Collaboration
Research Reporting
Algorithm Analysis","['ensign college slc', 'slc', 'university of utah slc']"
r_1778,,"['natural language processing with python', 'python for big data with pyspark']"
r_1779,"Machine Learning Design
Data Analysis
Model Training
AI Integration
Innovation
Cross-Functional Collaboration
Model Deployment
Documentation
Analytical Skills
Communication
Team Collaboration",['python r or java tensorflow pytorch scikit learn']
r_1780,I am a fresher who is looking to work as a software developer in Machine Learning Application building and deployment. I am experienced in both machine learning and deep learning and have worked on few collaborative projects on such.,['n a']
r_1781,"Machine learning Enthusiast. Motivated to learn, grow and excel my experience by challenging myself.",['data science with python']
r_1782,"A curiosity-driven data scientist, eager to leverage machine learning and data analytics to extract meaningful insights, make informed decisions and solve challenging business problems. I ensure to contribute with my knowledge, logical thinking and analytical skills towards the consistent growth and development of the organization, and enhance my experience through continuous learning and teamwork.",['n a']
r_1783,I am a fresher specializing in data analytics and Machine Learning Application development. I believe that if given the opportunity I can prove my potential as a developer. I can easily communicate and work under someone's supervision who can guide me and help me in this journey of learning and exploring.,['participant']
r_1784,"Data Analyst, interested in Machine Learning application development. As a data analyst, I have extensive experience with data preprocessing and pipeline building and I would like to venture further into this domain to learn more about it.",['n a']
r_1785,I am actively seeking opportunity as Data Analyst or Machine Learning Engineer. My goal is to discover new business strategies and create an impact through data driven analytical decisions and leading the business to success.,['student']
r_1786,"I am a software engineer, and I want to work on full time roles associated with Machine Learning. I have previously worked on some corporate models and due to its intricacies I want to explore more in the domain.",['n a']
r_1787,"Machine Learning Leadership
Cross-Functional Collaboration
Strategy Development
ML/NLP Infrastructure
Prototype Transformation
ML System Design
Algorithm Research
Application Development
Dataset Selection
ML Testing
Statistical Analysis
R&D in ML/NLP
Text Representation
Data Pipeline Design
Statistical Data Analysis
Model Training
Team Collaboration
Research Reporting
Algorithm Analysis",['ibm data analytics']
r_1788,"A curiosity-driven data scientist, eager to leverage machine learning and data analytics to extract meaningful insights, make informed decisions and solve challenging business problems. I ensure to contribute with my knowledge, logical thinking and analytical skills towards the consistent growth and development of the organization, and enhance my experience through continuous learning and teamwork.",['n a']
r_1789,"An avid data analyst looking to step into the world of machine learning and data sciences. I have experience related to Data Mining, Data Visualization, Text Analytics, Data Collection and would currently like to expand my horizon and work on Machine Learning projects.",['n a']
r_1790,I am Data science enthusiast focused on solving complex problems using machine learning techniques. I try to simplify problems and attack them head on. Always working and striving to be better solution finder.,['deep learning']
r_1791,Recent Graduate testing and debugging machine learning models. I have worked on multiple projects and have contributed to the testing and quality control of models over time. I am looking to switch to a development role where I can exercise my skills.,['n a']
r_1792,"['ASP.NET 4.5', 'academic', 'Clustering', 'consulting', 'curriculum development', 'customer satisfaction', 'data analysis', 'data mining', 'data warehouse', 'Databases', 'database', 'database design', 'database management', 'data warehousing', 'environmental protection', 'Environmental Science', 'GIS', 'HTML', 'instructor', 'Lecturer', 'legal', 'machine learning', 'managing', 'materials', 'meetings', 'C#', 'Microsoft SQL', 'modeling', 'Natural', 'Oracle', 'process development and engineering', 'processes', 'progress', 'Python', 'quality', 'researching', 'research', 'SAS', 'shipping', 'SPSS', 'SQL', 'Statistics', 'Tableau', 'teaching', 'technical support', 'workshops']","['city state', 'n a']"
r_1793,I am currently working as a junior Machine Learning Engineer and I want to learn more about how Machine Learning projects impact real work scenarios.,['n a']
r_1794,Interested in helping businesses take best decisions using Machine learning and Deep learning solutions.,['n a']
r_1795,,"['natural language processing with python', 'python for big data with pyspark']"
r_1796,"Machine Learning Leadership
Cross-Functional Collaboration
Strategy Development
ML/NLP Infrastructure
Prototype Transformation
ML System Design
Algorithm Research
Application Development
Dataset Selection
ML Testing
Statistical Analysis
R&D in ML/NLP
Text Representation
Data Pipeline Design
Statistical Data Analysis
Model Training
Team Collaboration
Research Reporting
Algorithm Analysis",['n a']
r_1797,Fresher starting out and wanting to join a role of machine learning engineer or data science engineer.,['python statistics with pandas and matplotlib']
r_1798,As a junior analyst I currently work with data preprocessing and data cleaning before sending them to Machine Learning Models. I am also simultaneously training to be a machine learning engineer to work closely with teams that build models and would like to join a venture for such opportunity.,['n a']
r_1799,Data Science Explorer with a keen interest in application models of Machine learning.,['n a']
r_1800,,"['city state', 'navi mumbai india']"
r_1801,Fresher Computer vision and Machine Learning Engineer looking for a job that is both challenging and fun in terms of problem-solving. Also an expert in maintaining and managing Tableau and Power BI dashboards to address business.,"['honorary member', 'innovator of the year runner up']"
r_1802,"Machine Learning Design
Data Analysis
Model Training
AI Integration
Innovation
Cross-Functional Collaboration
Model Deployment
Documentation
Analytical Skills
Communication
Team Collaboration",['python r or java tensorflow pytorch scikit learn']
r_1803,"Machine Learning Leadership
Cross-Functional Collaboration
Strategy Development
ML/NLP Infrastructure
Prototype Transformation
ML System Design
Algorithm Research
Application Development
Dataset Selection
ML Testing
Statistical Analysis
R&D in ML/NLP
Text Representation
Data Pipeline Design
Statistical Data Analysis
Model Training
Team Collaboration
Research Reporting
Algorithm Analysis",['city state']
r_1804,,"['participant', 'vice president social chair greek week delegate']"
r_1805,"Machine Learning Design
Data Analysis
Model Training
AI Integration
Innovation
Cross-Functional Collaboration
Model Deployment
Documentation
Analytical Skills
Communication
Team Collaboration",['python r or java tensorflow pytorch scikit learn']
r_1806,"Machine Learning Design
Data Analysis
Model Training
AI Integration
Innovation
Cross-Functional Collaboration
Model Deployment
Documentation
Analytical Skills
Communication
Team Collaboration",['python r or java tensorflow pytorch scikit learn']
r_1807,,['ait']
r_1808,Fresher who is dynamic and defined when it comes to domain knowledge related to Data Analytics and Machine Learning.,['participant']
r_1809,,['training and deploying a machine model']
r_1810,I am a Post Graduate having knowledge of industry-level Machine Learning problems and Research topics. I currently work as a Machine Learning Engineer and I want to keep exploring such opportunities.,['n a']
r_1811,"Machine learning Enthusiast. Motivated to learn, grow and excel my experience by challenging myself.","['alb', 'ci cd', 'django api design server side logic drf django rest framework database management postgresql', 'docker', 'ec2', 'ecs', 'etc linux', 'full stack development front end reactjs', 'gitlab terraform', 'mysql version control git aws ecr', 'nextjs backend python', 'rds', 'shell scripting']"
r_1812,Graduate Looking for roles related to BU analyst and machine learning.,['data analyst python programming']
r_1813,"Machine Learning Leadership
Cross-Functional Collaboration
Strategy Development
ML/NLP Infrastructure
Prototype Transformation
ML System Design
Algorithm Research
Application Development
Dataset Selection
ML Testing
Statistical Analysis
R&D in ML/NLP
Text Representation
Data Pipeline Design
Statistical Data Analysis
Model Training
Team Collaboration
Research Reporting
Algorithm Analysis",['native speaker']
r_1814,I am fresher data analyst starting out in ERP and MIS. As a fresher I am looking for roles specific to data science and machine learning to learn about the subject and create amazing applications to solve real life problems.,['data science with python']
r_1815,"Fresher having knowledge in machine learning and natural language processing. Looking to join a role where I can learn from an well informed environment, experiment and produce promising results and work with different kinds of data.",['nanyang university']
r_1816,"Graduate analyst currently working as business analyst consultant. As an individual, I always try to overcome problems in the most analytical manner. I want to work on Machine Learning application problems that deal with real life scenarios.",['n a']
r_1817,"Fresher having knowledge in machine learning and natural language processing. Looking to join a role where I can learn from an well informed environment, experiment and produce promising results and work with different kinds of data.","['alb', 'ci cd', 'django api design server side logic drf django rest framework database management postgresql', 'docker', 'ec2', 'ecs', 'etc linux', 'full stack development front end reactjs', 'gitlab terraform', 'mysql version control git aws ecr', 'nextjs backend python', 'rds', 'shell scripting']"
r_1818,"Machine Learning Design
Data Analysis
Model Training
AI Integration
Innovation
Cross-Functional Collaboration
Model Deployment
Documentation
Analytical Skills
Communication
Team Collaboration",['python r or java tensorflow pytorch scikit learn']
r_1819,"Machine Learning Design
Data Analysis
Model Training
AI Integration
Innovation
Cross-Functional Collaboration
Model Deployment
Documentation
Analytical Skills
Communication
Team Collaboration",['python r or java tensorflow pytorch scikit learn']
r_1820,I am a software developer and analyst professional working for a year with client side technology and Machine Learning product delivery. I have handled small but scalable Machine Learning projects and want to expand my experience and expertise in the domain.,['applied machine learning course']
r_1821,"I am a software engineer, and I want to work on full time roles associated with Machine Learning. I have previously worked on some corporate models and due to its intricacies I want to explore more in the domain.",['n a']
r_1822,"Machine Learning Design
Data Analysis
Model Training
AI Integration
Innovation
Cross-Functional Collaboration
Model Deployment
Documentation
Analytical Skills
Communication
Team Collaboration",['python r or java tensorflow pytorch scikit learn']
r_1823,I am Data science enthusiast focused on solving complex problems using machine learning techniques. I try to simplify problems and attack them head on. Always working and striving to be better solution finder.,['deep learning']
r_1824,Data analyst actively seeking job roles related to data science and machine learning.,['ibm data analytics']
r_1825,I am a software engineer who has worked on several computer vision projects and their end to end deployment. I am looking to join as a Machine Learning developer to closely work on problems and increase my grasp over the domain.,"['deployment of end to end ml projects', 'n a']"
r_1826,"Experienced software professional looking for data science and machine learning roles. Masters in machine learning. Good Knowledge of Software Development processes and Object-oriented programming. Sound Knowledge of python, scikit learn and keras.",['n a']
r_1827,"Machine Learning Design
Data Analysis
Model Training
AI Integration
Innovation
Cross-Functional Collaboration
Model Deployment
Documentation
Analytical Skills
Communication
Team Collaboration",['python r or java tensorflow pytorch scikit learn']
r_1828,"Currently looking for an opportunity in Machine Learning and Deep Learning roles. I have a good depth of knowledge in ML Algorithms, various CNN architectures, and worked on Time series data, Image captioning, NLP tasks. Interested to work with an enthusiastic team on business problems.","['alb', 'ci cd', 'django api design server side logic drf django rest framework database management postgresql', 'docker', 'ec2', 'ecs', 'etc linux', 'full stack development front end reactjs', 'gitlab terraform', 'mysql version control git aws ecr', 'nextjs backend python', 'rds', 'shell scripting']"
r_1829,"Machine Learning Design
Data Analysis
Model Training
AI Integration
Innovation
Cross-Functional Collaboration
Model Deployment
Documentation
Analytical Skills
Communication
Team Collaboration",['python r or java tensorflow pytorch scikit learn']
r_1830,"Passionate Data Engineer with a zeal to excel forward and produce promising outcomes. Hands-on knowledge in various Machine Learning Algorithms. Also experienced in data mining, warehouse maintaining, and visualization. In search of a role where I can nurture my skills and contribute to the growth of the company and myself.",['n a']
r_1831,Data Science Explorer with a keen interest in application models of Machine learning.,['n a']
r_1832,Graduate Looking for roles related to BU analyst and machine learning.,['data analyst python programming']
r_1833,"Machine Learning Leadership
Cross-Functional Collaboration
Strategy Development
ML/NLP Infrastructure
Prototype Transformation
ML System Design
Algorithm Research
Application Development
Dataset Selection
ML Testing
Statistical Analysis
R&D in ML/NLP
Text Representation
Data Pipeline Design
Statistical Data Analysis
Model Training
Team Collaboration
Research Reporting
Algorithm Analysis","['city state', 'deland fl']"
r_1834,"Young Aspirant looking for roles in data science, analytics and Machine Learning.",['n a']
r_1835,"Machine Learning Design
Data Analysis
Model Training
AI Integration
Innovation
Cross-Functional Collaboration
Model Deployment
Documentation
Analytical Skills
Communication
Team Collaboration",['python r or java tensorflow pytorch scikit learn']
r_1836,Software Engineer with a track record of Implementing and completing projects on time and in alignment with client expectations. Enthusiast about Data Science and keen to learn and explore.,['n a']
r_1837,"Machine Learning Design
Data Analysis
Model Training
AI Integration
Innovation
Cross-Functional Collaboration
Model Deployment
Documentation
Analytical Skills
Communication
Team Collaboration",['python r or java tensorflow pytorch scikit learn']
r_1838,"Machine Learning Leadership
Cross-Functional Collaboration
Strategy Development
ML/NLP Infrastructure
Prototype Transformation
ML System Design
Algorithm Research
Application Development
Dataset Selection
ML Testing
Statistical Analysis
R&D in ML/NLP
Text Representation
Data Pipeline Design
Statistical Data Analysis
Model Training
Team Collaboration
Research Reporting
Algorithm Analysis",['n a']
r_1839,,['data science']
r_1840,"Graduate analyst currently working as business analyst consultant. As an individual, I always try to overcome problems in the most analytical manner. I want to work on Machine Learning application problems that deal with real life scenarios.",['n a']
r_1841,Data analyst actively seeking job roles related to data science and machine learning.,['ibm data analytics']
r_1842,"Machine Learning Design
Data Analysis
Model Training
AI Integration
Innovation
Cross-Functional Collaboration
Model Deployment
Documentation
Analytical Skills
Communication
Team Collaboration",['python r or java tensorflow pytorch scikit learn']
r_1843,,"['machine learning with python', 'neural network applied in pytorch']"
r_1844,"Machine Learning Design
Data Analysis
Model Training
AI Integration
Innovation
Cross-Functional Collaboration
Model Deployment
Documentation
Analytical Skills
Communication
Team Collaboration",['python r or java tensorflow pytorch scikit learn']
r_1845,A highly disciplined and hard-working individual seeking challenging opportunity in the field of data science and data analytics where I can utilize my skills and knowledge to contribute for the growth of the organization,['data science using machine learning with r and python data analytics']
r_1846,"Machine Learning Design
Data Analysis
Model Training
AI Integration
Innovation
Cross-Functional Collaboration
Model Deployment
Documentation
Analytical Skills
Communication
Team Collaboration",['python r or java tensorflow pytorch scikit learn']
r_1847,"To design, develop and manage products in the field of consumer electronics devices, networking protocols, internet applications and connected devices. Vision to create personalized experiences based on machine learning.",['city state']
r_1848,Looking for roles related to application development in Machine Learning.,['n a']
r_1849,"Skilled Machine Learning and Deep Learning practitioner, and I have worked on Computer vision-based projects. On the lookout for opportunities that help me understand more about the domain.",['attendee']
r_1850,"Machine Learning Leadership
Cross-Functional Collaboration
Strategy Development
ML/NLP Infrastructure
Prototype Transformation
ML System Design
Algorithm Research
Application Development
Dataset Selection
ML Testing
Statistical Analysis
R&D in ML/NLP
Text Representation
Data Pipeline Design
Statistical Data Analysis
Model Training
Team Collaboration
Research Reporting
Algorithm Analysis",['city state']
r_1851,"Machine Learning Design
Data Analysis
Model Training
AI Integration
Innovation
Cross-Functional Collaboration
Model Deployment
Documentation
Analytical Skills
Communication
Team Collaboration",['python r or java tensorflow pytorch scikit learn']
r_1852,"Machine Learning Design
Data Analysis
Model Training
AI Integration
Innovation
Cross-Functional Collaboration
Model Deployment
Documentation
Analytical Skills
Communication
Team Collaboration",['python r or java tensorflow pytorch scikit learn']
r_1853,I am a fresher business analyst with a knack for building applications that use machine learning and deep learning.,['team lead']
r_1854,"Young Aspirant looking for roles in data science, analytics and Machine Learning.",['n a']
r_1855,I am currently looking for an opportunity as a Data Science or Machine Learning Engineer.,['business analyst']
r_1856,"Machine Learning Design
Data Analysis
Model Training
AI Integration
Innovation
Cross-Functional Collaboration
Model Deployment
Documentation
Analytical Skills
Communication
Team Collaboration",['python r or java tensorflow pytorch scikit learn']
r_1857,Graduate database management engineer looking to join a role in data analytics or cloud-based machine learning solutions.,['data science on cloud']
r_1858,,"['machine learning with python', 'neural network applied in pytorch']"
r_1859,"Machine Learning Design
Data Analysis
Model Training
AI Integration
Innovation
Cross-Functional Collaboration
Model Deployment
Documentation
Analytical Skills
Communication
Team Collaboration",['python r or java tensorflow pytorch scikit learn']
r_1860,,"['chairman', 'participant']"
r_1861,Recent Graduate testing and debugging machine learning models. I have worked on multiple projects and have contributed to the testing and quality control of models over time. I am looking to switch to a development role where I can exercise my skills.,['n a']
r_1862,"Machine Learning Design
Data Analysis
Model Training
AI Integration
Innovation
Cross-Functional Collaboration
Model Deployment
Documentation
Analytical Skills
Communication
Team Collaboration",['python r or java tensorflow pytorch scikit learn']
r_1863,,['nlp developer']
r_1864,,"['chairman', 'participant']"
r_1865,Currently seeking opportunities as an Analyst as well as Machine Learning Engineer.,['junior engineer award l t best solution provided l t']
r_1866,"Graduate analyst currently working as business analyst consultant. As an individual, I always try to overcome problems in the most analytical manner. I want to work on Machine Learning application problems that deal with real life scenarios.",['n a']
r_1867,Want to work as a Machine Learning Production Engineer.,['n a']
r_1868,I recently graduated with a B.Tech degree in IT and currently am looking for jobs in sectors related to machine learning. I want to explore and hone my skills. I am committed towards better coding practices.,['n a']
r_1869,I am looking for a job switch to transition into Data Science and utilize my currents skills & learnings from my Master's course to solve new problems.,['n a']
r_1870,I am a software developer and analyst professional working for a year with client side technology and Machine Learning product delivery. I have handled small but scalable Machine Learning projects and want to expand my experience and expertise in the domain.,['applied machine learning course']
r_1871,"Machine Learning Design
Data Analysis
Model Training
AI Integration
Innovation
Cross-Functional Collaboration
Model Deployment
Documentation
Analytical Skills
Communication
Team Collaboration",['python r or java tensorflow pytorch scikit learn']
r_1872,,['data scientist python developer certification advanced data analytics with python and r']
r_1873,"Machine Learning Design
Data Analysis
Model Training
AI Integration
Innovation
Cross-Functional Collaboration
Model Deployment
Documentation
Analytical Skills
Communication
Team Collaboration",['python r or java tensorflow pytorch scikit learn']
r_1874,"A curiosity-driven data scientist, eager to leverage machine learning and data analytics to extract meaningful insights, make informed decisions and solve challenging business problems. I ensure to contribute with my knowledge, logical thinking and analytical skills towards the consistent growth and development of the organization, and enhance my experience through continuous learning and teamwork.",['n a']
r_1875,Seeking challenging opportunity in the field of data science and data analytics where I can utilize my skills and knowledge to contribute for the growth of the organization,['n a']
r_1876,"Machine Learning Design
Data Analysis
Model Training
AI Integration
Innovation
Cross-Functional Collaboration
Model Deployment
Documentation
Analytical Skills
Communication
Team Collaboration",['python r or java tensorflow pytorch scikit learn']
r_1877,"Machine Learning engineer who has worked on multiple projects with knowledge in big data handling and business analytics. As someone who is always learning, I would love to use my knowledge to provide the best solutions.",['n a']
r_1878,"Machine Learning Leadership
Cross-Functional Collaboration
Strategy Development
ML/NLP Infrastructure
Prototype Transformation
ML System Design
Algorithm Research
Application Development
Dataset Selection
ML Testing
Statistical Analysis
R&D in ML/NLP
Text Representation
Data Pipeline Design
Statistical Data Analysis
Model Training
Team Collaboration
Research Reporting
Algorithm Analysis",['n a']
r_1879,Interested in helping businesses take best decisions using Machine learning and Deep learning solutions.,['n a']
r_1880,"I am a Master of Data Science graduate looking to work as a fulltime employee, seeking an entry level role in data science domain. I can offer a strong programming skills and good academic results together with a sound knowledge of implementing Machine learning techniques. Also, I am keen to learn new skill sets that the role demands. I am a highly analytical individual with interpersonal and technical skills, a desire to learn and determined attitude to succeed.",['data management on large scale']
r_1881,"Machine Learning Design
Data Analysis
Model Training
AI Integration
Innovation
Cross-Functional Collaboration
Model Deployment
Documentation
Analytical Skills
Communication
Team Collaboration",['python r or java tensorflow pytorch scikit learn']
r_1882,As a junior analyst I currently work with data preprocessing and data cleaning before sending them to Machine Learning Models. I am also simultaneously training to be a machine learning engineer to work closely with teams that build models and would like to join a venture for such opportunity.,['n a']
r_1883,"Machine learning Enthusiast. Motivated to learn, grow and excel my experience by challenging myself.",['data science with python']
r_1884,"Data Analyst, interested in Machine Learning application development. As a data analyst, I have extensive experience with data preprocessing and pipeline building and I would like to venture further into this domain to learn more about it.",['n a']
r_1885,,"['cloud infrastructure for advanced computing', 'machine learning']"
r_1886,"I am a Junior Machine Learning developer who focuses on data improvement and modelling, finding patterns in large databases and optimization of different models.",['nasik']
r_1887,"Machine Learning Leadership
Cross-Functional Collaboration
Strategy Development
ML/NLP Infrastructure
Prototype Transformation
ML System Design
Algorithm Research
Application Development
Dataset Selection
ML Testing
Statistical Analysis
R&D in ML/NLP
Text Representation
Data Pipeline Design
Statistical Data Analysis
Model Training
Team Collaboration
Research Reporting
Algorithm Analysis",['data science on cloud']
r_1888,Recently graduated fresher experienced in Machine Learning and Natural Language Processing looking for roles that involve projects in the same.,['py thonist']
r_1889,"Machine Learning engineer who has worked on multiple projects with knowledge in big data handling and business analytics. As someone who is always learning, I would love to use my knowledge to provide the best solutions.",['n a']
r_1890,I recently graduated with a B.Tech degree in IT and currently am looking for jobs in sectors related to machine learning. I want to explore and hone my skills. I am committed towards better coding practices.,['n a']
r_1891,Currently seeking opportunities as an Analyst as well as Machine Learning Engineer.,['junior engineer award l t best solution provided l t']
r_1892,"Machine Learning Design
Data Analysis
Model Training
AI Integration
Innovation
Cross-Functional Collaboration
Model Deployment
Documentation
Analytical Skills
Communication
Team Collaboration",['python r or java tensorflow pytorch scikit learn']
r_1893,,"['chairman', 'participant']"
r_1894,I am a fresher business analyst with a knack for building applications that use machine learning and deep learning.,['team lead']
r_1895,Seeking challenging opportunity in the field of data science and data analytics where I can utilize my skills and knowledge to contribute for the growth of the organization,['n a']
r_1896,,['data analyst nano degree']
r_1897,"Machine learning Enthusiast. Motivated to learn, grow and excel my experience by challenging myself.",['data science with python']
r_1898,"Machine Learning Leadership
Cross-Functional Collaboration
Strategy Development
ML/NLP Infrastructure
Prototype Transformation
ML System Design
Algorithm Research
Application Development
Dataset Selection
ML Testing
Statistical Analysis
R&D in ML/NLP
Text Representation
Data Pipeline Design
Statistical Data Analysis
Model Training
Team Collaboration
Research Reporting
Algorithm Analysis",['city state']
r_1899,I am a fresher who is looking to work as a software developer in Machine Learning Application building and deployment. I am experienced in both machine learning and deep learning and have worked on few collaborative projects on such.,['n a']
r_1900,"Machine Learning Leadership
Cross-Functional Collaboration
Strategy Development
ML/NLP Infrastructure
Prototype Transformation
ML System Design
Algorithm Research
Application Development
Dataset Selection
ML Testing
Statistical Analysis
R&D in ML/NLP
Text Representation
Data Pipeline Design
Statistical Data Analysis
Model Training
Team Collaboration
Research Reporting
Algorithm Analysis","['2011', '2016']"
r_1901,"Graduate analyst currently working as business analyst consultant. As an individual, I always try to overcome problems in the most analytical manner. I want to work on Machine Learning application problems that deal with real life scenarios.",['n a']
r_1902,"Machine Learning Design
Data Analysis
Model Training
AI Integration
Innovation
Cross-Functional Collaboration
Model Deployment
Documentation
Analytical Skills
Communication
Team Collaboration",['python r or java tensorflow pytorch scikit learn']
r_1903,I am a Post Graduate having knowledge of industry-level Machine Learning problems and Research topics. I currently work as a Machine Learning Engineer and I want to keep exploring such opportunities.,['n a']
r_1904,"Machine Learning Design
Data Analysis
Model Training
AI Integration
Innovation
Cross-Functional Collaboration
Model Deployment
Documentation
Analytical Skills
Communication
Team Collaboration",['python r or java tensorflow pytorch scikit learn']
r_1905,"Fresher having knowledge in machine learning and natural language processing. Looking to join a role where I can learn from an well informed environment, experiment and produce promising results and work with different kinds of data.",['nanyang university']
r_1906,Recently graduated fresher experienced in Machine Learning and Natural Language Processing looking for roles that involve projects in the same.,['py thonist']
r_1907,I am fresher data analyst starting out in ERP and MIS. As a fresher I am looking for roles specific to data science and machine learning to learn about the subject and create amazing applications to solve real life problems.,['data science with python']
r_1908,Software Engineer with a track record of Implementing and completing projects on time and in alignment with client expectations. Enthusiast about Data Science and keen to learn and explore.,['n a']
r_1909,"A Data Science enthusiast with a demonstrated history of working in Banking industry. Currently working on real life Data Science projects with interest in Predictive Analytics, Machine Learning and Deep Learning.",['n a']
r_1910,"Machine Learning Design
Data Analysis
Model Training
AI Integration
Innovation
Cross-Functional Collaboration
Model Deployment
Documentation
Analytical Skills
Communication
Team Collaboration",['python r or java tensorflow pytorch scikit learn']
r_1911,"As a research assistant I always try to define new boundaries and work in a meticulous way to figure out solutions. I have used Machine Learning as a base for our product design to synthesis chemical architectures and their reaction, right now I would like to be involved more on the application development side and was looking for an opportunity that did such.",['n a']
r_1912,,['data science and analytics']
r_1913,"Machine learning Enthusiast. Motivated to learn, grow and excel my experience by challenging myself.",['data science with python']
r_1914,Fresher python developer interested in data analytics and machine learning.,['statistics in python']
r_1915,I recently graduated with a B.Tech degree in IT and currently am looking for jobs in sectors related to machine learning. I want to explore and hone my skills. I am committed towards better coding practices.,['n a']
r_1916,"Machine Learning Design
Data Analysis
Model Training
AI Integration
Innovation
Cross-Functional Collaboration
Model Deployment
Documentation
Analytical Skills
Communication
Team Collaboration",['python r or java tensorflow pytorch scikit learn']
r_1917,"A Fresher Seeking Roles In Machine Learning, Business Analysis, Data Predictive Modelling, Statistical Solutions, Data Mining.",['data science and bigdata']
r_1918,Fresher Computer vision and Machine Learning Engineer looking for a job that is both challenging and fun in terms of problem-solving. Also an expert in maintaining and managing Tableau and Power BI dashboards to address business.,"['honorary member', 'innovator of the year runner up']"
r_1919,"['ASP.NET 4.5', 'academic', 'Clustering', 'consulting', 'curriculum development', 'customer satisfaction', 'data analysis', 'data mining', 'data warehouse', 'Databases', 'database', 'database design', 'database management', 'data warehousing', 'environmental protection', 'Environmental Science', 'GIS', 'HTML', 'instructor', 'Lecturer', 'legal', 'machine learning', 'managing', 'materials', 'meetings', 'C#', 'Microsoft SQL', 'modeling', 'Natural', 'Oracle', 'process development and engineering', 'processes', 'progress', 'Python', 'quality', 'researching', 'research', 'SAS', 'shipping', 'SPSS', 'SQL', 'Statistics', 'Tableau', 'teaching', 'technical support', 'workshops']","['city state', 'n a']"
r_1920,,['ait']
r_1921,Associate software engineer specializing in Machine Learning models and Optimization. I work with both natural Language processing and computer vision in terms of Modelling and development.,['n a']
r_1922,I am currently looking for an opportunity as a Data Science or Machine Learning Engineer.,['business analyst']
r_1923,I am a market research specialist with a grasp of machine learning and looking for a deeper dive into the career of being a professional machine learning engineer.,['n a']
r_1924,"Fresher starting out with Business Analysis, and machine learning modelling based on data engineering.",['n a']
r_1925,"Machine Learning Leadership
Cross-Functional Collaboration
Strategy Development
ML/NLP Infrastructure
Prototype Transformation
ML System Design
Algorithm Research
Application Development
Dataset Selection
ML Testing
Statistical Analysis
R&D in ML/NLP
Text Representation
Data Pipeline Design
Statistical Data Analysis
Model Training
Team Collaboration
Research Reporting
Algorithm Analysis",['n a']
r_1926,"Associate Solution Advisor currently enrolled in PG for Data science, Knowledge in data manipulation, analysis, reporting and data visualization. In depth knowledge of tools used for production.",['n a']
r_1927,"I am a Master of Data Science graduate looking to work as a fulltime employee, seeking an entry level role in data science domain. I can offer a strong programming skills and good academic results together with a sound knowledge of implementing Machine learning techniques. Also, I am keen to learn new skill sets that the role demands. I am a highly analytical individual with interpersonal and technical skills, a desire to learn and determined attitude to succeed.",['data management on large scale']
r_1928,Fresher who is dynamic and defined when it comes to domain knowledge related to Data Analytics and Machine Learning.,['participant']
r_1929,I am a fresher who is looking to work as a software developer in Machine Learning Application building and deployment. I am experienced in both machine learning and deep learning and have worked on few collaborative projects on such.,['n a']
r_1930,Seeking challenging opportunity in the field of data science and data analytics where I can utilize my skills and knowledge to contribute for the growth of the organization,['n a']
r_1931,Software Engineer with a track record of Implementing and completing projects on time and in alignment with client expectations. Enthusiast about Data Science and keen to learn and explore.,['n a']
r_1932,,['python analysis with pandas and numpy']
r_1933,,['training and deploying a machine model']
r_1934,Fresher who is dynamic and defined when it comes to domain knowledge related to Data Analytics and Machine Learning.,['participant']
r_1935,"Machine Learning Leadership
Cross-Functional Collaboration
Strategy Development
ML/NLP Infrastructure
Prototype Transformation
ML System Design
Algorithm Research
Application Development
Dataset Selection
ML Testing
Statistical Analysis
R&D in ML/NLP
Text Representation
Data Pipeline Design
Statistical Data Analysis
Model Training
Team Collaboration
Research Reporting
Algorithm Analysis",['city state']
r_1936,I am actively seeking opportunity as Data Analyst or Machine Learning Engineer. My goal is to discover new business strategies and create an impact through data driven analytical decisions and leading the business to success.,['student']
r_1937,Recently graduated fresher experienced in Machine Learning and Natural Language Processing looking for roles that involve projects in the same.,['py thonist']
r_1938,I am a Post Graduate having knowledge of industry-level Machine Learning problems and Research topics. I currently work as a Machine Learning Engineer and I want to keep exploring such opportunities.,['n a']
r_1939,Fresher starting out and wanting to join a role of machine learning engineer or data science engineer.,['python statistics with pandas and matplotlib']
r_1940,Graduate Looking for roles related to BU analyst and machine learning.,['data analyst python programming']
r_1941,Interested in helping businesses take best decisions using Machine learning and Deep learning solutions.,['n a']
r_1942,A highly disciplined and hard-working individual seeking challenging opportunity in the field of data science and data analytics where I can utilize my skills and knowledge to contribute for the growth of the organization,['data science using machine learning with r and python data analytics']
r_1943,"Machine Learning Leadership
Cross-Functional Collaboration
Strategy Development
ML/NLP Infrastructure
Prototype Transformation
ML System Design
Algorithm Research
Application Development
Dataset Selection
ML Testing
Statistical Analysis
R&D in ML/NLP
Text Representation
Data Pipeline Design
Statistical Data Analysis
Model Training
Team Collaboration
Research Reporting
Algorithm Analysis",['city state']
r_1944,Want to work as a Machine Learning Production Engineer.,['n a']
r_1945,"Machine Learning Leadership
Cross-Functional Collaboration
Strategy Development
ML/NLP Infrastructure
Prototype Transformation
ML System Design
Algorithm Research
Application Development
Dataset Selection
ML Testing
Statistical Analysis
R&D in ML/NLP
Text Representation
Data Pipeline Design
Statistical Data Analysis
Model Training
Team Collaboration
Research Reporting
Algorithm Analysis",['decreased proficiency due to moderate use']
r_1946,I am a software developer currently working on Machine Learning Projects. The domain of analytics and Machine Learning has amassed a greater interest for me and I want to explore and learn about the core concepts used in production. I am looking to switch to a fulltime role that will help me explore more about this.,['software lifecycle']
r_1947,Fresher Computer vision and Machine Learning Engineer looking for a job that is both challenging and fun in terms of problem-solving. Also an expert in maintaining and managing Tableau and Power BI dashboards to address business.,"['honorary member', 'innovator of the year runner up']"
r_1948,I am a fresher specializing in data analytics and Machine Learning Application development. I believe that if given the opportunity I can prove my potential as a developer. I can easily communicate and work under someone's supervision who can guide me and help me in this journey of learning and exploring.,['participant']
r_1949,"Machine Learning Design
Data Analysis
Model Training
AI Integration
Innovation
Cross-Functional Collaboration
Model Deployment
Documentation
Analytical Skills
Communication
Team Collaboration",['python r or java tensorflow pytorch scikit learn']
r_1950,Currently seeking opportunities as an Analyst as well as Machine Learning Engineer.,['junior engineer award l t best solution provided l t']
r_1951,"Machine Learning Leadership
Cross-Functional Collaboration
Strategy Development
ML/NLP Infrastructure
Prototype Transformation
ML System Design
Algorithm Research
Application Development
Dataset Selection
ML Testing
Statistical Analysis
R&D in ML/NLP
Text Representation
Data Pipeline Design
Statistical Data Analysis
Model Training
Team Collaboration
Research Reporting
Algorithm Analysis",['n a']
r_1952,"I am a recent graduate who is interested and fascinated by Machine learning. I want to join this industry and be a part of it, learn and contribute towards both the growth of the company and me as an Individuals in terms of skills.","['alb', 'ci cd', 'django api design server side logic drf django rest framework database management postgresql', 'docker', 'ec2', 'ecs', 'etc linux', 'full stack development front end reactjs', 'gitlab terraform', 'mysql version control git aws ecr', 'nextjs backend python', 'rds', 'shell scripting']"
r_1953,,['python analysis with pandas and numpy']
r_1954,,"['machine learning with python', 'neural network applied in pytorch']"
r_1955,I am Data science enthusiast focused on solving complex problems using machine learning techniques. I try to simplify problems and attack them head on. Always working and striving to be better solution finder.,['deep learning']
r_1956,"Machine Learning Engineer seeking roles in Machine Learning, Natural Language Processing, Artificial Intelligence, Data Science.",['n a']
r_1957,As a Data Analyst I always look into more innovative ways of finding figures and facts from data. I have also worked with some production based Machine learning application problems and I would like to involve myself more with such ventures.,"['using python', 'using tableau']"
r_1958,Fresher Computer vision and Machine Learning Engineer looking for a job that is both challenging and fun in terms of problem-solving. Also an expert in maintaining and managing Tableau and Power BI dashboards to address business.,"['honorary member', 'innovator of the year runner up']"
r_1959,"A quality-oriented professional with a keen interest in solving complex business problems by way of AI-based design & thinking. A technology-agnostic individual with a strong background in data science, statistics, and economics with an aim to accelerate artificial intelligence.",['n a']
r_1960,I am a software engineer who has worked on several computer vision projects and their end to end deployment. I am looking to join as a Machine Learning developer to closely work on problems and increase my grasp over the domain.,"['deployment of end to end ml projects', 'n a']"
r_1961,Looking for roles related to application development in Machine Learning.,"['alb', 'ci cd', 'django api design server side logic drf django rest framework database management postgresql', 'docker', 'ec2', 'ecs', 'etc linux', 'full stack development front end reactjs', 'gitlab terraform', 'mysql version control git aws ecr', 'nextjs backend python', 'rds', 'shell scripting']"
r_1962,"I am a software engineer, and I want to work on full time roles associated with Machine Learning. I have previously worked on some corporate models and due to its intricacies I want to explore more in the domain.",['n a']
r_1963,"Machine Learning Leadership
Cross-Functional Collaboration
Strategy Development
ML/NLP Infrastructure
Prototype Transformation
ML System Design
Algorithm Research
Application Development
Dataset Selection
ML Testing
Statistical Analysis
R&D in ML/NLP
Text Representation
Data Pipeline Design
Statistical Data Analysis
Model Training
Team Collaboration
Research Reporting
Algorithm Analysis",['n a']
r_1964,"Machine Learning Design
Data Analysis
Model Training
AI Integration
Innovation
Cross-Functional Collaboration
Model Deployment
Documentation
Analytical Skills
Communication
Team Collaboration",['python r or java tensorflow pytorch scikit learn']
r_1965,Want to work as a Machine Learning Production Engineer.,['n a']
r_1966,"I'm passionate learner with a knack for Artificial Intelligence. The kind of problems AI can solve, fills me with enthusiasm to learn more and contribute more. I have dedicated more than a year developing and training Machine learning Models across several projects.",['pytorch developer']
r_1967,"Machine Learning Leadership
Cross-Functional Collaboration
Strategy Development
ML/NLP Infrastructure
Prototype Transformation
ML System Design
Algorithm Research
Application Development
Dataset Selection
ML Testing
Statistical Analysis
R&D in ML/NLP
Text Representation
Data Pipeline Design
Statistical Data Analysis
Model Training
Team Collaboration
Research Reporting
Algorithm Analysis",['n a']
r_1968,"Machine Learning Leadership
Cross-Functional Collaboration
Strategy Development
ML/NLP Infrastructure
Prototype Transformation
ML System Design
Algorithm Research
Application Development
Dataset Selection
ML Testing
Statistical Analysis
R&D in ML/NLP
Text Representation
Data Pipeline Design
Statistical Data Analysis
Model Training
Team Collaboration
Research Reporting
Algorithm Analysis",['n a']
r_1969,,"['machine learning with python', 'neural network applied in pytorch']"
r_1970,,"['cambridge uk', 'mountain view ca usa', 'vancouver bc canada']"
r_1971,"A curiosity-driven data scientist, eager to leverage machine learning and data analytics to extract meaningful insights, make informed decisions and solve challenging business problems. I ensure to contribute with my knowledge, logical thinking and analytical skills towards the consistent growth and development of the organization, and enhance my experience through continuous learning and teamwork.",['n a']
r_1972,"A Fresher Seeking Roles In Machine Learning, Business Analysis, Data Predictive Modelling, Statistical Solutions, Data Mining.",['data science and bigdata']
r_1973,"Machine Learning Design
Data Analysis
Model Training
AI Integration
Innovation
Cross-Functional Collaboration
Model Deployment
Documentation
Analytical Skills
Communication
Team Collaboration",['python r or java tensorflow pytorch scikit learn']
r_1974,"I am a Master of Data Science graduate looking to work as a fulltime employee, seeking an entry level role in data science domain. I can offer a strong programming skills and good academic results together with a sound knowledge of implementing Machine learning techniques. Also, I am keen to learn new skill sets that the role demands. I am a highly analytical individual with interpersonal and technical skills, a desire to learn and determined attitude to succeed.",['data management on large scale']
r_1975,"Currently looking for an opportunity in Machine Learning and Deep Learning roles. I have a good depth of knowledge in ML Algorithms, various CNN architectures, and worked on Time series data, Image captioning, NLP tasks. Interested to work with an enthusiastic team on business problems.",['participant']
r_1976,I am currently working as a junior Machine Learning Engineer and I want to learn more about how Machine Learning projects impact real work scenarios.,['n a']
r_1977,"Machine Learning Leadership
Cross-Functional Collaboration
Strategy Development
ML/NLP Infrastructure
Prototype Transformation
ML System Design
Algorithm Research
Application Development
Dataset Selection
ML Testing
Statistical Analysis
R&D in ML/NLP
Text Representation
Data Pipeline Design
Statistical Data Analysis
Model Training
Team Collaboration
Research Reporting
Algorithm Analysis",['n a']
r_1978,Want to work as a Machine Learning Production Engineer.,['n a']
r_1979,"Machine Learning Leadership
Cross-Functional Collaboration
Strategy Development
ML/NLP Infrastructure
Prototype Transformation
ML System Design
Algorithm Research
Application Development
Dataset Selection
ML Testing
Statistical Analysis
R&D in ML/NLP
Text Representation
Data Pipeline Design
Statistical Data Analysis
Model Training
Team Collaboration
Research Reporting
Algorithm Analysis",['city state']
r_1980,"Looking to utilize hands-on experience of machine learning, deep learning and Artificial Intelligence for data discovery, exploration, prediction and analysis tasks.",['n a']
r_1981,"Machine Learning Design
Data Analysis
Model Training
AI Integration
Innovation
Cross-Functional Collaboration
Model Deployment
Documentation
Analytical Skills
Communication
Team Collaboration",['python r or java tensorflow pytorch scikit learn']
r_1982,"A quality-oriented professional with a keen interest in solving complex business problems by way of AI-based design & thinking. A technology-agnostic individual with a strong background in data science, statistics, and economics with an aim to accelerate artificial intelligence.",['n a']
r_1983,Recently graduated fresher experienced in Machine Learning and Natural Language Processing looking for roles that involve projects in the same.,['py thonist']
r_1984,I am a fresher business analyst with a knack for building applications that use machine learning and deep learning.,['team lead']
r_1985,"Machine Learning Design
Data Analysis
Model Training
AI Integration
Innovation
Cross-Functional Collaboration
Model Deployment
Documentation
Analytical Skills
Communication
Team Collaboration",['python r or java tensorflow pytorch scikit learn']
r_1986,Graduating Ph.D. candidate with a research focus on developing large-scale computational models using statistics and machine learning approach. Interested in a career as a computational scientist or quantitative software developer.,"['city', 'city state']"
r_1987,,"['cambridge uk', 'mountain view ca usa', 'vancouver bc canada']"
r_1988,I am fresher data analyst starting out in ERP and MIS. As a fresher I am looking for roles specific to data science and machine learning to learn about the subject and create amazing applications to solve real life problems.,['data science with python']
r_1989,"Machine Learning Leadership
Cross-Functional Collaboration
Strategy Development
ML/NLP Infrastructure
Prototype Transformation
ML System Design
Algorithm Research
Application Development
Dataset Selection
ML Testing
Statistical Analysis
R&D in ML/NLP
Text Representation
Data Pipeline Design
Statistical Data Analysis
Model Training
Team Collaboration
Research Reporting
Algorithm Analysis",['n a']
r_1990,"Machine Learning Leadership
Cross-Functional Collaboration
Strategy Development
ML/NLP Infrastructure
Prototype Transformation
ML System Design
Algorithm Research
Application Development
Dataset Selection
ML Testing
Statistical Analysis
R&D in ML/NLP
Text Representation
Data Pipeline Design
Statistical Data Analysis
Model Training
Team Collaboration
Research Reporting
Algorithm Analysis","['front end developer', 'mobile app developer']"
r_1991,Want to work as a Machine Learning Production Engineer.,['n a']
r_1992,I am fresher data analyst starting out in ERP and MIS. As a fresher I am looking for roles specific to data science and machine learning to learn about the subject and create amazing applications to solve real life problems.,['data science with python']
r_1993,"Machine Learning Design
Data Analysis
Model Training
AI Integration
Innovation
Cross-Functional Collaboration
Model Deployment
Documentation
Analytical Skills
Communication
Team Collaboration",['python r or java tensorflow pytorch scikit learn']
r_1994,I am currently looking for an opportunity as a Data Science or Machine Learning Engineer.,['business analyst']
r_1995,"Machine Learning Design
Data Analysis
Model Training
AI Integration
Innovation
Cross-Functional Collaboration
Model Deployment
Documentation
Analytical Skills
Communication
Team Collaboration",['python r or java tensorflow pytorch scikit learn']
r_1996,,['data analyst nano degree']
r_1997,"Machine Learning Design
Data Analysis
Model Training
AI Integration
Innovation
Cross-Functional Collaboration
Model Deployment
Documentation
Analytical Skills
Communication
Team Collaboration",['python r or java tensorflow pytorch scikit learn']
r_1998,"Machine learning Enthusiast. Motivated to learn, grow and excel my experience by challenging myself.",['data science with python']
r_1999,"Machine Learning Design
Data Analysis
Model Training
AI Integration
Innovation
Cross-Functional Collaboration
Model Deployment
Documentation
Analytical Skills
Communication
Team Collaboration",['python r or java tensorflow pytorch scikit learn']
r_2000,"Machine Learning Design
Data Analysis
Model Training
AI Integration
Innovation
Cross-Functional Collaboration
Model Deployment
Documentation
Analytical Skills
Communication
Team Collaboration",['python r or java tensorflow pytorch scikit learn']
r_2001,"Machine Learning Leadership
Cross-Functional Collaboration
Strategy Development
ML/NLP Infrastructure
Prototype Transformation
ML System Design
Algorithm Research
Application Development
Dataset Selection
ML Testing
Statistical Analysis
R&D in ML/NLP
Text Representation
Data Pipeline Design
Statistical Data Analysis
Model Training
Team Collaboration
Research Reporting
Algorithm Analysis",['2013']
r_2002,As a junior analyst I currently work with data preprocessing and data cleaning before sending them to Machine Learning Models. I am also simultaneously training to be a machine learning engineer to work closely with teams that build models and would like to join a venture for such opportunity.,['n a']
r_2003,Fresher starting out and wanting to join a role of machine learning engineer or data science engineer.,['python statistics with pandas and matplotlib']
r_2004,"Machine Learning engineer who has worked on multiple projects with knowledge in big data handling and business analytics. As someone who is always learning, I would love to use my knowledge to provide the best solutions.",['n a']
r_2005,"I am a software engineer, and I want to work on full time roles associated with Machine Learning. I have previously worked on some corporate models and due to its intricacies I want to explore more in the domain.",['n a']
r_2006,"Machine Learning Leadership
Cross-Functional Collaboration
Strategy Development
ML/NLP Infrastructure
Prototype Transformation
ML System Design
Algorithm Research
Application Development
Dataset Selection
ML Testing
Statistical Analysis
R&D in ML/NLP
Text Representation
Data Pipeline Design
Statistical Data Analysis
Model Training
Team Collaboration
Research Reporting
Algorithm Analysis","['participant', 'vice president social chair greek week delegate']"
r_2007,"Data Science Enthusiast looking roles in Data Analytics, Machine learning, Statistical Modeling, Data Visualization.",['machine learning internship certificate']
r_2008,"Software developer with a niche towards end to end machine learning projects. Motivated towards learning, solving and producing better results.",['participant']
r_2009,Seeking challenging opportunity in the field of data science and data analytics where I can utilize my skills and knowledge to contribute for the growth of the organization,['n a']
r_2010,"Graduate analyst currently working as business analyst consultant. As an individual, I always try to overcome problems in the most analytical manner. I want to work on Machine Learning application problems that deal with real life scenarios.",['n a']
r_2011,"Machine Learning Leadership
Cross-Functional Collaboration
Strategy Development
ML/NLP Infrastructure
Prototype Transformation
ML System Design
Algorithm Research
Application Development
Dataset Selection
ML Testing
Statistical Analysis
R&D in ML/NLP
Text Representation
Data Pipeline Design
Statistical Data Analysis
Model Training
Team Collaboration
Research Reporting
Algorithm Analysis",['certified data scientist']
r_2012,Fresher starting out and wanting to join a role of machine learning engineer or data science engineer.,['python statistics with pandas and matplotlib']
r_2013,I am a software developer and analyst professional working for a year with client side technology and Machine Learning product delivery. I have handled small but scalable Machine Learning projects and want to expand my experience and expertise in the domain.,['applied machine learning course']
r_2014,"Machine Learning Design
Data Analysis
Model Training
AI Integration
Innovation
Cross-Functional Collaboration
Model Deployment
Documentation
Analytical Skills
Communication
Team Collaboration",['python r or java tensorflow pytorch scikit learn']
r_2015,"Software developer with a niche towards end to end machine learning projects. Motivated towards learning, solving and producing better results.",['participant']
r_2016,"Machine Learning Design
Data Analysis
Model Training
AI Integration
Innovation
Cross-Functional Collaboration
Model Deployment
Documentation
Analytical Skills
Communication
Team Collaboration",['python r or java tensorflow pytorch scikit learn']
r_2017,I am a market research specialist with a grasp of machine learning and looking for a deeper dive into the career of being a professional machine learning engineer.,['n a']
r_2018,I am a software developer and analyst professional working for a year with client side technology and Machine Learning product delivery. I have handled small but scalable Machine Learning projects and want to expand my experience and expertise in the domain.,['applied machine learning course']
r_2019,Data Science Explorer with a keen interest in application models of Machine learning.,['n a']
r_2020,,"['chairman', 'participant']"
r_2021,"Machine Learning Leadership
Cross-Functional Collaboration
Strategy Development
ML/NLP Infrastructure
Prototype Transformation
ML System Design
Algorithm Research
Application Development
Dataset Selection
ML Testing
Statistical Analysis
R&D in ML/NLP
Text Representation
Data Pipeline Design
Statistical Data Analysis
Model Training
Team Collaboration
Research Reporting
Algorithm Analysis",['tensorflow and keras']
r_2022,"Machine Learning Design
Data Analysis
Model Training
AI Integration
Innovation
Cross-Functional Collaboration
Model Deployment
Documentation
Analytical Skills
Communication
Team Collaboration",['python r or java tensorflow pytorch scikit learn']
r_2023,"Skilled Machine Learning and Deep Learning practitioner, and I have worked on Computer vision-based projects. On the lookout for opportunities that help me understand more about the domain.",['attendee']
r_2024,I am looking for a job switch to transition into Data Science and utilize my currents skills & learnings from my Master's course to solve new problems.,['n a']
r_2025,"Machine Learning Leadership
Cross-Functional Collaboration
Strategy Development
ML/NLP Infrastructure
Prototype Transformation
ML System Design
Algorithm Research
Application Development
Dataset Selection
ML Testing
Statistical Analysis
R&D in ML/NLP
Text Representation
Data Pipeline Design
Statistical Data Analysis
Model Training
Team Collaboration
Research Reporting
Algorithm Analysis",['city state']
r_2026,I am a Post Graduate having knowledge of industry-level Machine Learning problems and Research topics. I currently work as a Machine Learning Engineer and I want to keep exploring such opportunities.,['n a']
r_2027,I am a software developer and analyst professional working for a year with client side technology and Machine Learning product delivery. I have handled small but scalable Machine Learning projects and want to expand my experience and expertise in the domain.,['applied machine learning course']
r_2028,Graduate database management engineer looking to join a role in data analytics or cloud-based machine learning solutions.,['data science on cloud']
r_2029,"A curiosity-driven data scientist, eager to leverage machine learning and data analytics to extract meaningful insights, make informed decisions and solve challenging business problems. I ensure to contribute with my knowledge, logical thinking and analytical skills towards the consistent growth and development of the organization, and enhance my experience through continuous learning and teamwork.",['n a']
r_2030,As a Data Analyst I always look into more innovative ways of finding figures and facts from data. I have also worked with some production based Machine learning application problems and I would like to involve myself more with such ventures.,"['using python', 'using tableau']"
r_2031,I am a software developer and analyst professional working for a year with client side technology and Machine Learning product delivery. I have handled small but scalable Machine Learning projects and want to expand my experience and expertise in the domain.,['applied machine learning course']
r_2032,"Machine Learning Design
Data Analysis
Model Training
AI Integration
Innovation
Cross-Functional Collaboration
Model Deployment
Documentation
Analytical Skills
Communication
Team Collaboration",['python r or java tensorflow pytorch scikit learn']
r_2033,Fresher starting out and wanting to join a role of machine learning engineer or data science engineer.,['python statistics with pandas and matplotlib']
r_2034,Looking for roles related to application development in Machine Learning.,['n a']
r_2035,"Passionate Data Engineer with a zeal to excel forward and produce promising outcomes. Hands-on knowledge in various Machine Learning Algorithms. Also experienced in data mining, warehouse maintaining, and visualization. In search of a role where I can nurture my skills and contribute to the growth of the company and myself.",['n a']
r_2036,"Machine Learning Leadership
Cross-Functional Collaboration
Strategy Development
ML/NLP Infrastructure
Prototype Transformation
ML System Design
Algorithm Research
Application Development
Dataset Selection
ML Testing
Statistical Analysis
R&D in ML/NLP
Text Representation
Data Pipeline Design
Statistical Data Analysis
Model Training
Team Collaboration
Research Reporting
Algorithm Analysis",['city state']
r_2037,"Software developer with a niche towards end to end machine learning projects. Motivated towards learning, solving and producing better results.",['participant']
r_2038,"Machine Learning Leadership
Cross-Functional Collaboration
Strategy Development
ML/NLP Infrastructure
Prototype Transformation
ML System Design
Algorithm Research
Application Development
Dataset Selection
ML Testing
Statistical Analysis
R&D in ML/NLP
Text Representation
Data Pipeline Design
Statistical Data Analysis
Model Training
Team Collaboration
Research Reporting
Algorithm Analysis",['n a']
r_2039,I am a software engineer who has worked on several computer vision projects and their end to end deployment. I am looking to join as a Machine Learning developer to closely work on problems and increase my grasp over the domain.,"['deployment of end to end ml projects', 'n a']"
r_2040,"An avid data analyst looking to step into the world of machine learning and data sciences. I have experience related to Data Mining, Data Visualization, Text Analytics, Data Collection and would currently like to expand my horizon and work on Machine Learning projects.",['n a']
r_2041,"Machine Learning Design
Data Analysis
Model Training
AI Integration
Innovation
Cross-Functional Collaboration
Model Deployment
Documentation
Analytical Skills
Communication
Team Collaboration",['python r or java tensorflow pytorch scikit learn']
r_2042,"Fresher having knowledge in machine learning and natural language processing. Looking to join a role where I can learn from an well informed environment, experiment and produce promising results and work with different kinds of data.",['nanyang university']
r_2043,,['ait']
r_2044,"Skilled Machine Learning and Deep Learning practitioner, and I have worked on Computer vision-based projects. On the lookout for opportunities that help me understand more about the domain.",['attendee']
r_2045,,['python analysis with pandas and numpy']
r_2046,"Currently looking for an opportunity in Machine Learning and Deep Learning roles. I have a good depth of knowledge in ML Algorithms, various CNN architectures, and worked on Time series data, Image captioning, NLP tasks. Interested to work with an enthusiastic team on business problems.",['participant']
r_2047,"A quality-oriented professional with a keen interest in solving complex business problems by way of AI-based design & thinking. A technology-agnostic individual with a strong background in data science, statistics, and economics with an aim to accelerate artificial intelligence.",['n a']
r_2048,"Machine Learning Leadership
Cross-Functional Collaboration
Strategy Development
ML/NLP Infrastructure
Prototype Transformation
ML System Design
Algorithm Research
Application Development
Dataset Selection
ML Testing
Statistical Analysis
R&D in ML/NLP
Text Representation
Data Pipeline Design
Statistical Data Analysis
Model Training
Team Collaboration
Research Reporting
Algorithm Analysis",['hannover germany']
r_2049,,"['machine learning with python', 'neural network applied in pytorch']"
r_2050,"Machine Learning Design
Data Analysis
Model Training
AI Integration
Innovation
Cross-Functional Collaboration
Model Deployment
Documentation
Analytical Skills
Communication
Team Collaboration",['python r or java tensorflow pytorch scikit learn']
r_2051,Fresher python developer interested in data analytics and machine learning.,['statistics in python']
r_2052,"I am a Junior Machine Learning developer who focuses on data improvement and modelling, finding patterns in large databases and optimization of different models.",['nasik']
r_2053,"Machine Learning Leadership
Cross-Functional Collaboration
Strategy Development
ML/NLP Infrastructure
Prototype Transformation
ML System Design
Algorithm Research
Application Development
Dataset Selection
ML Testing
Statistical Analysis
R&D in ML/NLP
Text Representation
Data Pipeline Design
Statistical Data Analysis
Model Training
Team Collaboration
Research Reporting
Algorithm Analysis",['n a']
r_2054,,['training and deploying a machine model']
r_2055,"Data Analyst, interested in Machine Learning application development. As a data analyst, I have extensive experience with data preprocessing and pipeline building and I would like to venture further into this domain to learn more about it.",['n a']
r_2056,"Machine Learning Design
Data Analysis
Model Training
AI Integration
Innovation
Cross-Functional Collaboration
Model Deployment
Documentation
Analytical Skills
Communication
Team Collaboration",['python r or java tensorflow pytorch scikit learn']
r_2057,"I am a Junior Machine Learning developer who focuses on data improvement and modelling, finding patterns in large databases and optimization of different models.",['nasik']
r_2058,I recently graduated with a B.Tech degree in IT and currently am looking for jobs in sectors related to machine learning. I want to explore and hone my skills. I am committed towards better coding practices.,['n a']
r_2059,"Data Analyst, interested in Machine Learning application development. As a data analyst, I have extensive experience with data preprocessing and pipeline building and I would like to venture further into this domain to learn more about it.",['n a']
r_2060,"As a research assistant I always try to define new boundaries and work in a meticulous way to figure out solutions. I have used Machine Learning as a base for our product design to synthesis chemical architectures and their reaction, right now I would like to be involved more on the application development side and was looking for an opportunity that did such.",['n a']
r_2061,"Machine Learning Design
Data Analysis
Model Training
AI Integration
Innovation
Cross-Functional Collaboration
Model Deployment
Documentation
Analytical Skills
Communication
Team Collaboration",['python r or java tensorflow pytorch scikit learn']
r_2062,"Software developer focused in the areas of Machine learning application development. Motivated to learn, grow and excel my experience by challenging myself.",['ondevice machine learning']
r_2063,I am Data science enthusiast focused on solving complex problems using machine learning techniques. I try to simplify problems and attack them head on. Always working and striving to be better solution finder.,['deep learning']
r_2064,Fresher starting out and wanting to join a role of machine learning engineer or data science engineer.,['python statistics with pandas and matplotlib']
r_2065,"Energetic, innovative engineering undergraduate, passionate about Machine Learning, NLP and Deep Learning for solving real-world problems, aiming to work in an organization providing great learning experience and growth opportunities for mutual benefit.","['apr 2021', 'dec 2020', 'feb 2021', 'nov 2021']"
r_2066,"Machine Learning Engineer seeking roles in Machine Learning, Natural Language Processing, Artificial Intelligence, Data Science.",['n a']
r_2067,Data Science Explorer with a keen interest in application models of Machine learning.,['n a']
r_2068,I am a market research specialist with a grasp of machine learning and looking for a deeper dive into the career of being a professional machine learning engineer.,['n a']
r_2069,"Machine Learning Design
Data Analysis
Model Training
AI Integration
Innovation
Cross-Functional Collaboration
Model Deployment
Documentation
Analytical Skills
Communication
Team Collaboration",['python r or java tensorflow pytorch scikit learn']
r_2070,Fresher who is dynamic and defined when it comes to domain knowledge related to Data Analytics and Machine Learning.,['participant']
r_2071,"Machine Learning Leadership
Cross-Functional Collaboration
Strategy Development
ML/NLP Infrastructure
Prototype Transformation
ML System Design
Algorithm Research
Application Development
Dataset Selection
ML Testing
Statistical Analysis
R&D in ML/NLP
Text Representation
Data Pipeline Design
Statistical Data Analysis
Model Training
Team Collaboration
Research Reporting
Algorithm Analysis",['n a']
r_2072,Graduate Looking for roles related to BU analyst and machine learning.,['data analyst python programming']
r_2073,I am a fresher who is looking to work as a software developer in Machine Learning Application building and deployment. I am experienced in both machine learning and deep learning and have worked on few collaborative projects on such.,['n a']
r_2074,"['ASP.NET 4.5', 'academic', 'Clustering', 'consulting', 'curriculum development', 'customer satisfaction', 'data analysis', 'data mining', 'data warehouse', 'Databases', 'database', 'database design', 'database management', 'data warehousing', 'environmental protection', 'Environmental Science', 'GIS', 'HTML', 'instructor', 'Lecturer', 'legal', 'machine learning', 'managing', 'materials', 'meetings', 'C#', 'Microsoft SQL', 'modeling', 'Natural', 'Oracle', 'process development and engineering', 'processes', 'progress', 'Python', 'quality', 'researching', 'research', 'SAS', 'shipping', 'SPSS', 'SQL', 'Statistics', 'Tableau', 'teaching', 'technical support', 'workshops']","['city state', 'n a']"
r_2075,,['data science']
r_2076,I am an assistant software engineer working on cloud-based solutions. After working on a couple of Machine Learning application evaluations and deployment I got really engrossed into the domain and would like to work more towards improving myself.,['n a']
r_2077,I am a fresher who is looking to work as a software developer in Machine Learning Application building and deployment. I am experienced in both machine learning and deep learning and have worked on few collaborative projects on such.,['n a']
r_2078,,"['cloud infrastructure for advanced computing', 'machine learning']"
r_2079,"Looking to utilize hands-on experience of machine learning, deep learning and Artificial Intelligence for data discovery, exploration, prediction and analysis tasks.",['n a']
r_2080,,['data science and analytics']
r_2081,Would like to join any firm as a software developer in machine learning projects.,['n a']
r_2082,I am currently working as a junior Machine Learning Engineer and I want to learn more about how Machine Learning projects impact real work scenarios.,['n a']
r_2083,"Machine Learning Leadership
Cross-Functional Collaboration
Strategy Development
ML/NLP Infrastructure
Prototype Transformation
ML System Design
Algorithm Research
Application Development
Dataset Selection
ML Testing
Statistical Analysis
R&D in ML/NLP
Text Representation
Data Pipeline Design
Statistical Data Analysis
Model Training
Team Collaboration
Research Reporting
Algorithm Analysis",['city state']
r_2084,"Currently looking for an opportunity in Machine Learning and Deep Learning roles. I have a good depth of knowledge in ML Algorithms, various CNN architectures, and worked on Time series data, Image captioning, NLP tasks. Interested to work with an enthusiastic team on business problems.",['participant']
r_2085,"Machine Learning Leadership
Cross-Functional Collaboration
Strategy Development
ML/NLP Infrastructure
Prototype Transformation
ML System Design
Algorithm Research
Application Development
Dataset Selection
ML Testing
Statistical Analysis
R&D in ML/NLP
Text Representation
Data Pipeline Design
Statistical Data Analysis
Model Training
Team Collaboration
Research Reporting
Algorithm Analysis",['1981']
r_2086,"Machine Learning Leadership
Cross-Functional Collaboration
Strategy Development
ML/NLP Infrastructure
Prototype Transformation
ML System Design
Algorithm Research
Application Development
Dataset Selection
ML Testing
Statistical Analysis
R&D in ML/NLP
Text Representation
Data Pipeline Design
Statistical Data Analysis
Model Training
Team Collaboration
Research Reporting
Algorithm Analysis",['n a']
r_2087,I am fresher data analyst starting out in ERP and MIS. As a fresher I am looking for roles specific to data science and machine learning to learn about the subject and create amazing applications to solve real life problems.,['data science with python']
r_2088,I am Data science enthusiast focused on solving complex problems using machine learning techniques. I try to simplify problems and attack them head on. Always working and striving to be better solution finder.,['deep learning']
r_2089,,"['cambridge uk', 'mountain view ca usa', 'vancouver bc canada']"
r_2090,"Machine Learning Design
Data Analysis
Model Training
AI Integration
Innovation
Cross-Functional Collaboration
Model Deployment
Documentation
Analytical Skills
Communication
Team Collaboration",['python r or java tensorflow pytorch scikit learn']
r_2091,Associate software engineer specializing in Machine Learning models and Optimization. I work with both natural Language processing and computer vision in terms of Modelling and development.,['n a']
r_2092,"To design, develop and manage products in the field of consumer electronics devices, networking protocols, internet applications and connected devices. Vision to create personalized experiences based on machine learning.",['city state']
r_2093,,"['chairman', 'participant']"
r_2094,"Machine Learning Design
Data Analysis
Model Training
AI Integration
Innovation
Cross-Functional Collaboration
Model Deployment
Documentation
Analytical Skills
Communication
Team Collaboration",['python r or java tensorflow pytorch scikit learn']
r_2095,Understanding and solving problems has been one my core objectives since I started working. Exploring data and the different interpretation it can have is what amazes me. Currently interested Machine Learning developer and engineer roles.,"['a gentle introduction to deep learning using keras', 'deep learning advanced nlp and rnns', 'machine learning a z handson python r in data science']"
r_2096,"A python programmer, currently pursuing Data science and looking for roles that involve the application of Machine Learning. I am always excited to take on real life problems and tread through different technology stacks.",['certified data scientist']
r_2097,,"['natural language processing with python', 'python for big data with pyspark']"
r_2098,I am an assistant software engineer working on cloud-based solutions. After working on a couple of Machine Learning application evaluations and deployment I got really engrossed into the domain and would like to work more towards improving myself.,['n a']
r_2099,"Machine Learning Leadership
Cross-Functional Collaboration
Strategy Development
ML/NLP Infrastructure
Prototype Transformation
ML System Design
Algorithm Research
Application Development
Dataset Selection
ML Testing
Statistical Analysis
R&D in ML/NLP
Text Representation
Data Pipeline Design
Statistical Data Analysis
Model Training
Team Collaboration
Research Reporting
Algorithm Analysis",['may 2013']
r_2100,,"['cloud infrastructure for advanced computing', 'machine learning']"
r_2101,I am actively seeking opportunity as Data Analyst or Machine Learning Engineer. My goal is to discover new business strategies and create an impact through data driven analytical decisions and leading the business to success.,['student']
r_2102,"Graduate analyst currently working as business analyst consultant. As an individual, I always try to overcome problems in the most analytical manner. I want to work on Machine Learning application problems that deal with real life scenarios.",['n a']
r_2103,,"['natural language processing with python', 'python for big data with pyspark']"
r_2104,"Machine Learning Leadership
Cross-Functional Collaboration
Strategy Development
ML/NLP Infrastructure
Prototype Transformation
ML System Design
Algorithm Research
Application Development
Dataset Selection
ML Testing
Statistical Analysis
R&D in ML/NLP
Text Representation
Data Pipeline Design
Statistical Data Analysis
Model Training
Team Collaboration
Research Reporting
Algorithm Analysis",['natural language mastery']
r_2105,Software Engineer with a track record of Implementing and completing projects on time and in alignment with client expectations. Enthusiast about Data Science and keen to learn and explore.,['n a']
r_2106,"Machine Learning Engineer seeking roles in Machine Learning, Natural Language Processing, Artificial Intelligence, Data Science.",['n a']
r_2107,,['data scientist python developer certification advanced data analytics with python and r']
r_2108,,"['cambridge uk', 'mountain view ca usa', 'vancouver bc canada']"
r_2109,"Machine Learning Leadership
Cross-Functional Collaboration
Strategy Development
ML/NLP Infrastructure
Prototype Transformation
ML System Design
Algorithm Research
Application Development
Dataset Selection
ML Testing
Statistical Analysis
R&D in ML/NLP
Text Representation
Data Pipeline Design
Statistical Data Analysis
Model Training
Team Collaboration
Research Reporting
Algorithm Analysis",['city state']
r_2110,"Fresher starting out with Business Analysis, and machine learning modelling based on data engineering.",['n a']
r_2111,"Machine Learning Design
Data Analysis
Model Training
AI Integration
Innovation
Cross-Functional Collaboration
Model Deployment
Documentation
Analytical Skills
Communication
Team Collaboration",['python r or java tensorflow pytorch scikit learn']
r_2112,,['jr data scientist']
r_2113,,"['participant', 'vice president social chair greek week delegate']"
r_2114,"Machine Learning Design
Data Analysis
Model Training
AI Integration
Innovation
Cross-Functional Collaboration
Model Deployment
Documentation
Analytical Skills
Communication
Team Collaboration",['python r or java tensorflow pytorch scikit learn']
r_2115,"Fresher having knowledge in machine learning and natural language processing. Looking to join a role where I can learn from an well informed environment, experiment and produce promising results and work with different kinds of data.",['nanyang university']
r_2116,Fresher starting out and wanting to join a role of machine learning engineer or data science engineer.,['python statistics with pandas and matplotlib']
r_2117,"I am an experienced analytics specialist seeking a full-time position in the field of data science and application in business problem solving, where I can apply my knowledge and skills for continuous improvement.",['analytics certification']
r_2118,"Machine Learning Design
Data Analysis
Model Training
AI Integration
Innovation
Cross-Functional Collaboration
Model Deployment
Documentation
Analytical Skills
Communication
Team Collaboration",['python r or java tensorflow pytorch scikit learn']
r_2119,"Skilled Machine Learning and Deep Learning practitioner, and I have worked on Computer vision-based projects. On the lookout for opportunities that help me understand more about the domain.",['attendee']
r_2120,Want to work as a Machine Learning Production Engineer.,['n a']
r_2121,Software Engineer with a track record of Implementing and completing projects on time and in alignment with client expectations. Enthusiast about Data Science and keen to learn and explore.,['n a']
r_2122,"Machine Learning Engineer seeking roles in Machine Learning, Natural Language Processing, Artificial Intelligence, Data Science.",['n a']
r_2123,,['training and deploying a machine model']
r_2124,Would like to join any firm as a software developer in machine learning projects.,['n a']
r_2125,"A Data Science enthusiast with a demonstrated history of working in Banking industry. Currently working on real life Data Science projects with interest in Predictive Analytics, Machine Learning and Deep Learning.",['n a']
r_2126,"Machine Learning Design
Data Analysis
Model Training
AI Integration
Innovation
Cross-Functional Collaboration
Model Deployment
Documentation
Analytical Skills
Communication
Team Collaboration",['python r or java tensorflow pytorch scikit learn']
r_2127,"I am a Master of Data Science graduate looking to work as a fulltime employee, seeking an entry level role in data science domain. I can offer a strong programming skills and good academic results together with a sound knowledge of implementing Machine learning techniques. Also, I am keen to learn new skill sets that the role demands. I am a highly analytical individual with interpersonal and technical skills, a desire to learn and determined attitude to succeed.",['data management on large scale']
r_2128,Interested in helping businesses take best decisions using Machine learning and Deep learning solutions.,['n a']
r_2129,"Machine Learning Design
Data Analysis
Model Training
AI Integration
Innovation
Cross-Functional Collaboration
Model Deployment
Documentation
Analytical Skills
Communication
Team Collaboration",['python r or java tensorflow pytorch scikit learn']
r_2130,I am an assistant software engineer working on cloud-based solutions. After working on a couple of Machine Learning application evaluations and deployment I got really engrossed into the domain and would like to work more towards improving myself.,"['alb', 'ci cd', 'django api design server side logic drf django rest framework database management postgresql', 'docker', 'ec2', 'ecs', 'etc linux', 'full stack development front end reactjs', 'gitlab terraform', 'mysql version control git aws ecr', 'nextjs backend python', 'rds', 'shell scripting']"
r_2131,"Machine Learning Design
Data Analysis
Model Training
AI Integration
Innovation
Cross-Functional Collaboration
Model Deployment
Documentation
Analytical Skills
Communication
Team Collaboration",['python r or java tensorflow pytorch scikit learn']
r_2132,Would like to join any firm as a software developer in machine learning projects.,['n a']
r_2133,,['data analyst nano degree']
r_2134,"Machine learning Enthusiast. Motivated to learn, grow and excel my experience by challenging myself.",['data science with python']
r_2135,Graduating Ph.D. candidate with a research focus on developing large-scale computational models using statistics and machine learning approach. Interested in a career as a computational scientist or quantitative software developer.,"['city', 'city state']"
r_2136,I am Data science enthusiast focused on solving complex problems using machine learning techniques. I try to simplify problems and attack them head on. Always working and striving to be better solution finder.,['deep learning']
r_2137,,['training and deploying a machine model']
r_2138,"Machine Learning Leadership
Cross-Functional Collaboration
Strategy Development
ML/NLP Infrastructure
Prototype Transformation
ML System Design
Algorithm Research
Application Development
Dataset Selection
ML Testing
Statistical Analysis
R&D in ML/NLP
Text Representation
Data Pipeline Design
Statistical Data Analysis
Model Training
Team Collaboration
Research Reporting
Algorithm Analysis",['participant']
r_2139,I am a fresher business analyst with a knack for building applications that use machine learning and deep learning.,['team lead']
r_2140,"Machine Learning Design
Data Analysis
Model Training
AI Integration
Innovation
Cross-Functional Collaboration
Model Deployment
Documentation
Analytical Skills
Communication
Team Collaboration",['python r or java tensorflow pytorch scikit learn']
r_2141,,['data science']
r_2142,"Machine Learning Design
Data Analysis
Model Training
AI Integration
Innovation
Cross-Functional Collaboration
Model Deployment
Documentation
Analytical Skills
Communication
Team Collaboration",['python r or java tensorflow pytorch scikit learn']
r_2143,"Machine Learning Design
Data Analysis
Model Training
AI Integration
Innovation
Cross-Functional Collaboration
Model Deployment
Documentation
Analytical Skills
Communication
Team Collaboration",['python r or java tensorflow pytorch scikit learn']
r_2144,,"['cloud infrastructure for advanced computing', 'machine learning']"
r_2145,"Machine Learning Design
Data Analysis
Model Training
AI Integration
Innovation
Cross-Functional Collaboration
Model Deployment
Documentation
Analytical Skills
Communication
Team Collaboration",['python r or java tensorflow pytorch scikit learn']
r_2146,"Machine Learning Leadership
Cross-Functional Collaboration
Strategy Development
ML/NLP Infrastructure
Prototype Transformation
ML System Design
Algorithm Research
Application Development
Dataset Selection
ML Testing
Statistical Analysis
R&D in ML/NLP
Text Representation
Data Pipeline Design
Statistical Data Analysis
Model Training
Team Collaboration
Research Reporting
Algorithm Analysis",['n a']
r_2147,I am an assistant software engineer working on cloud-based solutions. After working on a couple of Machine Learning application evaluations and deployment I got really engrossed into the domain and would like to work more towards improving myself.,['n a']
r_2148,"Machine Learning Design
Data Analysis
Model Training
AI Integration
Innovation
Cross-Functional Collaboration
Model Deployment
Documentation
Analytical Skills
Communication
Team Collaboration",['python r or java tensorflow pytorch scikit learn']
r_2149,Seeking challenging opportunity in the field of data science and data analytics where I can utilize my skills and knowledge to contribute for the growth of the organization,['n a']
r_2150,,['ait']
r_2151,"Machine Learning Leadership
Cross-Functional Collaboration
Strategy Development
ML/NLP Infrastructure
Prototype Transformation
ML System Design
Algorithm Research
Application Development
Dataset Selection
ML Testing
Statistical Analysis
R&D in ML/NLP
Text Representation
Data Pipeline Design
Statistical Data Analysis
Model Training
Team Collaboration
Research Reporting
Algorithm Analysis",['n a']
r_2152,"Machine Learning Leadership
Cross-Functional Collaboration
Strategy Development
ML/NLP Infrastructure
Prototype Transformation
ML System Design
Algorithm Research
Application Development
Dataset Selection
ML Testing
Statistical Analysis
R&D in ML/NLP
Text Representation
Data Pipeline Design
Statistical Data Analysis
Model Training
Team Collaboration
Research Reporting
Algorithm Analysis",['tutor']
r_2153,"A quality-oriented professional with a keen interest in solving complex business problems by way of AI-based design & thinking. A technology-agnostic individual with a strong background in data science, statistics, and economics with an aim to accelerate artificial intelligence.",['n a']
r_2154,"Software developer with a niche towards end to end machine learning projects. Motivated towards learning, solving and producing better results.",['participant']
r_2155,I am a fresher who is looking to work as a software developer in Machine Learning Application building and deployment. I am experienced in both machine learning and deep learning and have worked on few collaborative projects on such.,"['alb', 'ci cd', 'django api design server side logic drf django rest framework database management postgresql', 'docker', 'ec2', 'ecs', 'etc linux', 'full stack development front end reactjs', 'gitlab terraform', 'mysql version control git aws ecr', 'nextjs backend python', 'rds', 'shell scripting']"
r_2156,,['data scientist python developer certification advanced data analytics with python and r']
r_2157,,"['machine learning with python', 'neural network applied in pytorch']"
r_2158,I am currently looking for an opportunity as a Data Science or Machine Learning Engineer.,['business analyst']
r_2159,"Machine learning Enthusiast. Motivated to learn, grow and excel my experience by challenging myself.",['data science with python']
r_2160,"I am a Master of Data Science graduate looking to work as a fulltime employee, seeking an entry level role in data science domain. I can offer a strong programming skills and good academic results together with a sound knowledge of implementing Machine learning techniques. Also, I am keen to learn new skill sets that the role demands. I am a highly analytical individual with interpersonal and technical skills, a desire to learn and determined attitude to succeed.",['data management on large scale']
r_2161,Looking for roles related to application development in Machine Learning.,['n a']
r_2162,"Machine Learning Leadership
Cross-Functional Collaboration
Strategy Development
ML/NLP Infrastructure
Prototype Transformation
ML System Design
Algorithm Research
Application Development
Dataset Selection
ML Testing
Statistical Analysis
R&D in ML/NLP
Text Representation
Data Pipeline Design
Statistical Data Analysis
Model Training
Team Collaboration
Research Reporting
Algorithm Analysis",['data scientist python developer certification advanced data analytics with python and r']
r_2163,Would like to join any firm as a software developer in machine learning projects.,['n a']
r_2164,,['data scientist python developer certification advanced data analytics with python and r']
r_2165,,['data analyst nano degree']
r_2166,,['ai on the cloud']
r_2167,"Machine Learning Leadership
Cross-Functional Collaboration
Strategy Development
ML/NLP Infrastructure
Prototype Transformation
ML System Design
Algorithm Research
Application Development
Dataset Selection
ML Testing
Statistical Analysis
R&D in ML/NLP
Text Representation
Data Pipeline Design
Statistical Data Analysis
Model Training
Team Collaboration
Research Reporting
Algorithm Analysis",['n a']
r_2168,"Machine Learning Engineer seeking roles in Machine Learning, Natural Language Processing, Artificial Intelligence, Data Science.",['n a']
r_2169,,"['natural language processing with python', 'python for big data with pyspark']"
r_2170,"Machine Learning Leadership
Cross-Functional Collaboration
Strategy Development
ML/NLP Infrastructure
Prototype Transformation
ML System Design
Algorithm Research
Application Development
Dataset Selection
ML Testing
Statistical Analysis
R&D in ML/NLP
Text Representation
Data Pipeline Design
Statistical Data Analysis
Model Training
Team Collaboration
Research Reporting
Algorithm Analysis",['n a']
r_2171,I am a software developer currently working on Machine Learning Projects. The domain of analytics and Machine Learning has amassed a greater interest for me and I want to explore and learn about the core concepts used in production. I am looking to switch to a fulltime role that will help me explore more about this.,['software lifecycle']
r_2172,,"['machine learning with python', 'neural network applied in pytorch']"
r_2173,Understanding and solving problems has been one my core objectives since I started working. Exploring data and the different interpretation it can have is what amazes me. Currently interested Machine Learning developer and engineer roles.,"['alb', 'ci cd', 'django api design server side logic drf django rest framework database management postgresql', 'docker', 'ec2', 'ecs', 'etc linux', 'full stack development front end reactjs', 'gitlab terraform', 'mysql version control git aws ecr', 'nextjs backend python', 'rds', 'shell scripting']"
r_2174,,['data science']
r_2175,,['python analysis with pandas and numpy']
r_2176,"Machine Learning Leadership
Cross-Functional Collaboration
Strategy Development
ML/NLP Infrastructure
Prototype Transformation
ML System Design
Algorithm Research
Application Development
Dataset Selection
ML Testing
Statistical Analysis
R&D in ML/NLP
Text Representation
Data Pipeline Design
Statistical Data Analysis
Model Training
Team Collaboration
Research Reporting
Algorithm Analysis",['google cloud']
r_2177,"I am a Master of Data Science graduate looking to work as a fulltime employee, seeking an entry level role in data science domain. I can offer a strong programming skills and good academic results together with a sound knowledge of implementing Machine learning techniques. Also, I am keen to learn new skill sets that the role demands. I am a highly analytical individual with interpersonal and technical skills, a desire to learn and determined attitude to succeed.",['data management on large scale']
r_2178,,['tensorflow and keras']
r_2179,"Machine Learning Design
Data Analysis
Model Training
AI Integration
Innovation
Cross-Functional Collaboration
Model Deployment
Documentation
Analytical Skills
Communication
Team Collaboration",['python r or java tensorflow pytorch scikit learn']
r_2180,"I am a Junior Machine Learning developer who focuses on data improvement and modelling, finding patterns in large databases and optimization of different models.",['nasik']
r_2181,"Machine Learning Engineer seeking roles in Machine Learning, Natural Language Processing, Artificial Intelligence, Data Science.",['n a']
r_2182,,['python analysis with pandas and numpy']
r_2183,"Machine Learning Leadership
Cross-Functional Collaboration
Strategy Development
ML/NLP Infrastructure
Prototype Transformation
ML System Design
Algorithm Research
Application Development
Dataset Selection
ML Testing
Statistical Analysis
R&D in ML/NLP
Text Representation
Data Pipeline Design
Statistical Data Analysis
Model Training
Team Collaboration
Research Reporting
Algorithm Analysis",['runner up solinovate']
r_2184,"Machine Learning Leadership
Cross-Functional Collaboration
Strategy Development
ML/NLP Infrastructure
Prototype Transformation
ML System Design
Algorithm Research
Application Development
Dataset Selection
ML Testing
Statistical Analysis
R&D in ML/NLP
Text Representation
Data Pipeline Design
Statistical Data Analysis
Model Training
Team Collaboration
Research Reporting
Algorithm Analysis",['n a']
r_2185,"Machine Learning Design
Data Analysis
Model Training
AI Integration
Innovation
Cross-Functional Collaboration
Model Deployment
Documentation
Analytical Skills
Communication
Team Collaboration",['python r or java tensorflow pytorch scikit learn']
r_2186,I am looking for a job switch to transition into Data Science and utilize my currents skills & learnings from my Master's course to solve new problems.,['n a']
r_2187,Understanding and solving problems has been one my core objectives since I started working. Exploring data and the different interpretation it can have is what amazes me. Currently interested Machine Learning developer and engineer roles.,"['a gentle introduction to deep learning using keras', 'deep learning advanced nlp and rnns', 'machine learning a z handson python r in data science']"
r_2188,I am a market research specialist with a grasp of machine learning and looking for a deeper dive into the career of being a professional machine learning engineer.,['n a']
r_2189,Fresher Computer vision and Machine Learning Engineer looking for a job that is both challenging and fun in terms of problem-solving. Also an expert in maintaining and managing Tableau and Power BI dashboards to address business.,"['honorary member', 'innovator of the year runner up']"
r_2190,I recently graduated with a B.Tech degree in IT and currently am looking for jobs in sectors related to machine learning. I want to explore and hone my skills. I am committed towards better coding practices.,['n a']
r_2191,"Software developer focused in the areas of Machine learning application development. Motivated to learn, grow and excel my experience by challenging myself.",['ondevice machine learning']
r_2192,"Machine Learning Leadership
Cross-Functional Collaboration
Strategy Development
ML/NLP Infrastructure
Prototype Transformation
ML System Design
Algorithm Research
Application Development
Dataset Selection
ML Testing
Statistical Analysis
R&D in ML/NLP
Text Representation
Data Pipeline Design
Statistical Data Analysis
Model Training
Team Collaboration
Research Reporting
Algorithm Analysis",['attendee']
r_2193,I am an assistant software engineer working on cloud-based solutions. After working on a couple of Machine Learning application evaluations and deployment I got really engrossed into the domain and would like to work more towards improving myself.,['n a']
r_2194,"Machine Learning Leadership
Cross-Functional Collaboration
Strategy Development
ML/NLP Infrastructure
Prototype Transformation
ML System Design
Algorithm Research
Application Development
Dataset Selection
ML Testing
Statistical Analysis
R&D in ML/NLP
Text Representation
Data Pipeline Design
Statistical Data Analysis
Model Training
Team Collaboration
Research Reporting
Algorithm Analysis","['lexington ky', 'new york ny', 'warsaw poland']"
r_2195,"Associate Solution Advisor currently enrolled in PG for Data science, Knowledge in data manipulation, analysis, reporting and data visualization. In depth knowledge of tools used for production.","['alb', 'ci cd', 'django api design server side logic drf django rest framework database management postgresql', 'docker', 'ec2', 'ecs', 'etc linux', 'full stack development front end reactjs', 'gitlab terraform', 'mysql version control git aws ecr', 'nextjs backend python', 'rds', 'shell scripting']"
r_2196,I am currently looking for an opportunity as a Data Science or Machine Learning Engineer.,['business analyst']
r_2197,As a junior analyst I currently work with data preprocessing and data cleaning before sending them to Machine Learning Models. I am also simultaneously training to be a machine learning engineer to work closely with teams that build models and would like to join a venture for such opportunity.,['n a']
r_2198,"Machine Learning Leadership
Cross-Functional Collaboration
Strategy Development
ML/NLP Infrastructure
Prototype Transformation
ML System Design
Algorithm Research
Application Development
Dataset Selection
ML Testing
Statistical Analysis
R&D in ML/NLP
Text Representation
Data Pipeline Design
Statistical Data Analysis
Model Training
Team Collaboration
Research Reporting
Algorithm Analysis",['n a']
r_2199,Graduating Ph.D. candidate with a research focus on developing large-scale computational models using statistics and machine learning approach. Interested in a career as a computational scientist or quantitative software developer.,"['city', 'city state']"
r_2200,"Young Aspirant looking for roles in data science, analytics and Machine Learning.",['n a']
r_2201,,['ai on the cloud']
r_2202,,['ai on the cloud']
r_2203,"Associate Solution Advisor currently enrolled in PG for Data science, Knowledge in data manipulation, analysis, reporting and data visualization. In depth knowledge of tools used for production.",['n a']
r_2204,,"['cloud infrastructure for advanced computing', 'machine learning']"
r_2205,,"['participant', 'vice president social chair greek week delegate']"
r_2206,"Machine Learning Leadership
Cross-Functional Collaboration
Strategy Development
ML/NLP Infrastructure
Prototype Transformation
ML System Design
Algorithm Research
Application Development
Dataset Selection
ML Testing
Statistical Analysis
R&D in ML/NLP
Text Representation
Data Pipeline Design
Statistical Data Analysis
Model Training
Team Collaboration
Research Reporting
Algorithm Analysis",['n a']
r_2207,Fresher who is dynamic and defined when it comes to domain knowledge related to Data Analytics and Machine Learning.,['participant']
r_2208,I am currently working as a junior Machine Learning Engineer and I want to learn more about how Machine Learning projects impact real work scenarios.,['n a']
r_2209,Graduating Ph.D. candidate with a research focus on developing large-scale computational models using statistics and machine learning approach. Interested in a career as a computational scientist or quantitative software developer.,"['city', 'city state']"
r_2210,I am a software developer and analyst professional working for a year with client side technology and Machine Learning product delivery. I have handled small but scalable Machine Learning projects and want to expand my experience and expertise in the domain.,['applied machine learning course']
r_2211,"['ASP.NET 4.5', 'academic', 'Clustering', 'consulting', 'curriculum development', 'customer satisfaction', 'data analysis', 'data mining', 'data warehouse', 'Databases', 'database', 'database design', 'database management', 'data warehousing', 'environmental protection', 'Environmental Science', 'GIS', 'HTML', 'instructor', 'Lecturer', 'legal', 'machine learning', 'managing', 'materials', 'meetings', 'C#', 'Microsoft SQL', 'modeling', 'Natural', 'Oracle', 'process development and engineering', 'processes', 'progress', 'Python', 'quality', 'researching', 'research', 'SAS', 'shipping', 'SPSS', 'SQL', 'Statistics', 'Tableau', 'teaching', 'technical support', 'workshops']","['city state', 'n a']"
r_2212,"Machine Learning Leadership
Cross-Functional Collaboration
Strategy Development
ML/NLP Infrastructure
Prototype Transformation
ML System Design
Algorithm Research
Application Development
Dataset Selection
ML Testing
Statistical Analysis
R&D in ML/NLP
Text Representation
Data Pipeline Design
Statistical Data Analysis
Model Training
Team Collaboration
Research Reporting
Algorithm Analysis",['participant']
r_2213,"Machine Learning Engineer seeking assignments Deep Learning, Reinforcement Learning, Tensorflow. Keras.",['scholar']
r_2214,Recent Graduate testing and debugging machine learning models. I have worked on multiple projects and have contributed to the testing and quality control of models over time. I am looking to switch to a development role where I can exercise my skills.,['n a']
r_2215,,['python analysis with pandas and numpy']
r_2216,I recently graduated with a B.Tech degree in IT and currently am looking for jobs in sectors related to machine learning. I want to explore and hone my skills. I am committed towards better coding practices.,['n a']
r_2217,I am looking for a job switch to transition into Data Science and utilize my currents skills & learnings from my Master's course to solve new problems.,['n a']
r_2218,I am currently working as a junior Machine Learning Engineer and I want to learn more about how Machine Learning projects impact real work scenarios.,['n a']
r_2219,"Machine Learning Design
Data Analysis
Model Training
AI Integration
Innovation
Cross-Functional Collaboration
Model Deployment
Documentation
Analytical Skills
Communication
Team Collaboration",['python r or java tensorflow pytorch scikit learn']
r_2220,"I am a software engineer, and I want to work on full time roles associated with Machine Learning. I have previously worked on some corporate models and due to its intricacies I want to explore more in the domain.",['n a']
r_2221,"Fresher having knowledge in machine learning and natural language processing. Looking to join a role where I can learn from an well informed environment, experiment and produce promising results and work with different kinds of data.",['nanyang university']
r_2222,As a Data Analyst I always look into more innovative ways of finding figures and facts from data. I have also worked with some production based Machine learning application problems and I would like to involve myself more with such ventures.,"['using python', 'using tableau']"
r_2223,,['data science and analytics']
r_2224,"Associate Solution Advisor currently enrolled in PG for Data science, Knowledge in data manipulation, analysis, reporting and data visualization. In depth knowledge of tools used for production.",['n a']
r_2225,"As a research assistant I always try to define new boundaries and work in a meticulous way to figure out solutions. I have used Machine Learning as a base for our product design to synthesis chemical architectures and their reaction, right now I would like to be involved more on the application development side and was looking for an opportunity that did such.",['n a']
r_2226,"I am an experienced analytics specialist seeking a full-time position in the field of data science and application in business problem solving, where I can apply my knowledge and skills for continuous improvement.",['analytics certification']
r_2227,,['data analyst nano degree']
r_2228,,['tensorflow and keras']
r_2229,"A Fresher Seeking Roles In Machine Learning, Business Analysis, Data Predictive Modelling, Statistical Solutions, Data Mining.",['data science and bigdata']
r_2230,,['data science and analytics']
r_2231,"Data Analyst, interested in Machine Learning application development. As a data analyst, I have extensive experience with data preprocessing and pipeline building and I would like to venture further into this domain to learn more about it.",['n a']
r_2232,,['training and deploying a machine model']
r_2233,Interested in helping businesses take best decisions using Machine learning and Deep learning solutions.,['n a']
r_2234,"Machine Learning Leadership
Cross-Functional Collaboration
Strategy Development
ML/NLP Infrastructure
Prototype Transformation
ML System Design
Algorithm Research
Application Development
Dataset Selection
ML Testing
Statistical Analysis
R&D in ML/NLP
Text Representation
Data Pipeline Design
Statistical Data Analysis
Model Training
Team Collaboration
Research Reporting
Algorithm Analysis",['n a']
r_2235,"I am a Master of Data Science graduate looking to work as a fulltime employee, seeking an entry level role in data science domain. I can offer a strong programming skills and good academic results together with a sound knowledge of implementing Machine learning techniques. Also, I am keen to learn new skill sets that the role demands. I am a highly analytical individual with interpersonal and technical skills, a desire to learn and determined attitude to succeed.","['alb', 'ci cd', 'django api design server side logic drf django rest framework database management postgresql', 'docker', 'ec2', 'ecs', 'etc linux', 'full stack development front end reactjs', 'gitlab terraform', 'mysql version control git aws ecr', 'nextjs backend python', 'rds', 'shell scripting']"
r_2236,Data analyst actively seeking job roles related to data science and machine learning.,['ibm data analytics']
r_2237,Graduate database management engineer looking to join a role in data analytics or cloud-based machine learning solutions.,['data science on cloud']
r_2238,I am currently working as a junior Machine Learning Engineer and I want to learn more about how Machine Learning projects impact real work scenarios.,['n a']
r_2239,,['data scientist python developer certification advanced data analytics with python and r']
r_2240,,['ai on the cloud']
r_2241,"Machine Learning Design
Data Analysis
Model Training
AI Integration
Innovation
Cross-Functional Collaboration
Model Deployment
Documentation
Analytical Skills
Communication
Team Collaboration",['python r or java tensorflow pytorch scikit learn']
r_2242,,['jr data scientist']
r_2243,"A curiosity-driven data scientist, eager to leverage machine learning and data analytics to extract meaningful insights, make informed decisions and solve challenging business problems. I ensure to contribute with my knowledge, logical thinking and analytical skills towards the consistent growth and development of the organization, and enhance my experience through continuous learning and teamwork.",['n a']
r_2244,"Machine Learning Design
Data Analysis
Model Training
AI Integration
Innovation
Cross-Functional Collaboration
Model Deployment
Documentation
Analytical Skills
Communication
Team Collaboration",['python r or java tensorflow pytorch scikit learn']
r_2245,,"['cambridge uk', 'mountain view ca usa', 'vancouver bc canada']"
r_2246,I am a market research specialist with a grasp of machine learning and looking for a deeper dive into the career of being a professional machine learning engineer.,['n a']
r_2247,,"['natural language processing with python', 'python for big data with pyspark']"
r_2248,"Machine Learning Leadership
Cross-Functional Collaboration
Strategy Development
ML/NLP Infrastructure
Prototype Transformation
ML System Design
Algorithm Research
Application Development
Dataset Selection
ML Testing
Statistical Analysis
R&D in ML/NLP
Text Representation
Data Pipeline Design
Statistical Data Analysis
Model Training
Team Collaboration
Research Reporting
Algorithm Analysis",['n a']
r_2249,"Machine Learning Design
Data Analysis
Model Training
AI Integration
Innovation
Cross-Functional Collaboration
Model Deployment
Documentation
Analytical Skills
Communication
Team Collaboration",['python r or java tensorflow pytorch scikit learn']
r_2250,"A python programmer, currently pursuing Data science and looking for roles that involve the application of Machine Learning. I am always excited to take on real life problems and tread through different technology stacks.",['certified data scientist']
r_2251,Software Engineer with a track record of Implementing and completing projects on time and in alignment with client expectations. Enthusiast about Data Science and keen to learn and explore.,['n a']
r_2252,I am a fresher business analyst with a knack for building applications that use machine learning and deep learning.,['team lead']
r_2253,"Data Science Enthusiast looking roles in Data Analytics, Machine learning, Statistical Modeling, Data Visualization.",['machine learning internship certificate']
r_2254,Would like to join any firm as a software developer in machine learning projects.,['n a']
r_2255,"Software developer with a niche towards end to end machine learning projects. Motivated towards learning, solving and producing better results.",['participant']
r_2256,A highly disciplined and hard-working individual seeking challenging opportunity in the field of data science and data analytics where I can utilize my skills and knowledge to contribute for the growth of the organization,['data science using machine learning with r and python data analytics']
r_2257,"Machine Learning Leadership
Cross-Functional Collaboration
Strategy Development
ML/NLP Infrastructure
Prototype Transformation
ML System Design
Algorithm Research
Application Development
Dataset Selection
ML Testing
Statistical Analysis
R&D in ML/NLP
Text Representation
Data Pipeline Design
Statistical Data Analysis
Model Training
Team Collaboration
Research Reporting
Algorithm Analysis","['fluent full knowledge', 'knowledge but taking classes to become more fluent']"
r_2258,,"['cloud infrastructure for advanced computing', 'machine learning']"
r_2259,"Machine Learning Leadership
Cross-Functional Collaboration
Strategy Development
ML/NLP Infrastructure
Prototype Transformation
ML System Design
Algorithm Research
Application Development
Dataset Selection
ML Testing
Statistical Analysis
R&D in ML/NLP
Text Representation
Data Pipeline Design
Statistical Data Analysis
Model Training
Team Collaboration
Research Reporting
Algorithm Analysis","['member', 'participant']"
r_2260,"Machine Learning Design
Data Analysis
Model Training
AI Integration
Innovation
Cross-Functional Collaboration
Model Deployment
Documentation
Analytical Skills
Communication
Team Collaboration",['python r or java tensorflow pytorch scikit learn']
r_2261,Software Engineer with a track record of Implementing and completing projects on time and in alignment with client expectations. Enthusiast about Data Science and keen to learn and explore.,['n a']
r_2262,,['data science and analytics']
r_2263,"A Data Science enthusiast with a demonstrated history of working in Banking industry. Currently working on real life Data Science projects with interest in Predictive Analytics, Machine Learning and Deep Learning.",['n a']
r_2264,"As a research assistant I always try to define new boundaries and work in a meticulous way to figure out solutions. I have used Machine Learning as a base for our product design to synthesis chemical architectures and their reaction, right now I would like to be involved more on the application development side and was looking for an opportunity that did such.","['alb', 'ci cd', 'django api design server side logic drf django rest framework database management postgresql', 'docker', 'ec2', 'ecs', 'etc linux', 'full stack development front end reactjs', 'gitlab terraform', 'mysql version control git aws ecr', 'nextjs backend python', 'rds', 'shell scripting']"
r_2265,"Machine Learning Leadership
Cross-Functional Collaboration
Strategy Development
ML/NLP Infrastructure
Prototype Transformation
ML System Design
Algorithm Research
Application Development
Dataset Selection
ML Testing
Statistical Analysis
R&D in ML/NLP
Text Representation
Data Pipeline Design
Statistical Data Analysis
Model Training
Team Collaboration
Research Reporting
Algorithm Analysis",['n a']
r_2266,"Machine Learning Leadership
Cross-Functional Collaboration
Strategy Development
ML/NLP Infrastructure
Prototype Transformation
ML System Design
Algorithm Research
Application Development
Dataset Selection
ML Testing
Statistical Analysis
R&D in ML/NLP
Text Representation
Data Pipeline Design
Statistical Data Analysis
Model Training
Team Collaboration
Research Reporting
Algorithm Analysis","['city state', 'n a']"
r_2267,,['deep learning masters machine learning']
r_2268,I am actively seeking opportunity as Data Analyst or Machine Learning Engineer. My goal is to discover new business strategies and create an impact through data driven analytical decisions and leading the business to success.,['student']
r_2269,"Machine Learning Design
Data Analysis
Model Training
AI Integration
Innovation
Cross-Functional Collaboration
Model Deployment
Documentation
Analytical Skills
Communication
Team Collaboration",['python r or java tensorflow pytorch scikit learn']
r_2270,I am actively seeking opportunity as Data Analyst or Machine Learning Engineer. My goal is to discover new business strategies and create an impact through data driven analytical decisions and leading the business to success.,['student']
r_2271,,['data science and analytics']
r_2272,I am a market research specialist with a grasp of machine learning and looking for a deeper dive into the career of being a professional machine learning engineer.,['n a']
r_2273,"A Fresher Seeking Roles In Machine Learning, Business Analysis, Data Predictive Modelling, Statistical Solutions, Data Mining.",['data science and bigdata']
r_2274,As a Data Analyst I always look into more innovative ways of finding figures and facts from data. I have also worked with some production based Machine learning application problems and I would like to involve myself more with such ventures.,"['using python', 'using tableau']"
r_2275,I am fresher data analyst starting out in ERP and MIS. As a fresher I am looking for roles specific to data science and machine learning to learn about the subject and create amazing applications to solve real life problems.,['data science with python']
r_2276,"Machine Learning Design
Data Analysis
Model Training
AI Integration
Innovation
Cross-Functional Collaboration
Model Deployment
Documentation
Analytical Skills
Communication
Team Collaboration",['python r or java tensorflow pytorch scikit learn']
r_2277,"Machine Learning Engineer seeking assignments Deep Learning, Reinforcement Learning, Tensorflow. Keras.",['scholar']
r_2278,Interested in helping businesses take best decisions using Machine learning and Deep learning solutions.,['n a']
r_2279,"Young Aspirant looking for roles in data science, analytics and Machine Learning.",['n a']
r_2280,"Experienced software professional looking for data science and machine learning roles. Masters in machine learning. Good Knowledge of Software Development processes and Object-oriented programming. Sound Knowledge of python, scikit learn and keras.",['n a']
r_2281,"Data Analyst, interested in Machine Learning application development. As a data analyst, I have extensive experience with data preprocessing and pipeline building and I would like to venture further into this domain to learn more about it.",['n a']
r_2282,"Machine Learning Design
Data Analysis
Model Training
AI Integration
Innovation
Cross-Functional Collaboration
Model Deployment
Documentation
Analytical Skills
Communication
Team Collaboration",['python r or java tensorflow pytorch scikit learn']
r_2283,"Machine Learning Design
Data Analysis
Model Training
AI Integration
Innovation
Cross-Functional Collaboration
Model Deployment
Documentation
Analytical Skills
Communication
Team Collaboration",['python r or java tensorflow pytorch scikit learn']
r_2284,Interested in helping businesses take best decisions using Machine learning and Deep learning solutions.,"['alb', 'ci cd', 'django api design server side logic drf django rest framework database management postgresql', 'docker', 'ec2', 'ecs', 'etc linux', 'full stack development front end reactjs', 'gitlab terraform', 'mysql version control git aws ecr', 'nextjs backend python', 'rds', 'shell scripting']"
r_2285,,['training and deploying a machine model']
r_2286,I am a Post Graduate having knowledge of industry-level Machine Learning problems and Research topics. I currently work as a Machine Learning Engineer and I want to keep exploring such opportunities.,['n a']
r_2287,"Machine Learning Leadership
Cross-Functional Collaboration
Strategy Development
ML/NLP Infrastructure
Prototype Transformation
ML System Design
Algorithm Research
Application Development
Dataset Selection
ML Testing
Statistical Analysis
R&D in ML/NLP
Text Representation
Data Pipeline Design
Statistical Data Analysis
Model Training
Team Collaboration
Research Reporting
Algorithm Analysis",['certified embedded professional ecep']
r_2288,Fresher starting out and wanting to join a role of machine learning engineer or data science engineer.,['python statistics with pandas and matplotlib']
r_2289,"A curiosity-driven data scientist, eager to leverage machine learning and data analytics to extract meaningful insights, make informed decisions and solve challenging business problems. I ensure to contribute with my knowledge, logical thinking and analytical skills towards the consistent growth and development of the organization, and enhance my experience through continuous learning and teamwork.",['n a']
r_2290,,['nlp developer']
r_2291,"Young Aspirant looking for roles in data science, analytics and Machine Learning.",['n a']
r_2292,"Experienced software professional looking for data science and machine learning roles. Masters in machine learning. Good Knowledge of Software Development processes and Object-oriented programming. Sound Knowledge of python, scikit learn and keras.","['alb', 'ci cd', 'django api design server side logic drf django rest framework database management postgresql', 'docker', 'ec2', 'ecs', 'etc linux', 'full stack development front end reactjs', 'gitlab terraform', 'mysql version control git aws ecr', 'nextjs backend python', 'rds', 'shell scripting']"
r_2293,Recent Graduate testing and debugging machine learning models. I have worked on multiple projects and have contributed to the testing and quality control of models over time. I am looking to switch to a development role where I can exercise my skills.,['n a']
r_2294,Data Science Explorer with a keen interest in application models of Machine learning.,['n a']
r_2295,"To design, develop and manage products in the field of consumer electronics devices, networking protocols, internet applications and connected devices. Vision to create personalized experiences based on machine learning.",['city state']
r_2296,,['ait']
r_2297,Associate software engineer specializing in Machine Learning models and Optimization. I work with both natural Language processing and computer vision in terms of Modelling and development.,['n a']
r_2298,Graduate Looking for roles related to BU analyst and machine learning.,['data analyst python programming']
r_2299,Fresher python developer interested in data analytics and machine learning.,"['alb', 'ci cd', 'django api design server side logic drf django rest framework database management postgresql', 'docker', 'ec2', 'ecs', 'etc linux', 'full stack development front end reactjs', 'gitlab terraform', 'mysql version control git aws ecr', 'nextjs backend python', 'rds', 'shell scripting']"
r_2300,I am a fresher specializing in data analytics and Machine Learning Application development. I believe that if given the opportunity I can prove my potential as a developer. I can easily communicate and work under someone's supervision who can guide me and help me in this journey of learning and exploring.,['participant']
r_2301,,['deep learning masters machine learning']
r_2302,"Software developer focused in the areas of Machine learning application development. Motivated to learn, grow and excel my experience by challenging myself.",['ondevice machine learning']
r_2303,"Data Science Enthusiast looking roles in Data Analytics, Machine learning, Statistical Modeling, Data Visualization.","['alb', 'ci cd', 'django api design server side logic drf django rest framework database management postgresql', 'docker', 'ec2', 'ecs', 'etc linux', 'full stack development front end reactjs', 'gitlab terraform', 'mysql version control git aws ecr', 'nextjs backend python', 'rds', 'shell scripting']"
r_2304,Data Science Explorer with a keen interest in application models of Machine learning.,['n a']
r_2305,"Machine Learning Design
Data Analysis
Model Training
AI Integration
Innovation
Cross-Functional Collaboration
Model Deployment
Documentation
Analytical Skills
Communication
Team Collaboration",['python r or java tensorflow pytorch scikit learn']
r_2306,"I am a software engineer, and I want to work on full time roles associated with Machine Learning. I have previously worked on some corporate models and due to its intricacies I want to explore more in the domain.",['n a']
r_2307,"Skilled Machine Learning and Deep Learning practitioner, and I have worked on Computer vision-based projects. On the lookout for opportunities that help me understand more about the domain.",['attendee']
r_2308,"I am a software engineer, and I want to work on full time roles associated with Machine Learning. I have previously worked on some corporate models and due to its intricacies I want to explore more in the domain.",['n a']
r_2309,"['ASP.NET 4.5', 'academic', 'Clustering', 'consulting', 'curriculum development', 'customer satisfaction', 'data analysis', 'data mining', 'data warehouse', 'Databases', 'database', 'database design', 'database management', 'data warehousing', 'environmental protection', 'Environmental Science', 'GIS', 'HTML', 'instructor', 'Lecturer', 'legal', 'machine learning', 'managing', 'materials', 'meetings', 'C#', 'Microsoft SQL', 'modeling', 'Natural', 'Oracle', 'process development and engineering', 'processes', 'progress', 'Python', 'quality', 'researching', 'research', 'SAS', 'shipping', 'SPSS', 'SQL', 'Statistics', 'Tableau', 'teaching', 'technical support', 'workshops']","['city state', 'n a']"
r_2310,I am a fresher business analyst with a knack for building applications that use machine learning and deep learning.,['team lead']
r_2311,"Skilled Machine Learning and Deep Learning practitioner, and I have worked on Computer vision-based projects. On the lookout for opportunities that help me understand more about the domain.",['attendee']
r_2312,I am a Post Graduate having knowledge of industry-level Machine Learning problems and Research topics. I currently work as a Machine Learning Engineer and I want to keep exploring such opportunities.,['n a']
r_2313,"Machine Learning Leadership
Cross-Functional Collaboration
Strategy Development
ML/NLP Infrastructure
Prototype Transformation
ML System Design
Algorithm Research
Application Development
Dataset Selection
ML Testing
Statistical Analysis
R&D in ML/NLP
Text Representation
Data Pipeline Design
Statistical Data Analysis
Model Training
Team Collaboration
Research Reporting
Algorithm Analysis",['n a']
r_2314,"A python programmer, currently pursuing Data science and looking for roles that involve the application of Machine Learning. I am always excited to take on real life problems and tread through different technology stacks.",['certified data scientist']
r_2315,"Machine Learning Engineer seeking roles in Machine Learning, Natural Language Processing, Artificial Intelligence, Data Science.",['n a']
r_2316,,['nlp developer']
r_2317,I am a software engineer who has worked on several computer vision projects and their end to end deployment. I am looking to join as a Machine Learning developer to closely work on problems and increase my grasp over the domain.,"['deployment of end to end ml projects', 'n a']"
r_2318,"I am a software engineer, and I want to work on full time roles associated with Machine Learning. I have previously worked on some corporate models and due to its intricacies I want to explore more in the domain.",['n a']
r_2319,"Machine Learning Design
Data Analysis
Model Training
AI Integration
Innovation
Cross-Functional Collaboration
Model Deployment
Documentation
Analytical Skills
Communication
Team Collaboration",['python r or java tensorflow pytorch scikit learn']
r_2320,"A Data Science enthusiast with a demonstrated history of working in Banking industry. Currently working on real life Data Science projects with interest in Predictive Analytics, Machine Learning and Deep Learning.",['n a']
r_2321,I am a fresher business analyst with a knack for building applications that use machine learning and deep learning.,['team lead']
r_2322,I am currently working as a junior Machine Learning Engineer and I want to learn more about how Machine Learning projects impact real work scenarios.,['n a']
r_2323,,['data science and analytics']
r_2324,"Machine Learning Design
Data Analysis
Model Training
AI Integration
Innovation
Cross-Functional Collaboration
Model Deployment
Documentation
Analytical Skills
Communication
Team Collaboration",['python r or java tensorflow pytorch scikit learn']
r_2325,"I'm passionate learner with a knack for Artificial Intelligence. The kind of problems AI can solve, fills me with enthusiasm to learn more and contribute more. I have dedicated more than a year developing and training Machine learning Models across several projects.",['pytorch developer']
r_2326,"Experienced software professional looking for data science and machine learning roles. Masters in machine learning. Good Knowledge of Software Development processes and Object-oriented programming. Sound Knowledge of python, scikit learn and keras.",['n a']
r_2327,"Currently looking for an opportunity in Machine Learning and Deep Learning roles. I have a good depth of knowledge in ML Algorithms, various CNN architectures, and worked on Time series data, Image captioning, NLP tasks. Interested to work with an enthusiastic team on business problems.",['participant']
r_2328,Data analyst actively seeking job roles related to data science and machine learning.,['ibm data analytics']
r_2329,I am currently working as a junior Machine Learning Engineer and I want to learn more about how Machine Learning projects impact real work scenarios.,['n a']
r_2330,Seeking challenging opportunity in the field of data science and data analytics where I can utilize my skills and knowledge to contribute for the growth of the organization,['n a']
r_2331,Data analyst actively seeking job roles related to data science and machine learning.,['ibm data analytics']
r_2332,Recently graduated fresher experienced in Machine Learning and Natural Language Processing looking for roles that involve projects in the same.,['py thonist']
r_2333,,['tensorflow and keras']
r_2334,"Machine Learning Engineer seeking assignments Deep Learning, Reinforcement Learning, Tensorflow. Keras.",['scholar']
r_2335,"Machine Learning Design
Data Analysis
Model Training
AI Integration
Innovation
Cross-Functional Collaboration
Model Deployment
Documentation
Analytical Skills
Communication
Team Collaboration",['python r or java tensorflow pytorch scikit learn']
r_2336,"Passionate Data Engineer with a zeal to excel forward and produce promising outcomes. Hands-on knowledge in various Machine Learning Algorithms. Also experienced in data mining, warehouse maintaining, and visualization. In search of a role where I can nurture my skills and contribute to the growth of the company and myself.",['n a']
r_2337,"Machine learning Enthusiast. Motivated to learn, grow and excel my experience by challenging myself.",['data science with python']
r_2338,"Machine Learning Design
Data Analysis
Model Training
AI Integration
Innovation
Cross-Functional Collaboration
Model Deployment
Documentation
Analytical Skills
Communication
Team Collaboration",['python r or java tensorflow pytorch scikit learn']
r_2339,"Machine Learning Design
Data Analysis
Model Training
AI Integration
Innovation
Cross-Functional Collaboration
Model Deployment
Documentation
Analytical Skills
Communication
Team Collaboration",['python r or java tensorflow pytorch scikit learn']
r_2340,,"['city state', 'navi mumbai india']"
r_2341,I am a software developer currently working on Machine Learning Projects. The domain of analytics and Machine Learning has amassed a greater interest for me and I want to explore and learn about the core concepts used in production. I am looking to switch to a fulltime role that will help me explore more about this.,['software lifecycle']
r_2342,,['jr data scientist']
r_2343,"Machine Learning Design
Data Analysis
Model Training
AI Integration
Innovation
Cross-Functional Collaboration
Model Deployment
Documentation
Analytical Skills
Communication
Team Collaboration",['python r or java tensorflow pytorch scikit learn']
r_2344,,"['city state', 'kuwait', 'udaipur india']"
r_2345,Fresher starting out and wanting to join a role of machine learning engineer or data science engineer.,['python statistics with pandas and matplotlib']
r_2346,,['training and deploying a machine model']
r_2347,,['data scientist python developer certification advanced data analytics with python and r']
r_2348,"Machine Learning Design
Data Analysis
Model Training
AI Integration
Innovation
Cross-Functional Collaboration
Model Deployment
Documentation
Analytical Skills
Communication
Team Collaboration",['python r or java tensorflow pytorch scikit learn']
r_2349,"Associate Solution Advisor currently enrolled in PG for Data science, Knowledge in data manipulation, analysis, reporting and data visualization. In depth knowledge of tools used for production.",['n a']
r_2350,"Machine Learning Design
Data Analysis
Model Training
AI Integration
Innovation
Cross-Functional Collaboration
Model Deployment
Documentation
Analytical Skills
Communication
Team Collaboration",['python r or java tensorflow pytorch scikit learn']
r_2351,"Fresher having knowledge in machine learning and natural language processing. Looking to join a role where I can learn from an well informed environment, experiment and produce promising results and work with different kinds of data.",['nanyang university']
r_2352,,['training and deploying a machine model']
r_2353,"Machine Learning Design
Data Analysis
Model Training
AI Integration
Innovation
Cross-Functional Collaboration
Model Deployment
Documentation
Analytical Skills
Communication
Team Collaboration",['python r or java tensorflow pytorch scikit learn']
r_2354,"A Data Science enthusiast with a demonstrated history of working in Banking industry. Currently working on real life Data Science projects with interest in Predictive Analytics, Machine Learning and Deep Learning.",['n a']
r_2355,Data Science Explorer with a keen interest in application models of Machine learning.,['n a']
r_2356,A highly disciplined and hard-working individual seeking challenging opportunity in the field of data science and data analytics where I can utilize my skills and knowledge to contribute for the growth of the organization,['data science using machine learning with r and python data analytics']
r_2357,Interested in helping businesses take best decisions using Machine learning and Deep learning solutions.,['n a']
r_2358,Recently graduated fresher experienced in Machine Learning and Natural Language Processing looking for roles that involve projects in the same.,['py thonist']
r_2359,,['data scientist python developer certification advanced data analytics with python and r']
r_2360,Understanding and solving problems has been one my core objectives since I started working. Exploring data and the different interpretation it can have is what amazes me. Currently interested Machine Learning developer and engineer roles.,"['a gentle introduction to deep learning using keras', 'deep learning advanced nlp and rnns', 'machine learning a z handson python r in data science']"
r_2361,I am an assistant software engineer working on cloud-based solutions. After working on a couple of Machine Learning application evaluations and deployment I got really engrossed into the domain and would like to work more towards improving myself.,['n a']
r_2362,,['deep learning masters machine learning']
r_2363,"A quality-oriented professional with a keen interest in solving complex business problems by way of AI-based design & thinking. A technology-agnostic individual with a strong background in data science, statistics, and economics with an aim to accelerate artificial intelligence.",['n a']
r_2364,"Machine Learning Leadership
Cross-Functional Collaboration
Strategy Development
ML/NLP Infrastructure
Prototype Transformation
ML System Design
Algorithm Research
Application Development
Dataset Selection
ML Testing
Statistical Analysis
R&D in ML/NLP
Text Representation
Data Pipeline Design
Statistical Data Analysis
Model Training
Team Collaboration
Research Reporting
Algorithm Analysis",['social officer']
r_2365,"I'm passionate learner with a knack for Artificial Intelligence. The kind of problems AI can solve, fills me with enthusiasm to learn more and contribute more. I have dedicated more than a year developing and training Machine learning Models across several projects.",['pytorch developer']
r_2366,"Fresher starting out with Business Analysis, and machine learning modelling based on data engineering.","['alb', 'ci cd', 'django api design server side logic drf django rest framework database management postgresql', 'docker', 'ec2', 'ecs', 'etc linux', 'full stack development front end reactjs', 'gitlab terraform', 'mysql version control git aws ecr', 'nextjs backend python', 'rds', 'shell scripting']"
r_2367,,"['machine learning with python', 'neural network applied in pytorch']"
r_2368,"Machine Learning Leadership
Cross-Functional Collaboration
Strategy Development
ML/NLP Infrastructure
Prototype Transformation
ML System Design
Algorithm Research
Application Development
Dataset Selection
ML Testing
Statistical Analysis
R&D in ML/NLP
Text Representation
Data Pipeline Design
Statistical Data Analysis
Model Training
Team Collaboration
Research Reporting
Algorithm Analysis",['city state']
r_2369,"Machine Learning Design
Data Analysis
Model Training
AI Integration
Innovation
Cross-Functional Collaboration
Model Deployment
Documentation
Analytical Skills
Communication
Team Collaboration",['python r or java tensorflow pytorch scikit learn']
r_2370,"Machine Learning Leadership
Cross-Functional Collaboration
Strategy Development
ML/NLP Infrastructure
Prototype Transformation
ML System Design
Algorithm Research
Application Development
Dataset Selection
ML Testing
Statistical Analysis
R&D in ML/NLP
Text Representation
Data Pipeline Design
Statistical Data Analysis
Model Training
Team Collaboration
Research Reporting
Algorithm Analysis",['city state']
r_2371,,['nlp developer']
r_2372,,['deep learning masters machine learning']
r_2373,"Machine Learning Leadership
Cross-Functional Collaboration
Strategy Development
ML/NLP Infrastructure
Prototype Transformation
ML System Design
Algorithm Research
Application Development
Dataset Selection
ML Testing
Statistical Analysis
R&D in ML/NLP
Text Representation
Data Pipeline Design
Statistical Data Analysis
Model Training
Team Collaboration
Research Reporting
Algorithm Analysis",['city state']
r_2374,"A Data Science enthusiast with a demonstrated history of working in Banking industry. Currently working on real life Data Science projects with interest in Predictive Analytics, Machine Learning and Deep Learning.",['n a']
r_2375,I am a software developer and analyst professional working for a year with client side technology and Machine Learning product delivery. I have handled small but scalable Machine Learning projects and want to expand my experience and expertise in the domain.,['applied machine learning course']
r_2376,,"['city state', 'navi mumbai india']"
r_2377,I am currently looking for an opportunity as a Data Science or Machine Learning Engineer.,['business analyst']
r_2378,"Machine Learning Leadership
Cross-Functional Collaboration
Strategy Development
ML/NLP Infrastructure
Prototype Transformation
ML System Design
Algorithm Research
Application Development
Dataset Selection
ML Testing
Statistical Analysis
R&D in ML/NLP
Text Representation
Data Pipeline Design
Statistical Data Analysis
Model Training
Team Collaboration
Research Reporting
Algorithm Analysis",['participant']
r_2379,"I am a Master of Data Science graduate looking to work as a fulltime employee, seeking an entry level role in data science domain. I can offer a strong programming skills and good academic results together with a sound knowledge of implementing Machine learning techniques. Also, I am keen to learn new skill sets that the role demands. I am a highly analytical individual with interpersonal and technical skills, a desire to learn and determined attitude to succeed.",['data management on large scale']
r_2380,,['tensorflow and keras']
r_2381,"Experienced software professional looking for data science and machine learning roles. Masters in machine learning. Good Knowledge of Software Development processes and Object-oriented programming. Sound Knowledge of python, scikit learn and keras.",['n a']
r_2382,I am looking for a job switch to transition into Data Science and utilize my currents skills & learnings from my Master's course to solve new problems.,['n a']
r_2383,,"['chairman', 'participant']"
r_2384,I am a software engineer who has worked on several computer vision projects and their end to end deployment. I am looking to join as a Machine Learning developer to closely work on problems and increase my grasp over the domain.,"['deployment of end to end ml projects', 'n a']"
r_2385,"Machine Learning Leadership
Cross-Functional Collaboration
Strategy Development
ML/NLP Infrastructure
Prototype Transformation
ML System Design
Algorithm Research
Application Development
Dataset Selection
ML Testing
Statistical Analysis
R&D in ML/NLP
Text Representation
Data Pipeline Design
Statistical Data Analysis
Model Training
Team Collaboration
Research Reporting
Algorithm Analysis",['city state']
r_2386,I am a fresher who is looking to work as a software developer in Machine Learning Application building and deployment. I am experienced in both machine learning and deep learning and have worked on few collaborative projects on such.,['n a']
r_2387,Fresher python developer interested in data analytics and machine learning.,['statistics in python']
r_2388,,['ait']
r_2389,I am an assistant software engineer working on cloud-based solutions. After working on a couple of Machine Learning application evaluations and deployment I got really engrossed into the domain and would like to work more towards improving myself.,['n a']
r_2390,,['deep learning masters machine learning']
r_2391,Fresher Computer vision and Machine Learning Engineer looking for a job that is both challenging and fun in terms of problem-solving. Also an expert in maintaining and managing Tableau and Power BI dashboards to address business.,"['honorary member', 'innovator of the year runner up']"
r_2392,"A Data Science enthusiast with a demonstrated history of working in Banking industry. Currently working on real life Data Science projects with interest in Predictive Analytics, Machine Learning and Deep Learning.",['n a']
r_2393,Software Engineer with a track record of Implementing and completing projects on time and in alignment with client expectations. Enthusiast about Data Science and keen to learn and explore.,['n a']
r_2394,,['jr data scientist']
r_2395,"Energetic, innovative engineering undergraduate, passionate about Machine Learning, NLP and Deep Learning for solving real-world problems, aiming to work in an organization providing great learning experience and growth opportunities for mutual benefit.","['apr 2021', 'dec 2020', 'feb 2021', 'nov 2021']"
r_2396,"I am a Master of Data Science graduate looking to work as a fulltime employee, seeking an entry level role in data science domain. I can offer a strong programming skills and good academic results together with a sound knowledge of implementing Machine learning techniques. Also, I am keen to learn new skill sets that the role demands. I am a highly analytical individual with interpersonal and technical skills, a desire to learn and determined attitude to succeed.",['data management on large scale']
r_2397,,['deep learning masters machine learning']
r_2398,"Machine Learning Engineer seeking assignments Deep Learning, Reinforcement Learning, Tensorflow. Keras.",['scholar']
r_2399,"Machine Learning Engineer seeking assignments Deep Learning, Reinforcement Learning, Tensorflow. Keras.",['scholar']
r_2400,I am fresher data analyst starting out in ERP and MIS. As a fresher I am looking for roles specific to data science and machine learning to learn about the subject and create amazing applications to solve real life problems.,['data science with python']
r_2401,Would like to join any firm as a software developer in machine learning projects.,['n a']
r_2402,"Machine Learning Design
Data Analysis
Model Training
AI Integration
Innovation
Cross-Functional Collaboration
Model Deployment
Documentation
Analytical Skills
Communication
Team Collaboration",['python r or java tensorflow pytorch scikit learn']
r_2403,"['ASP.NET 4.5', 'academic', 'Clustering', 'consulting', 'curriculum development', 'customer satisfaction', 'data analysis', 'data mining', 'data warehouse', 'Databases', 'database', 'database design', 'database management', 'data warehousing', 'environmental protection', 'Environmental Science', 'GIS', 'HTML', 'instructor', 'Lecturer', 'legal', 'machine learning', 'managing', 'materials', 'meetings', 'C#', 'Microsoft SQL', 'modeling', 'Natural', 'Oracle', 'process development and engineering', 'processes', 'progress', 'Python', 'quality', 'researching', 'research', 'SAS', 'shipping', 'SPSS', 'SQL', 'Statistics', 'Tableau', 'teaching', 'technical support', 'workshops']","['city state', 'n a']"
r_2404,"Associate Solution Advisor currently enrolled in PG for Data science, Knowledge in data manipulation, analysis, reporting and data visualization. In depth knowledge of tools used for production.",['n a']
r_2405,"Young Aspirant looking for roles in data science, analytics and Machine Learning.",['n a']
r_2406,"Energetic, innovative engineering undergraduate, passionate about Machine Learning, NLP and Deep Learning for solving real-world problems, aiming to work in an organization providing great learning experience and growth opportunities for mutual benefit.","['apr 2021', 'dec 2020', 'feb 2021', 'nov 2021']"
r_2407,"Machine Learning Design
Data Analysis
Model Training
AI Integration
Innovation
Cross-Functional Collaboration
Model Deployment
Documentation
Analytical Skills
Communication
Team Collaboration",['python r or java tensorflow pytorch scikit learn']
r_2408,,['ai on the cloud']
r_2409,"Machine Learning Leadership
Cross-Functional Collaboration
Strategy Development
ML/NLP Infrastructure
Prototype Transformation
ML System Design
Algorithm Research
Application Development
Dataset Selection
ML Testing
Statistical Analysis
R&D in ML/NLP
Text Representation
Data Pipeline Design
Statistical Data Analysis
Model Training
Team Collaboration
Research Reporting
Algorithm Analysis",['city state']
r_2410,"Machine Learning Leadership
Cross-Functional Collaboration
Strategy Development
ML/NLP Infrastructure
Prototype Transformation
ML System Design
Algorithm Research
Application Development
Dataset Selection
ML Testing
Statistical Analysis
R&D in ML/NLP
Text Representation
Data Pipeline Design
Statistical Data Analysis
Model Training
Team Collaboration
Research Reporting
Algorithm Analysis",['n a']
r_2411,"Currently looking for an opportunity in Machine Learning and Deep Learning roles. I have a good depth of knowledge in ML Algorithms, various CNN architectures, and worked on Time series data, Image captioning, NLP tasks. Interested to work with an enthusiastic team on business problems.",['participant']
r_2412,"Data Science Enthusiast looking roles in Data Analytics, Machine learning, Statistical Modeling, Data Visualization.",['machine learning internship certificate']
r_2413,Graduating Ph.D. candidate with a research focus on developing large-scale computational models using statistics and machine learning approach. Interested in a career as a computational scientist or quantitative software developer.,"['city', 'city state']"
r_2414,,['data science']
r_2415,As a junior analyst I currently work with data preprocessing and data cleaning before sending them to Machine Learning Models. I am also simultaneously training to be a machine learning engineer to work closely with teams that build models and would like to join a venture for such opportunity.,['n a']
r_2416,As a junior analyst I currently work with data preprocessing and data cleaning before sending them to Machine Learning Models. I am also simultaneously training to be a machine learning engineer to work closely with teams that build models and would like to join a venture for such opportunity.,['n a']
r_2417,"Machine Learning Design
Data Analysis
Model Training
AI Integration
Innovation
Cross-Functional Collaboration
Model Deployment
Documentation
Analytical Skills
Communication
Team Collaboration",['python r or java tensorflow pytorch scikit learn']
r_2418,"I am a Junior Machine Learning developer who focuses on data improvement and modelling, finding patterns in large databases and optimization of different models.",['nasik']
r_2419,Understanding and solving problems has been one my core objectives since I started working. Exploring data and the different interpretation it can have is what amazes me. Currently interested Machine Learning developer and engineer roles.,"['a gentle introduction to deep learning using keras', 'deep learning advanced nlp and rnns', 'machine learning a z handson python r in data science']"
r_2420,,['data science and analytics']
r_2421,"Fresher having knowledge in machine learning and natural language processing. Looking to join a role where I can learn from an well informed environment, experiment and produce promising results and work with different kinds of data.",['nanyang university']
r_2422,"Machine Learning Leadership
Cross-Functional Collaboration
Strategy Development
ML/NLP Infrastructure
Prototype Transformation
ML System Design
Algorithm Research
Application Development
Dataset Selection
ML Testing
Statistical Analysis
R&D in ML/NLP
Text Representation
Data Pipeline Design
Statistical Data Analysis
Model Training
Team Collaboration
Research Reporting
Algorithm Analysis",['2015']
r_2423,I am looking for a job switch to transition into Data Science and utilize my currents skills & learnings from my Master's course to solve new problems.,['n a']
r_2424,"Machine Learning Design
Data Analysis
Model Training
AI Integration
Innovation
Cross-Functional Collaboration
Model Deployment
Documentation
Analytical Skills
Communication
Team Collaboration",['python r or java tensorflow pytorch scikit learn']
r_2425,Graduate database management engineer looking to join a role in data analytics or cloud-based machine learning solutions.,['data science on cloud']
r_2426,"A curiosity-driven data scientist, eager to leverage machine learning and data analytics to extract meaningful insights, make informed decisions and solve challenging business problems. I ensure to contribute with my knowledge, logical thinking and analytical skills towards the consistent growth and development of the organization, and enhance my experience through continuous learning and teamwork.",['n a']
r_2427,"Machine Learning Leadership
Cross-Functional Collaboration
Strategy Development
ML/NLP Infrastructure
Prototype Transformation
ML System Design
Algorithm Research
Application Development
Dataset Selection
ML Testing
Statistical Analysis
R&D in ML/NLP
Text Representation
Data Pipeline Design
Statistical Data Analysis
Model Training
Team Collaboration
Research Reporting
Algorithm Analysis",['n a']
r_2428,"Software developer focused in the areas of Machine learning application development. Motivated to learn, grow and excel my experience by challenging myself.",['ondevice machine learning']
r_2429,I am a fresher specializing in data analytics and Machine Learning Application development. I believe that if given the opportunity I can prove my potential as a developer. I can easily communicate and work under someone's supervision who can guide me and help me in this journey of learning and exploring.,['participant']
r_2430,,['data analyst nano degree']
r_2431,"Passionate Data Engineer with a zeal to excel forward and produce promising outcomes. Hands-on knowledge in various Machine Learning Algorithms. Also experienced in data mining, warehouse maintaining, and visualization. In search of a role where I can nurture my skills and contribute to the growth of the company and myself.",['n a']
r_2432,,"['city state', 'kuwait', 'udaipur india']"
r_2433,"A python programmer, currently pursuing Data science and looking for roles that involve the application of Machine Learning. I am always excited to take on real life problems and tread through different technology stacks.",['certified data scientist']
r_2434,Understanding and solving problems has been one my core objectives since I started working. Exploring data and the different interpretation it can have is what amazes me. Currently interested Machine Learning developer and engineer roles.,"['a gentle introduction to deep learning using keras', 'deep learning advanced nlp and rnns', 'machine learning a z handson python r in data science']"
r_2435,"Fresher starting out with Business Analysis, and machine learning modelling based on data engineering.",['n a']
r_2436,"Data Science Enthusiast looking roles in Data Analytics, Machine learning, Statistical Modeling, Data Visualization.",['machine learning internship certificate']
r_2437,"Machine Learning Engineer seeking assignments Deep Learning, Reinforcement Learning, Tensorflow. Keras.",['scholar']
r_2438,Want to work as a Machine Learning Production Engineer.,['n a']
r_2439,"Software developer focused in the areas of Machine learning application development. Motivated to learn, grow and excel my experience by challenging myself.",['ondevice machine learning']
r_2440,Graduating Ph.D. candidate with a research focus on developing large-scale computational models using statistics and machine learning approach. Interested in a career as a computational scientist or quantitative software developer.,"['city', 'city state']"
r_2441,"A Fresher Seeking Roles In Machine Learning, Business Analysis, Data Predictive Modelling, Statistical Solutions, Data Mining.",['data science and bigdata']
r_2442,I am a software engineer who has worked on several computer vision projects and their end to end deployment. I am looking to join as a Machine Learning developer to closely work on problems and increase my grasp over the domain.,"['deployment of end to end ml projects', 'n a']"
r_2443,Currently seeking opportunities as an Analyst as well as Machine Learning Engineer.,['junior engineer award l t best solution provided l t']
r_2444,"To design, develop and manage products in the field of consumer electronics devices, networking protocols, internet applications and connected devices. Vision to create personalized experiences based on machine learning.",['city state']
r_2445,,['training and deploying a machine model']
r_2446,Seeking challenging opportunity in the field of data science and data analytics where I can utilize my skills and knowledge to contribute for the growth of the organization,['n a']
r_2447,As a junior analyst I currently work with data preprocessing and data cleaning before sending them to Machine Learning Models. I am also simultaneously training to be a machine learning engineer to work closely with teams that build models and would like to join a venture for such opportunity.,['n a']
r_2448,"Machine Learning Design
Data Analysis
Model Training
AI Integration
Innovation
Cross-Functional Collaboration
Model Deployment
Documentation
Analytical Skills
Communication
Team Collaboration",['python r or java tensorflow pytorch scikit learn']
r_2449,"Machine Learning Engineer seeking roles in Machine Learning, Natural Language Processing, Artificial Intelligence, Data Science.",['n a']
r_2450,,"['natural language processing with python', 'python for big data with pyspark']"
r_2451,I am looking for a job switch to transition into Data Science and utilize my currents skills & learnings from my Master's course to solve new problems.,['n a']
r_2452,"Skilled Machine Learning and Deep Learning practitioner, and I have worked on Computer vision-based projects. On the lookout for opportunities that help me understand more about the domain.",['attendee']
r_2453,"Machine Learning Design
Data Analysis
Model Training
AI Integration
Innovation
Cross-Functional Collaboration
Model Deployment
Documentation
Analytical Skills
Communication
Team Collaboration",['python r or java tensorflow pytorch scikit learn']
r_2454,,['nlp developer']
r_2455,,['tensorflow and keras']
r_2456,"Machine Learning Leadership
Cross-Functional Collaboration
Strategy Development
ML/NLP Infrastructure
Prototype Transformation
ML System Design
Algorithm Research
Application Development
Dataset Selection
ML Testing
Statistical Analysis
R&D in ML/NLP
Text Representation
Data Pipeline Design
Statistical Data Analysis
Model Training
Team Collaboration
Research Reporting
Algorithm Analysis",['city state']
r_2457,Currently seeking opportunities as an Analyst as well as Machine Learning Engineer.,['junior engineer award l t best solution provided l t']
r_2458,I am an assistant software engineer working on cloud-based solutions. After working on a couple of Machine Learning application evaluations and deployment I got really engrossed into the domain and would like to work more towards improving myself.,['n a']
r_2459,"Machine Learning Leadership
Cross-Functional Collaboration
Strategy Development
ML/NLP Infrastructure
Prototype Transformation
ML System Design
Algorithm Research
Application Development
Dataset Selection
ML Testing
Statistical Analysis
R&D in ML/NLP
Text Representation
Data Pipeline Design
Statistical Data Analysis
Model Training
Team Collaboration
Research Reporting
Algorithm Analysis",['n a']
r_2460,,['training and deploying a machine model']
r_2461,"Fresher having knowledge in machine learning and natural language processing. Looking to join a role where I can learn from an well informed environment, experiment and produce promising results and work with different kinds of data.",['nanyang university']
r_2462,"Software developer focused in the areas of Machine learning application development. Motivated to learn, grow and excel my experience by challenging myself.",['ondevice machine learning']
r_2463,"Skilled Machine Learning and Deep Learning practitioner, and I have worked on Computer vision-based projects. On the lookout for opportunities that help me understand more about the domain.",['attendee']
r_2464,"Machine Learning Design
Data Analysis
Model Training
AI Integration
Innovation
Cross-Functional Collaboration
Model Deployment
Documentation
Analytical Skills
Communication
Team Collaboration",['python r or java tensorflow pytorch scikit learn']
r_2465,,"['city state', 'navi mumbai india']"
r_2466,,['data science']
r_2467,As a junior analyst I currently work with data preprocessing and data cleaning before sending them to Machine Learning Models. I am also simultaneously training to be a machine learning engineer to work closely with teams that build models and would like to join a venture for such opportunity.,['n a']
r_2468,,"['city state', 'navi mumbai india']"
r_2469,Recent Graduate testing and debugging machine learning models. I have worked on multiple projects and have contributed to the testing and quality control of models over time. I am looking to switch to a development role where I can exercise my skills.,['n a']
r_2470,"As a research assistant I always try to define new boundaries and work in a meticulous way to figure out solutions. I have used Machine Learning as a base for our product design to synthesis chemical architectures and their reaction, right now I would like to be involved more on the application development side and was looking for an opportunity that did such.",['n a']
r_2471,Fresher Computer vision and Machine Learning Engineer looking for a job that is both challenging and fun in terms of problem-solving. Also an expert in maintaining and managing Tableau and Power BI dashboards to address business.,"['honorary member', 'innovator of the year runner up']"
r_2472,,"['machine learning with python', 'neural network applied in pytorch']"
r_2473,"An avid data analyst looking to step into the world of machine learning and data sciences. I have experience related to Data Mining, Data Visualization, Text Analytics, Data Collection and would currently like to expand my horizon and work on Machine Learning projects.",['n a']
r_2474,,['data science and analytics']
r_2475,"I am an experienced analytics specialist seeking a full-time position in the field of data science and application in business problem solving, where I can apply my knowledge and skills for continuous improvement.",['analytics certification']
r_2476,Graduate Looking for roles related to BU analyst and machine learning.,['data analyst python programming']
r_2477,"I am a Junior Machine Learning developer who focuses on data improvement and modelling, finding patterns in large databases and optimization of different models.",['nasik']
r_2478,,['jr data scientist']
r_2479,Graduate Looking for roles related to BU analyst and machine learning.,['data analyst python programming']
r_2480,,"['cloud infrastructure for advanced computing', 'machine learning']"
r_2481,I am currently working as a junior Machine Learning Engineer and I want to learn more about how Machine Learning projects impact real work scenarios.,['n a']
r_2482,"I am an experienced analytics specialist seeking a full-time position in the field of data science and application in business problem solving, where I can apply my knowledge and skills for continuous improvement.",['analytics certification']
r_2483,"Passionate Data Engineer with a zeal to excel forward and produce promising outcomes. Hands-on knowledge in various Machine Learning Algorithms. Also experienced in data mining, warehouse maintaining, and visualization. In search of a role where I can nurture my skills and contribute to the growth of the company and myself.",['n a']
r_2484,"Machine Learning Leadership
Cross-Functional Collaboration
Strategy Development
ML/NLP Infrastructure
Prototype Transformation
ML System Design
Algorithm Research
Application Development
Dataset Selection
ML Testing
Statistical Analysis
R&D in ML/NLP
Text Representation
Data Pipeline Design
Statistical Data Analysis
Model Training
Team Collaboration
Research Reporting
Algorithm Analysis",['01 1993']
r_2485,"Associate Solution Advisor currently enrolled in PG for Data science, Knowledge in data manipulation, analysis, reporting and data visualization. In depth knowledge of tools used for production.",['n a']
r_2486,Data analyst actively seeking job roles related to data science and machine learning.,['ibm data analytics']
r_2487,"I am a Master of Data Science graduate looking to work as a fulltime employee, seeking an entry level role in data science domain. I can offer a strong programming skills and good academic results together with a sound knowledge of implementing Machine learning techniques. Also, I am keen to learn new skill sets that the role demands. I am a highly analytical individual with interpersonal and technical skills, a desire to learn and determined attitude to succeed.",['data management on large scale']
r_2488,"Data Science Enthusiast looking roles in Data Analytics, Machine learning, Statistical Modeling, Data Visualization.",['machine learning internship certificate']
r_2489,Recent Graduate testing and debugging machine learning models. I have worked on multiple projects and have contributed to the testing and quality control of models over time. I am looking to switch to a development role where I can exercise my skills.,"['alb', 'ci cd', 'django api design server side logic drf django rest framework database management postgresql', 'docker', 'ec2', 'ecs', 'etc linux', 'full stack development front end reactjs', 'gitlab terraform', 'mysql version control git aws ecr', 'nextjs backend python', 'rds', 'shell scripting']"
r_2490,"A python programmer, currently pursuing Data science and looking for roles that involve the application of Machine Learning. I am always excited to take on real life problems and tread through different technology stacks.",['certified data scientist']
r_2491,"As a research assistant I always try to define new boundaries and work in a meticulous way to figure out solutions. I have used Machine Learning as a base for our product design to synthesis chemical architectures and their reaction, right now I would like to be involved more on the application development side and was looking for an opportunity that did such.",['n a']
r_2492,,['ai on the cloud']
r_2493,I am a fresher business analyst with a knack for building applications that use machine learning and deep learning.,['team lead']
r_2494,"Looking to utilize hands-on experience of machine learning, deep learning and Artificial Intelligence for data discovery, exploration, prediction and analysis tasks.",['n a']
r_2495,I am a software developer currently working on Machine Learning Projects. The domain of analytics and Machine Learning has amassed a greater interest for me and I want to explore and learn about the core concepts used in production. I am looking to switch to a fulltime role that will help me explore more about this.,['software lifecycle']
r_2496,"Passionate Data Engineer with a zeal to excel forward and produce promising outcomes. Hands-on knowledge in various Machine Learning Algorithms. Also experienced in data mining, warehouse maintaining, and visualization. In search of a role where I can nurture my skills and contribute to the growth of the company and myself.",['n a']
r_2497,"Machine Learning Leadership
Cross-Functional Collaboration
Strategy Development
ML/NLP Infrastructure
Prototype Transformation
ML System Design
Algorithm Research
Application Development
Dataset Selection
ML Testing
Statistical Analysis
R&D in ML/NLP
Text Representation
Data Pipeline Design
Statistical Data Analysis
Model Training
Team Collaboration
Research Reporting
Algorithm Analysis",['city state']
r_2498,,['ai on the cloud']
r_2499,"Machine Learning Design
Data Analysis
Model Training
AI Integration
Innovation
Cross-Functional Collaboration
Model Deployment
Documentation
Analytical Skills
Communication
Team Collaboration",['python r or java tensorflow pytorch scikit learn']
r_2500,"To design, develop and manage products in the field of consumer electronics devices, networking protocols, internet applications and connected devices. Vision to create personalized experiences based on machine learning.",['city state']
r_2501,"Passionate Data Engineer with a zeal to excel forward and produce promising outcomes. Hands-on knowledge in various Machine Learning Algorithms. Also experienced in data mining, warehouse maintaining, and visualization. In search of a role where I can nurture my skills and contribute to the growth of the company and myself.",['n a']
r_2502,I am a fresher business analyst with a knack for building applications that use machine learning and deep learning.,['team lead']
r_2503,"Machine Learning Leadership
Cross-Functional Collaboration
Strategy Development
ML/NLP Infrastructure
Prototype Transformation
ML System Design
Algorithm Research
Application Development
Dataset Selection
ML Testing
Statistical Analysis
R&D in ML/NLP
Text Representation
Data Pipeline Design
Statistical Data Analysis
Model Training
Team Collaboration
Research Reporting
Algorithm Analysis",['proficient']
r_2504,As a Data Analyst I always look into more innovative ways of finding figures and facts from data. I have also worked with some production based Machine learning application problems and I would like to involve myself more with such ventures.,"['alb', 'ci cd', 'django api design server side logic drf django rest framework database management postgresql', 'docker', 'ec2', 'ecs', 'etc linux', 'full stack development front end reactjs', 'gitlab terraform', 'mysql version control git aws ecr', 'nextjs backend python', 'rds', 'shell scripting']"
r_2505,Recently graduated fresher experienced in Machine Learning and Natural Language Processing looking for roles that involve projects in the same.,['py thonist']
r_2506,"Machine Learning Leadership
Cross-Functional Collaboration
Strategy Development
ML/NLP Infrastructure
Prototype Transformation
ML System Design
Algorithm Research
Application Development
Dataset Selection
ML Testing
Statistical Analysis
R&D in ML/NLP
Text Representation
Data Pipeline Design
Statistical Data Analysis
Model Training
Team Collaboration
Research Reporting
Algorithm Analysis",['austin tx']
r_2507,,"['participant', 'vice president social chair greek week delegate']"
r_2508,Graduating Ph.D. candidate with a research focus on developing large-scale computational models using statistics and machine learning approach. Interested in a career as a computational scientist or quantitative software developer.,"['city', 'city state']"
r_2509,I am Data science enthusiast focused on solving complex problems using machine learning techniques. I try to simplify problems and attack them head on. Always working and striving to be better solution finder.,['deep learning']
r_2510,I am looking for a job switch to transition into Data Science and utilize my currents skills & learnings from my Master's course to solve new problems.,['n a']
r_2511,I am currently looking for an opportunity as a Data Science or Machine Learning Engineer.,['business analyst']
r_2512,,['data science']
r_2513,,"['participant', 'vice president social chair greek week delegate']"
r_2514,"Machine Learning Leadership
Cross-Functional Collaboration
Strategy Development
ML/NLP Infrastructure
Prototype Transformation
ML System Design
Algorithm Research
Application Development
Dataset Selection
ML Testing
Statistical Analysis
R&D in ML/NLP
Text Representation
Data Pipeline Design
Statistical Data Analysis
Model Training
Team Collaboration
Research Reporting
Algorithm Analysis",['n a']
r_2515,,['data science']
r_2516,"Machine Learning Design
Data Analysis
Model Training
AI Integration
Innovation
Cross-Functional Collaboration
Model Deployment
Documentation
Analytical Skills
Communication
Team Collaboration",['python r or java tensorflow pytorch scikit learn']
r_2517,,"['cloud infrastructure for advanced computing', 'machine learning']"
r_2518,"An avid data analyst looking to step into the world of machine learning and data sciences. I have experience related to Data Mining, Data Visualization, Text Analytics, Data Collection and would currently like to expand my horizon and work on Machine Learning projects.",['n a']
r_2519,"Machine Learning Design
Data Analysis
Model Training
AI Integration
Innovation
Cross-Functional Collaboration
Model Deployment
Documentation
Analytical Skills
Communication
Team Collaboration",['python r or java tensorflow pytorch scikit learn']
r_2520,"['ASP.NET 4.5', 'academic', 'Clustering', 'consulting', 'curriculum development', 'customer satisfaction', 'data analysis', 'data mining', 'data warehouse', 'Databases', 'database', 'database design', 'database management', 'data warehousing', 'environmental protection', 'Environmental Science', 'GIS', 'HTML', 'instructor', 'Lecturer', 'legal', 'machine learning', 'managing', 'materials', 'meetings', 'C#', 'Microsoft SQL', 'modeling', 'Natural', 'Oracle', 'process development and engineering', 'processes', 'progress', 'Python', 'quality', 'researching', 'research', 'SAS', 'shipping', 'SPSS', 'SQL', 'Statistics', 'Tableau', 'teaching', 'technical support', 'workshops']","['city state', 'n a']"
r_2521,Associate software engineer specializing in Machine Learning models and Optimization. I work with both natural Language processing and computer vision in terms of Modelling and development.,['n a']
r_2522,"A curiosity-driven data scientist, eager to leverage machine learning and data analytics to extract meaningful insights, make informed decisions and solve challenging business problems. I ensure to contribute with my knowledge, logical thinking and analytical skills towards the consistent growth and development of the organization, and enhance my experience through continuous learning and teamwork.",['n a']
r_2523,,['data analyst nano degree']
r_2524,"I'm passionate learner with a knack for Artificial Intelligence. The kind of problems AI can solve, fills me with enthusiasm to learn more and contribute more. I have dedicated more than a year developing and training Machine learning Models across several projects.",['pytorch developer']
r_2525,"Machine Learning Leadership
Cross-Functional Collaboration
Strategy Development
ML/NLP Infrastructure
Prototype Transformation
ML System Design
Algorithm Research
Application Development
Dataset Selection
ML Testing
Statistical Analysis
R&D in ML/NLP
Text Representation
Data Pipeline Design
Statistical Data Analysis
Model Training
Team Collaboration
Research Reporting
Algorithm Analysis",['city state']
r_2526,,['tensorflow and keras']
r_2527,"Machine Learning Engineer seeking roles in Machine Learning, Natural Language Processing, Artificial Intelligence, Data Science.",['n a']
r_2528,"A quality-oriented professional with a keen interest in solving complex business problems by way of AI-based design & thinking. A technology-agnostic individual with a strong background in data science, statistics, and economics with an aim to accelerate artificial intelligence.",['n a']
r_2529,"I'm passionate learner with a knack for Artificial Intelligence. The kind of problems AI can solve, fills me with enthusiasm to learn more and contribute more. I have dedicated more than a year developing and training Machine learning Models across several projects.",['pytorch developer']
r_2530,Looking for roles related to application development in Machine Learning.,['n a']
r_2531,,['ait']
r_2532,I am an assistant software engineer working on cloud-based solutions. After working on a couple of Machine Learning application evaluations and deployment I got really engrossed into the domain and would like to work more towards improving myself.,['n a']
r_2533,"Young Aspirant looking for roles in data science, analytics and Machine Learning.",['n a']
r_2534,Graduate database management engineer looking to join a role in data analytics or cloud-based machine learning solutions.,['data science on cloud']
r_2535,"Machine Learning engineer who has worked on multiple projects with knowledge in big data handling and business analytics. As someone who is always learning, I would love to use my knowledge to provide the best solutions.",['n a']
r_2536,"Machine Learning Leadership
Cross-Functional Collaboration
Strategy Development
ML/NLP Infrastructure
Prototype Transformation
ML System Design
Algorithm Research
Application Development
Dataset Selection
ML Testing
Statistical Analysis
R&D in ML/NLP
Text Representation
Data Pipeline Design
Statistical Data Analysis
Model Training
Team Collaboration
Research Reporting
Algorithm Analysis",['october 2015']
r_2537,I am actively seeking opportunity as Data Analyst or Machine Learning Engineer. My goal is to discover new business strategies and create an impact through data driven analytical decisions and leading the business to success.,['student']
r_2538,I am a software engineer who has worked on several computer vision projects and their end to end deployment. I am looking to join as a Machine Learning developer to closely work on problems and increase my grasp over the domain.,"['deployment of end to end ml projects', 'n a']"
r_2539,As a junior analyst I currently work with data preprocessing and data cleaning before sending them to Machine Learning Models. I am also simultaneously training to be a machine learning engineer to work closely with teams that build models and would like to join a venture for such opportunity.,['n a']
r_2540,Graduating Ph.D. candidate with a research focus on developing large-scale computational models using statistics and machine learning approach. Interested in a career as a computational scientist or quantitative software developer.,"['city', 'city state']"
r_2541,Understanding and solving problems has been one my core objectives since I started working. Exploring data and the different interpretation it can have is what amazes me. Currently interested Machine Learning developer and engineer roles.,"['a gentle introduction to deep learning using keras', 'deep learning advanced nlp and rnns', 'machine learning a z handson python r in data science']"
r_2542,I am a fresher specializing in data analytics and Machine Learning Application development. I believe that if given the opportunity I can prove my potential as a developer. I can easily communicate and work under someone's supervision who can guide me and help me in this journey of learning and exploring.,['participant']
r_2543,Would like to join any firm as a software developer in machine learning projects.,['n a']
r_2544,,"['city state', 'navi mumbai india']"
r_2545,"A Data Science enthusiast with a demonstrated history of working in Banking industry. Currently working on real life Data Science projects with interest in Predictive Analytics, Machine Learning and Deep Learning.",['n a']
r_2546,"Machine Learning Design
Data Analysis
Model Training
AI Integration
Innovation
Cross-Functional Collaboration
Model Deployment
Documentation
Analytical Skills
Communication
Team Collaboration",['python r or java tensorflow pytorch scikit learn']
r_2547,"Machine Learning Design
Data Analysis
Model Training
AI Integration
Innovation
Cross-Functional Collaboration
Model Deployment
Documentation
Analytical Skills
Communication
Team Collaboration",['python r or java tensorflow pytorch scikit learn']
r_2548,Graduate database management engineer looking to join a role in data analytics or cloud-based machine learning solutions.,['data science on cloud']
r_2549,"Machine Learning Design
Data Analysis
Model Training
AI Integration
Innovation
Cross-Functional Collaboration
Model Deployment
Documentation
Analytical Skills
Communication
Team Collaboration",['python r or java tensorflow pytorch scikit learn']
r_2550,Currently seeking opportunities as an Analyst as well as Machine Learning Engineer.,['junior engineer award l t best solution provided l t']
r_2551,Recently graduated fresher experienced in Machine Learning and Natural Language Processing looking for roles that involve projects in the same.,['py thonist']
r_2552,"Machine Learning Leadership
Cross-Functional Collaboration
Strategy Development
ML/NLP Infrastructure
Prototype Transformation
ML System Design
Algorithm Research
Application Development
Dataset Selection
ML Testing
Statistical Analysis
R&D in ML/NLP
Text Representation
Data Pipeline Design
Statistical Data Analysis
Model Training
Team Collaboration
Research Reporting
Algorithm Analysis","['cloud infrastructure for advanced computing', 'machine learning']"
r_2553,,"['city state', 'kuwait', 'udaipur india']"
r_2554,Understanding and solving problems has been one my core objectives since I started working. Exploring data and the different interpretation it can have is what amazes me. Currently interested Machine Learning developer and engineer roles.,"['a gentle introduction to deep learning using keras', 'deep learning advanced nlp and rnns', 'machine learning a z handson python r in data science']"
r_2555,"Machine Learning Design
Data Analysis
Model Training
AI Integration
Innovation
Cross-Functional Collaboration
Model Deployment
Documentation
Analytical Skills
Communication
Team Collaboration",['python r or java tensorflow pytorch scikit learn']
r_2556,"A quality-oriented professional with a keen interest in solving complex business problems by way of AI-based design & thinking. A technology-agnostic individual with a strong background in data science, statistics, and economics with an aim to accelerate artificial intelligence.",['n a']
r_2557,,"['participant', 'vice president social chair greek week delegate']"
r_2558,"Young Aspirant looking for roles in data science, analytics and Machine Learning.",['n a']
r_2559,"Machine Learning Leadership
Cross-Functional Collaboration
Strategy Development
ML/NLP Infrastructure
Prototype Transformation
ML System Design
Algorithm Research
Application Development
Dataset Selection
ML Testing
Statistical Analysis
R&D in ML/NLP
Text Representation
Data Pipeline Design
Statistical Data Analysis
Model Training
Team Collaboration
Research Reporting
Algorithm Analysis",['city state']
r_2560,,"['chairman', 'participant']"
r_2561,Looking for roles related to application development in Machine Learning.,['n a']
r_2562,A highly disciplined and hard-working individual seeking challenging opportunity in the field of data science and data analytics where I can utilize my skills and knowledge to contribute for the growth of the organization,['data science using machine learning with r and python data analytics']
r_2563,Seeking challenging opportunity in the field of data science and data analytics where I can utilize my skills and knowledge to contribute for the growth of the organization,['n a']
r_2564,"Machine Learning Leadership
Cross-Functional Collaboration
Strategy Development
ML/NLP Infrastructure
Prototype Transformation
ML System Design
Algorithm Research
Application Development
Dataset Selection
ML Testing
Statistical Analysis
R&D in ML/NLP
Text Representation
Data Pipeline Design
Statistical Data Analysis
Model Training
Team Collaboration
Research Reporting
Algorithm Analysis",['n a']
r_2565,I am a market research specialist with a grasp of machine learning and looking for a deeper dive into the career of being a professional machine learning engineer.,['n a']
r_2566,,['jr data scientist']
r_2567,"Machine Learning Design
Data Analysis
Model Training
AI Integration
Innovation
Cross-Functional Collaboration
Model Deployment
Documentation
Analytical Skills
Communication
Team Collaboration",['python r or java tensorflow pytorch scikit learn']
r_2568,,"['participant', 'vice president social chair greek week delegate']"
r_2569,"Machine Learning Leadership
Cross-Functional Collaboration
Strategy Development
ML/NLP Infrastructure
Prototype Transformation
ML System Design
Algorithm Research
Application Development
Dataset Selection
ML Testing
Statistical Analysis
R&D in ML/NLP
Text Representation
Data Pipeline Design
Statistical Data Analysis
Model Training
Team Collaboration
Research Reporting
Algorithm Analysis",['city state']
r_2570,"A curiosity-driven data scientist, eager to leverage machine learning and data analytics to extract meaningful insights, make informed decisions and solve challenging business problems. I ensure to contribute with my knowledge, logical thinking and analytical skills towards the consistent growth and development of the organization, and enhance my experience through continuous learning and teamwork.",['n a']
r_2571,I am actively seeking opportunity as Data Analyst or Machine Learning Engineer. My goal is to discover new business strategies and create an impact through data driven analytical decisions and leading the business to success.,['student']
r_2572,"Machine Learning Design
Data Analysis
Model Training
AI Integration
Innovation
Cross-Functional Collaboration
Model Deployment
Documentation
Analytical Skills
Communication
Team Collaboration",['python r or java tensorflow pytorch scikit learn']
r_2573,"Machine Learning Design
Data Analysis
Model Training
AI Integration
Innovation
Cross-Functional Collaboration
Model Deployment
Documentation
Analytical Skills
Communication
Team Collaboration",['python r or java tensorflow pytorch scikit learn']
r_2574,"A python programmer, currently pursuing Data science and looking for roles that involve the application of Machine Learning. I am always excited to take on real life problems and tread through different technology stacks.",['certified data scientist']
r_2575,Recently graduated fresher experienced in Machine Learning and Natural Language Processing looking for roles that involve projects in the same.,['py thonist']
r_2576,"Software developer with a niche towards end to end machine learning projects. Motivated towards learning, solving and producing better results.",['participant']
r_2577,Interested in helping businesses take best decisions using Machine learning and Deep learning solutions.,['n a']
r_2578,I am a fresher business analyst with a knack for building applications that use machine learning and deep learning.,['team lead']
r_2579,"I'm passionate learner with a knack for Artificial Intelligence. The kind of problems AI can solve, fills me with enthusiasm to learn more and contribute more. I have dedicated more than a year developing and training Machine learning Models across several projects.",['pytorch developer']
r_2580,Graduating Ph.D. candidate with a research focus on developing large-scale computational models using statistics and machine learning approach. Interested in a career as a computational scientist or quantitative software developer.,"['city', 'city state']"
r_2581,,['data science']
r_2582,Recent Graduate testing and debugging machine learning models. I have worked on multiple projects and have contributed to the testing and quality control of models over time. I am looking to switch to a development role where I can exercise my skills.,['n a']
r_2583,,['ait']
r_2584,Seeking challenging opportunity in the field of data science and data analytics where I can utilize my skills and knowledge to contribute for the growth of the organization,['n a']
r_2585,"Young Aspirant looking for roles in data science, analytics and Machine Learning.",['n a']
r_2586,"Machine Learning Leadership
Cross-Functional Collaboration
Strategy Development
ML/NLP Infrastructure
Prototype Transformation
ML System Design
Algorithm Research
Application Development
Dataset Selection
ML Testing
Statistical Analysis
R&D in ML/NLP
Text Representation
Data Pipeline Design
Statistical Data Analysis
Model Training
Team Collaboration
Research Reporting
Algorithm Analysis","['itil', 'mcse']"
r_2587,Data analyst actively seeking job roles related to data science and machine learning.,['ibm data analytics']
r_2588,"Machine Learning Design
Data Analysis
Model Training
AI Integration
Innovation
Cross-Functional Collaboration
Model Deployment
Documentation
Analytical Skills
Communication
Team Collaboration",['python r or java tensorflow pytorch scikit learn']
r_2589,I am a fresher business analyst with a knack for building applications that use machine learning and deep learning.,['team lead']
r_2590,,"['city state', 'navi mumbai india']"
r_2591,"Machine learning Enthusiast. Motivated to learn, grow and excel my experience by challenging myself.",['data science with python']
r_2592,"Machine Learning Engineer seeking roles in Machine Learning, Natural Language Processing, Artificial Intelligence, Data Science.",['n a']
r_2593,"Machine Learning Leadership
Cross-Functional Collaboration
Strategy Development
ML/NLP Infrastructure
Prototype Transformation
ML System Design
Algorithm Research
Application Development
Dataset Selection
ML Testing
Statistical Analysis
R&D in ML/NLP
Text Representation
Data Pipeline Design
Statistical Data Analysis
Model Training
Team Collaboration
Research Reporting
Algorithm Analysis",['n a']
r_2594,"Machine Learning Engineer seeking roles in Machine Learning, Natural Language Processing, Artificial Intelligence, Data Science.",['n a']
r_2595,,['data scientist python developer certification advanced data analytics with python and r']
r_2596,"Skilled Machine Learning and Deep Learning practitioner, and I have worked on Computer vision-based projects. On the lookout for opportunities that help me understand more about the domain.",['attendee']
r_2597,,['training and deploying a machine model']
r_2598,Graduate database management engineer looking to join a role in data analytics or cloud-based machine learning solutions.,['data science on cloud']
r_2599,"Software developer with a niche towards end to end machine learning projects. Motivated towards learning, solving and producing better results.",['participant']
r_2600,I am a fresher who is looking to work as a software developer in Machine Learning Application building and deployment. I am experienced in both machine learning and deep learning and have worked on few collaborative projects on such.,['n a']
r_2601,Data Science Explorer with a keen interest in application models of Machine learning.,['n a']
r_2602,I am Data science enthusiast focused on solving complex problems using machine learning techniques. I try to simplify problems and attack them head on. Always working and striving to be better solution finder.,['deep learning']
r_2603,"Energetic, innovative engineering undergraduate, passionate about Machine Learning, NLP and Deep Learning for solving real-world problems, aiming to work in an organization providing great learning experience and growth opportunities for mutual benefit.","['alb', 'ci cd', 'django api design server side logic drf django rest framework database management postgresql', 'docker', 'ec2', 'ecs', 'etc linux', 'full stack development front end reactjs', 'gitlab terraform', 'mysql version control git aws ecr', 'nextjs backend python', 'rds', 'shell scripting']"
r_2604,"Machine Learning Design
Data Analysis
Model Training
AI Integration
Innovation
Cross-Functional Collaboration
Model Deployment
Documentation
Analytical Skills
Communication
Team Collaboration",['python r or java tensorflow pytorch scikit learn']
r_2605,,['python analysis with pandas and numpy']
r_2606,"Data Analyst, interested in Machine Learning application development. As a data analyst, I have extensive experience with data preprocessing and pipeline building and I would like to venture further into this domain to learn more about it.",['n a']
r_2607,,['data science']
r_2608,"Machine Learning Leadership
Cross-Functional Collaboration
Strategy Development
ML/NLP Infrastructure
Prototype Transformation
ML System Design
Algorithm Research
Application Development
Dataset Selection
ML Testing
Statistical Analysis
R&D in ML/NLP
Text Representation
Data Pipeline Design
Statistical Data Analysis
Model Training
Team Collaboration
Research Reporting
Algorithm Analysis",['n a']
r_2609,Associate software engineer specializing in Machine Learning models and Optimization. I work with both natural Language processing and computer vision in terms of Modelling and development.,['n a']
r_2610,"Machine Learning Design
Data Analysis
Model Training
AI Integration
Innovation
Cross-Functional Collaboration
Model Deployment
Documentation
Analytical Skills
Communication
Team Collaboration",['python r or java tensorflow pytorch scikit learn']
r_2611,Data analyst actively seeking job roles related to data science and machine learning.,['ibm data analytics']
r_2612,"Machine Learning Design
Data Analysis
Model Training
AI Integration
Innovation
Cross-Functional Collaboration
Model Deployment
Documentation
Analytical Skills
Communication
Team Collaboration",['python r or java tensorflow pytorch scikit learn']
r_2613,"Machine Learning Design
Data Analysis
Model Training
AI Integration
Innovation
Cross-Functional Collaboration
Model Deployment
Documentation
Analytical Skills
Communication
Team Collaboration",['python r or java tensorflow pytorch scikit learn']
r_2614,,['data analyst nano degree']
r_2615,"I am a software engineer, and I want to work on full time roles associated with Machine Learning. I have previously worked on some corporate models and due to its intricacies I want to explore more in the domain.",['n a']
r_2616,As a junior analyst I currently work with data preprocessing and data cleaning before sending them to Machine Learning Models. I am also simultaneously training to be a machine learning engineer to work closely with teams that build models and would like to join a venture for such opportunity.,['n a']
r_2617,"A python programmer, currently pursuing Data science and looking for roles that involve the application of Machine Learning. I am always excited to take on real life problems and tread through different technology stacks.",['certified data scientist']
r_2618,Interested in helping businesses take best decisions using Machine learning and Deep learning solutions.,['n a']
r_2619,I am currently looking for an opportunity as a Data Science or Machine Learning Engineer.,['business analyst']
r_2620,"Fresher starting out with Business Analysis, and machine learning modelling based on data engineering.",['n a']
r_2621,,['python analysis with pandas and numpy']
r_2622,Associate software engineer specializing in Machine Learning models and Optimization. I work with both natural Language processing and computer vision in terms of Modelling and development.,['n a']
r_2623,Fresher python developer interested in data analytics and machine learning.,['statistics in python']
r_2624,"Software developer with a niche towards end to end machine learning projects. Motivated towards learning, solving and producing better results.",['participant']
r_2625,Looking for roles related to application development in Machine Learning.,['n a']
r_2626,,"['participant', 'vice president social chair greek week delegate']"
r_2627,,"['natural language processing with python', 'python for big data with pyspark']"
r_2628,I am looking for a job switch to transition into Data Science and utilize my currents skills & learnings from my Master's course to solve new problems.,['n a']
r_2629,Fresher Computer vision and Machine Learning Engineer looking for a job that is both challenging and fun in terms of problem-solving. Also an expert in maintaining and managing Tableau and Power BI dashboards to address business.,"['honorary member', 'innovator of the year runner up']"
r_2630,Fresher who is dynamic and defined when it comes to domain knowledge related to Data Analytics and Machine Learning.,['participant']
r_2631,"Looking to utilize hands-on experience of machine learning, deep learning and Artificial Intelligence for data discovery, exploration, prediction and analysis tasks.",['n a']
r_2632,I am a Post Graduate having knowledge of industry-level Machine Learning problems and Research topics. I currently work as a Machine Learning Engineer and I want to keep exploring such opportunities.,['n a']
r_2633,"Looking to utilize hands-on experience of machine learning, deep learning and Artificial Intelligence for data discovery, exploration, prediction and analysis tasks.",['n a']
r_2634,"Looking to utilize hands-on experience of machine learning, deep learning and Artificial Intelligence for data discovery, exploration, prediction and analysis tasks.",['n a']
r_2635,Recent Graduate testing and debugging machine learning models. I have worked on multiple projects and have contributed to the testing and quality control of models over time. I am looking to switch to a development role where I can exercise my skills.,['n a']
r_2636,"Machine Learning Design
Data Analysis
Model Training
AI Integration
Innovation
Cross-Functional Collaboration
Model Deployment
Documentation
Analytical Skills
Communication
Team Collaboration",['python r or java tensorflow pytorch scikit learn']
r_2637,"Machine Learning Design
Data Analysis
Model Training
AI Integration
Innovation
Cross-Functional Collaboration
Model Deployment
Documentation
Analytical Skills
Communication
Team Collaboration",['python r or java tensorflow pytorch scikit learn']
r_2638,Graduate Looking for roles related to BU analyst and machine learning.,"['alb', 'ci cd', 'django api design server side logic drf django rest framework database management postgresql', 'docker', 'ec2', 'ecs', 'etc linux', 'full stack development front end reactjs', 'gitlab terraform', 'mysql version control git aws ecr', 'nextjs backend python', 'rds', 'shell scripting']"
r_2639,,['jr data scientist']
r_2640,"I am a Junior Machine Learning developer who focuses on data improvement and modelling, finding patterns in large databases and optimization of different models.",['nasik']
r_2641,I am a Post Graduate having knowledge of industry-level Machine Learning problems and Research topics. I currently work as a Machine Learning Engineer and I want to keep exploring such opportunities.,['n a']
r_2642,"Associate Solution Advisor currently enrolled in PG for Data science, Knowledge in data manipulation, analysis, reporting and data visualization. In depth knowledge of tools used for production.",['n a']
r_2643,I am a Post Graduate having knowledge of industry-level Machine Learning problems and Research topics. I currently work as a Machine Learning Engineer and I want to keep exploring such opportunities.,['n a']
r_2644,I am a Post Graduate having knowledge of industry-level Machine Learning problems and Research topics. I currently work as a Machine Learning Engineer and I want to keep exploring such opportunities.,['n a']
r_2645,Graduate Looking for roles related to BU analyst and machine learning.,['data analyst python programming']
r_2646,Looking for roles related to application development in Machine Learning.,['n a']
r_2647,,['data science']
r_2648,,['data analyst nano degree']
r_2649,Data analyst actively seeking job roles related to data science and machine learning.,['ibm data analytics']
r_2650,"Machine Learning Leadership
Cross-Functional Collaboration
Strategy Development
ML/NLP Infrastructure
Prototype Transformation
ML System Design
Algorithm Research
Application Development
Dataset Selection
ML Testing
Statistical Analysis
R&D in ML/NLP
Text Representation
Data Pipeline Design
Statistical Data Analysis
Model Training
Team Collaboration
Research Reporting
Algorithm Analysis",['n a']
r_2651,Seeking challenging opportunity in the field of data science and data analytics where I can utilize my skills and knowledge to contribute for the growth of the organization,['n a']
r_2652,I am an assistant software engineer working on cloud-based solutions. After working on a couple of Machine Learning application evaluations and deployment I got really engrossed into the domain and would like to work more towards improving myself.,['n a']
r_2653,"Machine Learning Engineer seeking assignments Deep Learning, Reinforcement Learning, Tensorflow. Keras.",['scholar']
r_2654,"Graduate analyst currently working as business analyst consultant. As an individual, I always try to overcome problems in the most analytical manner. I want to work on Machine Learning application problems that deal with real life scenarios.",['n a']
r_2655,Would like to join any firm as a software developer in machine learning projects.,['n a']
r_2656,Looking for roles related to application development in Machine Learning.,['n a']
r_2657,"I am a Master of Data Science graduate looking to work as a fulltime employee, seeking an entry level role in data science domain. I can offer a strong programming skills and good academic results together with a sound knowledge of implementing Machine learning techniques. Also, I am keen to learn new skill sets that the role demands. I am a highly analytical individual with interpersonal and technical skills, a desire to learn and determined attitude to succeed.",['data management on large scale']
r_2658,"I am an experienced analytics specialist seeking a full-time position in the field of data science and application in business problem solving, where I can apply my knowledge and skills for continuous improvement.",['analytics certification']
r_2659,"Passionate Data Engineer with a zeal to excel forward and produce promising outcomes. Hands-on knowledge in various Machine Learning Algorithms. Also experienced in data mining, warehouse maintaining, and visualization. In search of a role where I can nurture my skills and contribute to the growth of the company and myself.",['n a']
r_2660,,"['city state', 'navi mumbai india']"
r_2661,"['ASP.NET 4.5', 'academic', 'Clustering', 'consulting', 'curriculum development', 'customer satisfaction', 'data analysis', 'data mining', 'data warehouse', 'Databases', 'database', 'database design', 'database management', 'data warehousing', 'environmental protection', 'Environmental Science', 'GIS', 'HTML', 'instructor', 'Lecturer', 'legal', 'machine learning', 'managing', 'materials', 'meetings', 'C#', 'Microsoft SQL', 'modeling', 'Natural', 'Oracle', 'process development and engineering', 'processes', 'progress', 'Python', 'quality', 'researching', 'research', 'SAS', 'shipping', 'SPSS', 'SQL', 'Statistics', 'Tableau', 'teaching', 'technical support', 'workshops']","['city state', 'n a']"
r_2662,"Machine Learning Design
Data Analysis
Model Training
AI Integration
Innovation
Cross-Functional Collaboration
Model Deployment
Documentation
Analytical Skills
Communication
Team Collaboration",['python r or java tensorflow pytorch scikit learn']
r_2663,,['nlp developer']
r_2664,"A python programmer, currently pursuing Data science and looking for roles that involve the application of Machine Learning. I am always excited to take on real life problems and tread through different technology stacks.",['certified data scientist']
r_2665,,"['cloud infrastructure for advanced computing', 'machine learning']"
r_2666,,"['machine learning with python', 'neural network applied in pytorch']"
r_2667,I am a software developer and analyst professional working for a year with client side technology and Machine Learning product delivery. I have handled small but scalable Machine Learning projects and want to expand my experience and expertise in the domain.,"['alb', 'ci cd', 'django api design server side logic drf django rest framework database management postgresql', 'docker', 'ec2', 'ecs', 'etc linux', 'full stack development front end reactjs', 'gitlab terraform', 'mysql version control git aws ecr', 'nextjs backend python', 'rds', 'shell scripting']"
r_2668,"A quality-oriented professional with a keen interest in solving complex business problems by way of AI-based design & thinking. A technology-agnostic individual with a strong background in data science, statistics, and economics with an aim to accelerate artificial intelligence.",['n a']
r_2669,"Associate Solution Advisor currently enrolled in PG for Data science, Knowledge in data manipulation, analysis, reporting and data visualization. In depth knowledge of tools used for production.",['n a']
r_2670,"I am an experienced analytics specialist seeking a full-time position in the field of data science and application in business problem solving, where I can apply my knowledge and skills for continuous improvement.",['analytics certification']
r_2671,"An avid data analyst looking to step into the world of machine learning and data sciences. I have experience related to Data Mining, Data Visualization, Text Analytics, Data Collection and would currently like to expand my horizon and work on Machine Learning projects.",['n a']
r_2672,"To design, develop and manage products in the field of consumer electronics devices, networking protocols, internet applications and connected devices. Vision to create personalized experiences based on machine learning.",['city state']
r_2673,,['deep learning masters machine learning']
r_2674,,['deep learning masters machine learning']
r_2675,I am a fresher business analyst with a knack for building applications that use machine learning and deep learning.,['team lead']
r_2676,"Machine Learning Leadership
Cross-Functional Collaboration
Strategy Development
ML/NLP Infrastructure
Prototype Transformation
ML System Design
Algorithm Research
Application Development
Dataset Selection
ML Testing
Statistical Analysis
R&D in ML/NLP
Text Representation
Data Pipeline Design
Statistical Data Analysis
Model Training
Team Collaboration
Research Reporting
Algorithm Analysis","['league director', 'youth rec cheerleading coach']"
r_2677,"Passionate Data Engineer with a zeal to excel forward and produce promising outcomes. Hands-on knowledge in various Machine Learning Algorithms. Also experienced in data mining, warehouse maintaining, and visualization. In search of a role where I can nurture my skills and contribute to the growth of the company and myself.",['n a']
r_2678,"Machine Learning Design
Data Analysis
Model Training
AI Integration
Innovation
Cross-Functional Collaboration
Model Deployment
Documentation
Analytical Skills
Communication
Team Collaboration",['python r or java tensorflow pytorch scikit learn']
r_2679,"Currently looking for an opportunity in Machine Learning and Deep Learning roles. I have a good depth of knowledge in ML Algorithms, various CNN architectures, and worked on Time series data, Image captioning, NLP tasks. Interested to work with an enthusiastic team on business problems.",['participant']
r_2680,"Machine Learning Leadership
Cross-Functional Collaboration
Strategy Development
ML/NLP Infrastructure
Prototype Transformation
ML System Design
Algorithm Research
Application Development
Dataset Selection
ML Testing
Statistical Analysis
R&D in ML/NLP
Text Representation
Data Pipeline Design
Statistical Data Analysis
Model Training
Team Collaboration
Research Reporting
Algorithm Analysis",['n a']
r_2681,"I'm passionate learner with a knack for Artificial Intelligence. The kind of problems AI can solve, fills me with enthusiasm to learn more and contribute more. I have dedicated more than a year developing and training Machine learning Models across several projects.",['pytorch developer']
r_2682,"An avid data analyst looking to step into the world of machine learning and data sciences. I have experience related to Data Mining, Data Visualization, Text Analytics, Data Collection and would currently like to expand my horizon and work on Machine Learning projects.",['n a']
r_2683,"As a research assistant I always try to define new boundaries and work in a meticulous way to figure out solutions. I have used Machine Learning as a base for our product design to synthesis chemical architectures and their reaction, right now I would like to be involved more on the application development side and was looking for an opportunity that did such.",['n a']
r_2684,Graduate database management engineer looking to join a role in data analytics or cloud-based machine learning solutions.,['data science on cloud']
r_2685,"Machine Learning Leadership
Cross-Functional Collaboration
Strategy Development
ML/NLP Infrastructure
Prototype Transformation
ML System Design
Algorithm Research
Application Development
Dataset Selection
ML Testing
Statistical Analysis
R&D in ML/NLP
Text Representation
Data Pipeline Design
Statistical Data Analysis
Model Training
Team Collaboration
Research Reporting
Algorithm Analysis",['data analyst nano degree']
r_2686,"Machine Learning Design
Data Analysis
Model Training
AI Integration
Innovation
Cross-Functional Collaboration
Model Deployment
Documentation
Analytical Skills
Communication
Team Collaboration",['python r or java tensorflow pytorch scikit learn']
r_2687,As a junior analyst I currently work with data preprocessing and data cleaning before sending them to Machine Learning Models. I am also simultaneously training to be a machine learning engineer to work closely with teams that build models and would like to join a venture for such opportunity.,['n a']
r_2688,"['ASP.NET 4.5', 'academic', 'Clustering', 'consulting', 'curriculum development', 'customer satisfaction', 'data analysis', 'data mining', 'data warehouse', 'Databases', 'database', 'database design', 'database management', 'data warehousing', 'environmental protection', 'Environmental Science', 'GIS', 'HTML', 'instructor', 'Lecturer', 'legal', 'machine learning', 'managing', 'materials', 'meetings', 'C#', 'Microsoft SQL', 'modeling', 'Natural', 'Oracle', 'process development and engineering', 'processes', 'progress', 'Python', 'quality', 'researching', 'research', 'SAS', 'shipping', 'SPSS', 'SQL', 'Statistics', 'Tableau', 'teaching', 'technical support', 'workshops']","['city state', 'n a']"
r_2689,"Fresher having knowledge in machine learning and natural language processing. Looking to join a role where I can learn from an well informed environment, experiment and produce promising results and work with different kinds of data.",['nanyang university']
r_2690,"Machine Learning Design
Data Analysis
Model Training
AI Integration
Innovation
Cross-Functional Collaboration
Model Deployment
Documentation
Analytical Skills
Communication
Team Collaboration",['python r or java tensorflow pytorch scikit learn']
r_2691,Associate software engineer specializing in Machine Learning models and Optimization. I work with both natural Language processing and computer vision in terms of Modelling and development.,['n a']
r_2692,,['ait']
r_2693,"Machine Learning Leadership
Cross-Functional Collaboration
Strategy Development
ML/NLP Infrastructure
Prototype Transformation
ML System Design
Algorithm Research
Application Development
Dataset Selection
ML Testing
Statistical Analysis
R&D in ML/NLP
Text Representation
Data Pipeline Design
Statistical Data Analysis
Model Training
Team Collaboration
Research Reporting
Algorithm Analysis",['city state']
r_2694,"Currently looking for an opportunity in Machine Learning and Deep Learning roles. I have a good depth of knowledge in ML Algorithms, various CNN architectures, and worked on Time series data, Image captioning, NLP tasks. Interested to work with an enthusiastic team on business problems.",['participant']
r_2695,A highly disciplined and hard-working individual seeking challenging opportunity in the field of data science and data analytics where I can utilize my skills and knowledge to contribute for the growth of the organization,['data science using machine learning with r and python data analytics']
r_2696,"Machine Learning Leadership
Cross-Functional Collaboration
Strategy Development
ML/NLP Infrastructure
Prototype Transformation
ML System Design
Algorithm Research
Application Development
Dataset Selection
ML Testing
Statistical Analysis
R&D in ML/NLP
Text Representation
Data Pipeline Design
Statistical Data Analysis
Model Training
Team Collaboration
Research Reporting
Algorithm Analysis","['using python', 'using tableau']"
r_2697,,"['cloud infrastructure for advanced computing', 'machine learning']"
r_2698,Fresher Computer vision and Machine Learning Engineer looking for a job that is both challenging and fun in terms of problem-solving. Also an expert in maintaining and managing Tableau and Power BI dashboards to address business.,"['honorary member', 'innovator of the year runner up']"
r_2699,"I'm passionate learner with a knack for Artificial Intelligence. The kind of problems AI can solve, fills me with enthusiasm to learn more and contribute more. I have dedicated more than a year developing and training Machine learning Models across several projects.",['pytorch developer']
r_2700,"I'm passionate learner with a knack for Artificial Intelligence. The kind of problems AI can solve, fills me with enthusiasm to learn more and contribute more. I have dedicated more than a year developing and training Machine learning Models across several projects.",['pytorch developer']
r_2701,"Machine Learning Design
Data Analysis
Model Training
AI Integration
Innovation
Cross-Functional Collaboration
Model Deployment
Documentation
Analytical Skills
Communication
Team Collaboration",['python r or java tensorflow pytorch scikit learn']
r_2702,A highly disciplined and hard-working individual seeking challenging opportunity in the field of data science and data analytics where I can utilize my skills and knowledge to contribute for the growth of the organization,['data science using machine learning with r and python data analytics']
r_2703,Want to work as a Machine Learning Production Engineer.,['n a']
r_2704,"I'm passionate learner with a knack for Artificial Intelligence. The kind of problems AI can solve, fills me with enthusiasm to learn more and contribute more. I have dedicated more than a year developing and training Machine learning Models across several projects.",['pytorch developer']
r_2705,A highly disciplined and hard-working individual seeking challenging opportunity in the field of data science and data analytics where I can utilize my skills and knowledge to contribute for the growth of the organization,['data science using machine learning with r and python data analytics']
r_2706,"Machine Learning Engineer seeking roles in Machine Learning, Natural Language Processing, Artificial Intelligence, Data Science.",['n a']
r_2707,,"['natural language processing with python', 'python for big data with pyspark']"
r_2708,Looking for roles related to application development in Machine Learning.,['n a']
r_2709,,"['city state', 'navi mumbai india']"
r_2710,"I am a software engineer, and I want to work on full time roles associated with Machine Learning. I have previously worked on some corporate models and due to its intricacies I want to explore more in the domain.",['n a']
r_2711,Would like to join any firm as a software developer in machine learning projects.,['n a']
r_2712,I am a Post Graduate having knowledge of industry-level Machine Learning problems and Research topics. I currently work as a Machine Learning Engineer and I want to keep exploring such opportunities.,['n a']
r_2713,"Fresher having knowledge in machine learning and natural language processing. Looking to join a role where I can learn from an well informed environment, experiment and produce promising results and work with different kinds of data.",['nanyang university']
r_2714,"Machine Learning Leadership
Cross-Functional Collaboration
Strategy Development
ML/NLP Infrastructure
Prototype Transformation
ML System Design
Algorithm Research
Application Development
Dataset Selection
ML Testing
Statistical Analysis
R&D in ML/NLP
Text Representation
Data Pipeline Design
Statistical Data Analysis
Model Training
Team Collaboration
Research Reporting
Algorithm Analysis",['n a']
r_2715,Fresher Computer vision and Machine Learning Engineer looking for a job that is both challenging and fun in terms of problem-solving. Also an expert in maintaining and managing Tableau and Power BI dashboards to address business.,"['honorary member', 'innovator of the year runner up']"
r_2716,I am Data science enthusiast focused on solving complex problems using machine learning techniques. I try to simplify problems and attack them head on. Always working and striving to be better solution finder.,['deep learning']
r_2717,,"['cambridge uk', 'mountain view ca usa', 'vancouver bc canada']"
r_2718,"Machine Learning Design
Data Analysis
Model Training
AI Integration
Innovation
Cross-Functional Collaboration
Model Deployment
Documentation
Analytical Skills
Communication
Team Collaboration",['python r or java tensorflow pytorch scikit learn']
r_2719,"A curiosity-driven data scientist, eager to leverage machine learning and data analytics to extract meaningful insights, make informed decisions and solve challenging business problems. I ensure to contribute with my knowledge, logical thinking and analytical skills towards the consistent growth and development of the organization, and enhance my experience through continuous learning and teamwork.",['n a']
r_2720,"Machine Learning Leadership
Cross-Functional Collaboration
Strategy Development
ML/NLP Infrastructure
Prototype Transformation
ML System Design
Algorithm Research
Application Development
Dataset Selection
ML Testing
Statistical Analysis
R&D in ML/NLP
Text Representation
Data Pipeline Design
Statistical Data Analysis
Model Training
Team Collaboration
Research Reporting
Algorithm Analysis",['city state']
r_2721,"Software developer focused in the areas of Machine learning application development. Motivated to learn, grow and excel my experience by challenging myself.",['ondevice machine learning']
r_2722,"Machine Learning Leadership
Cross-Functional Collaboration
Strategy Development
ML/NLP Infrastructure
Prototype Transformation
ML System Design
Algorithm Research
Application Development
Dataset Selection
ML Testing
Statistical Analysis
R&D in ML/NLP
Text Representation
Data Pipeline Design
Statistical Data Analysis
Model Training
Team Collaboration
Research Reporting
Algorithm Analysis",['n a']
r_2723,,['data science']
r_2724,I am Data science enthusiast focused on solving complex problems using machine learning techniques. I try to simplify problems and attack them head on. Always working and striving to be better solution finder.,['deep learning']
r_2725,"Data Analyst, interested in Machine Learning application development. As a data analyst, I have extensive experience with data preprocessing and pipeline building and I would like to venture further into this domain to learn more about it.",['n a']
r_2726,"Data Analyst, interested in Machine Learning application development. As a data analyst, I have extensive experience with data preprocessing and pipeline building and I would like to venture further into this domain to learn more about it.",['n a']
r_2727,I am a fresher who is looking to work as a software developer in Machine Learning Application building and deployment. I am experienced in both machine learning and deep learning and have worked on few collaborative projects on such.,['n a']
r_2728,,"['cloud infrastructure for advanced computing', 'machine learning']"
r_2729,As a junior analyst I currently work with data preprocessing and data cleaning before sending them to Machine Learning Models. I am also simultaneously training to be a machine learning engineer to work closely with teams that build models and would like to join a venture for such opportunity.,['n a']
r_2730,Looking for roles related to application development in Machine Learning.,['n a']
r_2731,"Passionate Data Engineer with a zeal to excel forward and produce promising outcomes. Hands-on knowledge in various Machine Learning Algorithms. Also experienced in data mining, warehouse maintaining, and visualization. In search of a role where I can nurture my skills and contribute to the growth of the company and myself.",['n a']
r_2732,"Machine Learning Engineer seeking roles in Machine Learning, Natural Language Processing, Artificial Intelligence, Data Science.",['n a']
r_2733,I am a software developer currently working on Machine Learning Projects. The domain of analytics and Machine Learning has amassed a greater interest for me and I want to explore and learn about the core concepts used in production. I am looking to switch to a fulltime role that will help me explore more about this.,['software lifecycle']
r_2734,Associate software engineer specializing in Machine Learning models and Optimization. I work with both natural Language processing and computer vision in terms of Modelling and development.,['n a']
r_2735,I recently graduated with a B.Tech degree in IT and currently am looking for jobs in sectors related to machine learning. I want to explore and hone my skills. I am committed towards better coding practices.,['n a']
r_2736,I am currently looking for an opportunity as a Data Science or Machine Learning Engineer.,['business analyst']
r_2737,"Machine Learning Design
Data Analysis
Model Training
AI Integration
Innovation
Cross-Functional Collaboration
Model Deployment
Documentation
Analytical Skills
Communication
Team Collaboration",['python r or java tensorflow pytorch scikit learn']
r_2738,"Machine Learning Design
Data Analysis
Model Training
AI Integration
Innovation
Cross-Functional Collaboration
Model Deployment
Documentation
Analytical Skills
Communication
Team Collaboration",['python r or java tensorflow pytorch scikit learn']
r_2739,"A Data Science enthusiast with a demonstrated history of working in Banking industry. Currently working on real life Data Science projects with interest in Predictive Analytics, Machine Learning and Deep Learning.",['n a']
r_2740,Looking for roles related to application development in Machine Learning.,['n a']
r_2741,,"['chairman', 'participant']"
r_2742,"Fresher having knowledge in machine learning and natural language processing. Looking to join a role where I can learn from an well informed environment, experiment and produce promising results and work with different kinds of data.",['nanyang university']
r_2743,I am an assistant software engineer working on cloud-based solutions. After working on a couple of Machine Learning application evaluations and deployment I got really engrossed into the domain and would like to work more towards improving myself.,['n a']
r_2744,"Experienced software professional looking for data science and machine learning roles. Masters in machine learning. Good Knowledge of Software Development processes and Object-oriented programming. Sound Knowledge of python, scikit learn and keras.",['n a']
r_2745,"Machine Learning Leadership
Cross-Functional Collaboration
Strategy Development
ML/NLP Infrastructure
Prototype Transformation
ML System Design
Algorithm Research
Application Development
Dataset Selection
ML Testing
Statistical Analysis
R&D in ML/NLP
Text Representation
Data Pipeline Design
Statistical Data Analysis
Model Training
Team Collaboration
Research Reporting
Algorithm Analysis",['n a']
r_2746,As a junior analyst I currently work with data preprocessing and data cleaning before sending them to Machine Learning Models. I am also simultaneously training to be a machine learning engineer to work closely with teams that build models and would like to join a venture for such opportunity.,['n a']
r_2747,,['data science and analytics']
r_2748,I am a fresher specializing in data analytics and Machine Learning Application development. I believe that if given the opportunity I can prove my potential as a developer. I can easily communicate and work under someone's supervision who can guide me and help me in this journey of learning and exploring.,['participant']
r_2749,I am a software engineer who has worked on several computer vision projects and their end to end deployment. I am looking to join as a Machine Learning developer to closely work on problems and increase my grasp over the domain.,"['deployment of end to end ml projects', 'n a']"
r_2750,"Machine Learning Leadership
Cross-Functional Collaboration
Strategy Development
ML/NLP Infrastructure
Prototype Transformation
ML System Design
Algorithm Research
Application Development
Dataset Selection
ML Testing
Statistical Analysis
R&D in ML/NLP
Text Representation
Data Pipeline Design
Statistical Data Analysis
Model Training
Team Collaboration
Research Reporting
Algorithm Analysis",['applied machine learning course']
r_2751,,['data science']
r_2752,"Software developer focused in the areas of Machine learning application development. Motivated to learn, grow and excel my experience by challenging myself.",['ondevice machine learning']
r_2753,"Machine Learning Leadership
Cross-Functional Collaboration
Strategy Development
ML/NLP Infrastructure
Prototype Transformation
ML System Design
Algorithm Research
Application Development
Dataset Selection
ML Testing
Statistical Analysis
R&D in ML/NLP
Text Representation
Data Pipeline Design
Statistical Data Analysis
Model Training
Team Collaboration
Research Reporting
Algorithm Analysis",['n a']
r_2754,"Machine Learning Leadership
Cross-Functional Collaboration
Strategy Development
ML/NLP Infrastructure
Prototype Transformation
ML System Design
Algorithm Research
Application Development
Dataset Selection
ML Testing
Statistical Analysis
R&D in ML/NLP
Text Representation
Data Pipeline Design
Statistical Data Analysis
Model Training
Team Collaboration
Research Reporting
Algorithm Analysis",['n a']
r_2755,,"['machine learning with python', 'neural network applied in pytorch']"
r_2756,I am a fresher specializing in data analytics and Machine Learning Application development. I believe that if given the opportunity I can prove my potential as a developer. I can easily communicate and work under someone's supervision who can guide me and help me in this journey of learning and exploring.,['participant']
r_2757,Fresher who is dynamic and defined when it comes to domain knowledge related to Data Analytics and Machine Learning.,['participant']
r_2758,"A Fresher Seeking Roles In Machine Learning, Business Analysis, Data Predictive Modelling, Statistical Solutions, Data Mining.",['data science and bigdata']
r_2759,"Machine Learning Leadership
Cross-Functional Collaboration
Strategy Development
ML/NLP Infrastructure
Prototype Transformation
ML System Design
Algorithm Research
Application Development
Dataset Selection
ML Testing
Statistical Analysis
R&D in ML/NLP
Text Representation
Data Pipeline Design
Statistical Data Analysis
Model Training
Team Collaboration
Research Reporting
Algorithm Analysis",['seattle wa']
r_2760,"As a research assistant I always try to define new boundaries and work in a meticulous way to figure out solutions. I have used Machine Learning as a base for our product design to synthesis chemical architectures and their reaction, right now I would like to be involved more on the application development side and was looking for an opportunity that did such.",['n a']
r_2761,"Machine Learning Design
Data Analysis
Model Training
AI Integration
Innovation
Cross-Functional Collaboration
Model Deployment
Documentation
Analytical Skills
Communication
Team Collaboration",['python r or java tensorflow pytorch scikit learn']
r_2762,"Machine Learning Design
Data Analysis
Model Training
AI Integration
Innovation
Cross-Functional Collaboration
Model Deployment
Documentation
Analytical Skills
Communication
Team Collaboration",['python r or java tensorflow pytorch scikit learn']
r_2763,Want to work as a Machine Learning Production Engineer.,['n a']
r_2764,"As a research assistant I always try to define new boundaries and work in a meticulous way to figure out solutions. I have used Machine Learning as a base for our product design to synthesis chemical architectures and their reaction, right now I would like to be involved more on the application development side and was looking for an opportunity that did such.",['n a']
r_2765,Data Science Explorer with a keen interest in application models of Machine learning.,['n a']
r_2766,"Machine Learning Design
Data Analysis
Model Training
AI Integration
Innovation
Cross-Functional Collaboration
Model Deployment
Documentation
Analytical Skills
Communication
Team Collaboration",['python r or java tensorflow pytorch scikit learn']
r_2767,Graduate Looking for roles related to BU analyst and machine learning.,['data analyst python programming']
r_2768,I am looking for a job switch to transition into Data Science and utilize my currents skills & learnings from my Master's course to solve new problems.,['n a']
r_2769,Data Science Explorer with a keen interest in application models of Machine learning.,['n a']
r_2770,,"['machine learning with python', 'neural network applied in pytorch']"
r_2771,"Associate Solution Advisor currently enrolled in PG for Data science, Knowledge in data manipulation, analysis, reporting and data visualization. In depth knowledge of tools used for production.",['n a']
r_2772,"Currently looking for an opportunity in Machine Learning and Deep Learning roles. I have a good depth of knowledge in ML Algorithms, various CNN architectures, and worked on Time series data, Image captioning, NLP tasks. Interested to work with an enthusiastic team on business problems.",['participant']
r_2773,"Graduate analyst currently working as business analyst consultant. As an individual, I always try to overcome problems in the most analytical manner. I want to work on Machine Learning application problems that deal with real life scenarios.",['n a']
r_2774,"Energetic, innovative engineering undergraduate, passionate about Machine Learning, NLP and Deep Learning for solving real-world problems, aiming to work in an organization providing great learning experience and growth opportunities for mutual benefit.","['apr 2021', 'dec 2020', 'feb 2021', 'nov 2021']"
r_2775,"Machine Learning Leadership
Cross-Functional Collaboration
Strategy Development
ML/NLP Infrastructure
Prototype Transformation
ML System Design
Algorithm Research
Application Development
Dataset Selection
ML Testing
Statistical Analysis
R&D in ML/NLP
Text Representation
Data Pipeline Design
Statistical Data Analysis
Model Training
Team Collaboration
Research Reporting
Algorithm Analysis",['city state']
r_2776,I am a fresher business analyst with a knack for building applications that use machine learning and deep learning.,['team lead']
r_2777,"Machine Learning Leadership
Cross-Functional Collaboration
Strategy Development
ML/NLP Infrastructure
Prototype Transformation
ML System Design
Algorithm Research
Application Development
Dataset Selection
ML Testing
Statistical Analysis
R&D in ML/NLP
Text Representation
Data Pipeline Design
Statistical Data Analysis
Model Training
Team Collaboration
Research Reporting
Algorithm Analysis",['city state']
r_2778,"Machine Learning Design
Data Analysis
Model Training
AI Integration
Innovation
Cross-Functional Collaboration
Model Deployment
Documentation
Analytical Skills
Communication
Team Collaboration",['python r or java tensorflow pytorch scikit learn']
r_2779,"Looking to utilize hands-on experience of machine learning, deep learning and Artificial Intelligence for data discovery, exploration, prediction and analysis tasks.",['n a']
r_2780,"I am a software engineer, and I want to work on full time roles associated with Machine Learning. I have previously worked on some corporate models and due to its intricacies I want to explore more in the domain.",['n a']
r_2781,Data Science Explorer with a keen interest in application models of Machine learning.,['n a']
r_2782,,['nlp developer']
r_2783,I am a market research specialist with a grasp of machine learning and looking for a deeper dive into the career of being a professional machine learning engineer.,['n a']
r_2784,"Experienced software professional looking for data science and machine learning roles. Masters in machine learning. Good Knowledge of Software Development processes and Object-oriented programming. Sound Knowledge of python, scikit learn and keras.",['n a']
r_2785,As a Data Analyst I always look into more innovative ways of finding figures and facts from data. I have also worked with some production based Machine learning application problems and I would like to involve myself more with such ventures.,"['using python', 'using tableau']"
r_2786,,"['machine learning with python', 'neural network applied in pytorch']"
r_2787,,['python analysis with pandas and numpy']
r_2788,A highly disciplined and hard-working individual seeking challenging opportunity in the field of data science and data analytics where I can utilize my skills and knowledge to contribute for the growth of the organization,['data science using machine learning with r and python data analytics']
r_2789,"Fresher starting out with Business Analysis, and machine learning modelling based on data engineering.",['n a']
r_2790,,"['cambridge uk', 'mountain view ca usa', 'vancouver bc canada']"
r_2791,"A python programmer, currently pursuing Data science and looking for roles that involve the application of Machine Learning. I am always excited to take on real life problems and tread through different technology stacks.",['certified data scientist']
r_2792,"Machine Learning Leadership
Cross-Functional Collaboration
Strategy Development
ML/NLP Infrastructure
Prototype Transformation
ML System Design
Algorithm Research
Application Development
Dataset Selection
ML Testing
Statistical Analysis
R&D in ML/NLP
Text Representation
Data Pipeline Design
Statistical Data Analysis
Model Training
Team Collaboration
Research Reporting
Algorithm Analysis",['co founder']
r_2793,"Currently looking for an opportunity in Machine Learning and Deep Learning roles. I have a good depth of knowledge in ML Algorithms, various CNN architectures, and worked on Time series data, Image captioning, NLP tasks. Interested to work with an enthusiastic team on business problems.",['participant']
r_2794,"Looking to utilize hands-on experience of machine learning, deep learning and Artificial Intelligence for data discovery, exploration, prediction and analysis tasks.",['n a']
r_2795,,['data science']
r_2796,,['nlp developer']
r_2797,"Software developer focused in the areas of Machine learning application development. Motivated to learn, grow and excel my experience by challenging myself.",['ondevice machine learning']
r_2798,"Machine Learning Leadership
Cross-Functional Collaboration
Strategy Development
ML/NLP Infrastructure
Prototype Transformation
ML System Design
Algorithm Research
Application Development
Dataset Selection
ML Testing
Statistical Analysis
R&D in ML/NLP
Text Representation
Data Pipeline Design
Statistical Data Analysis
Model Training
Team Collaboration
Research Reporting
Algorithm Analysis","['associate member', 'awarded for outstanding performance for the prize day variety show', 'most disciplined girl', 'outstanding performance as a class monitor', 'participant in expedition camp', 'ramp model', 'reached national finals']"
r_2799,Fresher who is dynamic and defined when it comes to domain knowledge related to Data Analytics and Machine Learning.,['participant']
r_2800,I am actively seeking opportunity as Data Analyst or Machine Learning Engineer. My goal is to discover new business strategies and create an impact through data driven analytical decisions and leading the business to success.,['student']
r_2801,"Machine Learning Design
Data Analysis
Model Training
AI Integration
Innovation
Cross-Functional Collaboration
Model Deployment
Documentation
Analytical Skills
Communication
Team Collaboration",['python r or java tensorflow pytorch scikit learn']
r_2802,I am a fresher specializing in data analytics and Machine Learning Application development. I believe that if given the opportunity I can prove my potential as a developer. I can easily communicate and work under someone's supervision who can guide me and help me in this journey of learning and exploring.,['participant']
r_2803,Graduating Ph.D. candidate with a research focus on developing large-scale computational models using statistics and machine learning approach. Interested in a career as a computational scientist or quantitative software developer.,"['city', 'city state']"
r_2804,I am a fresher specializing in data analytics and Machine Learning Application development. I believe that if given the opportunity I can prove my potential as a developer. I can easily communicate and work under someone's supervision who can guide me and help me in this journey of learning and exploring.,['participant']
r_2805,"I am a Master of Data Science graduate looking to work as a fulltime employee, seeking an entry level role in data science domain. I can offer a strong programming skills and good academic results together with a sound knowledge of implementing Machine learning techniques. Also, I am keen to learn new skill sets that the role demands. I am a highly analytical individual with interpersonal and technical skills, a desire to learn and determined attitude to succeed.",['data management on large scale']
r_2806,I am a Post Graduate having knowledge of industry-level Machine Learning problems and Research topics. I currently work as a Machine Learning Engineer and I want to keep exploring such opportunities.,['n a']
r_2807,"I am a Junior Machine Learning developer who focuses on data improvement and modelling, finding patterns in large databases and optimization of different models.",['nasik']
r_2808,,"['cloud infrastructure for advanced computing', 'machine learning']"
r_2809,"Machine Learning engineer who has worked on multiple projects with knowledge in big data handling and business analytics. As someone who is always learning, I would love to use my knowledge to provide the best solutions.",['n a']
r_2810,Fresher starting out and wanting to join a role of machine learning engineer or data science engineer.,['python statistics with pandas and matplotlib']
r_2811,I am a Post Graduate having knowledge of industry-level Machine Learning problems and Research topics. I currently work as a Machine Learning Engineer and I want to keep exploring such opportunities.,['n a']
r_2812,,"['cloud infrastructure for advanced computing', 'machine learning']"
r_2813,"Machine Learning Engineer seeking roles in Machine Learning, Natural Language Processing, Artificial Intelligence, Data Science.",['n a']
r_2814,"Machine Learning Leadership
Cross-Functional Collaboration
Strategy Development
ML/NLP Infrastructure
Prototype Transformation
ML System Design
Algorithm Research
Application Development
Dataset Selection
ML Testing
Statistical Analysis
R&D in ML/NLP
Text Representation
Data Pipeline Design
Statistical Data Analysis
Model Training
Team Collaboration
Research Reporting
Algorithm Analysis",['n a']
r_2815,"Machine Learning Leadership
Cross-Functional Collaboration
Strategy Development
ML/NLP Infrastructure
Prototype Transformation
ML System Design
Algorithm Research
Application Development
Dataset Selection
ML Testing
Statistical Analysis
R&D in ML/NLP
Text Representation
Data Pipeline Design
Statistical Data Analysis
Model Training
Team Collaboration
Research Reporting
Algorithm Analysis","['act certified and licensed mortgage banking instructor in delaware', 'ge six sigma green belt fannie mae lean six sigma', 'pharmacy technician']"
r_2816,Fresher starting out and wanting to join a role of machine learning engineer or data science engineer.,['python statistics with pandas and matplotlib']
r_2817,,"['city state', 'kuwait', 'udaipur india']"
r_2818,"Machine Learning Leadership
Cross-Functional Collaboration
Strategy Development
ML/NLP Infrastructure
Prototype Transformation
ML System Design
Algorithm Research
Application Development
Dataset Selection
ML Testing
Statistical Analysis
R&D in ML/NLP
Text Representation
Data Pipeline Design
Statistical Data Analysis
Model Training
Team Collaboration
Research Reporting
Algorithm Analysis",['statistics in python']
r_2819,Currently seeking opportunities as an Analyst as well as Machine Learning Engineer.,['junior engineer award l t best solution provided l t']
r_2820,Graduate database management engineer looking to join a role in data analytics or cloud-based machine learning solutions.,['data science on cloud']
r_2821,"Looking to utilize hands-on experience of machine learning, deep learning and Artificial Intelligence for data discovery, exploration, prediction and analysis tasks.",['n a']
r_2822,,"['city state', 'navi mumbai india']"
r_2823,Fresher starting out and wanting to join a role of machine learning engineer or data science engineer.,['python statistics with pandas and matplotlib']
r_2824,I am a software developer currently working on Machine Learning Projects. The domain of analytics and Machine Learning has amassed a greater interest for me and I want to explore and learn about the core concepts used in production. I am looking to switch to a fulltime role that will help me explore more about this.,['software lifecycle']
r_2825,"A Data Science enthusiast with a demonstrated history of working in Banking industry. Currently working on real life Data Science projects with interest in Predictive Analytics, Machine Learning and Deep Learning.",['n a']
r_2826,I am a software developer currently working on Machine Learning Projects. The domain of analytics and Machine Learning has amassed a greater interest for me and I want to explore and learn about the core concepts used in production. I am looking to switch to a fulltime role that will help me explore more about this.,['software lifecycle']
r_2827,I am a market research specialist with a grasp of machine learning and looking for a deeper dive into the career of being a professional machine learning engineer.,['n a']
r_2828,I am a software engineer who has worked on several computer vision projects and their end to end deployment. I am looking to join as a Machine Learning developer to closely work on problems and increase my grasp over the domain.,"['deployment of end to end ml projects', 'n a']"
r_2829,"Machine Learning engineer who has worked on multiple projects with knowledge in big data handling and business analytics. As someone who is always learning, I would love to use my knowledge to provide the best solutions.",['n a']
r_2830,"Software developer with a niche towards end to end machine learning projects. Motivated towards learning, solving and producing better results.",['participant']
r_2831,Data analyst actively seeking job roles related to data science and machine learning.,['ibm data analytics']
r_2832,"Machine Learning engineer who has worked on multiple projects with knowledge in big data handling and business analytics. As someone who is always learning, I would love to use my knowledge to provide the best solutions.",['n a']
r_2833,I am a fresher specializing in data analytics and Machine Learning Application development. I believe that if given the opportunity I can prove my potential as a developer. I can easily communicate and work under someone's supervision who can guide me and help me in this journey of learning and exploring.,['participant']
r_2834,,['nlp developer']
r_2835,"Machine Learning Design
Data Analysis
Model Training
AI Integration
Innovation
Cross-Functional Collaboration
Model Deployment
Documentation
Analytical Skills
Communication
Team Collaboration",['python r or java tensorflow pytorch scikit learn']
r_2836,,['nlp developer']
r_2837,,"['natural language processing with python', 'python for big data with pyspark']"
r_2838,A highly disciplined and hard-working individual seeking challenging opportunity in the field of data science and data analytics where I can utilize my skills and knowledge to contribute for the growth of the organization,['data science using machine learning with r and python data analytics']
r_2839,"Machine Learning Design
Data Analysis
Model Training
AI Integration
Innovation
Cross-Functional Collaboration
Model Deployment
Documentation
Analytical Skills
Communication
Team Collaboration",['python r or java tensorflow pytorch scikit learn']
r_2840,"Machine learning Enthusiast. Motivated to learn, grow and excel my experience by challenging myself.",['data science with python']
r_2841,"A curiosity-driven data scientist, eager to leverage machine learning and data analytics to extract meaningful insights, make informed decisions and solve challenging business problems. I ensure to contribute with my knowledge, logical thinking and analytical skills towards the consistent growth and development of the organization, and enhance my experience through continuous learning and teamwork.",['n a']
r_2842,"Experienced software professional looking for data science and machine learning roles. Masters in machine learning. Good Knowledge of Software Development processes and Object-oriented programming. Sound Knowledge of python, scikit learn and keras.",['n a']
r_2843,"Machine Learning Leadership
Cross-Functional Collaboration
Strategy Development
ML/NLP Infrastructure
Prototype Transformation
ML System Design
Algorithm Research
Application Development
Dataset Selection
ML Testing
Statistical Analysis
R&D in ML/NLP
Text Representation
Data Pipeline Design
Statistical Data Analysis
Model Training
Team Collaboration
Research Reporting
Algorithm Analysis",['city state']
r_2844,,"['machine learning with python', 'neural network applied in pytorch']"
r_2845,"Machine Learning Leadership
Cross-Functional Collaboration
Strategy Development
ML/NLP Infrastructure
Prototype Transformation
ML System Design
Algorithm Research
Application Development
Dataset Selection
ML Testing
Statistical Analysis
R&D in ML/NLP
Text Representation
Data Pipeline Design
Statistical Data Analysis
Model Training
Team Collaboration
Research Reporting
Algorithm Analysis",['city state']
r_2846,"Software developer with a niche towards end to end machine learning projects. Motivated towards learning, solving and producing better results.",['participant']
r_2847,"I'm passionate learner with a knack for Artificial Intelligence. The kind of problems AI can solve, fills me with enthusiasm to learn more and contribute more. I have dedicated more than a year developing and training Machine learning Models across several projects.",['pytorch developer']
r_2848,Software Engineer with a track record of Implementing and completing projects on time and in alignment with client expectations. Enthusiast about Data Science and keen to learn and explore.,"['alb', 'ci cd', 'django api design server side logic drf django rest framework database management postgresql', 'docker', 'ec2', 'ecs', 'etc linux', 'full stack development front end reactjs', 'gitlab terraform', 'mysql version control git aws ecr', 'nextjs backend python', 'rds', 'shell scripting']"
r_2849,"Experienced software professional looking for data science and machine learning roles. Masters in machine learning. Good Knowledge of Software Development processes and Object-oriented programming. Sound Knowledge of python, scikit learn and keras.",['n a']
r_2850,Fresher python developer interested in data analytics and machine learning.,['statistics in python']
r_2851,"Machine Learning Engineer seeking roles in Machine Learning, Natural Language Processing, Artificial Intelligence, Data Science.",['n a']
r_2852,"Machine Learning Design
Data Analysis
Model Training
AI Integration
Innovation
Cross-Functional Collaboration
Model Deployment
Documentation
Analytical Skills
Communication
Team Collaboration",['python r or java tensorflow pytorch scikit learn']
r_2853,Graduate database management engineer looking to join a role in data analytics or cloud-based machine learning solutions.,['data science on cloud']
r_2854,"Currently looking for an opportunity in Machine Learning and Deep Learning roles. I have a good depth of knowledge in ML Algorithms, various CNN architectures, and worked on Time series data, Image captioning, NLP tasks. Interested to work with an enthusiastic team on business problems.",['participant']
r_2855,"Machine Learning Leadership
Cross-Functional Collaboration
Strategy Development
ML/NLP Infrastructure
Prototype Transformation
ML System Design
Algorithm Research
Application Development
Dataset Selection
ML Testing
Statistical Analysis
R&D in ML/NLP
Text Representation
Data Pipeline Design
Statistical Data Analysis
Model Training
Team Collaboration
Research Reporting
Algorithm Analysis","['city state', 'n a']"
r_2856,Fresher starting out and wanting to join a role of machine learning engineer or data science engineer.,['python statistics with pandas and matplotlib']
r_2857,I am Data science enthusiast focused on solving complex problems using machine learning techniques. I try to simplify problems and attack them head on. Always working and striving to be better solution finder.,['deep learning']
r_2858,"Machine Learning Design
Data Analysis
Model Training
AI Integration
Innovation
Cross-Functional Collaboration
Model Deployment
Documentation
Analytical Skills
Communication
Team Collaboration",['python r or java tensorflow pytorch scikit learn']
r_2859,Data Science Explorer with a keen interest in application models of Machine learning.,['n a']
r_2860,,"['cambridge uk', 'mountain view ca usa', 'vancouver bc canada']"
r_2861,I am a Post Graduate having knowledge of industry-level Machine Learning problems and Research topics. I currently work as a Machine Learning Engineer and I want to keep exploring such opportunities.,['n a']
r_2862,"Machine Learning Leadership
Cross-Functional Collaboration
Strategy Development
ML/NLP Infrastructure
Prototype Transformation
ML System Design
Algorithm Research
Application Development
Dataset Selection
ML Testing
Statistical Analysis
R&D in ML/NLP
Text Representation
Data Pipeline Design
Statistical Data Analysis
Model Training
Team Collaboration
Research Reporting
Algorithm Analysis",['participant']
r_2863,"A Fresher Seeking Roles In Machine Learning, Business Analysis, Data Predictive Modelling, Statistical Solutions, Data Mining.",['data science and bigdata']
r_2864,"Machine Learning Design
Data Analysis
Model Training
AI Integration
Innovation
Cross-Functional Collaboration
Model Deployment
Documentation
Analytical Skills
Communication
Team Collaboration",['python r or java tensorflow pytorch scikit learn']
r_2865,"Machine Learning Design
Data Analysis
Model Training
AI Integration
Innovation
Cross-Functional Collaboration
Model Deployment
Documentation
Analytical Skills
Communication
Team Collaboration",['python r or java tensorflow pytorch scikit learn']
r_2866,"Machine Learning Design
Data Analysis
Model Training
AI Integration
Innovation
Cross-Functional Collaboration
Model Deployment
Documentation
Analytical Skills
Communication
Team Collaboration",['python r or java tensorflow pytorch scikit learn']
r_2867,"Machine Learning Design
Data Analysis
Model Training
AI Integration
Innovation
Cross-Functional Collaboration
Model Deployment
Documentation
Analytical Skills
Communication
Team Collaboration",['python r or java tensorflow pytorch scikit learn']
r_2868,"Machine Learning Engineer seeking roles in Machine Learning, Natural Language Processing, Artificial Intelligence, Data Science.",['n a']
r_2869,"A Fresher Seeking Roles In Machine Learning, Business Analysis, Data Predictive Modelling, Statistical Solutions, Data Mining.","['alb', 'ci cd', 'django api design server side logic drf django rest framework database management postgresql', 'docker', 'ec2', 'ecs', 'etc linux', 'full stack development front end reactjs', 'gitlab terraform', 'mysql version control git aws ecr', 'nextjs backend python', 'rds', 'shell scripting']"
r_2870,"Software developer focused in the areas of Machine learning application development. Motivated to learn, grow and excel my experience by challenging myself.",['ondevice machine learning']
r_2871,"Energetic, innovative engineering undergraduate, passionate about Machine Learning, NLP and Deep Learning for solving real-world problems, aiming to work in an organization providing great learning experience and growth opportunities for mutual benefit.","['apr 2021', 'dec 2020', 'feb 2021', 'nov 2021']"
r_2872,"A quality-oriented professional with a keen interest in solving complex business problems by way of AI-based design & thinking. A technology-agnostic individual with a strong background in data science, statistics, and economics with an aim to accelerate artificial intelligence.",['n a']
r_2873,"Data Science Enthusiast looking roles in Data Analytics, Machine learning, Statistical Modeling, Data Visualization.",['machine learning internship certificate']
r_2874,"Machine Learning Leadership
Cross-Functional Collaboration
Strategy Development
ML/NLP Infrastructure
Prototype Transformation
ML System Design
Algorithm Research
Application Development
Dataset Selection
ML Testing
Statistical Analysis
R&D in ML/NLP
Text Representation
Data Pipeline Design
Statistical Data Analysis
Model Training
Team Collaboration
Research Reporting
Algorithm Analysis",['n a']
r_2875,I am currently working as a junior Machine Learning Engineer and I want to learn more about how Machine Learning projects impact real work scenarios.,['n a']
r_2876,I am fresher data analyst starting out in ERP and MIS. As a fresher I am looking for roles specific to data science and machine learning to learn about the subject and create amazing applications to solve real life problems.,['data science with python']
r_2877,"Currently looking for an opportunity in Machine Learning and Deep Learning roles. I have a good depth of knowledge in ML Algorithms, various CNN architectures, and worked on Time series data, Image captioning, NLP tasks. Interested to work with an enthusiastic team on business problems.",['participant']
r_2878,"Energetic, innovative engineering undergraduate, passionate about Machine Learning, NLP and Deep Learning for solving real-world problems, aiming to work in an organization providing great learning experience and growth opportunities for mutual benefit.","['apr 2021', 'dec 2020', 'feb 2021', 'nov 2021']"
r_2879,Recently graduated fresher experienced in Machine Learning and Natural Language Processing looking for roles that involve projects in the same.,['py thonist']
r_2880,"I'm passionate learner with a knack for Artificial Intelligence. The kind of problems AI can solve, fills me with enthusiasm to learn more and contribute more. I have dedicated more than a year developing and training Machine learning Models across several projects.",['pytorch developer']
r_2881,Interested in helping businesses take best decisions using Machine learning and Deep learning solutions.,['n a']
r_2882,"I am a Master of Data Science graduate looking to work as a fulltime employee, seeking an entry level role in data science domain. I can offer a strong programming skills and good academic results together with a sound knowledge of implementing Machine learning techniques. Also, I am keen to learn new skill sets that the role demands. I am a highly analytical individual with interpersonal and technical skills, a desire to learn and determined attitude to succeed.",['data management on large scale']
r_2883,,['data analyst nano degree']
r_2884,I am actively seeking opportunity as Data Analyst or Machine Learning Engineer. My goal is to discover new business strategies and create an impact through data driven analytical decisions and leading the business to success.,['student']
r_2885,"Skilled Machine Learning and Deep Learning practitioner, and I have worked on Computer vision-based projects. On the lookout for opportunities that help me understand more about the domain.",['attendee']
r_2886,"Machine Learning Design
Data Analysis
Model Training
AI Integration
Innovation
Cross-Functional Collaboration
Model Deployment
Documentation
Analytical Skills
Communication
Team Collaboration",['python r or java tensorflow pytorch scikit learn']
r_2887,"Skilled Machine Learning and Deep Learning practitioner, and I have worked on Computer vision-based projects. On the lookout for opportunities that help me understand more about the domain.",['attendee']
r_2888,"Machine Learning Design
Data Analysis
Model Training
AI Integration
Innovation
Cross-Functional Collaboration
Model Deployment
Documentation
Analytical Skills
Communication
Team Collaboration",['python r or java tensorflow pytorch scikit learn']
r_2889,"Machine Learning Engineer seeking assignments Deep Learning, Reinforcement Learning, Tensorflow. Keras.",['scholar']
r_2890,"Machine Learning Leadership
Cross-Functional Collaboration
Strategy Development
ML/NLP Infrastructure
Prototype Transformation
ML System Design
Algorithm Research
Application Development
Dataset Selection
ML Testing
Statistical Analysis
R&D in ML/NLP
Text Representation
Data Pipeline Design
Statistical Data Analysis
Model Training
Team Collaboration
Research Reporting
Algorithm Analysis",['city state']
r_2891,"To design, develop and manage products in the field of consumer electronics devices, networking protocols, internet applications and connected devices. Vision to create personalized experiences based on machine learning.",['city state']
r_2892,"['ASP.NET 4.5', 'academic', 'Clustering', 'consulting', 'curriculum development', 'customer satisfaction', 'data analysis', 'data mining', 'data warehouse', 'Databases', 'database', 'database design', 'database management', 'data warehousing', 'environmental protection', 'Environmental Science', 'GIS', 'HTML', 'instructor', 'Lecturer', 'legal', 'machine learning', 'managing', 'materials', 'meetings', 'C#', 'Microsoft SQL', 'modeling', 'Natural', 'Oracle', 'process development and engineering', 'processes', 'progress', 'Python', 'quality', 'researching', 'research', 'SAS', 'shipping', 'SPSS', 'SQL', 'Statistics', 'Tableau', 'teaching', 'technical support', 'workshops']","['city state', 'n a']"
r_2893,"Machine Learning Leadership
Cross-Functional Collaboration
Strategy Development
ML/NLP Infrastructure
Prototype Transformation
ML System Design
Algorithm Research
Application Development
Dataset Selection
ML Testing
Statistical Analysis
R&D in ML/NLP
Text Representation
Data Pipeline Design
Statistical Data Analysis
Model Training
Team Collaboration
Research Reporting
Algorithm Analysis",['n a']
r_2894,,"['natural language processing with python', 'python for big data with pyspark']"
r_2895,I am currently working as a junior Machine Learning Engineer and I want to learn more about how Machine Learning projects impact real work scenarios.,"['alb', 'ci cd', 'django api design server side logic drf django rest framework database management postgresql', 'docker', 'ec2', 'ecs', 'etc linux', 'full stack development front end reactjs', 'gitlab terraform', 'mysql version control git aws ecr', 'nextjs backend python', 'rds', 'shell scripting']"
r_2896,I am fresher data analyst starting out in ERP and MIS. As a fresher I am looking for roles specific to data science and machine learning to learn about the subject and create amazing applications to solve real life problems.,['data science with python']
r_2897,I am a market research specialist with a grasp of machine learning and looking for a deeper dive into the career of being a professional machine learning engineer.,['n a']
r_2898,"I am a Junior Machine Learning developer who focuses on data improvement and modelling, finding patterns in large databases and optimization of different models.",['nasik']
r_2899,"Machine Learning Design
Data Analysis
Model Training
AI Integration
Innovation
Cross-Functional Collaboration
Model Deployment
Documentation
Analytical Skills
Communication
Team Collaboration",['python r or java tensorflow pytorch scikit learn']
r_2900,"Machine Learning Engineer seeking assignments Deep Learning, Reinforcement Learning, Tensorflow. Keras.",['scholar']
r_2901,"I'm passionate learner with a knack for Artificial Intelligence. The kind of problems AI can solve, fills me with enthusiasm to learn more and contribute more. I have dedicated more than a year developing and training Machine learning Models across several projects.",['pytorch developer']
r_2902,Data analyst actively seeking job roles related to data science and machine learning.,['ibm data analytics']
r_2903,,"['city state', 'kuwait', 'udaipur india']"
r_2904,I am a market research specialist with a grasp of machine learning and looking for a deeper dive into the career of being a professional machine learning engineer.,['n a']
r_2905,"Fresher having knowledge in machine learning and natural language processing. Looking to join a role where I can learn from an well informed environment, experiment and produce promising results and work with different kinds of data.",['nanyang university']
r_2906,"A python programmer, currently pursuing Data science and looking for roles that involve the application of Machine Learning. I am always excited to take on real life problems and tread through different technology stacks.",['certified data scientist']
r_2907,Want to work as a Machine Learning Production Engineer.,['n a']
r_2908,"Machine Learning Design
Data Analysis
Model Training
AI Integration
Innovation
Cross-Functional Collaboration
Model Deployment
Documentation
Analytical Skills
Communication
Team Collaboration",['python r or java tensorflow pytorch scikit learn']
r_2909,I am actively seeking opportunity as Data Analyst or Machine Learning Engineer. My goal is to discover new business strategies and create an impact through data driven analytical decisions and leading the business to success.,['student']
r_2910,"Machine Learning Design
Data Analysis
Model Training
AI Integration
Innovation
Cross-Functional Collaboration
Model Deployment
Documentation
Analytical Skills
Communication
Team Collaboration",['python r or java tensorflow pytorch scikit learn']
r_2911,"Machine Learning Engineer seeking roles in Machine Learning, Natural Language Processing, Artificial Intelligence, Data Science.",['n a']
r_2912,"Machine Learning Leadership
Cross-Functional Collaboration
Strategy Development
ML/NLP Infrastructure
Prototype Transformation
ML System Design
Algorithm Research
Application Development
Dataset Selection
ML Testing
Statistical Analysis
R&D in ML/NLP
Text Representation
Data Pipeline Design
Statistical Data Analysis
Model Training
Team Collaboration
Research Reporting
Algorithm Analysis",['n a']
r_2913,"Machine Learning Leadership
Cross-Functional Collaboration
Strategy Development
ML/NLP Infrastructure
Prototype Transformation
ML System Design
Algorithm Research
Application Development
Dataset Selection
ML Testing
Statistical Analysis
R&D in ML/NLP
Text Representation
Data Pipeline Design
Statistical Data Analysis
Model Training
Team Collaboration
Research Reporting
Algorithm Analysis",['city state']
r_2914,,['data science']
r_2915,"Machine Learning engineer who has worked on multiple projects with knowledge in big data handling and business analytics. As someone who is always learning, I would love to use my knowledge to provide the best solutions.",['n a']
r_2916,"Machine Learning Leadership
Cross-Functional Collaboration
Strategy Development
ML/NLP Infrastructure
Prototype Transformation
ML System Design
Algorithm Research
Application Development
Dataset Selection
ML Testing
Statistical Analysis
R&D in ML/NLP
Text Representation
Data Pipeline Design
Statistical Data Analysis
Model Training
Team Collaboration
Research Reporting
Algorithm Analysis",['data science and analytics']
r_2917,,['data scientist python developer certification advanced data analytics with python and r']
r_2918,I am a fresher specializing in data analytics and Machine Learning Application development. I believe that if given the opportunity I can prove my potential as a developer. I can easily communicate and work under someone's supervision who can guide me and help me in this journey of learning and exploring.,['participant']
r_2919,Fresher Computer vision and Machine Learning Engineer looking for a job that is both challenging and fun in terms of problem-solving. Also an expert in maintaining and managing Tableau and Power BI dashboards to address business.,"['honorary member', 'innovator of the year runner up']"
r_2920,,['ait']
r_2921,"Machine Learning Leadership
Cross-Functional Collaboration
Strategy Development
ML/NLP Infrastructure
Prototype Transformation
ML System Design
Algorithm Research
Application Development
Dataset Selection
ML Testing
Statistical Analysis
R&D in ML/NLP
Text Representation
Data Pipeline Design
Statistical Data Analysis
Model Training
Team Collaboration
Research Reporting
Algorithm Analysis",['bilingual']
r_2922,"I am a software engineer, and I want to work on full time roles associated with Machine Learning. I have previously worked on some corporate models and due to its intricacies I want to explore more in the domain.","['alb', 'ci cd', 'django api design server side logic drf django rest framework database management postgresql', 'docker', 'ec2', 'ecs', 'etc linux', 'full stack development front end reactjs', 'gitlab terraform', 'mysql version control git aws ecr', 'nextjs backend python', 'rds', 'shell scripting']"
r_2923,I am looking for a job switch to transition into Data Science and utilize my currents skills & learnings from my Master's course to solve new problems.,['n a']
r_2924,Want to work as a Machine Learning Production Engineer.,['n a']
r_2925,Seeking challenging opportunity in the field of data science and data analytics where I can utilize my skills and knowledge to contribute for the growth of the organization,['n a']
r_2926,"A python programmer, currently pursuing Data science and looking for roles that involve the application of Machine Learning. I am always excited to take on real life problems and tread through different technology stacks.",['certified data scientist']
r_2927,I am Data science enthusiast focused on solving complex problems using machine learning techniques. I try to simplify problems and attack them head on. Always working and striving to be better solution finder.,['deep learning']
r_2928,"A quality-oriented professional with a keen interest in solving complex business problems by way of AI-based design & thinking. A technology-agnostic individual with a strong background in data science, statistics, and economics with an aim to accelerate artificial intelligence.",['n a']
r_2929,"Machine Learning Design
Data Analysis
Model Training
AI Integration
Innovation
Cross-Functional Collaboration
Model Deployment
Documentation
Analytical Skills
Communication
Team Collaboration",['python r or java tensorflow pytorch scikit learn']
r_2930,"Currently looking for an opportunity in Machine Learning and Deep Learning roles. I have a good depth of knowledge in ML Algorithms, various CNN architectures, and worked on Time series data, Image captioning, NLP tasks. Interested to work with an enthusiastic team on business problems.",['participant']
r_2931,"Machine Learning Leadership
Cross-Functional Collaboration
Strategy Development
ML/NLP Infrastructure
Prototype Transformation
ML System Design
Algorithm Research
Application Development
Dataset Selection
ML Testing
Statistical Analysis
R&D in ML/NLP
Text Representation
Data Pipeline Design
Statistical Data Analysis
Model Training
Team Collaboration
Research Reporting
Algorithm Analysis",['data science with python']
r_2932,"A Data Science enthusiast with a demonstrated history of working in Banking industry. Currently working on real life Data Science projects with interest in Predictive Analytics, Machine Learning and Deep Learning.",['n a']
r_2933,"Machine Learning Design
Data Analysis
Model Training
AI Integration
Innovation
Cross-Functional Collaboration
Model Deployment
Documentation
Analytical Skills
Communication
Team Collaboration",['python r or java tensorflow pytorch scikit learn']
r_2934,"Machine Learning Design
Data Analysis
Model Training
AI Integration
Innovation
Cross-Functional Collaboration
Model Deployment
Documentation
Analytical Skills
Communication
Team Collaboration",['python r or java tensorflow pytorch scikit learn']
r_2935,,['data science and analytics']
r_2936,I am a software engineer who has worked on several computer vision projects and their end to end deployment. I am looking to join as a Machine Learning developer to closely work on problems and increase my grasp over the domain.,"['deployment of end to end ml projects', 'n a']"
r_2937,I am Data science enthusiast focused on solving complex problems using machine learning techniques. I try to simplify problems and attack them head on. Always working and striving to be better solution finder.,['deep learning']
r_2938,"Machine Learning Design
Data Analysis
Model Training
AI Integration
Innovation
Cross-Functional Collaboration
Model Deployment
Documentation
Analytical Skills
Communication
Team Collaboration",['python r or java tensorflow pytorch scikit learn']
r_2939,"A Fresher Seeking Roles In Machine Learning, Business Analysis, Data Predictive Modelling, Statistical Solutions, Data Mining.",['data science and bigdata']
r_2940,"Data Analyst, interested in Machine Learning application development. As a data analyst, I have extensive experience with data preprocessing and pipeline building and I would like to venture further into this domain to learn more about it.","['alb', 'ci cd', 'django api design server side logic drf django rest framework database management postgresql', 'docker', 'ec2', 'ecs', 'etc linux', 'full stack development front end reactjs', 'gitlab terraform', 'mysql version control git aws ecr', 'nextjs backend python', 'rds', 'shell scripting']"
r_2941,"Machine Learning Design
Data Analysis
Model Training
AI Integration
Innovation
Cross-Functional Collaboration
Model Deployment
Documentation
Analytical Skills
Communication
Team Collaboration",['python r or java tensorflow pytorch scikit learn']
r_2942,As a junior analyst I currently work with data preprocessing and data cleaning before sending them to Machine Learning Models. I am also simultaneously training to be a machine learning engineer to work closely with teams that build models and would like to join a venture for such opportunity.,['n a']
r_2943,"Machine Learning Leadership
Cross-Functional Collaboration
Strategy Development
ML/NLP Infrastructure
Prototype Transformation
ML System Design
Algorithm Research
Application Development
Dataset Selection
ML Testing
Statistical Analysis
R&D in ML/NLP
Text Representation
Data Pipeline Design
Statistical Data Analysis
Model Training
Team Collaboration
Research Reporting
Algorithm Analysis",['py thonist']
r_2944,Associate software engineer specializing in Machine Learning models and Optimization. I work with both natural Language processing and computer vision in terms of Modelling and development.,['n a']
r_2945,"Software developer with a niche towards end to end machine learning projects. Motivated towards learning, solving and producing better results.",['participant']
r_2946,,"['participant', 'vice president social chair greek week delegate']"
r_2947,"Graduate analyst currently working as business analyst consultant. As an individual, I always try to overcome problems in the most analytical manner. I want to work on Machine Learning application problems that deal with real life scenarios.",['n a']
r_2948,"A Fresher Seeking Roles In Machine Learning, Business Analysis, Data Predictive Modelling, Statistical Solutions, Data Mining.",['data science and bigdata']
r_2949,"Machine Learning Design
Data Analysis
Model Training
AI Integration
Innovation
Cross-Functional Collaboration
Model Deployment
Documentation
Analytical Skills
Communication
Team Collaboration",['python r or java tensorflow pytorch scikit learn']
r_2950,"Fresher starting out with Business Analysis, and machine learning modelling based on data engineering.",['n a']
r_2951,Data Science Explorer with a keen interest in application models of Machine learning.,['n a']
r_2952,"Data Science Enthusiast looking roles in Data Analytics, Machine learning, Statistical Modeling, Data Visualization.",['machine learning internship certificate']
r_2953,"Machine Learning Leadership
Cross-Functional Collaboration
Strategy Development
ML/NLP Infrastructure
Prototype Transformation
ML System Design
Algorithm Research
Application Development
Dataset Selection
ML Testing
Statistical Analysis
R&D in ML/NLP
Text Representation
Data Pipeline Design
Statistical Data Analysis
Model Training
Team Collaboration
Research Reporting
Algorithm Analysis",['deep learning']
r_2954,,['data analyst nano degree']
r_2955,I am Data science enthusiast focused on solving complex problems using machine learning techniques. I try to simplify problems and attack them head on. Always working and striving to be better solution finder.,['deep learning']
r_2956,,['data science']
r_2957,"Currently looking for an opportunity in Machine Learning and Deep Learning roles. I have a good depth of knowledge in ML Algorithms, various CNN architectures, and worked on Time series data, Image captioning, NLP tasks. Interested to work with an enthusiastic team on business problems.",['participant']
r_2958,,['training and deploying a machine model']
r_2959,,['jr data scientist']
r_2960,Graduate Looking for roles related to BU analyst and machine learning.,['data analyst python programming']
r_2961,As a Data Analyst I always look into more innovative ways of finding figures and facts from data. I have also worked with some production based Machine learning application problems and I would like to involve myself more with such ventures.,"['using python', 'using tableau']"
r_2962,"Software developer with a niche towards end to end machine learning projects. Motivated towards learning, solving and producing better results.",['participant']
r_2963,"Machine Learning Design
Data Analysis
Model Training
AI Integration
Innovation
Cross-Functional Collaboration
Model Deployment
Documentation
Analytical Skills
Communication
Team Collaboration",['python r or java tensorflow pytorch scikit learn']
r_2964,I am a fresher specializing in data analytics and Machine Learning Application development. I believe that if given the opportunity I can prove my potential as a developer. I can easily communicate and work under someone's supervision who can guide me and help me in this journey of learning and exploring.,['participant']
r_2965,I am actively seeking opportunity as Data Analyst or Machine Learning Engineer. My goal is to discover new business strategies and create an impact through data driven analytical decisions and leading the business to success.,['student']
r_2966,Fresher who is dynamic and defined when it comes to domain knowledge related to Data Analytics and Machine Learning.,['participant']
r_2967,I am a fresher specializing in data analytics and Machine Learning Application development. I believe that if given the opportunity I can prove my potential as a developer. I can easily communicate and work under someone's supervision who can guide me and help me in this journey of learning and exploring.,['participant']
r_2968,"Currently looking for an opportunity in Machine Learning and Deep Learning roles. I have a good depth of knowledge in ML Algorithms, various CNN architectures, and worked on Time series data, Image captioning, NLP tasks. Interested to work with an enthusiastic team on business problems.",['participant']
r_2969,Would like to join any firm as a software developer in machine learning projects.,['n a']
r_2970,Recently graduated fresher experienced in Machine Learning and Natural Language Processing looking for roles that involve projects in the same.,['py thonist']
r_2971,Would like to join any firm as a software developer in machine learning projects.,['n a']
r_2972,,['data science']
r_2973,I am actively seeking opportunity as Data Analyst or Machine Learning Engineer. My goal is to discover new business strategies and create an impact through data driven analytical decisions and leading the business to success.,['student']
r_2974,,"['cambridge uk', 'mountain view ca usa', 'vancouver bc canada']"
r_2975,Data Science Explorer with a keen interest in application models of Machine learning.,['n a']
r_2976,"A python programmer, currently pursuing Data science and looking for roles that involve the application of Machine Learning. I am always excited to take on real life problems and tread through different technology stacks.",['certified data scientist']
r_2977,"Passionate Data Engineer with a zeal to excel forward and produce promising outcomes. Hands-on knowledge in various Machine Learning Algorithms. Also experienced in data mining, warehouse maintaining, and visualization. In search of a role where I can nurture my skills and contribute to the growth of the company and myself.",['n a']
r_2978,"Fresher starting out with Business Analysis, and machine learning modelling based on data engineering.",['n a']
r_2979,,"['natural language processing with python', 'python for big data with pyspark']"
r_2980,"Machine Learning Design
Data Analysis
Model Training
AI Integration
Innovation
Cross-Functional Collaboration
Model Deployment
Documentation
Analytical Skills
Communication
Team Collaboration",['python r or java tensorflow pytorch scikit learn']
r_2981,"Machine Learning Design
Data Analysis
Model Training
AI Integration
Innovation
Cross-Functional Collaboration
Model Deployment
Documentation
Analytical Skills
Communication
Team Collaboration",['python r or java tensorflow pytorch scikit learn']
r_2982,"Machine Learning Design
Data Analysis
Model Training
AI Integration
Innovation
Cross-Functional Collaboration
Model Deployment
Documentation
Analytical Skills
Communication
Team Collaboration",['python r or java tensorflow pytorch scikit learn']
r_2983,Interested in helping businesses take best decisions using Machine learning and Deep learning solutions.,['n a']
r_2984,As a Data Analyst I always look into more innovative ways of finding figures and facts from data. I have also worked with some production based Machine learning application problems and I would like to involve myself more with such ventures.,"['using python', 'using tableau']"
r_2985,"Passionate Data Engineer with a zeal to excel forward and produce promising outcomes. Hands-on knowledge in various Machine Learning Algorithms. Also experienced in data mining, warehouse maintaining, and visualization. In search of a role where I can nurture my skills and contribute to the growth of the company and myself.",['n a']
r_2986,I am actively seeking opportunity as Data Analyst or Machine Learning Engineer. My goal is to discover new business strategies and create an impact through data driven analytical decisions and leading the business to success.,['student']
r_2987,Graduate database management engineer looking to join a role in data analytics or cloud-based machine learning solutions.,['data science on cloud']
r_2988,Fresher python developer interested in data analytics and machine learning.,['statistics in python']
r_2989,,['ai on the cloud']
r_2990,"Software developer with a niche towards end to end machine learning projects. Motivated towards learning, solving and producing better results.",['participant']
r_2991,"Data Science Enthusiast looking roles in Data Analytics, Machine learning, Statistical Modeling, Data Visualization.",['machine learning internship certificate']
r_2992,"Data Science Enthusiast looking roles in Data Analytics, Machine learning, Statistical Modeling, Data Visualization.",['machine learning internship certificate']
r_2993,I am looking for a job switch to transition into Data Science and utilize my currents skills & learnings from my Master's course to solve new problems.,['n a']
r_2994,,['python analysis with pandas and numpy']
r_2995,I am looking for a job switch to transition into Data Science and utilize my currents skills & learnings from my Master's course to solve new problems.,['n a']
r_2996,"Data Analyst, interested in Machine Learning application development. As a data analyst, I have extensive experience with data preprocessing and pipeline building and I would like to venture further into this domain to learn more about it.",['n a']
r_2997,"Machine Learning Design
Data Analysis
Model Training
AI Integration
Innovation
Cross-Functional Collaboration
Model Deployment
Documentation
Analytical Skills
Communication
Team Collaboration",['python r or java tensorflow pytorch scikit learn']
r_2998,,['data analyst nano degree']
r_2999,"Machine Learning Leadership
Cross-Functional Collaboration
Strategy Development
ML/NLP Infrastructure
Prototype Transformation
ML System Design
Algorithm Research
Application Development
Dataset Selection
ML Testing
Statistical Analysis
R&D in ML/NLP
Text Representation
Data Pipeline Design
Statistical Data Analysis
Model Training
Team Collaboration
Research Reporting
Algorithm Analysis",['n a']
r_3000,,"['cambridge uk', 'mountain view ca usa', 'vancouver bc canada']"
r_3001,Fresher python developer interested in data analytics and machine learning.,['statistics in python']
r_3002,I am a fresher business analyst with a knack for building applications that use machine learning and deep learning.,"['alb', 'ci cd', 'django api design server side logic drf django rest framework database management postgresql', 'docker', 'ec2', 'ecs', 'etc linux', 'full stack development front end reactjs', 'gitlab terraform', 'mysql version control git aws ecr', 'nextjs backend python', 'rds', 'shell scripting']"
r_3003,"Associate Solution Advisor currently enrolled in PG for Data science, Knowledge in data manipulation, analysis, reporting and data visualization. In depth knowledge of tools used for production.",['n a']
r_3004,,"['chairman', 'participant']"
r_3005,Software Engineer with a track record of Implementing and completing projects on time and in alignment with client expectations. Enthusiast about Data Science and keen to learn and explore.,['n a']
r_3006,,['data science']
r_3007,I am a fresher who is looking to work as a software developer in Machine Learning Application building and deployment. I am experienced in both machine learning and deep learning and have worked on few collaborative projects on such.,['n a']
r_3008,,['deep learning masters machine learning']
r_3009,"Machine Learning Design
Data Analysis
Model Training
AI Integration
Innovation
Cross-Functional Collaboration
Model Deployment
Documentation
Analytical Skills
Communication
Team Collaboration",['python r or java tensorflow pytorch scikit learn']
r_3010,,['data science']
r_3011,"Machine Learning Engineer seeking assignments Deep Learning, Reinforcement Learning, Tensorflow. Keras.","['alb', 'ci cd', 'django api design server side logic drf django rest framework database management postgresql', 'docker', 'ec2', 'ecs', 'etc linux', 'full stack development front end reactjs', 'gitlab terraform', 'mysql version control git aws ecr', 'nextjs backend python', 'rds', 'shell scripting']"
r_3012,"An avid data analyst looking to step into the world of machine learning and data sciences. I have experience related to Data Mining, Data Visualization, Text Analytics, Data Collection and would currently like to expand my horizon and work on Machine Learning projects.",['n a']
r_3013,"Machine Learning Leadership
Cross-Functional Collaboration
Strategy Development
ML/NLP Infrastructure
Prototype Transformation
ML System Design
Algorithm Research
Application Development
Dataset Selection
ML Testing
Statistical Analysis
R&D in ML/NLP
Text Representation
Data Pipeline Design
Statistical Data Analysis
Model Training
Team Collaboration
Research Reporting
Algorithm Analysis","['feb 2017', 'mar 2017']"
r_3014,"I'm passionate learner with a knack for Artificial Intelligence. The kind of problems AI can solve, fills me with enthusiasm to learn more and contribute more. I have dedicated more than a year developing and training Machine learning Models across several projects.",['pytorch developer']
r_3015,"Machine learning Enthusiast. Motivated to learn, grow and excel my experience by challenging myself.",['data science with python']
r_3016,"Machine Learning Design
Data Analysis
Model Training
AI Integration
Innovation
Cross-Functional Collaboration
Model Deployment
Documentation
Analytical Skills
Communication
Team Collaboration",['python r or java tensorflow pytorch scikit learn']
r_3017,Graduating Ph.D. candidate with a research focus on developing large-scale computational models using statistics and machine learning approach. Interested in a career as a computational scientist or quantitative software developer.,"['city', 'city state']"
r_3018,,"['participant', 'vice president social chair greek week delegate']"
r_3019,"Machine Learning Design
Data Analysis
Model Training
AI Integration
Innovation
Cross-Functional Collaboration
Model Deployment
Documentation
Analytical Skills
Communication
Team Collaboration",['python r or java tensorflow pytorch scikit learn']
r_3020,,['python analysis with pandas and numpy']
r_3021,"Machine Learning Leadership
Cross-Functional Collaboration
Strategy Development
ML/NLP Infrastructure
Prototype Transformation
ML System Design
Algorithm Research
Application Development
Dataset Selection
ML Testing
Statistical Analysis
R&D in ML/NLP
Text Representation
Data Pipeline Design
Statistical Data Analysis
Model Training
Team Collaboration
Research Reporting
Algorithm Analysis",['introduction']
r_3022,Fresher python developer interested in data analytics and machine learning.,['statistics in python']
r_3023,Fresher Computer vision and Machine Learning Engineer looking for a job that is both challenging and fun in terms of problem-solving. Also an expert in maintaining and managing Tableau and Power BI dashboards to address business.,"['honorary member', 'innovator of the year runner up']"
r_3024,Data Science Explorer with a keen interest in application models of Machine learning.,['n a']
r_3025,A highly disciplined and hard-working individual seeking challenging opportunity in the field of data science and data analytics where I can utilize my skills and knowledge to contribute for the growth of the organization,['data science using machine learning with r and python data analytics']
r_3026,Currently seeking opportunities as an Analyst as well as Machine Learning Engineer.,['junior engineer award l t best solution provided l t']
r_3027,,"['participant', 'vice president social chair greek week delegate']"
r_3028,"Machine Learning Leadership
Cross-Functional Collaboration
Strategy Development
ML/NLP Infrastructure
Prototype Transformation
ML System Design
Algorithm Research
Application Development
Dataset Selection
ML Testing
Statistical Analysis
R&D in ML/NLP
Text Representation
Data Pipeline Design
Statistical Data Analysis
Model Training
Team Collaboration
Research Reporting
Algorithm Analysis",['n a']
r_3029,"To design, develop and manage products in the field of consumer electronics devices, networking protocols, internet applications and connected devices. Vision to create personalized experiences based on machine learning.",['city state']
r_3030,"A Fresher Seeking Roles In Machine Learning, Business Analysis, Data Predictive Modelling, Statistical Solutions, Data Mining.",['data science and bigdata']
r_3031,I am a software engineer who has worked on several computer vision projects and their end to end deployment. I am looking to join as a Machine Learning developer to closely work on problems and increase my grasp over the domain.,"['deployment of end to end ml projects', 'n a']"
r_3032,I am a fresher who is looking to work as a software developer in Machine Learning Application building and deployment. I am experienced in both machine learning and deep learning and have worked on few collaborative projects on such.,['n a']
r_3033,,"['natural language processing with python', 'python for big data with pyspark']"
r_3034,"Passionate Data Engineer with a zeal to excel forward and produce promising outcomes. Hands-on knowledge in various Machine Learning Algorithms. Also experienced in data mining, warehouse maintaining, and visualization. In search of a role where I can nurture my skills and contribute to the growth of the company and myself.",['n a']
r_3035,Want to work as a Machine Learning Production Engineer.,['n a']
r_3036,I am a Post Graduate having knowledge of industry-level Machine Learning problems and Research topics. I currently work as a Machine Learning Engineer and I want to keep exploring such opportunities.,['n a']
r_3037,Currently seeking opportunities as an Analyst as well as Machine Learning Engineer.,['junior engineer award l t best solution provided l t']
r_3038,"Machine Learning Leadership
Cross-Functional Collaboration
Strategy Development
ML/NLP Infrastructure
Prototype Transformation
ML System Design
Algorithm Research
Application Development
Dataset Selection
ML Testing
Statistical Analysis
R&D in ML/NLP
Text Representation
Data Pipeline Design
Statistical Data Analysis
Model Training
Team Collaboration
Research Reporting
Algorithm Analysis",['n a']
r_3039,"Graduate analyst currently working as business analyst consultant. As an individual, I always try to overcome problems in the most analytical manner. I want to work on Machine Learning application problems that deal with real life scenarios.",['n a']
r_3040,,"['machine learning with python', 'neural network applied in pytorch']"
r_3041,"Young Aspirant looking for roles in data science, analytics and Machine Learning.",['n a']
r_3042,Fresher starting out and wanting to join a role of machine learning engineer or data science engineer.,['python statistics with pandas and matplotlib']
r_3043,"Energetic, innovative engineering undergraduate, passionate about Machine Learning, NLP and Deep Learning for solving real-world problems, aiming to work in an organization providing great learning experience and growth opportunities for mutual benefit.","['apr 2021', 'dec 2020', 'feb 2021', 'nov 2021']"
r_3044,"Fresher having knowledge in machine learning and natural language processing. Looking to join a role where I can learn from an well informed environment, experiment and produce promising results and work with different kinds of data.",['nanyang university']
r_3045,I am currently looking for an opportunity as a Data Science or Machine Learning Engineer.,['business analyst']
r_3046,Fresher Computer vision and Machine Learning Engineer looking for a job that is both challenging and fun in terms of problem-solving. Also an expert in maintaining and managing Tableau and Power BI dashboards to address business.,"['honorary member', 'innovator of the year runner up']"
r_3047,"Data Science Enthusiast looking roles in Data Analytics, Machine learning, Statistical Modeling, Data Visualization.",['machine learning internship certificate']
r_3048,"I'm passionate learner with a knack for Artificial Intelligence. The kind of problems AI can solve, fills me with enthusiasm to learn more and contribute more. I have dedicated more than a year developing and training Machine learning Models across several projects.",['pytorch developer']
r_3049,Fresher starting out and wanting to join a role of machine learning engineer or data science engineer.,['python statistics with pandas and matplotlib']
r_3050,Would like to join any firm as a software developer in machine learning projects.,['n a']
r_3051,Would like to join any firm as a software developer in machine learning projects.,['n a']
r_3052,"Associate Solution Advisor currently enrolled in PG for Data science, Knowledge in data manipulation, analysis, reporting and data visualization. In depth knowledge of tools used for production.",['n a']
r_3053,I recently graduated with a B.Tech degree in IT and currently am looking for jobs in sectors related to machine learning. I want to explore and hone my skills. I am committed towards better coding practices.,['n a']
r_3054,As a junior analyst I currently work with data preprocessing and data cleaning before sending them to Machine Learning Models. I am also simultaneously training to be a machine learning engineer to work closely with teams that build models and would like to join a venture for such opportunity.,['n a']
r_3055,"Machine Learning Design
Data Analysis
Model Training
AI Integration
Innovation
Cross-Functional Collaboration
Model Deployment
Documentation
Analytical Skills
Communication
Team Collaboration",['python r or java tensorflow pytorch scikit learn']
r_3056,,"['chairman', 'participant']"
r_3057,"Machine Learning Design
Data Analysis
Model Training
AI Integration
Innovation
Cross-Functional Collaboration
Model Deployment
Documentation
Analytical Skills
Communication
Team Collaboration",['python r or java tensorflow pytorch scikit learn']
r_3058,"An avid data analyst looking to step into the world of machine learning and data sciences. I have experience related to Data Mining, Data Visualization, Text Analytics, Data Collection and would currently like to expand my horizon and work on Machine Learning projects.",['n a']
r_3059,"I am an experienced analytics specialist seeking a full-time position in the field of data science and application in business problem solving, where I can apply my knowledge and skills for continuous improvement.",['analytics certification']
r_3060,I am a Post Graduate having knowledge of industry-level Machine Learning problems and Research topics. I currently work as a Machine Learning Engineer and I want to keep exploring such opportunities.,['n a']
r_3061,"Machine Learning Design
Data Analysis
Model Training
AI Integration
Innovation
Cross-Functional Collaboration
Model Deployment
Documentation
Analytical Skills
Communication
Team Collaboration",['python r or java tensorflow pytorch scikit learn']
r_3062,"Machine Learning Design
Data Analysis
Model Training
AI Integration
Innovation
Cross-Functional Collaboration
Model Deployment
Documentation
Analytical Skills
Communication
Team Collaboration",['python r or java tensorflow pytorch scikit learn']
r_3063,"Machine Learning Leadership
Cross-Functional Collaboration
Strategy Development
ML/NLP Infrastructure
Prototype Transformation
ML System Design
Algorithm Research
Application Development
Dataset Selection
ML Testing
Statistical Analysis
R&D in ML/NLP
Text Representation
Data Pipeline Design
Statistical Data Analysis
Model Training
Team Collaboration
Research Reporting
Algorithm Analysis",['08']
r_3064,,"['city state', 'kuwait', 'udaipur india']"
r_3065,"Experienced software professional looking for data science and machine learning roles. Masters in machine learning. Good Knowledge of Software Development processes and Object-oriented programming. Sound Knowledge of python, scikit learn and keras.",['n a']
r_3066,"Currently looking for an opportunity in Machine Learning and Deep Learning roles. I have a good depth of knowledge in ML Algorithms, various CNN architectures, and worked on Time series data, Image captioning, NLP tasks. Interested to work with an enthusiastic team on business problems.",['participant']
r_3067,"Machine Learning Design
Data Analysis
Model Training
AI Integration
Innovation
Cross-Functional Collaboration
Model Deployment
Documentation
Analytical Skills
Communication
Team Collaboration",['python r or java tensorflow pytorch scikit learn']
r_3068,,['jr data scientist']
r_3069,Looking for roles related to application development in Machine Learning.,['n a']
r_3070,,['tensorflow and keras']
