resume_id,job_id,overlap_ratio,label
r_89,AI07949,0.25,0
r_134,AI12445,0.25,0
r_132,AI05566,0.2,0
r_1551,AI05301,0.5,1
r_200,AI09785,0.2,0
r_588,AI01735,0.25,0
r_783,AI14187,0.5,1
r_588,AI03155,0.2,0
r_132,AI09710,0.2,0
r_562,AI10212,0.25,0
r_2489,AI09573,0.5,1
r_632,AI10534,0.25,0
r_656,AI02183,0.25,0
r_599,AI10346,0.25,0
r_561,AI06993,0.2,0
r_406,AI05190,0.2,0
r_187,AI14437,0.2,0
r_1205,AI09637,0.5,1
r_2895,AI01360,0.5,1
r_673,AI12276,0.2,0
r_111,AI10322,0.25,0
r_562,AI00867,0.2,0
r_132,AI06903,0.2,0
r_566,AI13334,0.2,0
r_406,AI11522,0.25,0
r_224,AI07910,0.5,1
r_594,AI13748,0.2,0
r_209,AI08331,0.2,0
r_632,AI05620,0.2,0
r_134,AI08293,0.25,0
r_134,AI01825,0.2,0
r_451,AI00156,0.5,1
r_174,AI12661,0.25,0
r_673,AI01183,0.25,0
r_58,AI12229,0.2,0
r_346,AI03887,0.2,0
r_200,AI14335,0.2,0
r_503,AI11479,0.25,0
r_2136,AI13447,0.5,1
r_187,AI14801,0.25,0
r_406,AI11858,0.25,0
r_1027,AI09637,0.5,1
r_111,AI09157,0.2,0
r_406,AI10677,0.25,0
r_134,AI07607,0.2,0
r_632,AI14573,0.2,0
r_187,AI08097,0.2,0
r_566,AI10534,0.25,0
r_111,AI05744,0.2,0
r_187,AI11827,0.25,0
r_656,AI05131,0.2,0
r_224,AI01536,0.25,0
r_187,AI09138,0.2,0
r_2927,AI02869,0.5,1
r_594,AI07909,0.2,0
r_174,AI02701,0.2,0
r_503,AI06194,0.2,0
r_58,AI03590,0.25,0
r_539,AI12605,0.25,0
r_187,AI07815,0.25,0
r_224,AI06782,0.25,0
r_93,AI00764,0.2,0
r_200,AI02807,0.25,0
r_1531,AI13061,0.5,1
r_209,AI10773,0.25,0
r_575,AI07674,0.25,0
r_187,AI09286,0.5,1
r_566,AI12688,0.25,0
r_594,AI07453,0.25,0
r_209,AI02444,0.25,0
r_134,AI08937,0.2,0
r_451,AI00990,0.25,0
r_160,AI07864,0.2,0
r_594,AI14654,0.25,0
r_160,AI10545,0.2,0
r_566,AI12121,0.25,0
r_58,AI10159,0.2,0
r_200,AI13885,0.2,0
r_566,AI12605,0.25,0
r_160,AI11351,0.25,0
r_566,AI11365,0.2,0
r_451,AI13436,0.25,0
r_2716,AI09843,0.5,1
r_12,AI03667,0.2,0
r_681,AI01653,0.5,1
r_174,AI01744,0.2,0
r_111,AI07877,0.2,0
r_346,AI00050,0.2,0
r_594,AI05817,0.2,0
r_656,AI12848,0.2,0
r_224,AI05545,0.2,0
r_594,AI01848,0.2,0
r_224,AI13324,0.2,0
r_187,AI14299,0.25,0
r_632,AI05108,0.2,0
r_134,AI08291,0.2,0
r_656,AI00085,0.2,0
r_93,AI10826,0.2,0
r_12,AI11088,0.2,0
r_566,AI14775,0.25,0
r_209,AI09462,0.2,0
r_224,AI01938,0.2,0
r_58,AI03749,0.25,0
r_2895,AI10551,0.5,1
r_58,AI11410,0.25,0
r_406,AI06601,0.25,0
r_562,AI05801,0.25,0
r_503,AI07362,0.2,0
r_1231,AI10587,0.5,1
r_588,AI00764,0.2,0
r_632,AI03639,0.25,0
r_132,AI11060,0.25,0
r_174,AI04694,0.25,0
r_12,AI00284,0.25,0
r_132,AI07400,0.2,0
r_132,AI12593,0.25,0
r_89,AI00031,0.2,0
r_93,AI06402,0.2,0
r_562,AI06833,0.25,0
r_539,AI00415,0.2,0
r_451,AI09994,0.25,0
r_375,AI04499,0.25,0
r_187,AI01930,0.25,0
r_588,AI13269,0.2,0
r_1549,AI10551,0.5,1
r_656,AI01026,0.2,0
r_187,AI10346,0.25,0
r_89,AI10427,0.2,0
r_594,AI06231,0.25,0
r_539,AI08458,0.25,0
r_174,AI03308,0.25,0
r_174,AI06923,0.25,0
r_346,AI02233,0.2,0
r_89,AI12818,0.25,0
r_575,AI05108,0.2,0
r_562,AI00553,0.2,0
r_575,AI05187,0.25,0
r_539,AI12262,0.2,0
r_656,AI05183,0.5,1
r_89,AI09113,0.2,0
r_132,AI09573,0.5,1
r_134,AI04900,0.25,0
r_561,AI05471,0.25,0
r_2130,AI01360,0.5,1
r_200,AI09619,0.2,0
r_2857,AI05724,0.5,1
r_58,AI13443,0.25,0
r_174,AI05779,0.2,0
r_1197,AI14187,0.5,1
r_134,AI02444,0.25,0
r_12,AI11164,0.25,0
r_575,AI06738,0.25,0
r_588,AI13214,0.25,0
r_200,AI13713,0.25,0
r_12,AI13811,0.25,0
r_174,AI13231,0.25,0
r_209,AI02577,0.25,0
r_134,AI05582,0.25,0
r_594,AI01474,0.5,1
r_224,AI13817,0.2,0
r_209,AI10077,0.25,0
r_132,AI00154,0.25,0
r_1955,AI07018,0.5,1
r_588,AI12964,0.25,0
r_187,AI08508,0.2,0
r_594,AI01631,0.2,0
r_134,AI08018,0.2,0
r_539,AI06324,0.2,0
r_539,AI08440,0.2,0
r_12,AI05637,0.2,0
r_375,AI13340,0.25,0
r_503,AI04698,0.2,0
r_111,AI08487,0.2,0
r_89,AI14865,0.2,0
r_561,AI12927,0.25,0
r_561,AI06515,0.25,0
r_134,AI10864,0.2,0
r_89,AI07697,0.25,0
r_561,AI02168,0.25,0
r_224,AI09972,0.2,0
r_160,AI02675,0.2,0
r_209,AI01242,0.25,0
r_2895,AI07230,0.5,1
r_599,AI11950,0.2,0
r_656,AI13184,0.25,0
r_632,AI08984,0.2,0
r_406,AI10508,0.25,0
r_503,AI12138,0.25,0
r_539,AI04596,0.25,0
r_160,AI07745,0.25,0
r_93,AI11644,0.25,0
r_93,AI07625,0.25,0
r_656,AI01709,0.2,0
r_224,AI03331,0.25,0
r_2088,AI02869,0.5,1
r_632,AI01173,0.25,0
r_575,AI00208,0.2,0
r_89,AI07656,0.2,0
r_89,AI13258,0.2,0
r_562,AI11032,0.2,0
r_656,AI05594,0.25,0
r_346,AI14330,0.2,0
r_209,AI13957,0.25,0
r_632,AI09490,0.2,0
r_588,AI01814,0.2,0
r_575,AI05202,0.2,0
r_174,AI02704,0.25,0
r_93,AI12511,0.25,0
r_599,AI02387,0.2,0
r_174,AI10400,0.25,0
r_375,AI01541,0.25,0
r_89,AI05864,0.2,0
r_562,AI14437,0.2,0
r_346,AI05365,0.25,0
r_539,AI06825,0.5,1
r_209,AI02073,0.2,0
r_200,AI11827,0.25,0
r_562,AI08257,0.2,0
r_224,AI14531,0.25,0
r_588,AI04833,0.2,0
r_160,AI14362,0.5,1
r_575,AI08701,0.25,0
r_2857,AI00436,0.5,1
r_224,AI09351,0.2,0
r_111,AI13885,0.2,0
r_160,AI13356,0.2,0
r_632,AI09058,0.25,0
r_681,AI14770,0.5,1
r_187,AI02901,0.2,0
r_406,AI03649,0.25,0
r_566,AI00457,0.2,0
r_111,AI08780,0.25,0
r_93,AI10024,0.25,0
r_566,AI12452,0.2,0
r_187,AI10859,0.25,0
r_89,AI04118,0.25,0
r_451,AI11444,0.25,0
r_599,AI14792,0.2,0
r_89,AI02073,0.2,0
r_12,AI03742,0.5,1
r_111,AI11207,0.25,0
r_539,AI00045,0.5,1
r_588,AI05183,0.5,1
r_200,AI02483,0.2,0
r_656,AI03820,0.25,0
r_111,AI00437,0.25,0
r_346,AI13340,0.25,0
r_451,AI11827,0.25,0
r_134,AI04017,0.25,0
r_209,AI12217,0.25,0
r_187,AI01216,0.2,0
r_562,AI09737,0.2,0
r_406,AI04499,0.25,0
r_111,AI02482,0.2,0
r_406,AI03712,0.25,0
r_562,AI09434,0.5,1
r_503,AI07753,0.2,0
r_539,AI10173,0.2,0
r_93,AI09619,0.2,0
r_594,AI04364,0.25,0
r_575,AI11122,0.5,1
r_656,AI00817,0.25,0
r_451,AI05192,0.2,0
r_224,AI02732,0.25,0
r_12,AI04937,0.25,0
r_768,AI05568,0.5,1
r_451,AI06194,0.2,0
r_503,AI11419,0.25,0
r_93,AI04122,0.2,0
r_632,AI08699,0.25,0
r_562,AI09398,0.25,0
r_93,AI14946,0.25,0
r_406,AI01777,0.2,0
r_2857,AI07018,0.5,1
r_575,AI11600,0.2,0
r_575,AI12848,0.2,0
r_566,AI13028,0.2,0
r_12,AI05062,0.25,0
r_93,AI05187,0.25,0
r_673,AI01281,0.2,0
r_2489,AI06296,0.5,1
r_160,AI09627,0.25,0
r_58,AI14573,0.2,0
r_160,AI12593,0.25,0
r_209,AI00664,0.25,0
r_375,AI10859,0.25,0
r_12,AI09671,0.25,0
r_566,AI12930,0.25,0
r_588,AI01981,0.2,0
r_673,AI03828,0.2,0
r_89,AI05309,0.2,0
r_93,AI12053,0.2,0
r_160,AI08916,0.25,0
r_539,AI10080,0.2,0
r_539,AI12174,0.25,0
r_111,AI04277,0.2,0
r_93,AI00447,0.2,0
r_111,AI09230,0.25,0
r_174,AI07889,0.25,0
r_93,AI02280,0.2,0
r_12,AI06010,0.25,0
r_503,AI09685,0.25,0
r_93,AI03934,0.2,0
r_200,AI13133,0.2,0
r_132,AI08351,0.25,0
r_12,AI01909,0.25,0
r_575,AI06258,0.25,0
r_594,AI06944,0.5,1
r_709,AI05177,0.5,1
r_187,AI09701,0.2,0
r_561,AI06877,0.2,0
r_111,AI07161,0.25,0
r_562,AI03582,0.2,0
r_375,AI00154,0.25,0
r_562,AI02390,0.25,0
r_89,AI12303,0.25,0
r_89,AI13965,0.25,0
r_200,AI09009,0.25,0
r_134,AI10310,0.25,0
r_187,AI02168,0.25,0
r_575,AI12021,0.25,0
r_111,AI06508,0.2,0
r_134,AI08637,0.25,0
r_93,AI07150,0.2,0
r_566,AI10173,0.2,0
r_2130,AI08237,0.5,1
r_588,AI02344,0.2,0
r_539,AI03441,0.2,0
r_632,AI10648,0.5,1
r_656,AI04807,0.2,0
r_58,AI14610,0.2,0
r_224,AI01798,0.2,0
r_58,AI05754,0.2,0
r_89,AI01107,0.5,1
r_160,AI03784,0.2,0
r_187,AI09969,0.25,0
r_200,AI04678,0.2,0
r_93,AI09627,0.25,0
r_209,AI06774,0.2,0
r_451,AI06180,0.2,0
r_673,AI08487,0.2,0
r_451,AI07255,0.2,0
r_562,AI03559,0.2,0
r_632,AI09879,0.2,0
r_224,AI08790,0.2,0
r_406,AI10932,0.25,0
r_2922,AI00156,0.5,1
r_174,AI07904,0.25,0
r_566,AI00817,0.25,0
r_406,AI03441,0.2,0
r_224,AI09574,0.25,0
r_209,AI05577,0.2,0
r_599,AI04214,0.2,0
r_224,AI01722,0.2,0
r_561,AI01517,0.2,0
r_406,AI12741,0.25,0
r_12,AI02073,0.2,0
r_656,AI05365,0.25,0
r_160,AI09307,0.25,0
r_209,AI00170,0.25,0
r_132,AI03161,0.2,0
r_89,AI01085,0.2,0
r_599,AI11028,0.2,0
r_539,AI04201,0.2,0
r_89,AI08293,0.25,0
r_632,AI08182,0.25,0
r_503,AI11748,0.5,1
r_632,AI09442,0.25,0
r_406,AI11943,0.2,0
r_93,AI06230,0.25,0
r_174,AI09545,0.5,1
r_588,AI07838,0.25,0
r_132,AI08007,0.25,0
r_503,AI09839,0.2,0
r_599,AI08531,0.2,0
r_768,AI09434,0.5,1
r_503,AI05508,0.25,0
r_224,AI14981,0.2,0
r_451,AI14167,0.2,0
r_58,AI11270,0.2,0
r_375,AI08148,0.2,0
r_451,AI11767,0.2,0
r_562,AI11212,0.5,1
r_134,AI01943,0.25,0
r_200,AI09006,0.25,0
r_12,AI10881,0.25,0
r_132,AI12029,0.25,0
r_12,AI08756,0.25,0
r_2504,AI08237,0.5,1
r_375,AI09674,0.25,0
r_561,AI05332,0.2,0
r_1790,AI10768,0.5,1
r_58,AI04776,0.25,0
r_224,AI06855,0.25,0
r_588,AI04798,0.25,0
r_2509,AI03574,0.5,1
r_673,AI00420,0.2,0
r_503,AI01491,0.25,0
r_111,AI13713,0.25,0
r_594,AI12105,0.2,0
r_632,AI04771,0.2,0
r_200,AI07877,0.2,0
r_588,AI09237,0.25,0
r_632,AI06762,0.2,0
r_599,AI09476,0.25,0
r_503,AI06877,0.2,0
r_2667,AI11959,0.5,1
r_673,AI11397,0.2,0
r_2509,AI10768,0.5,1
r_588,AI12452,0.2,0
r_160,AI03484,0.2,0
r_406,AI07313,0.25,0
r_200,AI05766,0.25,0
r_1790,AI14781,0.5,1
r_93,AI02430,0.25,0
r_1702,AI01107,0.5,1
r_134,AI03003,0.25,0
r_134,AI11019,0.2,0
r_673,AI09977,0.25,0
r_200,AI11600,0.2,0
r_187,AI08706,0.25,0
r_656,AI12697,0.25,0
r_406,AI14600,0.25,0
r_562,AI01886,0.25,0
r_93,AI08790,0.2,0
r_673,AI08532,0.2,0
r_160,AI00604,0.25,0
r_346,AI09436,0.2,0
r_375,AI07606,0.2,0
r_58,AI06608,0.25,0
r_406,AI08018,0.2,0
r_89,AI00439,0.25,0
r_12,AI12447,0.2,0
r_209,AI08879,0.25,0
r_132,AI02977,0.25,0
r_132,AI10439,0.25,0
r_539,AI10302,0.25,0
r_58,AI05190,0.2,0
r_111,AI04766,0.25,0
r_575,AI05801,0.25,0
r_89,AI04159,0.2,0
r_503,AI01358,0.25,0
r_1027,AI05568,0.5,1
r_503,AI12034,0.25,0
r_2724,AI08219,0.5,1
r_1426,AI00156,0.5,1
r_224,AI01804,0.25,0
r_12,AI04585,0.2,0
r_451,AI01988,0.2,0
r_562,AI12850,0.25,0
r_93,AI12856,0.2,0
r_539,AI14352,0.25,0
r_594,AI03108,0.25,0
r_375,AI05468,0.25,0
r_539,AI01589,0.2,0
r_562,AI07019,0.2,0
r_58,AI04287,0.25,0
r_656,AI12961,0.25,0
r_160,AI07207,0.25,0
r_224,AI09100,0.2,0
r_89,AI05475,0.25,0
r_111,AI01886,0.25,0
r_1817,AI00045,0.5,1
r_209,AI02687,0.25,0
r_562,AI07257,0.2,0
r_566,AI14751,0.2,0
r_673,AI06615,0.25,0
r_187,AI08644,0.25,0
r_599,AI02054,0.5,1
r_451,AI01737,0.2,0
r_561,AI14333,0.2,0
r_12,AI04342,0.2,0
r_566,AI09619,0.2,0
r_588,AI11315,0.2,0
r_346,AI03795,0.25,0
r_561,AI06749,0.25,0
r_594,AI12788,0.2,0
r_93,AI13512,0.25,0
r_599,AI03236,0.2,0
r_375,AI14445,0.2,0
r_93,AI14746,0.25,0
r_111,AI04287,0.25,0
r_566,AI04971,0.2,0
r_406,AI13473,0.2,0
r_209,AI01469,0.25,0
r_599,AI13233,0.2,0
r_406,AI09436,0.2,0
r_224,AI05597,0.25,0
r_93,AI01026,0.2,0
r_451,AI10859,0.25,0
r_12,AI06509,0.25,0
r_406,AI01589,0.2,0
r_209,AI06166,0.2,0
r_58,AI05988,0.2,0
r_111,AI09408,0.2,0
r_89,AI03106,0.2,0
r_406,AI01517,0.2,0
r_594,AI11536,0.2,0
r_187,AI14751,0.2,0
r_12,AI13918,0.25,0
r_58,AI09014,0.25,0
r_111,AI14746,0.25,0
r_132,AI13512,0.25,0
r_656,AI12930,0.25,0
r_575,AI00124,0.2,0
r_2063,AI13061,0.5,1
r_562,AI09782,0.25,0
r_1205,AI10648,0.5,1
r_566,AI01479,0.2,0
r_93,AI09720,0.2,0
r_346,AI12214,0.25,0
r_134,AI10685,0.25,0
r_656,AI10316,0.2,0
r_346,AI12077,0.25,0
r_187,AI12179,0.25,0
r_503,AI10209,0.2,0
r_451,AI05197,0.25,0
r_673,AI10737,0.25,0
r_111,AI09398,0.25,0
r_406,AI01159,0.25,0
r_160,AI10709,0.25,0
r_575,AI10331,0.25,0
r_503,AI01651,0.25,0
r_174,AI09894,0.2,0
r_224,AI13081,0.2,0
r_200,AI12319,0.2,0
r_588,AI04270,0.2,0
r_539,AI13379,0.2,0
r_346,AI01588,0.25,0
r_58,AI05689,0.2,0
r_93,AI10702,0.2,0
r_2895,AI11490,0.5,1
r_12,AI08049,0.2,0
r_375,AI01777,0.2,0
r_2504,AI05301,0.5,1
r_187,AI01200,0.2,0
r_656,AI10463,0.25,0
r_209,AI09091,0.25,0
r_451,AI00447,0.2,0
r_174,AI05782,0.25,0
r_451,AI11905,0.25,0
r_673,AI06182,0.25,0
r_187,AI04622,0.2,0
r_1724,AI06832,0.5,1
r_756,AI14187,0.5,1
r_134,AI11970,0.5,1
r_209,AI08074,0.2,0
r_224,AI11644,0.25,0
r_89,AI06873,0.2,0
r_174,AI11025,0.25,0
r_346,AI06936,0.2,0
r_224,AI14224,0.25,0
r_503,AI06938,0.25,0
r_346,AI14589,0.2,0
r_174,AI05350,0.25,0
r_566,AI04698,0.2,0
r_12,AI04869,0.2,0
r_656,AI06292,0.2,0
r_561,AI10720,0.25,0
r_200,AI01051,0.25,0
r_599,AI00082,0.25,0
r_187,AI14787,0.25,0
r_681,AI00156,0.5,1
r_160,AI13473,0.2,0
r_1790,AI10026,0.5,1
r_209,AI09039,0.2,0
r_599,AI03784,0.2,0
r_209,AI07018,0.5,1
r_673,AI12186,0.2,0
r_174,AI06503,0.2,0
r_209,AI13748,0.2,0
r_562,AI07220,0.25,0
r_2284,AI09066,0.5,1
r_561,AI11705,0.2,0
r_503,AI06879,0.2,0
r_93,AI00116,0.25,0
r_224,AI04639,0.2,0
r_451,AI09662,0.2,0
r_111,AI05865,0.25,0
r_160,AI06646,0.2,0
r_174,AI08098,0.2,0
r_346,AI08844,0.2,0
r_132,AI05042,0.2,0
r_132,AI06749,0.25,0
r_673,AI02159,0.25,0
r_588,AI04761,0.2,0
r_599,AI02189,0.2,0
r_673,AI00448,0.2,0
r_588,AI02168,0.25,0
r_346,AI01589,0.2,0
r_134,AI13489,0.2,0
r_89,AI05510,0.2,0
r_656,AI01086,0.2,0
r_673,AI02927,0.2,0
r_561,AI02965,0.2,0
r_566,AI12382,0.25,0
r_575,AI00063,0.25,0
r_160,AI05425,0.2,0
r_224,AI00170,0.25,0
r_12,AI00816,0.25,0
r_539,AI11647,0.25,0
r_134,AI11109,0.25,0
r_599,AI09840,0.25,0
r_575,AI08063,0.2,0
r_575,AI10700,0.25,0
r_346,AI09840,0.25,0
r_224,AI06067,0.2,0
r_594,AI13825,0.25,0
r_111,AI07691,0.2,0
r_594,AI12513,0.25,0
r_224,AI07798,0.2,0
r_1027,AI05177,0.5,1
r_200,AI13233,0.2,0
r_566,AI00593,0.25,0
r_594,AI11644,0.25,0
r_575,AI12262,0.2,0
r_89,AI07591,0.2,0
r_673,AI09415,0.5,1
r_792,AI06296,0.5,1
r_93,AI05108,0.2,0
r_2922,AI10551,0.5,1
r_111,AI06738,0.25,0
r_561,AI13903,0.25,0
r_200,AI01588,0.25,0
r_588,AI09782,0.25,0
r_539,AI02578,0.2,0
r_503,AI09669,0.2,0
r_134,AI10791,0.25,0
r_187,AI11507,0.25,0
r_89,AI06694,0.5,1
r_209,AI08583,0.25,0
r_89,AI09548,0.2,0
r_588,AI07498,0.25,0
r_89,AI09267,0.25,0
r_58,AI06877,0.2,0
r_160,AI10302,0.25,0
r_562,AI12164,0.2,0
r_656,AI13493,0.25,0
r_656,AI10331,0.25,0
r_209,AI03552,0.25,0
r_224,AI10706,0.25,0
r_89,AI04098,0.2,0
r_632,AI11986,0.2,0
r_451,AI05431,0.2,0
r_673,AI04570,0.25,0
r_111,AI06729,0.25,0
r_656,AI10305,0.2,0
r_503,AI03189,0.25,0
r_187,AI14441,0.25,0
r_451,AI04970,0.25,0
r_539,AI14751,0.2,0
r_594,AI10685,0.25,0
r_174,AI00294,0.25,0
r_562,AI14151,0.25,0
r_89,AI07824,0.25,0
r_111,AI06723,0.2,0
r_632,AI14299,0.25,0
r_209,AI11621,0.25,0
r_2667,AI09066,0.5,1
r_588,AI12155,0.25,0
r_174,AI12276,0.2,0
r_375,AI05376,0.25,0
r_187,AI00274,0.2,0
r_12,AI02421,0.25,0
r_132,AI04134,0.25,0
r_160,AI02051,0.25,0
r_451,AI06171,0.2,0
r_539,AI09372,0.2,0
r_187,AI03058,0.25,0
r_599,AI11122,0.5,1
r_451,AI13758,0.25,0
r_174,AI13733,0.25,0
r_187,AI13101,0.25,0
r_160,AI01930,0.25,0
r_224,AI12502,0.2,0
r_575,AI11508,0.25,0
r_58,AI09435,0.25,0
r_174,AI03275,0.2,0
r_346,AI04262,0.2,0
r_503,AI03457,0.25,0
r_89,AI11209,0.25,0
r_575,AI01534,0.25,0
r_58,AI09839,0.2,0
r_594,AI10740,0.25,0
r_594,AI13979,0.2,0
r_93,AI03139,0.25,0
r_89,AI10008,0.25,0
r_224,AI12336,0.2,0
r_594,AI05009,0.2,0
r_503,AI12574,0.25,0
r_632,AI08339,0.25,0
r_187,AI01387,0.2,0
r_209,AI08048,0.25,0
r_134,AI03905,0.2,0
r_346,AI10820,0.25,0
r_406,AI09014,0.25,0
r_174,AI12162,0.25,0
r_89,AI04613,0.2,0
r_160,AI00126,0.2,0
r_575,AI10316,0.2,0
r_562,AI01651,0.25,0
r_93,AI06753,0.25,0
r_1774,AI10768,0.5,1
r_406,AI09627,0.25,0
r_111,AI09955,0.2,0
r_562,AI11901,0.25,0
r_58,AI02620,0.25,0
r_187,AI08962,0.2,0
r_111,AI07745,0.25,0
r_562,AI01431,0.2,0
r_200,AI13576,0.25,0
r_375,AI11721,0.2,0
r_969,AI06947,0.5,1
r_451,AI11781,0.5,1
r_566,AI05867,0.2,0
r_224,AI07206,0.25,0
r_632,AI12447,0.2,0
r_200,AI13776,0.25,0
r_566,AI08945,0.25,0
r_2603,AI00007,0.5,1
r_12,AI06221,0.25,0
r_134,AI03889,0.25,0
r_160,AI05066,0.2,0
r_346,AI13318,0.25,0
r_566,AI10709,0.25,0
r_174,AI09135,0.2,0
r_561,AI14699,0.2,0
r_562,AI03076,0.2,0
r_111,AI05197,0.25,0
r_93,AI14287,0.2,0
r_673,AI14488,0.2,0
r_200,AI01507,0.2,0
r_575,AI10404,0.25,0
r_346,AI04222,0.25,0
r_12,AI04467,0.2,0
r_539,AI10799,0.25,0
r_209,AI06676,0.25,0
r_134,AI02391,0.2,0
r_187,AI09995,0.2,0
r_539,AI13594,0.25,0
r_132,AI05603,0.25,0
r_709,AI11212,0.5,1
r_566,AI01981,0.2,0
r_566,AI12868,0.2,0
r_132,AI10024,0.25,0
r_768,AI11212,0.5,1
r_406,AI13495,0.25,0
r_174,AI14438,0.25,0
r_451,AI05073,0.2,0
r_539,AI00208,0.2,0
r_2955,AI05724,0.5,1
r_375,AI08354,0.25,0
r_134,AI05724,0.5,1
r_575,AI00166,0.2,0
r_224,AI06480,0.25,0
r_575,AI12371,0.25,0
r_588,AI06608,0.25,0
r_187,AI14792,0.2,0
r_562,AI04469,0.25,0
r_561,AI01643,0.2,0
r_160,AI10970,0.2,0
r_200,AI05192,0.2,0
r_594,AI06153,0.2,0
r_656,AI10970,0.2,0
r_406,AI02572,0.2,0
r_656,AI02424,0.2,0
r_539,AI10938,0.2,0
r_134,AI11595,0.25,0
r_561,AI04499,0.25,0
r_160,AI11603,0.25,0
r_134,AI09540,0.2,0
r_594,AI14173,0.2,0
r_2953,AI13435,0.5,1
r_174,AI13954,0.2,0
r_599,AI12640,0.2,0
r_632,AI04098,0.2,0
r_2927,AI01770,0.5,1
r_93,AI07810,0.25,0
r_187,AI05174,0.2,0
r_561,AI07825,0.25,0
r_599,AI10715,0.2,0
r_768,AI06825,0.5,1
r_2284,AI11959,0.5,1
r_375,AI03544,0.25,0
r_656,AI09671,0.25,0
r_2869,AI14187,0.5,1
r_562,AI14666,0.25,0
r_224,AI00064,0.25,0
r_2716,AI10457,0.5,1
r_562,AI03351,0.2,0
r_93,AI10958,0.2,0
r_599,AI00156,0.5,1
r_346,AI04504,0.25,0
r_209,AI01927,0.25,0
r_594,AI04556,0.2,0
r_160,AI04100,0.25,0
r_451,AI02782,0.25,0
r_346,AI11781,0.5,1
r_575,AI01488,0.2,0
r_406,AI00100,0.2,0
r_174,AI04960,0.25,0
r_209,AI08476,0.2,0
r_673,AI04335,0.25,0
r_566,AI13713,0.25,0
r_566,AI11506,0.2,0
r_673,AI10289,0.2,0
r_209,AI11381,0.2,0
r_451,AI04465,0.25,0
r_539,AI13736,0.5,1
r_594,AI08272,0.25,0
r_134,AI00952,0.25,0
r_134,AI12010,0.2,0
r_134,AI07280,0.25,0
r_566,AI10702,0.2,0
r_656,AI00946,0.25,0
r_451,AI06058,0.2,0
r_539,AI12825,0.2,0
r_200,AI13493,0.25,0
r_375,AI06029,0.2,0
r_132,AI13776,0.25,0
r_656,AI13748,0.2,0
r_503,AI08061,0.2,0
r_575,AI04678,0.2,0
r_209,AI13062,0.25,0
r_134,AI00251,0.2,0
r_588,AI06515,0.25,0
r_111,AI00464,0.25,0
r_111,AI11190,0.25,0
r_562,AI14086,0.2,0
r_632,AI01735,0.25,0
r_575,AI08515,0.25,0
r_346,AI10173,0.2,0
r_451,AI10885,0.25,0
r_406,AI07685,0.25,0
r_588,AI03457,0.25,0
r_539,AI11365,0.2,0
r_174,AI05506,0.2,0
r_160,AI11905,0.25,0
r_2299,AI05301,0.5,1
r_632,AI13785,0.2,0
r_539,AI06162,0.2,0
r_89,AI10944,0.25,0
r_588,AI13854,0.25,0
r_111,AI06601,0.25,0
r_562,AI07753,0.2,0
r_562,AI07954,0.2,0
r_561,AI11721,0.2,0
r_160,AI02183,0.25,0
r_12,AI01300,0.25,0
r_575,AI00365,0.2,0
r_346,AI10449,0.25,0
r_2857,AI06627,0.5,1
r_187,AI05236,0.2,0
r_503,AI09879,0.2,0
r_673,AI09804,0.25,0
r_594,AI11265,0.2,0
r_561,AI11781,0.5,1
r_599,AI04702,0.25,0
r_187,AI01488,0.2,0
r_132,AI10168,0.25,0
r_132,AI13255,0.25,0
r_562,AI07291,0.2,0
r_12,AI07632,0.25,0
r_656,AI13758,0.25,0
r_134,AI11045,0.25,0
r_656,AI04611,0.2,0
r_224,AI14074,0.2,0
r_561,AI04578,0.2,0
r_2264,AI04200,0.5,1
r_375,AI07691,0.2,0
r_111,AI10944,0.25,0
r_187,AI09603,0.25,0
r_1961,AI11748,0.5,1
r_599,AI10570,0.2,0
r_111,AI05407,0.25,0
r_594,AI08305,0.25,0
r_134,AI13625,0.25,0
r_160,AI10701,0.2,0
r_132,AI12688,0.25,0
r_209,AI04308,0.2,0
r_503,AI13374,0.25,0
r_375,AI10885,0.25,0
r_575,AI11616,0.2,0
r_375,AI03889,0.25,0
r_209,AI07407,0.25,0
r_588,AI01541,0.25,0
r_12,AI13633,0.2,0
r_406,AI01174,0.25,0
r_174,AI07071,0.2,0
r_1952,AI00007,0.5,1
r_12,AI09627,0.25,0
r_93,AI02654,0.25,0
r_539,AI11603,0.25,0
r_209,AI00391,0.2,0
r_406,AI04749,0.25,0
r_132,AI08644,0.25,0
r_111,AI04776,0.25,0
r_2088,AI07018,0.5,1
r_174,AI03521,0.2,0
r_632,AI02572,0.2,0
r_12,AI12445,0.25,0
r_561,AI11101,0.25,0
r_673,AI06439,0.2,0
r_561,AI00579,0.2,0
r_575,AI01665,0.25,0
r_406,AI12643,0.2,0
r_562,AI13935,0.2,0
r_174,AI11331,0.25,0
r_93,AI05798,0.25,0
r_174,AI03817,0.2,0
r_111,AI07838,0.25,0
r_134,AI14224,0.25,0
r_673,AI01450,0.2,0
r_599,AI08282,0.2,0
r_134,AI03574,0.5,1
r_89,AI06078,0.25,0
r_224,AI08883,0.2,0
r_58,AI01368,0.2,0
r_503,AI10925,0.2,0
r_566,AI09785,0.2,0
r_588,AI08819,0.2,0
r_132,AI09779,0.25,0
r_562,AI08429,0.5,1
r_160,AI11600,0.2,0
r_187,AI11270,0.2,0
r_632,AI01604,0.2,0
r_209,AI00265,0.25,0
r_89,AI14997,0.25,0
r_575,AI07463,0.25,0
r_200,AI14495,0.2,0
r_209,AI03155,0.2,0
r_673,AI14991,0.25,0
r_561,AI01763,0.2,0
r_632,AI13157,0.25,0
r_111,AI01479,0.2,0
r_673,AI11151,0.25,0
r_632,AI10714,0.25,0
r_451,AI04247,0.25,0
r_451,AI05807,0.2,0
r_561,AI02359,0.2,0
r_200,AI06200,0.2,0
r_994,AI06832,0.5,1
r_132,AI01173,0.25,0
r_2895,AI13736,0.5,1
r_503,AI13935,0.2,0
r_1231,AI10551,0.5,1
r_709,AI08429,0.5,1
r_2509,AI07910,0.5,1
r_539,AI00156,0.5,1
r_160,AI05361,0.2,0
r_187,AI07463,0.25,0
r_562,AI05578,0.2,0
r_599,AI02057,0.25,0
r_134,AI09574,0.25,0
r_89,AI14282,0.25,0
r_346,AI11365,0.2,0
r_539,AI04578,0.2,0
r_93,AI01818,0.2,0
r_503,AI13531,0.25,0
r_375,AI08889,0.2,0
r_12,AI06008,0.2,0
r_160,AI12288,0.2,0
r_594,AI03637,0.2,0
r_200,AI08515,0.25,0
r_594,AI10846,0.25,0
r_451,AI02620,0.25,0
r_406,AI14116,0.2,0
r_160,AI03544,0.25,0
r_503,AI08099,0.25,0
r_562,AI00447,0.2,0
r_2063,AI07910,0.5,1
r_12,AI02321,0.2,0
r_562,AI01026,0.2,0
r_187,AI10397,0.2,0
r_2603,AI09066,0.5,1
r_562,AI11190,0.25,0
r_575,AI05365,0.25,0
r_224,AI07587,0.2,0
r_656,AI10173,0.2,0
r_673,AI10432,0.2,0
r_93,AI10371,0.25,0
r_575,AI09202,0.25,0
r_209,AI04238,0.25,0
r_503,AI09435,0.25,0
r_632,AI11784,0.25,0
r_209,AI07410,0.2,0
r_160,AI06258,0.25,0
r_599,AI07473,0.25,0
r_588,AI02590,0.25,0
r_2895,AI08429,0.5,1
r_575,AI01026,0.2,0
r_134,AI03707,0.2,0
r_93,AI14528,0.2,0
r_575,AI04122,0.2,0
r_632,AI14686,0.2,0
r_134,AI09442,0.25,0
r_209,AI12973,0.25,0
r_503,AI13670,0.25,0
r_89,AI05986,0.25,0
r_111,AI14101,0.25,0
r_224,AI03077,0.25,0
r_588,AI00519,0.25,0
r_132,AI10342,0.2,0
r_406,AI09138,0.2,0
r_656,AI08282,0.2,0
r_632,AI09382,0.25,0
r_539,AI09442,0.25,0
r_632,AI00327,0.25,0
r_134,AI03637,0.2,0
r_561,AI09943,0.2,0
r_58,AI08237,0.5,1
r_187,AI05192,0.2,0
r_575,AI05660,0.25,0
r_632,AI09009,0.25,0
r_187,AI12927,0.25,0
r_588,AI09342,0.5,1
r_656,AI06514,0.25,0
r_539,AI05469,0.25,0
r_375,AI08080,0.25,0
r_562,AI11315,0.2,0
r_575,AI14589,0.2,0
r_566,AI01778,0.2,0
r_111,AI03950,0.25,0
r_346,AI13531,0.25,0
r_451,AI04997,0.2,0
r_209,AI02947,0.25,0
r_2509,AI01770,0.5,1
r_599,AI12155,0.25,0
r_632,AI06869,0.25,0
r_632,AI02233,0.2,0
r_539,AI09342,0.5,1
r_89,AI08427,0.2,0
r_599,AI07851,0.2,0
r_656,AI14997,0.25,0
r_58,AI09619,0.2,0
r_562,AI09869,0.2,0
r_2299,AI11490,0.5,1
r_588,AI07773,0.25,0
r_224,AI02026,0.2,0
r_1551,AI00045,0.5,1
r_160,AI00437,0.25,0
r_594,AI08392,0.25,0
r_134,AI13950,0.2,0
r_588,AI11760,0.25,0
r_539,AI13985,0.25,0
r_93,AI05332,0.2,0
r_451,AI08458,0.25,0
r_224,AI02749,0.25,0
r_111,AI12363,0.25,0
r_451,AI03770,0.25,0
r_160,AI10316,0.2,0
r_93,AI06811,0.2,0
r_575,AI12990,0.2,0
r_187,AI11793,0.2,0
r_588,AI11484,0.25,0
r_566,AI02051,0.25,0
r_539,AI04786,0.25,0
r_134,AI10702,0.2,0
r_132,AI12783,0.25,0
r_89,AI13845,0.2,0
r_174,AI03295,0.2,0
r_588,AI03803,0.25,0
r_160,AI00793,0.25,0
r_200,AI11918,0.25,0
r_588,AI06090,0.2,0
r_562,AI04550,0.25,0
r_58,AI14500,0.25,0
r_346,AI11212,0.5,1
r_599,AI07815,0.25,0
r_187,AI14600,0.25,0
r_599,AI14441,0.25,0
r_89,AI02577,0.25,0
r_503,AI06874,0.25,0
r_599,AI06107,0.25,0
r_594,AI06169,0.2,0
r_187,AI06407,0.2,0
r_174,AI04688,0.2,0
r_599,AI09014,0.25,0
r_575,AI05338,0.25,0
r_632,AI01988,0.2,0
r_1426,AI02466,0.5,1
r_599,AI14775,0.25,0
r_562,AI06296,0.5,1
r_656,AI11233,0.25,0
r_562,AI00770,0.25,0
r_656,AI10767,0.2,0
r_111,AI02833,0.25,0
r_187,AI13512,0.25,0
r_2927,AI11970,0.5,1
r_174,AI04506,0.2,0
r_111,AI07150,0.2,0
r_134,AI10004,0.25,0
r_93,AI06515,0.25,0
r_503,AI11439,0.25,0
r_111,AI14287,0.2,0
r_200,AI07773,0.25,0
r_673,AI09752,0.2,0
r_2088,AI11725,0.5,1
r_599,AI03803,0.25,0
r_160,AI13935,0.2,0
r_346,AI13495,0.25,0
r_566,AI09674,0.25,0
r_160,AI02510,0.25,0
r_132,AI08233,0.2,0
r_209,AI04393,0.25,0
r_209,AI07593,0.2,0
r_503,AI06832,0.5,1
r_89,AI06350,0.25,0
r_561,AI14756,0.25,0
r_562,AI08013,0.2,0
r_539,AI05590,0.2,0
r_632,AI14426,0.25,0
r_2136,AI05884,0.5,1
r_12,AI06169,0.2,0
r_12,AI14002,0.25,0
r_209,AI02558,0.2,0
r_58,AI14585,0.25,0
r_588,AI11875,0.2,0
r_375,AI01488,0.2,0
r_561,AI05062,0.25,0
r_575,AI07638,0.25,0
r_58,AI03169,0.25,0
r_561,AI07150,0.2,0
r_673,AI05268,0.25,0
r_12,AI01085,0.2,0
r_656,AI09408,0.2,0
r_656,AI09627,0.25,0
r_12,AI00729,0.2,0
r_174,AI08819,0.2,0
r_58,AI00816,0.25,0
r_562,AI08690,0.2,0
r_111,AI07606,0.2,0
r_111,AI04128,0.2,0
r_599,AI07625,0.25,0
r_656,AI06825,0.5,1
r_200,AI11315,0.2,0
r_406,AI05301,0.5,1
r_93,AI01777,0.2,0
r_566,AI02782,0.25,0
r_756,AI05568,0.5,1
r_594,AI10080,0.2,0
r_2869,AI06296,0.5,1
r_673,AI00788,0.25,0
r_111,AI12766,0.2,0
r_1724,AI09066,0.5,1
r_209,AI07607,0.2,0
r_1197,AI11490,0.5,1
r_224,AI05052,0.2,0
r_200,AI07838,0.25,0
r_1154,AI05301,0.5,1
r_134,AI08831,0.25,0
r_561,AI09089,0.25,0
r_656,AI06580,0.2,0
r_58,AI13318,0.25,0
r_451,AI01873,0.25,0
r_594,AI12571,0.25,0
r_594,AI13808,0.5,1
r_406,AI02430,0.25,0
r_187,AI09267,0.25,0
r_132,AI11647,0.25,0
r_632,AI12212,0.2,0
r_566,AI07578,0.2,0
r_566,AI14746,0.25,0
r_375,AI14453,0.2,0
r_160,AI09869,0.2,0
r_12,AI09383,0.25,0
r_224,AI01249,0.25,0
r_632,AI01471,0.2,0
r_451,AI07498,0.25,0
r_12,AI07049,0.25,0
r_209,AI11105,0.5,1
r_187,AI11471,0.2,0
r_209,AI12043,0.2,0
r_2195,AI13736,0.5,1
r_174,AI06091,0.25,0
r_406,AI06877,0.2,0
r_673,AI04126,0.2,0
r_656,AI14792,0.2,0
r_575,AI09869,0.2,0
r_224,AI00341,0.25,0
r_673,AI08436,0.2,0
r_632,AI02654,0.25,0
r_174,AI07939,0.2,0
r_575,AI13713,0.25,0
r_1426,AI11748,0.5,1
r_375,AI04771,0.2,0
r_160,AI11285,0.25,0
r_451,AI05301,0.5,1
r_375,AI08916,0.25,0
r_134,AI04185,0.25,0
r_200,AI11950,0.2,0
r_2848,AI09342,0.5,1
r_539,AI11471,0.2,0
r_594,AI09496,0.25,0
r_406,AI09095,0.25,0
r_375,AI13214,0.25,0
r_89,AI06627,0.5,1
r_539,AI11326,0.2,0
r_200,AI00243,0.25,0
r_561,AI05160,0.25,0
r_2155,AI11781,0.5,1
r_451,AI04931,0.2,0
r_209,AI09838,0.25,0
r_111,AI01565,0.25,0
r_200,AI00044,0.25,0
r_656,AI07463,0.25,0
r_160,AI14495,0.2,0
r_566,AI04175,0.2,0
r_566,AI06050,0.2,0
r_451,AI10958,0.2,0
r_375,AI07161,0.25,0
r_58,AI12964,0.25,0
r_594,AI08148,0.2,0
r_539,AI01643,0.2,0
r_93,AI07753,0.2,0
r_2063,AI09843,0.5,1
r_539,AI11422,0.25,0
r_406,AI13903,0.25,0
r_58,AI11365,0.2,0
r_566,AI06514,0.25,0
r_656,AI12596,0.25,0
r_632,AI11212,0.5,1
r_594,AI10897,0.2,0
r_539,AI07604,0.25,0
r_2504,AI02466,0.5,1
r_503,AI12760,0.5,1
r_1741,AI11212,0.5,1
r_2724,AI13447,0.5,1
r_588,AI09777,0.25,0
r_406,AI06555,0.2,0
r_561,AI10820,0.25,0
r_561,AI09969,0.25,0
r_93,AI14686,0.2,0
r_632,AI00373,0.2,0
r_594,AI12192,0.25,0
r_632,AI12532,0.2,0
r_406,AI02051,0.25,0
r_134,AI09658,0.2,0
r_89,AI00747,0.2,0
r_58,AI07592,0.25,0
r_673,AI05937,0.25,0
r_174,AI10568,0.25,0
r_134,AI07827,0.25,0
r_224,AI03637,0.2,0
r_575,AI14026,0.2,0
r_12,AI00156,0.5,1
r_3011,AI09066,0.5,1
r_134,AI03809,0.2,0
r_58,AI12112,0.2,0
r_93,AI05799,0.25,0
r_93,AI05433,0.2,0
r_406,AI06911,0.25,0
r_632,AI09955,0.2,0
r_599,AI11904,0.25,0
r_594,AI08529,0.25,0
r_588,AI07220,0.25,0
r_406,AI12745,0.25,0
r_2504,AI11122,0.5,1
r_588,AI06069,0.2,0
r_160,AI14535,0.25,0
r_756,AI05183,0.5,1
r_160,AI09394,0.2,0
r_346,AI07685,0.25,0
r_561,AI05566,0.2,0
r_89,AI06676,0.25,0
r_160,AI00167,0.25,0
r_2284,AI08383,0.5,1
r_346,AI08282,0.2,0
r_1955,AI01653,0.5,1
r_599,AI06136,0.25,0
r_134,AI06058,0.2,0
r_562,AI02339,0.2,0
r_562,AI04128,0.2,0
r_451,AI05148,0.2,0
r_160,AI09058,0.25,0
r_599,AI06692,0.2,0
r_599,AI08533,0.2,0
r_346,AI06995,0.25,0
r_2869,AI07230,0.5,1
r_174,AI08617,0.25,0
r_132,AI00365,0.2,0
r_656,AI11329,0.25,0
r_2235,AI14362,0.5,1
r_599,AI08339,0.25,0
r_58,AI14441,0.25,0
r_209,AI11625,0.2,0
r_594,AI12333,0.25,0
r_89,AI03413,0.25,0
r_588,AI14333,0.2,0
r_1811,AI02466,0.5,1
r_187,AI13885,0.2,0
r_451,AI00172,0.2,0
r_224,AI14192,0.2,0
r_1426,AI10238,0.5,1
r_224,AI10179,0.2,0
r_632,AI14987,0.25,0
r_200,AI11748,0.5,1
r_561,AI08013,0.2,0
r_406,AI11507,0.25,0
r_174,AI05694,0.25,0
r_93,AI14140,0.25,0
r_346,AI13643,0.2,0
r_134,AI06806,0.2,0
r_599,AI14768,0.25,0
r_561,AI09382,0.25,0
r_561,AI04776,0.25,0
r_503,AI12783,0.25,0
r_588,AI09717,0.2,0
r_588,AI07810,0.25,0
r_566,AI01491,0.25,0
r_187,AI00974,0.25,0
r_594,AI12562,0.25,0
r_503,AI09233,0.25,0
r_58,AI14140,0.25,0
r_132,AI03411,0.25,0
r_187,AI08383,0.5,1
r_594,AI01315,0.2,0
r_89,AI03780,0.25,0
r_566,AI02299,0.25,0
r_224,AI04185,0.25,0
r_93,AI05534,0.25,0
r_174,AI14726,0.25,0
r_134,AI07549,0.25,0
r_599,AI08831,0.25,0
r_566,AI11207,0.25,0
r_174,AI06232,0.2,0
r_632,AI05866,0.25,0
r_656,AI11490,0.5,1
r_1531,AI07018,0.5,1
r_996,AI09066,0.5,1
r_160,AI00045,0.5,1
r_346,AI08237,0.5,1
r_160,AI00913,0.25,0
r_89,AI08414,0.25,0
r_160,AI14911,0.2,0
r_594,AI01069,0.2,0
r_1551,AI10238,0.5,1
r_58,AI12715,0.25,0
r_503,AI03236,0.2,0
r_1253,AI09434,0.5,1
r_575,AI12184,0.2,0
r_111,AI08099,0.25,0
r_632,AI06709,0.2,0
r_599,AI14658,0.25,0
r_561,AI02572,0.2,0
r_561,AI13399,0.25,0
r_209,AI14781,0.5,1
r_632,AI11270,0.2,0
r_174,AI06591,0.2,0
r_209,AI10829,0.25,0
r_134,AI01893,0.2,0
r_89,AI01467,0.2,0
r_375,AI01930,0.25,0
r_134,AI04159,0.2,0
r_539,AI14471,0.2,0
r_134,AI06018,0.25,0
r_575,AI01358,0.25,0
r_2602,AI00436,0.5,1
r_200,AI02430,0.25,0
r_93,AI08864,0.25,0
r_806,AI00886,0.5,1
r_209,AI11921,0.25,0
r_503,AI08804,0.25,0
r_111,AI09527,0.25,0
r_632,AI12424,0.2,0
r_594,AI02444,0.25,0
r_406,AI08193,0.25,0
r_575,AI03795,0.25,0
r_224,AI09057,0.25,0
r_2489,AI05568,0.5,1
r_632,AI11358,0.25,0
r_187,AI04798,0.25,0
r_209,AI09253,0.2,0
r_224,AI03226,0.2,0
r_93,AI04270,0.2,0
r_132,AI09955,0.2,0
r_58,AI01162,0.2,0
r_89,AI09960,0.2,0
r_93,AI14086,0.2,0
r_406,AI03762,0.25,0
r_594,AI02574,0.2,0
r_599,AI00288,0.2,0
r_599,AI05433,0.2,0
r_224,AI00499,0.25,0
r_209,AI11713,0.25,0
r_209,AI12833,0.25,0
r_160,AI04622,0.2,0
r_632,AI05192,0.2,0
r_406,AI02856,0.2,0
r_562,AI11328,0.2,0
r_93,AI00692,0.2,0
r_562,AI12182,0.2,0
r_160,AI01969,0.2,0
r_656,AI01517,0.2,0
r_200,AI11072,0.25,0
r_561,AI07606,0.2,0
r_200,AI12875,0.25,0
r_111,AI12386,0.25,0
r_566,AI08179,0.25,0
r_503,AI13495,0.25,0
r_503,AI02466,0.5,1
r_209,AI04177,0.2,0
r_89,AI09827,0.2,0
r_224,AI08653,0.25,0
r_93,AI07731,0.25,0
r_575,AI03749,0.25,0
r_561,AI03641,0.2,0
r_2504,AI11959,0.5,1
r_134,AI07260,0.25,0
r_346,AI07907,0.2,0
r_632,AI01564,0.25,0
r_599,AI12234,0.25,0
r_632,AI09066,0.5,1
r_561,AI05831,0.25,0
r_656,AI08531,0.2,0
r_375,AI08018,0.2,0
r_346,AI11351,0.25,0
r_111,AI08148,0.2,0
r_566,AI06825,0.5,1
r_111,AI14086,0.2,0
r_224,AI03413,0.25,0
r_346,AI00725,0.2,0
r_406,AI14648,0.2,0
r_588,AI14961,0.2,0
r_2195,AI09066,0.5,1
r_673,AI01861,0.2,0
r_200,AI00045,0.5,1
r_594,AI00603,0.25,0
r_588,AI01709,0.2,0
r_132,AI09372,0.2,0
r_1058,AI09286,0.5,1
r_1817,AI09637,0.5,1
r_224,AI01451,0.25,0
r_174,AI02337,0.25,0
r_561,AI09436,0.2,0
r_132,AI01716,0.25,0
r_632,AI07949,0.25,0
r_562,AI00974,0.25,0
r_12,AI04471,0.2,0
r_58,AI11522,0.25,0
r_12,AI14993,0.25,0
r_160,AI10826,0.2,0
r_588,AI00866,0.2,0
r_174,AI08211,0.2,0
r_58,AI02067,0.2,0
r_562,AI10238,0.5,1
r_594,AI09475,0.2,0
r_632,AI13679,0.2,0
r_2504,AI12760,0.5,1
r_200,AI04262,0.2,0
r_539,AI11843,0.25,0
r_89,AI04585,0.2,0
r_174,AI05816,0.25,0
r_111,AI10024,0.25,0
r_406,AI09476,0.25,0
r_187,AI05988,0.2,0
r_562,AI14768,0.25,0
r_561,AI00365,0.2,0
r_562,AI11721,0.2,0
r_539,AI07414,0.25,0
r_566,AI07745,0.25,0
r_561,AI08916,0.25,0
r_575,AI07327,0.2,0
r_566,AI09994,0.25,0
r_656,AI14167,0.2,0
r_58,AI06314,0.2,0
r_134,AI06298,0.25,0
r_673,AI12636,0.2,0
r_656,AI06449,0.25,0
r_12,AI13257,0.25,0
r_200,AI03759,0.2,0
r_406,AI10820,0.25,0
r_1702,AI09843,0.5,1
r_346,AI02958,0.25,0
r_599,AI05531,0.25,0
r_599,AI14169,0.25,0
r_599,AI05660,0.25,0
r_12,AI06989,0.2,0
r_12,AI14482,0.25,0
r_2724,AI03574,0.5,1
r_209,AI08904,0.2,0
r_656,AI11190,0.25,0
r_656,AI02988,0.25,0
r_594,AI00117,0.2,0
r_566,AI14063,0.5,1
r_93,AI09604,0.2,0
r_673,AI13795,0.25,0
r_346,AI14911,0.2,0
r_503,AI14666,0.25,0
r_561,AI08237,0.5,1
r_632,AI02114,0.2,0
r_111,AI09603,0.25,0
r_594,AI14176,0.25,0
r_406,AI11368,0.2,0
r_594,AI01238,0.25,0
r_89,AI14793,0.25,0
r_1417,AI01360,0.5,1
r_224,AI03261,0.25,0
r_2716,AI14320,0.5,1
r_561,AI03151,0.25,0
r_599,AI06461,0.2,0
r_346,AI14793,0.25,0
r_187,AI13165,0.2,0
r_174,AI04335,0.25,0
r_1426,AI00045,0.5,1
r_58,AI11644,0.25,0
r_503,AI01713,0.2,0
r_160,AI12366,0.2,0
r_503,AI07606,0.2,0
r_599,AI06729,0.25,0
r_594,AI08434,0.2,0
r_566,AI08984,0.2,0
r_89,AI05106,0.5,1
r_209,AI03003,0.25,0
r_588,AI07473,0.25,0
r_58,AI04771,0.2,0
r_599,AI04971,0.2,0
r_406,AI00990,0.25,0
r_132,AI00817,0.25,0
r_224,AI01368,0.2,0
r_132,AI11943,0.2,0
r_575,AI11748,0.5,1
r_3011,AI07230,0.5,1
r_594,AI09098,0.2,0
r_134,AI12772,0.2,0
r_599,AI08182,0.25,0
r_503,AI02350,0.25,0
r_656,AI03610,0.2,0
r_132,AI10020,0.25,0
r_539,AI13854,0.25,0
r_561,AI13606,0.25,0
r_566,AI10023,0.2,0
r_1702,AI00436,0.5,1
r_2716,AI06694,0.5,1
r_111,AI04896,0.5,1
r_93,AI01283,0.2,0
r_58,AI08966,0.25,0
r_132,AI05866,0.25,0
r_1640,AI11959,0.5,1
r_160,AI01790,0.2,0
r_187,AI05933,0.25,0
r_503,AI10015,0.25,0
r_160,AI05865,0.25,0
r_1154,AI04200,0.5,1
r_561,AI05423,0.2,0
r_134,AI13042,0.25,0
r_451,AI05831,0.25,0
r_1702,AI12950,0.5,1
r_406,AI00166,0.2,0
r_174,AI10074,0.2,0
r_93,AI14981,0.2,0
r_224,AI09509,0.25,0
r_375,AI03784,0.2,0
r_187,AI01358,0.25,0
r_160,AI10743,0.2,0
r_93,AI11419,0.25,0
r_503,AI02900,0.25,0
r_588,AI12053,0.2,0
r_561,AI03408,0.25,0
r_451,AI01969,0.2,0
r_375,AI05990,0.2,0
r_681,AI10026,0.5,1
r_588,AI04184,0.2,0
r_575,AI13157,0.25,0
r_575,AI03559,0.2,0
r_561,AI10363,0.25,0
r_58,AI11419,0.25,0
r_187,AI04181,0.2,0
r_58,AI04798,0.25,0
r_575,AI03816,0.25,0
r_503,AI12688,0.25,0
r_575,AI02233,0.2,0
r_89,AI10768,0.5,1
r_89,AI06459,0.25,0
r_539,AI08844,0.2,0
r_503,AI04504,0.25,0
r_406,AI06833,0.25,0
r_174,AI08214,0.25,0
r_656,AI03759,0.2,0
r_200,AI14733,0.2,0
r_375,AI05206,0.2,0
r_594,AI06738,0.25,0
r_111,AI09121,0.25,0
r_632,AI01139,0.2,0
r_89,AI14708,0.25,0
r_187,AI13985,0.25,0
r_562,AI05160,0.25,0
r_3011,AI01360,0.5,1
r_656,AI07855,0.25,0
r_588,AI07446,0.25,0
r_187,AI08085,0.2,0
r_632,AI14423,0.2,0
r_209,AI09674,0.25,0
r_588,AI12490,0.25,0
r_539,AI05891,0.25,0
r_566,AI14307,0.25,0
r_561,AI09720,0.2,0
r_588,AI00402,0.2,0
r_588,AI13350,0.25,0
r_2895,AI11781,0.5,1
r_599,AI14151,0.25,0
r_200,AI12490,0.25,0
r_134,AI05632,0.25,0
r_209,AI04492,0.25,0
r_588,AI02343,0.25,0
r_89,AI02431,0.2,0
r_575,AI03908,0.2,0
r_561,AI00082,0.25,0
r_594,AI12304,0.25,0
r_594,AI07541,0.2,0
r_1741,AI04200,0.5,1
r_673,AI13319,0.2,0
r_594,AI08143,0.25,0
r_588,AI07339,0.25,0
r_174,AI12634,0.25,0
r_132,AI08982,0.25,0
r_93,AI09894,0.2,0
r_451,AI06019,0.25,0
r_58,AI05798,0.25,0
r_656,AI12182,0.2,0
r_539,AI02057,0.25,0
r_12,AI14099,0.25,0
r_375,AI12363,0.25,0
r_561,AI14793,0.25,0
r_93,AI02792,0.2,0
r_187,AI03992,0.25,0
r_588,AI06363,0.2,0
r_224,AI11294,0.2,0
r_187,AI09929,0.25,0
r_503,AI07293,0.25,0
r_656,AI01360,0.5,1
r_656,AI14303,0.25,0
r_200,AI05603,0.25,0
r_632,AI06784,0.25,0
r_632,AI04214,0.2,0
r_224,AI07453,0.25,0
r_588,AI06784,0.25,0
r_673,AI09064,0.25,0
r_224,AI05850,0.25,0
r_209,AI13026,0.25,0
r_12,AI09773,0.2,0
r_561,AI01062,0.2,0
r_451,AI02054,0.5,1
r_594,AI11899,0.2,0
r_656,AI06440,0.2,0
r_566,AI13255,0.25,0
r_588,AI12590,0.25,0
r_594,AI06293,0.25,0
r_539,AI12015,0.2,0
r_224,AI08006,0.25,0
r_58,AI11072,0.25,0
r_134,AI12238,0.2,0
r_134,AI12680,0.25,0
r_89,AI01179,0.25,0
r_562,AI13619,0.25,0
r_406,AI08875,0.2,0
r_599,AI13197,0.25,0
r_346,AI13399,0.25,0
r_2940,AI08568,0.5,1
r_588,AI08790,0.2,0
r_174,AI08280,0.25,0
r_160,AI04065,0.25,0
r_561,AI07230,0.5,1
r_561,AI02736,0.2,0
r_375,AI12787,0.25,0
r_632,AI00100,0.2,0
r_93,AI02040,0.25,0
r_132,AI11569,0.25,0
r_134,AI04174,0.25,0
r_575,AI03949,0.25,0
r_89,AI09508,0.25,0
r_187,AI12386,0.25,0
r_93,AI02474,0.25,0
r_566,AI13165,0.2,0
r_375,AI07758,0.25,0
r_561,AI01228,0.2,0
r_58,AI02263,0.25,0
r_134,AI09288,0.25,0
r_134,AI01664,0.2,0
r_200,AI01026,0.2,0
r_58,AI05518,0.2,0
r_673,AI12108,0.25,0
r_656,AI09714,0.2,0
r_93,AI10209,0.2,0
r_632,AI08429,0.5,1
r_588,AI00126,0.2,0
r_89,AI05939,0.25,0
r_1702,AI05758,0.5,1
r_539,AI08099,0.25,0
r_89,AI09048,0.25,0
r_656,AI08080,0.25,0
r_187,AI01673,0.2,0
r_451,AI12384,0.25,0
r_89,AI08517,0.2,0
r_93,AI10463,0.25,0
r_656,AI10743,0.2,0
r_111,AI08571,0.2,0
r_594,AI10695,0.2,0
r_566,AI00373,0.2,0
r_111,AI05332,0.2,0
r_160,AI01175,0.2,0
r_200,AI00167,0.25,0
r_132,AI11233,0.25,0
r_111,AI03639,0.25,0
r_406,AI03424,0.25,0
r_93,AI08581,0.25,0
r_503,AI04622,0.2,0
r_768,AI06296,0.5,1
r_174,AI03370,0.25,0
r_134,AI07089,0.25,0
r_539,AI09436,0.2,0
r_12,AI12300,0.2,0
r_375,AI02212,0.2,0
r_132,AI12640,0.2,0
r_539,AI01033,0.25,0
r_656,AI10829,0.25,0
r_594,AI13870,0.2,0
r_2130,AI11781,0.5,1
r_503,AI08916,0.25,0
r_406,AI08097,0.2,0
r_187,AI05073,0.2,0
r_89,AI02417,0.2,0
r_93,AI06082,0.2,0
r_132,AI08174,0.2,0
r_406,AI06515,0.25,0
r_346,AI07731,0.25,0
r_209,AI11026,0.2,0
r_58,AI00194,0.25,0
r_160,AI00085,0.2,0
r_539,AI05990,0.2,0
r_539,AI00274,0.2,0
r_134,AI06365,0.2,0
r_209,AI00064,0.25,0
r_160,AI03411,0.25,0
r_375,AI11242,0.25,0
r_566,AI14423,0.2,0
r_1027,AI14063,0.5,1
r_2195,AI10587,0.5,1
r_594,AI01229,0.2,0
r_2638,AI03072,0.5,1
r_224,AI02431,0.2,0
r_673,AI02114,0.2,0
r_111,AI08458,0.25,0
r_187,AI11569,0.25,0
r_12,AI09211,0.25,0
r_566,AI01913,0.25,0
r_539,AI11987,0.2,0
r_673,AI09303,0.25,0
r_451,AI01534,0.25,0
r_58,AI02678,0.25,0
r_1741,AI08429,0.5,1
r_451,AI08819,0.2,0
r_588,AI05423,0.2,0
r_132,AI01981,0.2,0
r_134,AI06416,0.25,0
r_160,AI14402,0.2,0
r_599,AI06821,0.25,0
r_346,AI00810,0.2,0
r_575,AI05429,0.2,0
r_562,AI08819,0.2,0
r_224,AI04190,0.2,0
r_451,AI14849,0.25,0
r_111,AI12839,0.25,0
r_562,AI02590,0.25,0
r_224,AI06729,0.25,0
r_174,AI09290,0.25,0
r_539,AI12350,0.25,0
r_656,AI13458,0.25,0
r_566,AI05660,0.25,0
r_375,AI00208,0.2,0
r_209,AI06088,0.2,0
r_561,AI14775,0.25,0
r_200,AI05209,0.25,0
r_375,AI09383,0.25,0
r_566,AI03072,0.5,1
r_132,AI02299,0.25,0
r_134,AI00117,0.2,0
r_566,AI08519,0.2,0
r_588,AI08630,0.25,0
r_783,AI08383,0.5,1
r_566,AI02233,0.2,0
r_187,AI13728,0.2,0
r_503,AI11122,0.5,1
r_224,AI13969,0.25,0
r_12,AI08517,0.2,0
r_562,AI11507,0.25,0
r_209,AI05864,0.2,0
r_673,AI03498,0.25,0
r_224,AI14179,0.2,0
r_503,AI06474,0.2,0
r_575,AI12278,0.2,0
r_12,AI12772,0.2,0
r_562,AI03544,0.25,0
r_575,AI01175,0.2,0
r_561,AI09614,0.2,0
r_111,AI01173,0.25,0
r_375,AI12212,0.2,0
r_132,AI00761,0.2,0
r_451,AI11633,0.2,0
r_503,AI09896,0.25,0
r_656,AI11354,0.2,0
r_503,AI09761,0.25,0
r_375,AI12848,0.2,0
r_406,AI13728,0.2,0
r_209,AI05753,0.25,0
r_1774,AI13061,0.5,1
r_375,AI10551,0.5,1
r_594,AI08790,0.2,0
r_451,AI09232,0.2,0
r_539,AI09457,0.25,0
r_89,AI08904,0.2,0
r_174,AI09725,0.25,0
r_111,AI07855,0.25,0
r_562,AI03649,0.25,0
r_2940,AI09573,0.5,1
r_451,AI08182,0.25,0
r_566,AI11233,0.25,0
r_406,AI06784,0.25,0
r_562,AI09216,0.25,0
r_89,AI11171,0.25,0
r_632,AI02478,0.25,0
r_588,AI02904,0.25,0
r_187,AI04216,0.2,0
r_673,AI07049,0.25,0
r_89,AI11105,0.5,1
r_132,AI12212,0.2,0
r_187,AI11090,0.25,0
r_134,AI12243,0.2,0
r_58,AI02988,0.25,0
r_594,AI08278,0.25,0
r_58,AI05425,0.2,0
r_200,AI03649,0.25,0
r_89,AI00753,0.2,0
r_58,AI08581,0.25,0
r_224,AI02246,0.25,0
r_599,AI01162,0.2,0
r_346,AI03127,0.25,0
r_12,AI07201,0.25,0
r_134,AI13693,0.25,0
r_632,AI12926,0.25,0
r_451,AI02124,0.25,0
r_575,AI05342,0.2,0
r_209,AI14134,0.25,0
r_111,AI12029,0.25,0
r_160,AI12371,0.25,0
r_132,AI07606,0.2,0
r_58,AI10422,0.5,1
r_224,AI02403,0.2,0
r_200,AI11583,0.25,0
r_160,AI06821,0.25,0
r_406,AI08440,0.2,0
r_12,AI13146,0.25,0
r_1741,AI10648,0.5,1
r_89,AI09383,0.25,0
r_406,AI09830,0.25,0
r_160,AI09408,0.2,0
r_12,AI02340,0.25,0
r_2130,AI06825,0.5,1
r_562,AI10023,0.2,0
r_209,AI13687,0.25,0
r_599,AI12715,0.25,0
r_346,AI02359,0.2,0
r_1551,AI04896,0.5,1
r_346,AI10648,0.5,1
r_89,AI05171,0.25,0
r_224,AI09043,0.2,0
r_588,AI04345,0.25,0
r_2284,AI00045,0.5,1
r_1568,AI09573,0.5,1
r_160,AI10340,0.25,0
r_224,AI03654,0.5,1
r_599,AI09858,0.2,0
r_575,AI11154,0.25,0
r_12,AI10714,0.25,0
r_375,AI03867,0.25,0
r_174,AI10289,0.2,0
r_93,AI09777,0.25,0
r_346,AI14018,0.2,0
r_451,AI03641,0.2,0
r_656,AI01174,0.25,0
r_566,AI06258,0.25,0
r_200,AI06363,0.2,0
r_575,AI12500,0.2,0
r_673,AI01421,0.25,0
r_2724,AI12281,0.5,1
r_111,AI02754,0.25,0
r_588,AI00243,0.25,0
r_200,AI14018,0.2,0
r_599,AI12926,0.25,0
r_539,AI09052,0.2,0
r_93,AI04504,0.25,0
r_93,AI04190,0.2,0
r_562,AI08673,0.2,0
r_656,AI12784,0.2,0
r_58,AI12600,0.2,0
r_632,AI05468,0.25,0
r_561,AI01731,0.2,0
r_200,AI05042,0.2,0
r_632,AI07269,0.25,0
r_58,AI07293,0.25,0
r_160,AI07758,0.25,0
r_1640,AI11748,0.5,1
r_224,AI06356,0.25,0
r_1154,AI06296,0.5,1
r_375,AI01253,0.25,0
r_187,AI13016,0.2,0
r_93,AI08174,0.2,0
r_561,AI13886,0.25,0
r_111,AI10291,0.25,0
r_89,AI02177,0.25,0
r_375,AI05801,0.25,0
r_93,AI10294,0.25,0
r_134,AI07173,0.25,0
r_406,AI06684,0.2,0
r_89,AI10936,0.25,0
r_588,AI00990,0.25,0
r_406,AI08297,0.25,0
r_451,AI05566,0.2,0
r_594,AI09936,0.25,0
r_58,AI13458,0.25,0
r_209,AI08278,0.25,0
r_656,AI08179,0.25,0
r_200,AI07400,0.2,0
r_209,AI08267,0.2,0
r_346,AI02466,0.5,1
r_588,AI13342,0.2,0
r_539,AI03818,0.2,0
r_792,AI00156,0.5,1
r_503,AI02418,0.2,0
r_224,AI03718,0.2,0
r_599,AI10587,0.5,1
r_12,AI02467,0.2,0
r_200,AI14653,0.25,0
r_599,AI10340,0.25,0
r_562,AI05660,0.25,0
r_12,AI04076,0.25,0
r_200,AI14362,0.5,1
r_656,AI13833,0.2,0
r_174,AI12180,0.2,0
r_209,AI06782,0.25,0
r_539,AI04222,0.25,0
r_12,AI11109,0.25,0
r_451,AI04964,0.25,0
r_174,AI06223,0.25,0
r_503,AI07934,0.2,0
r_93,AI13297,0.25,0
r_111,AI08533,0.2,0
r_594,AI04757,0.2,0
r_58,AI12278,0.2,0
r_160,AI02263,0.25,0
r_89,AI14183,0.25,0
r_12,AI14654,0.25,0
r_562,AI07638,0.25,0
r_656,AI00348,0.25,0
r_599,AI00366,0.25,0
r_375,AI08699,0.25,0
r_134,AI04533,0.25,0
r_12,AI12006,0.25,0
r_224,AI04913,0.25,0
r_209,AI01156,0.2,0
r_89,AI06509,0.25,0
r_2063,AI14320,0.5,1
r_673,AI08280,0.25,0
r_1531,AI06627,0.5,1
r_200,AI12521,0.25,0
r_575,AI12138,0.25,0
r_132,AI04270,0.2,0
r_656,AI00974,0.25,0
r_1955,AI07910,0.5,1
r_566,AI04596,0.25,0
r_575,AI09602,0.25,0
r_224,AI13162,0.5,1
r_209,AI06219,0.25,0
r_375,AI10301,0.25,0
r_89,AI14653,0.25,0
r_111,AI14164,0.25,0
r_599,AI05865,0.25,0
r_200,AI03355,0.25,0
r_566,AI00348,0.25,0
r_599,AI03155,0.2,0
r_406,AI12500,0.2,0
r_673,AI05782,0.25,0
r_89,AI08705,0.5,1
r_89,AI11921,0.25,0
r_566,AI05948,0.25,0
r_209,AI04984,0.25,0
r_632,AI05948,0.25,0
r_575,AI10720,0.25,0
r_599,AI08440,0.2,0
r_174,AI04761,0.2,0
r_209,AI06010,0.25,0
r_632,AI09669,0.2,0
r_160,AI12138,0.25,0
r_3002,AI09637,0.5,1
r_632,AI13558,0.2,0
r_575,AI03127,0.25,0
r_187,AI09079,0.2,0
r_174,AI06837,0.2,0
r_539,AI01651,0.25,0
r_406,AI12850,0.25,0
r_160,AI01471,0.2,0
r_599,AI05744,0.2,0
r_2937,AI01474,0.5,1
r_1828,AI11781,0.5,1
r_132,AI07399,0.2,0
r_375,AI03649,0.25,0
r_93,AI12643,0.2,0
r_134,AI03666,0.2,0
r_134,AI14346,0.25,0
r_806,AI09843,0.5,1
r_539,AI14441,0.25,0
r_783,AI05183,0.5,1
r_224,AI05315,0.2,0
r_132,AI07860,0.2,0
r_406,AI00253,0.2,0
r_58,AI06869,0.25,0
r_160,AI12914,0.2,0
r_632,AI09602,0.25,0
r_566,AI09490,0.2,0
r_406,AI12424,0.2,0
r_93,AI00690,0.25,0
r_2922,AI08237,0.5,1
r_12,AI09303,0.25,0
r_451,AI10291,0.25,0
r_89,AI04502,0.25,0
r_89,AI13818,0.25,0
r_209,AI01722,0.2,0
r_346,AI11633,0.2,0
r_160,AI10822,0.2,0
r_632,AI11410,0.25,0
r_224,AI12788,0.2,0
r_406,AI09457,0.25,0
r_209,AI00607,0.25,0
r_1531,AI13447,0.5,1
r_588,AI01565,0.25,0
r_111,AI11477,0.25,0
r_503,AI11721,0.2,0
r_134,AI01568,0.25,0
r_1197,AI05568,0.5,1
r_594,AI02459,0.25,0
r_132,AI01533,0.2,0
r_111,AI00913,0.25,0
r_539,AI06175,0.25,0
r_1724,AI06296,0.5,1
r_111,AI07011,0.2,0
r_134,AI09566,0.2,0
r_594,AI13455,0.2,0
r_599,AI10331,0.25,0
r_599,AI08790,0.2,0
r_111,AI10695,0.2,0
r_111,AI12214,0.25,0
r_673,AI01442,0.2,0
r_768,AI09573,0.5,1
r_174,AI03228,0.25,0
r_209,AI10718,0.25,0
r_594,AI08955,0.25,0
r_160,AI05177,0.5,1
r_187,AI10570,0.2,0
r_93,AI10709,0.25,0
r_656,AI07625,0.25,0
r_209,AI05034,0.25,0
r_12,AI11669,0.25,0
r_3011,AI05301,0.5,1
r_2509,AI07018,0.5,1
r_1027,AI10238,0.5,1
r_562,AI07473,0.25,0
r_111,AI09095,0.25,0
r_89,AI04397,0.25,0
r_209,AI07707,0.2,0
r_562,AI06601,0.25,0
r_599,AI12015,0.2,0
r_93,AI09830,0.25,0
r_200,AI11901,0.25,0
r_132,AI11419,0.25,0
r_111,AI10661,0.25,0
r_783,AI03072,0.5,1
r_566,AI06082,0.2,0
r_406,AI09149,0.25,0
r_562,AI14101,0.25,0
r_562,AI13233,0.2,0
r_346,AI00519,0.25,0
r_12,AI12780,0.5,1
r_963,AI06832,0.5,1
r_599,AI07156,0.25,0
r_174,AI07749,0.25,0
r_187,AI03590,0.25,0
r_406,AI08770,0.2,0
r_187,AI10302,0.25,0
r_187,AI11851,0.25,0
r_224,AI07513,0.2,0
r_134,AI05509,0.2,0
r_224,AI04833,0.2,0
r_160,AI01821,0.2,0
r_656,AI00057,0.25,0
r_539,AI04483,0.2,0
r_93,AI11793,0.2,0
r_58,AI01821,0.2,0
r_111,AI04578,0.2,0
r_539,AI12600,0.2,0
r_561,AI00464,0.25,0
r_632,AI06773,0.2,0
r_594,AI09048,0.25,0
r_134,AI07755,0.2,0
r_599,AI02942,0.25,0
r_93,AI12754,0.2,0
r_594,AI06023,0.25,0
r_599,AI06082,0.2,0
r_588,AI04734,0.2,0
r_561,AI02678,0.25,0
r_406,AI10294,0.25,0
r_224,AI10881,0.25,0
r_594,AI00401,0.2,0
r_174,AI11556,0.2,0
r_1058,AI14063,0.5,1
r_673,AI07894,0.2,0
r_224,AI08888,0.25,0
r_588,AI07588,0.2,0
r_93,AI07255,0.2,0
r_58,AI11190,0.25,0
r_346,AI14026,0.2,0
r_200,AI09604,0.2,0
r_134,AI03473,0.2,0
r_3002,AI03072,0.5,1
r_200,AI12179,0.25,0
r_451,AI11477,0.25,0
r_539,AI06082,0.2,0
r_132,AI14768,0.25,0
r_200,AI10714,0.25,0
r_561,AI08297,0.25,0
r_200,AI11755,0.5,1
r_187,AI12000,0.25,0
r_632,AI14756,0.25,0
r_599,AI08804,0.25,0
r_160,AI00644,0.2,0
r_174,AI11648,0.2,0
r_632,AI10346,0.25,0
r_209,AI01430,0.25,0
r_632,AI01216,0.2,0
r_89,AI13050,0.2,0
r_566,AI05163,0.2,0
r_594,AI08496,0.25,0
r_93,AI04134,0.25,0
r_174,AI01873,0.25,0
r_209,AI01032,0.2,0
r_503,AI04771,0.2,0
r_588,AI03120,0.2,0
r_209,AI07549,0.25,0
r_2063,AI11105,0.5,1
r_673,AI08236,0.2,0
r_375,AI05594,0.25,0
r_134,AI10521,0.2,0
r_89,AI05766,0.25,0
r_632,AI13754,0.25,0
r_200,AI12787,0.25,0
r_58,AI00990,0.25,0
r_656,AI04181,0.2,0
r_539,AI10529,0.2,0
r_451,AI09052,0.2,0
r_12,AI00595,0.2,0
r_451,AI13278,0.2,0
r_187,AI11776,0.25,0
r_93,AI10404,0.25,0
r_539,AI02233,0.2,0
r_996,AI11122,0.5,1
r_93,AI09138,0.2,0
r_562,AI03712,0.25,0
r_656,AI06156,0.2,0
r_562,AI07663,0.25,0
r_768,AI09637,0.5,1
r_406,AI09544,0.25,0
r_174,AI03986,0.2,0
r_406,AI14101,0.25,0
r_599,AI04200,0.5,1
r_656,AI07864,0.2,0
r_561,AI09457,0.25,0
r_503,AI00604,0.25,0
r_539,AI02556,0.25,0
r_709,AI09286,0.5,1
r_224,AI03785,0.2,0
r_539,AI01507,0.2,0
r_451,AI14911,0.2,0
r_2504,AI11748,0.5,1
r_451,AI03958,0.2,0
r_656,AI05469,0.25,0
r_562,AI03038,0.25,0
r_588,AI11751,0.2,0
r_187,AI09010,0.2,0
r_111,AI13785,0.2,0
r_406,AI01662,0.25,0
r_673,AI12456,0.25,0
r_111,AI10925,0.2,0
r_575,AI14390,0.25,0
r_632,AI02942,0.25,0
r_111,AI00238,0.2,0
r_346,AI06784,0.25,0
r_134,AI07202,0.25,0
r_673,AI02651,0.2,0
r_209,AI11155,0.2,0
r_160,AI14925,0.25,0
r_93,AI09761,0.25,0
r_503,AI11751,0.2,0
r_561,AI11558,0.2,0
r_588,AI06692,0.2,0
r_89,AI08461,0.2,0
r_209,AI05315,0.2,0
r_174,AI00455,0.25,0
r_375,AI02051,0.25,0
r_93,AI03820,0.25,0
r_224,AI06289,0.2,0
r_566,AI09761,0.25,0
r_503,AI08246,0.25,0
r_451,AI06762,0.2,0
r_89,AI08074,0.2,0
r_346,AI08383,0.5,1
r_561,AI12034,0.25,0
r_632,AI00579,0.2,0
r_58,AI07103,0.25,0
r_58,AI00692,0.2,0
r_566,AI12366,0.2,0
r_200,AI14402,0.2,0
r_599,AI11769,0.25,0
r_375,AI11028,0.2,0
r_783,AI00156,0.5,1
r_451,AI06107,0.25,0
r_969,AI09545,0.5,1
r_224,AI00265,0.25,0
r_451,AI14324,0.2,0
r_160,AI00348,0.25,0
r_594,AI12217,0.25,0
r_93,AI01665,0.25,0
r_111,AI02345,0.25,0
r_588,AI14136,0.2,0
r_160,AI11060,0.25,0
r_200,AI05177,0.5,1
r_656,AI09380,0.2,0
r_58,AI03146,0.25,0
r_224,AI06789,0.2,0
r_632,AI02430,0.25,0
r_134,AI07984,0.2,0
r_503,AI11583,0.25,0
r_224,AI05976,0.25,0
r_594,AI02521,0.25,0
r_1952,AI00045,0.5,1
r_134,AI13795,0.25,0
r_562,AI09490,0.2,0
r_656,AI07949,0.25,0
r_12,AI14104,0.25,0
r_503,AI00274,0.2,0
r_132,AI12500,0.2,0
r_58,AI08080,0.25,0
r_588,AI10704,0.2,0
r_174,AI01604,0.2,0
r_224,AI04308,0.2,0
r_406,AI12174,0.25,0
r_209,AI01045,0.5,1
r_134,AI01057,0.25,0
r_89,AI12770,0.2,0
r_134,AI13621,0.25,0
r_224,AI00098,0.2,0
r_539,AI13269,0.2,0
r_575,AI10168,0.25,0
r_594,AI07921,0.25,0
r_561,AI03544,0.25,0
r_200,AI09476,0.25,0
r_12,AI06445,0.25,0
r_562,AI12784,0.2,0
r_561,AI12021,0.25,0
r_375,AI00777,0.2,0
r_132,AI08282,0.2,0
r_599,AI07832,0.25,0
r_562,AI09779,0.25,0
r_575,AI03784,0.2,0
r_111,AI14029,0.25,0
r_632,AI01533,0.2,0
r_134,AI02732,0.25,0
r_406,AI03139,0.25,0
r_375,AI06515,0.25,0
r_575,AI01598,0.25,0
r_160,AI06058,0.2,0
r_1531,AI02869,0.5,1
r_1741,AI08237,0.5,1
r_224,AI11300,0.2,0
r_539,AI14386,0.2,0
r_187,AI08982,0.25,0
r_375,AI06993,0.2,0
r_562,AI07820,0.25,0
r_375,AI03712,0.25,0
r_134,AI09117,0.2,0
r_132,AI12868,0.2,0
r_406,AI14374,0.2,0
r_503,AI01033,0.25,0
r_200,AI01044,0.2,0
r_632,AI05660,0.25,0
r_89,AI10143,0.2,0
r_503,AI02856,0.2,0
r_346,AI06407,0.2,0
r_209,AI04370,0.25,0
r_599,AI06580,0.2,0
r_12,AI01032,0.2,0
r_111,AI10979,0.25,0
r_134,AI10768,0.5,1
r_451,AI11242,0.25,0
r_1828,AI09637,0.5,1
r_93,AI06995,0.25,0
r_111,AI12077,0.25,0
r_93,AI04041,0.2,0
r_160,AI03795,0.25,0
r_539,AI12926,0.25,0
r_566,AI08473,0.25,0
r_673,AI07627,0.2,0
r_539,AI01011,0.25,0
r_566,AI11508,0.25,0
r_134,AI03115,0.2,0
r_12,AI12682,0.2,0
r_89,AI03666,0.2,0
r_346,AI08690,0.2,0
r_134,AI01844,0.25,0
r_224,AI07524,0.2,0
r_561,AI09435,0.25,0
r_93,AI09398,0.25,0
r_187,AI13776,0.25,0
r_561,AI05508,0.25,0
r_673,AI01821,0.2,0
r_561,AI02144,0.25,0
r_588,AI11422,0.25,0
r_599,AI00569,0.25,0
r_58,AI06903,0.2,0
r_58,AI06784,0.25,0
r_132,AI08458,0.25,0
r_12,AI02391,0.2,0
r_12,AI13994,0.2,0
r_539,AI12715,0.25,0
r_451,AI09149,0.25,0
r_673,AI02567,0.25,0
r_406,AI07674,0.25,0
r_575,AI11943,0.2,0
r_12,AI14192,0.2,0
r_503,AI09815,0.2,0
r_566,AI06308,0.2,0
r_93,AI10859,0.25,0
r_2299,AI07230,0.5,1
r_575,AI08339,0.25,0
r_656,AI04771,0.2,0
r_209,AI04012,0.2,0
r_561,AI11242,0.25,0
r_93,AI07604,0.25,0
r_539,AI07753,0.2,0
r_93,AI02482,0.2,0
r_187,AI10648,0.5,1
r_539,AI03009,0.2,0
r_2667,AI06296,0.5,1
r_134,AI08545,0.25,0
r_1058,AI02466,0.5,1
r_89,AI11803,0.25,0
r_375,AI08399,0.2,0
r_187,AI10561,0.25,0
r_134,AI06717,0.25,0
r_539,AI04228,0.25,0
r_187,AI10331,0.25,0
r_1817,AI06296,0.5,1
r_174,AI02823,0.25,0
r_594,AI10185,0.2,0
r_768,AI07230,0.5,1
r_588,AI02040,0.25,0
r_575,AI08864,0.25,0
r_160,AI02474,0.25,0
r_594,AI02761,0.25,0
r_2857,AI12780,0.5,1
r_224,AI10685,0.25,0
r_209,AI08097,0.2,0
r_562,AI14374,0.2,0
r_12,AI11867,0.25,0
r_346,AI09943,0.2,0
r_160,AI05355,0.2,0
r_200,AI01598,0.25,0
r_632,AI13645,0.2,0
r_93,AI07773,0.25,0
r_89,AI10475,0.2,0
r_174,AI09124,0.25,0
r_375,AI09966,0.25,0
r_1790,AI03574,0.5,1
r_451,AI14653,0.25,0
r_132,AI13885,0.2,0
r_89,AI11867,0.25,0
r_89,AI04721,0.25,0
r_561,AI04819,0.25,0
r_562,AI12073,0.25,0
r_224,AI00279,0.2,0
r_806,AI05651,0.5,1
r_539,AI13493,0.25,0
r_562,AI10958,0.2,0
r_58,AI02390,0.25,0
r_93,AI09994,0.25,0
r_566,AI07553,0.25,0
r_561,AI03319,0.25,0
r_594,AI12686,0.25,0
r_200,AI07815,0.25,0
r_562,AI10463,0.25,0
r_406,AI08980,0.25,0
r_160,AI09896,0.25,0
r_599,AI10270,0.2,0
r_656,AI11558,0.2,0
r_594,AI12445,0.25,0
r_346,AI11090,0.25,0
r_599,AI06646,0.2,0
r_503,AI04679,0.25,0
r_588,AI09953,0.25,0
r_599,AI00725,0.2,0
r_200,AI07161,0.25,0
r_406,AI11558,0.2,0
r_2235,AI08429,0.5,1
r_656,AI13316,0.25,0
r_174,AI06044,0.2,0
r_503,AI02299,0.25,0
r_406,AI09307,0.25,0
r_200,AI07553,0.25,0
r_594,AI07048,0.2,0
r_539,AI12981,0.2,0
r_594,AI02934,0.25,0
r_187,AI07402,0.2,0
r_89,AI12239,0.25,0
r_89,AI02869,0.5,1
r_93,AI09603,0.25,0
r_2602,AI03654,0.5,1
r_1774,AI01770,0.5,1
r_134,AI08331,0.2,0
r_89,AI12673,0.2,0
r_539,AI07498,0.25,0
r_224,AI07277,0.2,0
r_93,AI10439,0.25,0
r_561,AI13356,0.2,0
r_588,AI07900,0.2,0
r_632,AI07773,0.25,0
r_134,AI07005,0.25,0
r_599,AI01716,0.25,0
r_566,AI01471,0.2,0
r_451,AI10820,0.25,0
r_160,AI00238,0.2,0
r_588,AI02975,0.2,0
r_1058,AI11212,0.5,1
r_134,AI05034,0.25,0
r_561,AI06723,0.2,0
r_200,AI03155,0.2,0
r_132,AI08840,0.25,0
r_566,AI14648,0.2,0
r_656,AI11522,0.25,0
r_562,AI09969,0.25,0
r_160,AI10352,0.25,0
r_588,AI01985,0.25,0
r_575,AI12926,0.25,0
r_656,AI14946,0.25,0
r_2716,AI05758,0.5,1
r_632,AI08007,0.25,0
r_174,AI01006,0.2,0
r_160,AI00402,0.2,0
r_503,AI12604,0.25,0
r_673,AI10935,0.2,0
r_174,AI03105,0.2,0
r_12,AI05632,0.25,0
r_561,AI02378,0.25,0
r_594,AI00439,0.25,0
r_503,AI08832,0.2,0
r_503,AI08831,0.25,0
r_673,AI12203,0.2,0
r_209,AI08927,0.2,0
r_1961,AI14187,0.5,1
r_561,AI00866,0.2,0
r_561,AI10859,0.25,0
r_566,AI03076,0.2,0
r_132,AI00243,0.25,0
r_58,AI10322,0.25,0
r_132,AI14751,0.2,0
r_200,AI08630,0.25,0
r_209,AI08265,0.2,0
r_673,AI03712,0.25,0
r_209,AI06583,0.25,0
r_566,AI13623,0.2,0
r_575,AI09394,0.2,0
r_562,AI02040,0.25,0
r_632,AI04018,0.25,0
r_406,AI12604,0.25,0
r_346,AI00974,0.25,0
r_594,AI10936,0.25,0
r_187,AI01368,0.2,0
r_562,AI10695,0.2,0
r_224,AI06884,0.2,0
r_224,AI09380,0.2,0
r_561,AI04128,0.2,0
r_132,AI02620,0.25,0
r_594,AI03279,0.25,0
r_134,AI12408,0.25,0
r_209,AI01084,0.25,0
r_562,AI06877,0.2,0
r_2489,AI06825,0.5,1
r_566,AI03749,0.25,0
r_134,AI09048,0.25,0
r_561,AI02345,0.25,0
r_673,AI06923,0.25,0
r_134,AI05315,0.2,0
r_503,AI04672,0.25,0
r_187,AI11419,0.25,0
r_12,AI06340,0.2,0
r_594,AI13760,0.25,0
r_599,AI00616,0.2,0
r_132,AI03604,0.25,0
r_111,AI14987,0.25,0
r_174,AI06118,0.25,0
r_406,AI11270,0.2,0
r_209,AI03426,0.25,0
r_599,AI13727,0.2,0
r_599,AI03360,0.2,0
r_562,AI00793,0.25,0
r_209,AI14006,0.2,0
r_1724,AI04896,0.5,1
r_451,AI09216,0.25,0
r_588,AI13000,0.2,0
r_375,AI12499,0.25,0
r_132,AI06429,0.25,0
r_375,AI10276,0.25,0
r_681,AI13061,0.5,1
r_2716,AI10434,0.5,1
r_111,AI10714,0.25,0
r_174,AI06563,0.25,0
r_200,AI14169,0.25,0
r_969,AI06333,0.5,1
r_89,AI01848,0.2,0
r_187,AI14946,0.25,0
r_406,AI09879,0.2,0
r_200,AI14187,0.5,1
r_224,AI08427,0.2,0
r_209,AI05976,0.25,0
r_134,AI14300,0.2,0
r_89,AI13807,0.25,0
r_89,AI05798,0.25,0
r_58,AI13754,0.25,0
r_187,AI06877,0.2,0
r_93,AI11751,0.2,0
r_187,AI00156,0.5,1
r_132,AI06480,0.25,0
r_200,AI06258,0.25,0
r_375,AI10621,0.25,0
r_656,AI10183,0.2,0
r_575,AI14453,0.2,0
r_187,AI06712,0.2,0
r_1811,AI11959,0.5,1
r_575,AI11233,0.25,0
r_783,AI08429,0.5,1
r_539,AI12152,0.2,0
r_632,AI01651,0.25,0
r_58,AI03816,0.25,0
r_594,AI12404,0.25,0
r_406,AI08832,0.2,0
r_451,AI03016,0.25,0
r_209,AI14782,0.25,0
r_224,AI02371,0.2,0
r_599,AI00447,0.2,0
r_346,AI10621,0.25,0
r_93,AI14756,0.25,0
r_89,AI01109,0.25,0
r_562,AI13872,0.2,0
r_209,AI12987,0.25,0
r_575,AI07578,0.2,0
r_174,AI05141,0.25,0
r_200,AI01194,0.2,0
r_588,AI05215,0.2,0
r_632,AI02792,0.2,0
r_566,AI11448,0.25,0
r_562,AI14453,0.2,0
r_594,AI13957,0.25,0
r_1790,AI07910,0.5,1
r_673,AI11306,0.2,0
r_599,AI09604,0.2,0
r_451,AI06821,0.25,0
r_160,AI09066,0.5,1
r_58,AI11479,0.25,0
r_1790,AI14320,0.5,1
r_187,AI08770,0.2,0
r_539,AI02942,0.25,0
r_588,AI12069,0.2,0
r_111,AI00085,0.2,0
r_451,AI01533,0.2,0
r_632,AI12834,0.25,0
r_588,AI07230,0.5,1
r_594,AI10876,0.25,0
r_346,AI03867,0.25,0
r_200,AI07399,0.2,0
r_1790,AI12281,0.5,1
r_209,AI06298,0.25,0
r_346,AI04091,0.25,0
r_2716,AI07018,0.5,1
r_111,AI03995,0.2,0
r_451,AI00225,0.25,0
r_375,AI02344,0.2,0
r_599,AI02418,0.2,0
r_160,AI01534,0.25,0
r_561,AI09994,0.25,0
r_346,AI05865,0.25,0
r_566,AI00365,0.2,0
r_632,AI00522,0.2,0
r_187,AI11485,0.2,0
r_134,AI02062,0.25,0
r_539,AI03076,0.2,0
r_89,AI01211,0.25,0
r_575,AI05183,0.5,1
r_594,AI12383,0.25,0
r_588,AI09233,0.25,0
r_160,AI05933,0.25,0
r_406,AI03448,0.25,0
r_451,AI02350,0.25,0
r_566,AI09354,0.25,0
r_375,AI00167,0.25,0
r_451,AI11207,0.25,0
r_2489,AI14187,0.5,1
r_93,AI02931,0.25,0
r_134,AI02607,0.2,0
r_539,AI05388,0.25,0
r_187,AI10784,0.25,0
r_160,AI12964,0.25,0
r_209,AI12472,0.2,0
r_756,AI10551,0.5,1
r_561,AI04648,0.25,0
r_174,AI02151,0.2,0
r_93,AI11633,0.2,0
r_451,AI13443,0.25,0
r_562,AI04672,0.25,0
r_503,AI01057,0.25,0
r_174,AI08919,0.25,0
r_594,AI00468,0.25,0
r_187,AI10209,0.2,0
r_209,AI09288,0.25,0
r_2195,AI00007,0.5,1
r_632,AI06874,0.25,0
r_503,AI11506,0.2,0
r_200,AI09435,0.25,0
r_632,AI08669,0.25,0
r_160,AI12741,0.25,0
r_588,AI06555,0.2,0
r_12,AI06932,0.25,0
r_656,AI14026,0.2,0
r_575,AI09390,0.2,0
r_2895,AI04896,0.5,1
r_632,AI00974,0.25,0
r_503,AI05361,0.2,0
r_111,AI11506,0.2,0
r_562,AI03358,0.2,0
r_187,AI06171,0.2,0
r_375,AI05209,0.25,0
r_187,AI02562,0.25,0
r_539,AI02102,0.2,0
r_200,AI04878,0.2,0
r_12,AI05032,0.2,0
r_111,AI00690,0.25,0
r_562,AI05192,0.2,0
r_539,AI02584,0.2,0
r_656,AI07838,0.25,0
r_160,AI06833,0.25,0
r_12,AI08278,0.25,0
r_2857,AI01653,0.5,1
r_174,AI07923,0.2,0
r_224,AI02408,0.2,0
r_160,AI00683,0.2,0
r_599,AI08025,0.2,0
r_58,AI05350,0.25,0
r_1811,AI08429,0.5,1
r_89,AI09509,0.25,0
r_632,AI05923,0.2,0
r_451,AI09894,0.2,0
r_174,AI02886,0.2,0
r_599,AI12914,0.2,0
r_632,AI08473,0.25,0
r_594,AI06884,0.2,0
r_58,AI11376,0.2,0
r_594,AI13792,0.2,0
r_187,AI05620,0.2,0
r_575,AI09969,0.25,0
r_1952,AI09066,0.5,1
r_12,AI12986,0.25,0
r_562,AI06580,0.2,0
r_187,AI01651,0.25,0
r_200,AI14957,0.25,0
r_2173,AI00007,0.5,1
r_187,AI12278,0.2,0
r_1724,AI10422,0.5,1
r_187,AI03531,0.25,0
r_375,AI11479,0.25,0
r_224,AI06394,0.2,0
r_174,AI01125,0.25,0
r_2299,AI09286,0.5,1
r_375,AI05689,0.2,0
r_594,AI03521,0.2,0
r_132,AI12155,0.25,0
r_224,AI13887,0.25,0
r_200,AI14307,0.25,0
r_656,AI11422,0.25,0
r_566,AI12754,0.2,0
r_209,AI12237,0.2,0
r_134,AI05786,0.25,0
r_375,AI09896,0.25,0
r_346,AI09095,0.25,0
r_174,AI06029,0.2,0
r_174,AI03510,0.2,0
r_111,AI02424,0.2,0
r_503,AI02343,0.25,0
r_134,AI05489,0.25,0
r_58,AI05202,0.2,0
r_406,AI05891,0.25,0
r_160,AI06753,0.25,0
r_588,AI04228,0.25,0
r_588,AI12697,0.25,0
r_209,AI12300,0.2,0
r_346,AI12868,0.2,0
r_111,AI09966,0.25,0
r_575,AI09894,0.2,0
r_503,AI06703,0.2,0
r_346,AI03081,0.2,0
r_673,AI06169,0.2,0
r_132,AI11781,0.5,1
r_134,AI09555,0.25,0
r_93,AI00238,0.2,0
r_200,AI01255,0.2,0
r_132,AI13134,0.2,0
r_132,AI02424,0.2,0
r_111,AI01062,0.2,0
r_562,AI00194,0.25,0
r_588,AI11410,0.25,0
r_375,AI04911,0.2,0
r_599,AI05620,0.2,0
r_209,AI12788,0.2,0
r_89,AI10305,0.2,0
r_12,AI04298,0.25,0
r_562,AI14333,0.2,0
r_174,AI10617,0.25,0
r_656,AI11827,0.25,0
r_346,AI07625,0.25,0
r_187,AI01162,0.2,0
r_58,AI01981,0.2,0
r_12,AI08434,0.2,0
r_562,AI01888,0.2,0
r_673,AI02156,0.25,0
r_1741,AI14063,0.5,1
r_89,AI04937,0.25,0
r_224,AI12130,0.2,0
r_209,AI07285,0.2,0
r_89,AI02131,0.25,0
r_58,AI10648,0.5,1
r_111,AI00822,0.2,0
r_89,AI08021,0.2,0
r_58,AI05407,0.25,0
r_632,AI04499,0.25,0
r_174,AI08404,0.2,0
r_2155,AI08237,0.5,1
r_632,AI02467,0.2,0
r_1205,AI11755,0.5,1
r_673,AI01329,0.25,0
r_174,AI01450,0.2,0
r_2716,AI13435,0.5,1
r_2955,AI08219,0.5,1
r_656,AI06684,0.2,0
r_575,AI07923,0.2,0
r_209,AI01943,0.25,0
r_111,AI13748,0.2,0
r_594,AI09383,0.25,0
r_89,AI11521,0.2,0
r_174,AI04590,0.2,0
r_503,AI13878,0.25,0
r_375,AI10919,0.2,0
r_406,AI03582,0.2,0
r_2509,AI10457,0.5,1
r_656,AI12600,0.2,0
r_134,AI13246,0.2,0
r_187,AI02898,0.25,0
r_594,AI14637,0.25,0
r_2063,AI05106,0.5,1
r_209,AI02674,0.25,0
r_224,AI02345,0.25,0
r_12,AI01751,0.2,0
r_93,AI11506,0.2,0
r_224,AI10540,0.25,0
r_599,AI10828,0.2,0
r_375,AI11270,0.2,0
r_12,AI08695,0.25,0
r_406,AI08780,0.25,0
r_561,AI10439,0.25,0
r_503,AI01471,0.2,0
r_89,AI09484,0.2,0
r_346,AI09355,0.25,0
r_562,AI11422,0.25,0
r_12,AI09274,0.25,0
r_599,AI01598,0.25,0
r_588,AI14792,0.2,0
r_599,AI13373,0.25,0
r_224,AI07021,0.2,0
r_451,AI14390,0.25,0
r_575,AI02826,0.25,0
r_89,AI06289,0.2,0
r_562,AI09442,0.25,0
r_406,AI00690,0.25,0
r_632,AI01786,0.25,0
r_562,AI04964,0.25,0
r_588,AI10388,0.25,0
r_673,AI09861,0.2,0
r_111,AI13345,0.25,0
r_673,AI05000,0.2,0
r_503,AI06608,0.25,0
r_209,AI07638,0.25,0
r_406,AI00820,0.25,0
r_539,AI07731,0.25,0
r_503,AI11805,0.25,0
r_160,AI05508,0.25,0
r_346,AI03328,0.2,0
r_566,AI00974,0.25,0
r_1774,AI05758,0.5,1
r_89,AI02012,0.2,0
r_132,AI03818,0.2,0
r_588,AI09573,0.5,1
r_160,AI06008,0.2,0
r_187,AI06738,0.25,0
r_187,AI04091,0.25,0
r_2299,AI08429,0.5,1
r_187,AI06508,0.2,0
r_1261,AI14063,0.5,1
r_539,AI03169,0.25,0
r_539,AI06508,0.2,0
r_224,AI13489,0.2,0
r_588,AI11718,0.25,0
r_12,AI08583,0.25,0
r_132,AI11490,0.5,1
r_89,AI07260,0.25,0
r_503,AI05350,0.25,0
r_187,AI13594,0.25,0
r_994,AI02054,0.5,1
r_12,AI01430,0.25,0
r_561,AI14453,0.2,0
r_539,AI10925,0.2,0
r_375,AI04270,0.2,0
r_451,AI04098,0.2,0
r_134,AI06624,0.2,0
r_174,AI13759,0.25,0
r_632,AI03038,0.25,0
r_89,AI13329,0.25,0
r_673,AI03221,0.25,0
r_503,AI07522,0.25,0
r_12,AI04463,0.25,0
r_209,AI12842,0.25,0
r_656,AI00238,0.2,0
r_58,AI06062,0.2,0
r_224,AI08168,0.25,0
r_209,AI02885,0.2,0
r_93,AI08383,0.5,1
r_160,AI05799,0.25,0
r_93,AI12278,0.2,0
r_575,AI00690,0.25,0
r_2173,AI09286,0.5,1
r_174,AI05146,0.2,0
r_451,AI05407,0.25,0
r_134,AI07138,0.2,0
r_132,AI10388,0.25,0
r_12,AI01972,0.25,0
r_89,AI12374,0.25,0
r_12,AI03599,0.25,0
r_187,AI04550,0.25,0
r_566,AI10905,0.25,0
r_406,AI14573,0.2,0
r_1811,AI02054,0.5,1
r_174,AI03582,0.2,0
r_599,AI09058,0.25,0
r_111,AI04819,0.25,0
r_160,AI10404,0.25,0
r_93,AI03641,0.2,0
r_134,AI06184,0.25,0
r_224,AI06416,0.25,0
r_539,AI06195,0.25,0
r_111,AI11781,0.5,1
r_406,AI10570,0.2,0
r_209,AI08018,0.2,0
r_451,AI11471,0.2,0
r_58,AI04679,0.25,0
r_673,AI03182,0.25,0
r_562,AI11329,0.25,0
r_174,AI10549,0.25,0
r_594,AI12009,0.25,0
r_599,AI10944,0.25,0
r_575,AI06449,0.25,0
r_562,AI13214,0.25,0
r_406,AI01868,0.2,0
r_12,AI03966,0.25,0
r_503,AI00194,0.25,0
r_12,AI03331,0.25,0
r_566,AI00447,0.2,0
r_224,AI09370,0.2,0
r_562,AI13908,0.25,0
r_187,AI07301,0.2,0
r_2602,AI00886,0.5,1
r_224,AI03320,0.2,0
r_134,AI00664,0.25,0
r_375,AI02678,0.25,0
r_346,AI13886,0.25,0
r_561,AI00057,0.25,0
r_539,AI01370,0.25,0
r_58,AI09785,0.2,0
r_200,AI09216,0.25,0
r_451,AI11354,0.2,0
r_996,AI05183,0.5,1
r_575,AI11858,0.25,0
r_561,AI07446,0.25,0
r_174,AI13014,0.25,0
r_89,AI04100,0.25,0
r_599,AI02483,0.2,0
r_566,AI10024,0.25,0
r_224,AI09577,0.2,0
r_209,AI03434,0.25,0
r_160,AI02054,0.5,1
r_174,AI05180,0.25,0
r_562,AI02965,0.2,0
r_539,AI14512,0.2,0
r_174,AI14024,0.2,0
r_2063,AI12950,0.5,1
r_561,AI02344,0.2,0
r_132,AI05594,0.25,0
r_12,AI00341,0.25,0
r_566,AI14453,0.2,0
r_93,AI01216,0.2,0
r_575,AI04734,0.2,0
r_562,AI11490,0.5,1
r_12,AI11241,0.25,0
r_2284,AI05568,0.5,1
r_346,AI11471,0.2,0
r_111,AI06292,0.2,0
r_562,AI06200,0.2,0
r_599,AI14453,0.2,0
r_134,AI02152,0.25,0
r_200,AI13273,0.2,0
r_575,AI14176,0.25,0
r_200,AI08780,0.25,0
r_566,AI08633,0.25,0
r_12,AI01482,0.2,0
r_451,AI10276,0.25,0
r_2922,AI06825,0.5,1
r_134,AI14863,0.25,0
r_1955,AI07687,0.5,1
r_588,AI05801,0.25,0
r_709,AI08383,0.5,1
r_89,AI02521,0.25,0
r_632,AI09807,0.2,0
r_451,AI08429,0.5,1
r_594,AI11970,0.5,1
r_12,AI06488,0.2,0
r_1253,AI02054,0.5,1
r_503,AI04128,0.2,0
r_375,AI07201,0.25,0
r_58,AI06508,0.2,0
r_673,AI12180,0.2,0
r_12,AI02026,0.2,0
r_224,AI01934,0.2,0
r_12,AI09921,0.2,0
r_58,AI05480,0.2,0
r_673,AI03336,0.2,0
r_503,AI06363,0.2,0
r_375,AI13985,0.25,0
r_111,AI01564,0.25,0
r_575,AI01471,0.2,0
r_174,AI11552,0.2,0
r_132,AI06200,0.2,0
r_562,AI13342,0.2,0
r_132,AI08984,0.2,0
r_656,AI11793,0.2,0
r_594,AI14002,0.25,0
r_209,AI08171,0.25,0
r_632,AI01370,0.25,0
r_599,AI06527,0.25,0
r_209,AI07506,0.25,0
r_594,AI05740,0.25,0
r_58,AI04436,0.2,0
r_539,AI04807,0.2,0
r_132,AI06780,0.2,0
r_2195,AI04896,0.5,1
r_375,AI14925,0.25,0
r_656,AI14517,0.25,0
r_375,AI04786,0.25,0
r_160,AI04128,0.2,0
r_89,AI02903,0.2,0
r_539,AI08832,0.2,0
r_673,AI06062,0.2,0
r_224,AI06796,0.2,0
r_111,AI00866,0.2,0
r_588,AI07934,0.2,0
r_1640,AI02466,0.5,1
r_12,AI07910,0.5,1
r_656,AI04734,0.2,0
r_406,AI12574,0.25,0
r_111,AI00832,0.2,0
r_12,AI14361,0.2,0
r_575,AI01024,0.2,0
r_209,AI09921,0.2,0
r_1961,AI04200,0.5,1
r_406,AI00305,0.2,0
r_588,AI06461,0.2,0
r_375,AI02124,0.25,0
r_539,AI00044,0.25,0
r_346,AI10015,0.25,0
r_503,AI14036,0.2,0
r_224,AI10363,0.25,0
r_160,AI03441,0.2,0
r_200,AI07181,0.25,0
r_588,AI10715,0.2,0
r_656,AI09014,0.25,0
r_111,AI05177,0.5,1
r_375,AI12839,0.25,0
r_160,AI09390,0.2,0
r_656,AI03358,0.2,0
r_89,AI08018,0.2,0
r_134,AI06738,0.25,0
r_224,AI14042,0.2,0
r_58,AI13095,0.25,0
r_566,AI00057,0.25,0
r_200,AI10720,0.25,0
r_58,AI06995,0.25,0
r_174,AI07830,0.2,0
r_3011,AI06825,0.5,1
r_1724,AI07230,0.5,1
r_200,AI11904,0.25,0
r_562,AI10331,0.25,0
r_12,AI00961,0.2,0
r_575,AI13321,0.25,0
r_1551,AI06825,0.5,1
r_594,AI02992,0.2,0
r_566,AI10714,0.25,0
r_632,AI08819,0.2,0
r_566,AI01604,0.2,0
r_632,AI11207,0.25,0
r_134,AI10030,0.25,0
r_224,AI08074,0.2,0
r_503,AI10542,0.2,0
r_594,AI09159,0.2,0
r_561,AI11805,0.25,0
r_656,AI01981,0.2,0
r_134,AI04081,0.2,0
r_89,AI08828,0.25,0
r_503,AI13165,0.2,0
r_594,AI13329,0.25,0
r_406,AI08112,0.2,0
r_160,AI10023,0.2,0
r_588,AI13908,0.25,0
r_588,AI08397,0.2,0
r_132,AI10545,0.2,0
r_594,AI01697,0.25,0
r_588,AI10677,0.25,0
r_209,AI14564,0.2,0
r_58,AI12382,0.25,0
r_561,AI14733,0.2,0
r_566,AI12237,0.2,0
r_2136,AI01107,0.5,1
r_160,AI03189,0.25,0
r_160,AI10020,0.25,0
r_632,AI08179,0.25,0
r_632,AI06821,0.25,0
r_406,AI03639,0.25,0
r_134,AI10098,0.25,0
r_174,AI02982,0.25,0
r_594,AI11595,0.25,0
r_503,AI07402,0.2,0
r_134,AI02740,0.25,0
r_539,AI12697,0.25,0
r_160,AI02550,0.25,0
r_599,AI01482,0.2,0
r_539,AI09095,0.25,0
r_209,AI07552,0.25,0
r_599,AI08195,0.2,0
r_209,AI08058,0.25,0
r_160,AI01777,0.2,0
r_111,AI09435,0.25,0
r_2857,AI09903,0.5,1
r_451,AI07638,0.25,0
r_174,AI13399,0.25,0
r_2173,AI07230,0.5,1
r_588,AI02280,0.2,0
r_562,AI06821,0.25,0
r_594,AI10732,0.25,0
r_346,AI14535,0.25,0
r_406,AI14386,0.2,0
r_160,AI09858,0.2,0
r_174,AI12741,0.25,0
r_783,AI01360,0.5,1
r_539,AI10233,0.25,0
r_375,AI05332,0.2,0
r_346,AI12053,0.2,0
r_132,AI01233,0.25,0
r_346,AI04175,0.2,0
r_656,AI07257,0.2,0
r_1640,AI10648,0.5,1
r_111,AI13619,0.25,0
r_656,AI04819,0.25,0
r_562,AI02359,0.2,0
r_200,AI11502,0.25,0
r_89,AI01270,0.2,0
r_406,AI13297,0.25,0
r_632,AI07165,0.2,0
r_656,AI07402,0.2,0
r_89,AI04892,0.25,0
r_599,AI10330,0.2,0
r_375,AI04541,0.2,0
r_12,AI03423,0.2,0
r_632,AI03544,0.25,0
r_539,AI14610,0.2,0
r_160,AI03058,0.25,0
r_200,AI03189,0.25,0
r_594,AI04800,0.2,0
r_451,AI05518,0.2,0
r_93,AI09662,0.2,0
r_539,AI10702,0.2,0
r_656,AI10714,0.25,0
r_1702,AI10768,0.5,1
r_2136,AI00156,0.5,1
r_1154,AI02466,0.5,1
r_200,AI05376,0.25,0
r_594,AI02592,0.2,0
r_451,AI12784,0.2,0
r_539,AI07553,0.25,0
r_566,AI03441,0.2,0
r_566,AI05807,0.2,0
r_562,AI01011,0.25,0
r_174,AI09977,0.25,0
r_187,AI01988,0.2,0
r_503,AI06949,0.2,0
r_187,AI14911,0.2,0
r_1197,AI09434,0.5,1
r_599,AI09232,0.2,0
r_539,AI12366,0.2,0
r_58,AI12640,0.2,0
r_451,AI14303,0.25,0
r_111,AI13531,0.25,0
r_632,AI08945,0.25,0
r_132,AI06201,0.25,0
r_58,AI00593,0.25,0
r_160,AI01186,0.25,0
r_566,AI11358,0.25,0
r_89,AI03473,0.2,0
r_187,AI06195,0.25,0
r_375,AI02168,0.25,0
r_1773,AI10238,0.5,1
r_451,AI08840,0.25,0
r_503,AI13318,0.25,0
r_93,AI05480,0.2,0
r_89,AI00609,0.2,0
r_89,AI10791,0.25,0
r_599,AI01604,0.2,0
r_588,AI13340,0.25,0
r_134,AI06873,0.2,0
r_111,AI03483,0.25,0
r_503,AI14296,0.2,0
r_561,AI11410,0.25,0
r_588,AI11368,0.2,0
r_575,AI08080,0.25,0
r_134,AI13969,0.25,0
r_111,AI08344,0.2,0
r_562,AI10529,0.2,0
r_656,AI11067,0.2,0
r_599,AI01778,0.2,0
r_406,AI10561,0.25,0
r_375,AI14512,0.2,0
r_561,AI10316,0.2,0
r_187,AI08966,0.25,0
r_632,AI04734,0.2,0
r_561,AI03948,0.25,0
r_562,AI08266,0.25,0
r_209,AI00931,0.2,0
r_656,AI13374,0.25,0
r_632,AI07604,0.25,0
r_134,AI04296,0.2,0
r_566,AI07220,0.25,0
r_632,AI10767,0.2,0
r_566,AI12532,0.2,0
r_451,AI03320,0.2,0
r_346,AI10024,0.25,0
r_575,AI10784,0.25,0
r_89,AI12722,0.25,0
r_2366,AI14063,0.5,1
r_599,AI07016,0.2,0
r_12,AI07946,0.2,0
r_1531,AI10457,0.5,1
r_588,AI07660,0.25,0
r_89,AI07280,0.25,0
r_2130,AI06832,0.5,1
r_134,AI00331,0.2,0
r_187,AI14987,0.25,0
r_656,AI10820,0.25,0
r_209,AI06048,0.25,0
r_12,AI09336,0.2,0
r_132,AI08755,0.2,0
r_375,AI07949,0.25,0
r_503,AI10545,0.2,0
r_599,AI04041,0.2,0
r_209,AI11567,0.25,0
r_160,AI11242,0.25,0
r_111,AI03649,0.25,0
r_12,AI00886,0.5,1
r_200,AI12234,0.25,0
r_575,AI13473,0.2,0
r_224,AI10885,0.25,0
r_406,AI04761,0.2,0
r_2953,AI01653,0.5,1
r_406,AI03667,0.2,0
r_1231,AI13736,0.5,1
r_58,AI09121,0.25,0
r_575,AI13777,0.2,0
r_599,AI04098,0.2,0
r_111,AI07423,0.25,0
r_209,AI12025,0.25,0
r_503,AI03483,0.25,0
r_503,AI05066,0.2,0
r_111,AI12964,0.25,0
r_566,AI14653,0.25,0
r_375,AI06712,0.2,0
r_224,AI04533,0.25,0
r_134,AI06137,0.25,0
r_375,AI09614,0.2,0
r_406,AI03146,0.25,0
r_200,AI05450,0.2,0
r_89,AI01732,0.25,0
r_656,AI04798,0.25,0
r_174,AI00821,0.25,0
r_539,AI12500,0.2,0
r_209,AI00508,0.2,0
r_89,AI14440,0.2,0
r_1724,AI14362,0.5,1
r_588,AI13473,0.2,0
r_200,AI06911,0.25,0
r_58,AI13854,0.25,0
r_575,AI09009,0.25,0
r_588,AI08266,0.25,0
r_174,AI03114,0.25,0
r_673,AI07312,0.2,0
r_12,AI10501,0.25,0
r_656,AI09565,0.25,0
r_89,AI08874,0.2,0
r_599,AI03795,0.25,0
r_187,AI12138,0.25,0
r_209,AI10740,0.25,0
r_503,AI03509,0.2,0
r_89,AI00551,0.2,0
r_93,AI08533,0.2,0
r_58,AI12234,0.25,0
r_111,AI02124,0.25,0
r_1955,AI02869,0.5,1
r_566,AI02390,0.25,0
r_3002,AI10238,0.5,1
r_588,AI06762,0.2,0
r_111,AI11721,0.2,0
r_346,AI07660,0.25,0
r_160,AI11246,0.25,0
r_632,AI07201,0.25,0
r_656,AI08706,0.25,0
r_673,AI10027,0.25,0
r_209,AI01770,0.5,1
r_406,AI09671,0.25,0
r_632,AI02329,0.25,0
r_562,AI09129,0.25,0
r_575,AI01174,0.25,0
r_174,AI11462,0.25,0
r_12,AI12243,0.2,0
r_632,AI02378,0.25,0
r_209,AI06023,0.25,0
r_561,AI09840,0.25,0
r_58,AI01062,0.2,0
r_174,AI12961,0.25,0
r_58,AI10822,0.2,0
r_346,AI12384,0.25,0
r_174,AI11376,0.2,0
r_451,AI06350,0.25,0
r_1531,AI12780,0.5,1
r_561,AI10809,0.2,0
r_375,AI04122,0.2,0
r_656,AI09442,0.25,0
r_174,AI05703,0.2,0
r_209,AI05691,0.2,0
r_2638,AI11212,0.5,1
r_346,AI02826,0.25,0
r_174,AI11435,0.25,0
r_575,AI00717,0.25,0
r_539,AI12319,0.2,0
r_1952,AI13736,0.5,1
r_575,AI05531,0.25,0
r_224,AI08116,0.2,0
r_566,AI11270,0.2,0
r_375,AI10925,0.2,0
r_539,AI05921,0.25,0
r_588,AI06773,0.2,0
r_174,AI10845,0.25,0
r_111,AI02900,0.25,0
r_134,AI14993,0.25,0
r_562,AI06646,0.2,0
r_539,AI08397,0.2,0
r_562,AI02977,0.25,0
r_187,AI02965,0.2,0
r_346,AI07327,0.2,0
r_187,AI14610,0.2,0
r_561,AI14600,0.25,0
r_224,AI01664,0.2,0
r_93,AI09233,0.25,0
r_588,AI01564,0.25,0
r_134,AI13870,0.2,0
r_58,AI14339,0.2,0
r_566,AI00063,0.25,0
r_588,AI10168,0.25,0
r_656,AI02161,0.2,0
r_539,AI14036,0.2,0
r_93,AI00057,0.25,0
r_588,AI04247,0.25,0
r_174,AI09945,0.2,0
r_503,AI09394,0.2,0
r_375,AI00156,0.5,1
r_562,AI09458,0.2,0
r_503,AI12532,0.2,0
r_632,AI08211,0.2,0
r_599,AI10244,0.2,0
r_406,AI12386,0.25,0
r_451,AI01731,0.2,0
r_566,AI07555,0.2,0
r_1811,AI03072,0.5,1
r_93,AI00124,0.2,0
r_406,AI00913,0.25,0
r_58,AI11422,0.25,0
r_503,AI06921,0.2,0
r_134,AI06212,0.25,0
r_588,AI12371,0.25,0
r_200,AI12184,0.2,0
r_575,AI02054,0.5,1
r_93,AI12927,0.25,0
r_632,AI14101,0.25,0
r_346,AI06050,0.2,0
r_566,AI14787,0.25,0
r_134,AI07587,0.2,0
r_503,AI09544,0.25,0
r_12,AI02704,0.25,0
r_12,AI08098,0.2,0
r_562,AI11712,0.2,0
r_132,AI14426,0.25,0
r_561,AI11633,0.2,0
r_58,AI01541,0.25,0
r_375,AI14018,0.2,0
r_503,AI06762,0.2,0
r_209,AI05968,0.2,0
r_174,AI05613,0.25,0
r_599,AI03169,0.25,0
r_132,AI12053,0.2,0
r_111,AI00415,0.2,0
r_451,AI08133,0.2,0
r_132,AI10397,0.2,0
r_1702,AI05724,0.5,1
r_599,AI00464,0.25,0
r_503,AI07463,0.25,0
r_111,AI06479,0.25,0
r_200,AI11647,0.25,0
r_566,AI06938,0.25,0
r_12,AI09676,0.25,0
r_89,AI06739,0.25,0
r_632,AI10480,0.2,0
r_111,AI08195,0.2,0
r_656,AI11583,0.25,0
r_503,AI08080,0.25,0
r_134,AI07050,0.25,0
r_2173,AI10551,0.5,1
r_12,AI09039,0.2,0
r_174,AI14562,0.2,0
r_111,AI00166,0.2,0
r_89,AI12732,0.2,0
r_132,AI03072,0.5,1
r_632,AI06479,0.25,0
r_588,AI02736,0.2,0
r_2504,AI05177,0.5,1
r_346,AI13512,0.25,0
r_209,AI08143,0.25,0
r_632,AI12214,0.25,0
r_656,AI12371,0.25,0
r_174,AI05258,0.25,0
r_594,AI01300,0.25,0
r_451,AI09237,0.25,0
r_134,AI00148,0.2,0
r_792,AI10551,0.5,1
r_594,AI08250,0.25,0
r_375,AI09490,0.2,0
r_209,AI06105,0.2,0
r_561,AI02800,0.2,0
r_451,AI08690,0.2,0
r_111,AI09526,0.25,0
r_503,AI11747,0.2,0
r_1640,AI08237,0.5,1
r_594,AI11026,0.2,0
r_209,AI11734,0.25,0
r_566,AI05388,0.25,0
r_346,AI09566,0.2,0
r_58,AI00522,0.2,0
r_224,AI14603,0.2,0
r_406,AI14495,0.2,0
r_132,AI09830,0.25,0
r_562,AI00437,0.25,0
r_673,AI00745,0.25,0
r_673,AI02256,0.2,0
r_561,AI14386,0.2,0
r_2724,AI06627,0.5,1
r_673,AI07874,0.2,0
r_575,AI07660,0.25,0
r_89,AI04238,0.25,0
r_174,AI08436,0.2,0
r_588,AI00457,0.2,0
r_2303,AI14063,0.5,1
r_2155,AI05301,0.5,1
r_89,AI01988,0.2,0
r_566,AI01949,0.25,0
r_224,AI00829,0.25,0
r_209,AI02071,0.2,0
r_224,AI08834,0.2,0
r_451,AI03525,0.25,0
r_187,AI07253,0.2,0
r_58,AI02424,0.2,0
r_594,AI04756,0.2,0
r_503,AI11525,0.25,0
r_406,AI06692,0.2,0
r_209,AI00816,0.25,0
r_562,AI14610,0.2,0
r_58,AI10979,0.25,0
r_562,AI03950,0.25,0
r_539,AI12856,0.2,0
r_375,AI11781,0.5,1
r_632,AI08679,0.25,0
r_561,AI10677,0.25,0
r_89,AI03728,0.2,0
r_200,AI08647,0.2,0
r_503,AI13443,0.25,0
r_594,AI04098,0.2,0
r_566,AI10938,0.2,0
r_200,AI04214,0.2,0
r_632,AI12288,0.2,0
r_566,AI07429,0.25,0
r_224,AI10140,0.2,0
r_134,AI10457,0.5,1
r_539,AI02438,0.2,0
r_134,AI04737,0.25,0
r_406,AI13872,0.2,0
r_160,AI02344,0.2,0
r_1790,AI13162,0.5,1
r_375,AI04126,0.2,0
r_594,AI14104,0.25,0
r_346,AI07773,0.25,0
r_209,AI14422,0.2,0
r_2284,AI09637,0.5,1
r_1828,AI08383,0.5,1
r_12,AI04256,0.2,0
r_656,AI01589,0.2,0
r_174,AI01925,0.2,0
r_132,AI10570,0.2,0
r_656,AI09267,0.25,0
r_673,AI13745,0.2,0
r_588,AI09527,0.25,0
r_451,AI08063,0.2,0
r_160,AI06350,0.25,0
r_562,AI14585,0.25,0
r_594,AI11683,0.2,0
r_561,AI07278,0.2,0
r_673,AI06739,0.25,0
r_562,AI12288,0.2,0
r_174,AI09658,0.2,0
r_451,AI07032,0.2,0
r_566,AI07513,0.2,0
r_673,AI14658,0.25,0
r_187,AI09565,0.25,0
r_58,AI08669,0.25,0
r_632,AI05423,0.2,0
r_187,AI12787,0.25,0
r_588,AI06314,0.2,0
r_632,AI12363,0.25,0
r_503,AI04541,0.2,0
r_132,AI11643,0.25,0
r_1955,AI10434,0.5,1
r_346,AI14849,0.25,0
r_406,AI06753,0.25,0
r_93,AI09009,0.25,0
r_174,AI11592,0.25,0
r_174,AI03058,0.25,0
r_160,AI05819,0.2,0
r_375,AI10352,0.25,0
r_134,AI03561,0.25,0
r_632,AI10294,0.25,0
r_756,AI10238,0.5,1
r_160,AI02438,0.2,0
r_160,AI03820,0.25,0
r_2848,AI01360,0.5,1
r_160,AI11365,0.2,0
r_406,AI11987,0.2,0
r_562,AI12600,0.2,0
r_174,AI03653,0.2,0
r_111,AI02572,0.2,0
r_134,AI00099,0.25,0
r_111,AI03120,0.2,0
r_58,AI11950,0.2,0
r_406,AI14512,0.2,0
r_209,AI03728,0.2,0
r_160,AI08195,0.2,0
r_1952,AI08237,0.5,1
r_187,AI09614,0.2,0
r_632,AI01713,0.2,0
r_566,AI09408,0.2,0
r_673,AI03590,0.25,0
r_134,AI09054,0.25,0
r_224,AI13510,0.2,0
r_594,AI03249,0.25,0
r_588,AI01194,0.2,0
r_224,AI05323,0.2,0
r_375,AI07825,0.25,0
r_562,AI09010,0.2,0
r_2603,AI11755,0.5,1
r_562,AI08652,0.25,0
r_575,AI01981,0.2,0
r_599,AI04672,0.25,0
r_209,AI05009,0.2,0
r_58,AI05578,0.2,0
r_160,AI14101,0.25,0
r_187,AI08531,0.2,0
r_673,AI01451,0.25,0
r_209,AI01185,0.25,0
r_174,AI00522,0.2,0
r_58,AI11959,0.5,1
r_224,AI04463,0.25,0
r_209,AI12567,0.25,0
r_588,AI11233,0.25,0
r_1828,AI14362,0.5,1
r_539,AI00243,0.25,0
r_132,AI06449,0.25,0
r_451,AI14299,0.25,0
r_1702,AI05106,0.5,1
r_561,AI14390,0.25,0
r_12,AI09876,0.25,0
r_200,AI00866,0.2,0
r_111,AI12069,0.2,0
r_594,AI04913,0.25,0
r_561,AI01777,0.2,0
r_174,AI13672,0.25,0
r_539,AI14061,0.2,0
r_174,AI01270,0.2,0
r_539,AI10331,0.25,0
r_187,AI05431,0.2,0
r_561,AI06308,0.2,0
r_561,AI11843,0.25,0
r_632,AI03127,0.25,0
r_632,AI13278,0.2,0
r_174,AI10999,0.25,0
r_588,AI00747,0.2,0
r_58,AI02278,0.2,0
r_134,AI14798,0.2,0
r_562,AI09761,0.25,0
r_406,AI10340,0.25,0
r_209,AI00148,0.2,0
r_132,AI00085,0.2,0
r_673,AI00905,0.2,0
r_594,AI04869,0.2,0
r_599,AI12596,0.25,0
r_594,AI03920,0.2,0
r_89,AI07049,0.25,0
r_539,AI11721,0.2,0
r_599,AI11751,0.2,0
r_594,AI03742,0.5,1
r_539,AI06936,0.2,0
r_1531,AI12281,0.5,1
r_160,AI06773,0.2,0
r_209,AI03082,0.25,0
r_346,AI13713,0.25,0
r_656,AI05568,0.5,1
r_575,AI10542,0.2,0
r_575,AI10301,0.25,0
r_1640,AI11122,0.5,1
r_209,AI10919,0.2,0
r_1568,AI00156,0.5,1
r_588,AI09476,0.25,0
r_539,AI06480,0.25,0
r_200,AI12914,0.2,0
r_561,AI14558,0.25,0
r_12,AI13927,0.2,0
r_174,AI00605,0.2,0
r_673,AI04772,0.2,0
r_561,AI03965,0.25,0
r_2937,AI14781,0.5,1
r_134,AI05545,0.2,0
r_2667,AI11212,0.5,1
r_539,AI14140,0.25,0
r_89,AI03994,0.2,0
r_566,AI00230,0.2,0
r_174,AI00921,0.2,0
r_346,AI06561,0.25,0
r_375,AI09268,0.2,0
r_375,AI08982,0.25,0
r_588,AI04997,0.2,0
r_209,AI09212,0.25,0
r_566,AI02572,0.2,0
r_503,AI11207,0.25,0
r_406,AI14528,0.2,0
r_561,AI08844,0.2,0
r_134,AI04013,0.25,0
r_632,AI08233,0.2,0
r_588,AI08875,0.2,0
r_209,AI09048,0.25,0
r_594,AI00258,0.2,0
r_12,AI05922,0.2,0
r_111,AI08179,0.25,0
r_132,AI10233,0.25,0
r_111,AI12362,0.2,0
r_89,AI00508,0.2,0
r_134,AI06989,0.2,0
r_566,AI09157,0.2,0
r_451,AI02590,0.25,0
r_2155,AI09434,0.5,1
r_58,AI09458,0.2,0
r_594,AI03933,0.2,0
r_58,AI10352,0.25,0
r_673,AI04694,0.25,0
r_783,AI09637,0.5,1
r_406,AI12384,0.25,0
r_132,AI00288,0.2,0
r_2602,AI06627,0.5,1
r_1823,AI07910,0.5,1
r_89,AI01475,0.25,0
r_187,AI09052,0.2,0
r_588,AI06180,0.2,0
r_375,AI11522,0.25,0
r_134,AI05850,0.25,0
r_187,AI14864,0.2,0
r_406,AI05066,0.2,0
r_451,AI08980,0.25,0
r_588,AI00366,0.25,0
r_93,AI11620,0.2,0
r_375,AI10709,0.25,0
r_503,AI01943,0.25,0
r_12,AI08461,0.2,0
r_134,AI00659,0.2,0
r_93,AI08061,0.2,0
r_209,AI05933,0.25,0
r_594,AI03315,0.2,0
r_673,AI01686,0.25,0
r_503,AI02212,0.2,0
r_134,AI13061,0.5,1
r_561,AI00820,0.25,0
r_111,AI02350,0.25,0
r_2724,AI07018,0.5,1
r_588,AI07851,0.2,0
r_594,AI00425,0.2,0
r_632,AI11705,0.2,0
r_375,AI01786,0.25,0
r_594,AI08294,0.25,0
r_588,AI11781,0.5,1
r_200,AI13464,0.2,0
r_1724,AI04200,0.5,1
r_134,AI13100,0.25,0
r_200,AI10919,0.2,0
r_503,AI10301,0.25,0
r_632,AI12184,0.2,0
r_2857,AI12281,0.5,1
r_2869,AI05177,0.5,1
r_561,AI00761,0.2,0
r_200,AI13443,0.25,0
r_503,AI13754,0.25,0
r_174,AI12616,0.2,0
r_575,AI00253,0.2,0
r_673,AI00704,0.2,0
r_599,AI03408,0.25,0
r_346,AI06082,0.2,0
r_209,AI03780,0.25,0
r_566,AI06729,0.25,0
r_575,AI14352,0.25,0
r_599,AI01096,0.2,0
r_406,AI12596,0.25,0
r_996,AI05568,0.5,1
r_134,AI08363,0.2,0
r_58,AI07429,0.25,0
r_566,AI10970,0.2,0
r_346,AI12760,0.5,1
r_561,AI09779,0.25,0
r_174,AI12409,0.2,0
r_12,AI01848,0.2,0
r_566,AI01716,0.25,0
r_58,AI00747,0.2,0
r_89,AI11694,0.25,0
r_200,AI14585,0.25,0
r_1568,AI11212,0.5,1
r_134,AI10919,0.2,0
r_503,AI14699,0.2,0
r_632,AI06921,0.2,0
r_566,AI05425,0.2,0
r_632,AI12234,0.25,0
r_134,AI06952,0.25,0
r_346,AI14720,0.25,0
r_160,AI14169,0.25,0
r_594,AI07593,0.2,0
r_209,AI10695,0.2,0
r_566,AI01500,0.25,0
r_503,AI04029,0.25,0
r_1058,AI10551,0.5,1
r_503,AI14339,0.2,0
r_93,AI02144,0.25,0
r_566,AI09869,0.2,0
r_200,AI01228,0.2,0
r_656,AI02975,0.2,0
r_575,AI02466,0.5,1
r_134,AI02749,0.25,0
r_111,AI10233,0.25,0
r_134,AI10081,0.25,0
r_599,AI14927,0.2,0
r_200,AI02418,0.2,0
r_209,AI09871,0.2,0
r_346,AI00770,0.25,0
r_632,AI10822,0.2,0
r_406,AI08804,0.25,0
r_539,AI09527,0.25,0
r_406,AI01109,0.25,0
r_3002,AI08383,0.5,1
r_160,AI04469,0.25,0
r_224,AI06650,0.25,0
r_134,AI06936,0.2,0
r_224,AI13468,0.2,0
r_187,AI07372,0.25,0
r_656,AI03189,0.25,0
r_174,AI08696,0.2,0
r_111,AI08508,0.2,0
r_224,AI06676,0.25,0
r_673,AI02341,0.25,0
r_451,AI04128,0.2,0
r_2292,AI09286,0.5,1
r_375,AI00063,0.25,0
r_187,AI08533,0.2,0
r_224,AI10168,0.25,0
r_594,AI05860,0.25,0
r_673,AI07244,0.2,0
r_656,AI10871,0.2,0
r_566,AI05568,0.5,1
r_346,AI02192,0.2,0
r_132,AI09121,0.25,0
r_200,AI07473,0.25,0
r_111,AI01719,0.25,0
r_160,AI07301,0.2,0
r_575,AI06580,0.2,0
r_209,AI13625,0.25,0
r_632,AI03155,0.2,0
r_1058,AI02054,0.5,1
r_575,AI05566,0.2,0
r_599,AI03531,0.25,0
r_1551,AI03072,0.5,1
r_451,AI05319,0.2,0
r_594,AI11714,0.25,0
r_594,AI09810,0.2,0
r_111,AI02144,0.25,0
r_632,AI11893,0.2,0
r_58,AI12386,0.25,0
r_632,AI07402,0.2,0
r_58,AI13629,0.2,0
r_451,AI02833,0.25,0
r_451,AI12021,0.25,0
r_632,AI14187,0.5,1
r_575,AI02519,0.2,0
r_561,AI09804,0.25,0
r_111,AI03189,0.25,0
r_187,AI00172,0.2,0
r_200,AI10352,0.25,0
r_134,AI08074,0.2,0
r_656,AI07923,0.2,0
r_174,AI07992,0.25,0
r_681,AI14781,0.5,1
r_346,AI09929,0.25,0
r_2857,AI13162,0.5,1
r_2366,AI14187,0.5,1
r_539,AI04761,0.2,0
r_539,AI08148,0.2,0
r_187,AI11643,0.25,0
r_58,AI04228,0.25,0
r_632,AI06833,0.25,0
r_111,AI07019,0.2,0
r_174,AI04092,0.2,0
r_134,AI03704,0.2,0
r_174,AI03260,0.25,0
r_599,AI01790,0.2,0
r_451,AI11368,0.2,0
r_561,AI03296,0.25,0
r_539,AI13373,0.25,0
r_375,AI14849,0.25,0
r_588,AI12605,0.25,0
r_375,AI07663,0.25,0
r_656,AI04214,0.2,0
r_599,AI01507,0.2,0
r_209,AI09824,0.2,0
r_561,AI10301,0.25,0
r_187,AI13273,0.2,0
r_58,AI04216,0.2,0
r_89,AI08479,0.2,0
r_656,AI06162,0.2,0
r_539,AI12069,0.2,0
r_673,AI10271,0.2,0
r_406,AI08257,0.2,0
r_174,AI08899,0.25,0
r_111,AI06407,0.2,0
r_561,AI09268,0.2,0
r_566,AI07691,0.2,0
r_588,AI08133,0.2,0
r_539,AI12447,0.2,0
r_599,AI10906,0.25,0
r_2895,AI09434,0.5,1
r_599,AI05391,0.2,0
r_561,AI04964,0.25,0
r_89,AI14890,0.2,0
r_111,AI12927,0.25,0
r_673,AI06837,0.2,0
r_375,AI09434,0.5,1
r_503,AI07339,0.25,0
r_375,AI02556,0.25,0
r_599,AI05471,0.25,0
r_451,AI00690,0.25,0
r_599,AI03009,0.2,0
r_209,AI00049,0.2,0
r_187,AI14234,0.2,0
r_566,AI07660,0.25,0
r_174,AI12898,0.25,0
r_89,AI13416,0.2,0
r_594,AI02903,0.2,0
r_346,AI14981,0.2,0
r_561,AI10404,0.25,0
r_2953,AI05612,0.5,1
r_132,AI09010,0.2,0
r_599,AI13165,0.2,0
r_588,AI09175,0.25,0
r_656,AI07150,0.2,0
r_58,AI06058,0.2,0
r_89,AI12422,0.25,0
r_2130,AI09637,0.5,1
r_2130,AI14063,0.5,1
r_594,AI14814,0.2,0
r_132,AI08980,0.25,0
r_200,AI09810,0.2,0
r_562,AI14386,0.2,0
r_503,AI08473,0.25,0
r_12,AI04306,0.25,0
r_599,AI10183,0.2,0
r_451,AI05631,0.2,0
r_134,AI12722,0.25,0
r_93,AI00225,0.25,0
r_132,AI13016,0.2,0
r_132,AI03590,0.25,0
r_224,AI02579,0.25,0
r_12,AI00322,0.2,0
r_599,AI11600,0.2,0
r_566,AI03169,0.25,0
r_89,AI08007,0.25,0
r_134,AI02919,0.2,0
r_451,AI08237,0.5,1
r_588,AI09014,0.25,0
r_111,AI09489,0.2,0
r_594,AI05482,0.25,0
r_588,AI04483,0.2,0
r_632,AI09089,0.25,0
r_406,AI05423,0.2,0
r_375,AI14481,0.25,0
r_224,AI12212,0.2,0
r_656,AI09230,0.25,0
r_594,AI00747,0.2,0
r_673,AI00289,0.25,0
r_2953,AI06944,0.5,1
r_566,AI02482,0.2,0
r_224,AI09674,0.25,0
r_2284,AI10422,0.5,1
r_187,AI02102,0.2,0
r_200,AI13197,0.25,0
r_224,AI10026,0.5,1
r_174,AI00417,0.25,0
r_89,AI00448,0.2,0
r_134,AI09489,0.2,0
r_656,AI00327,0.25,0
r_12,AI13913,0.2,0
r_673,AI12741,0.25,0
r_89,AI13808,0.5,1
r_561,AI04798,0.25,0
r_562,AI11233,0.25,0
r_566,AI14500,0.25,0
r_89,AI13964,0.25,0
r_575,AI07399,0.2,0
r_224,AI13807,0.25,0
r_89,AI04111,0.25,0
r_1205,AI00007,0.5,1
r_673,AI02132,0.25,0
r_503,AI10822,0.2,0
r_160,AI12856,0.2,0
r_187,AI01763,0.2,0
r_539,AI06296,0.5,1
r_93,AI02343,0.25,0
r_599,AI13878,0.25,0
r_2504,AI00156,0.5,1
r_174,AI07471,0.25,0
r_632,AI01631,0.2,0
r_656,AI02144,0.25,0
r_562,AI13436,0.25,0
r_599,AI05174,0.2,0
r_562,AI14063,0.5,1
r_160,AI13358,0.25,0
r_632,AI13341,0.25,0
r_89,AI10452,0.25,0
r_89,AI14422,0.2,0
r_346,AI02975,0.2,0
r_134,AI06694,0.5,1
r_134,AI02648,0.25,0
r_632,AI07952,0.2,0
r_132,AI09777,0.25,0
r_200,AI14768,0.25,0
r_566,AI07253,0.2,0
r_2927,AI04722,0.5,1
r_160,AI13606,0.25,0
r_632,AI00270,0.2,0
r_656,AI04128,0.2,0
r_93,AI12452,0.2,0
r_58,AI08701,0.25,0
r_566,AI05831,0.25,0
r_566,AI05480,0.2,0
r_12,AI02246,0.25,0
r_187,AI12490,0.25,0
r_160,AI10463,0.25,0
r_93,AI05163,0.2,0
r_346,AI09382,0.25,0
r_503,AI06569,0.2,0
r_174,AI10806,0.25,0
r_375,AI01732,0.25,0
r_174,AI14495,0.2,0
r_1531,AI13914,0.5,1
r_174,AI11723,0.2,0
r_2953,AI05884,0.5,1
r_200,AI02675,0.2,0
r_58,AI08508,0.2,0
r_134,AI12962,0.2,0
r_963,AI04200,0.5,1
r_673,AI00932,0.2,0
r_1774,AI05724,0.5,1
r_111,AI07327,0.2,0
r_224,AI04153,0.25,0
r_673,AI07724,0.2,0
r_111,AI08025,0.2,0
r_346,AI09435,0.25,0
r_656,AI09899,0.2,0
r_174,AI04546,0.25,0
r_200,AI04277,0.2,0
r_209,AI05653,0.25,0
r_561,AI03119,0.25,0
r_566,AI12350,0.25,0
r_588,AI09966,0.25,0
r_132,AI07670,0.25,0
r_561,AI12490,0.25,0
r_594,AI11155,0.2,0
r_346,AI05469,0.25,0
r_575,AI00050,0.2,0
r_561,AI05365,0.25,0
r_588,AI05933,0.25,0
r_174,AI08388,0.25,0
r_200,AI05458,0.2,0
r_346,AI14500,0.25,0
r_93,AI00832,0.2,0
r_132,AI03081,0.2,0
r_2869,AI11755,0.5,1
r_406,AI09777,0.25,0
r_451,AI04018,0.25,0
r_599,AI05365,0.25,0
r_594,AI10948,0.25,0
r_561,AI09390,0.2,0
r_224,AI14104,0.25,0
r_566,AI04931,0.2,0
r_12,AI15000,0.2,0
r_209,AI11471,0.2,0
r_656,AI02054,0.5,1
r_132,AI11479,0.25,0
r_58,AI13341,0.25,0
r_656,AI14362,0.5,1
r_187,AI03770,0.25,0
r_503,AI04327,0.25,0
r_681,AI14649,0.5,1
r_656,AI11851,0.25,0
r_58,AI05174,0.2,0
r_1417,AI14063,0.5,1
r_599,AI10352,0.25,0
r_575,AI02263,0.25,0
r_599,AI14324,0.2,0
r_503,AI03559,0.2,0
r_599,AI12559,0.2,0
r_562,AI11533,0.2,0
r_599,AI02040,0.25,0
r_562,AI02189,0.2,0
r_406,AI01368,0.2,0
r_599,AI04128,0.2,0
r_111,AI08770,0.2,0
r_89,AI14119,0.2,0
r_656,AI08644,0.25,0
r_375,AI12208,0.2,0
r_224,AI14328,0.2,0
r_58,AI07327,0.2,0
r_451,AI10743,0.2,0
r_58,AI01565,0.25,0
r_93,AI03322,0.25,0
r_588,AI08889,0.2,0
r_224,AI01071,0.25,0
r_174,AI07686,0.2,0
r_451,AI07161,0.25,0
r_174,AI05198,0.25,0
r_451,AI06646,0.2,0
r_134,AI11625,0.2,0
r_58,AI05183,0.5,1
r_588,AI06684,0.2,0
r_632,AI08282,0.2,0
r_632,AI09354,0.25,0
r_134,AI10605,0.25,0
r_632,AI01175,0.2,0
r_200,AI08282,0.2,0
r_1426,AI11212,0.5,1
r_451,AI09157,0.2,0
r_200,AI09717,0.2,0
r_111,AI09457,0.25,0
r_656,AI12234,0.25,0
r_209,AI02968,0.2,0
r_594,AI08537,0.25,0
r_12,AI14044,0.25,0
r_566,AI01062,0.2,0
r_375,AI14169,0.25,0
r_375,AI13776,0.25,0
r_224,AI07719,0.25,0
r_93,AI06324,0.2,0
r_632,AI04262,0.2,0
r_566,AI05590,0.2,0
r_12,AI06867,0.25,0
r_346,AI06238,0.25,0
r_93,AI14775,0.25,0
r_2292,AI00007,0.5,1
r_594,AI09433,0.2,0
r_406,AI07181,0.25,0
r_588,AI05594,0.25,0
r_594,AI01834,0.2,0
r_111,AI00366,0.25,0
r_93,AI02630,0.25,0
r_187,AI04698,0.2,0
r_656,AI08344,0.2,0
r_346,AI06029,0.2,0
r_2509,AI10434,0.5,1
r_406,AI06171,0.2,0
r_89,AI03980,0.25,0
r_375,AI00366,0.25,0
r_406,AI00832,0.2,0
r_58,AI10760,0.2,0
r_588,AI10463,0.25,0
r_588,AI00063,0.25,0
r_566,AI08962,0.2,0
r_134,AI13923,0.2,0
r_12,AI04159,0.2,0
r_969,AI06546,0.5,1
r_1531,AI00436,0.5,1
r_89,AI07663,0.25,0
r_588,AI04896,0.5,1
r_134,AI12768,0.25,0
r_200,AI14528,0.2,0
r_575,AI11827,0.25,0
r_599,AI14746,0.25,0
r_656,AI14751,0.2,0
r_209,AI14157,0.2,0
r_539,AI10294,0.25,0
r_1417,AI04896,0.5,1
r_575,AI02057,0.25,0
r_599,AI09701,0.2,0
r_561,AI11647,0.25,0
r_134,AI14099,0.25,0
r_200,AI06212,0.25,0
r_599,AI03667,0.2,0
r_160,AI02161,0.2,0
r_539,AI01253,0.25,0
r_1426,AI02054,0.5,1
r_160,AI14151,0.25,0
r_12,AI11257,0.2,0
r_561,AI09737,0.2,0
r_187,AI00553,0.2,0
r_588,AI06171,0.2,0
r_200,AI06879,0.2,0
r_406,AI10772,0.2,0
r_187,AI12848,0.2,0
r_12,AI05129,0.25,0
r_594,AI07868,0.25,0
r_209,AI06650,0.25,0
r_451,AI03351,0.2,0
r_12,AI00976,0.2,0
r_594,AI06897,0.2,0
r_575,AI14881,0.25,0
r_588,AI12511,0.25,0
r_12,AI08870,0.2,0
r_174,AI08176,0.2,0
r_93,AI13399,0.25,0
r_562,AI10970,0.2,0
r_224,AI04869,0.2,0
r_599,AI11001,0.2,0
r_588,AI06821,0.25,0
r_561,AI05254,0.25,0
r_2264,AI08568,0.5,1
r_224,AI05995,0.2,0
r_406,AI11439,0.25,0
r_1551,AI09066,0.5,1
r_632,AI04483,0.2,0
r_451,AI13810,0.2,0
r_200,AI02168,0.25,0
r_599,AI07269,0.25,0
r_58,AI02299,0.25,0
r_599,AI14594,0.25,0
r_1774,AI06944,0.5,1
r_656,AI12856,0.2,0
r_111,AI04018,0.25,0
r_594,AI14277,0.25,0
r_503,AI05819,0.2,0
r_346,AI04041,0.2,0
r_594,AI14828,0.2,0
r_134,AI14459,0.2,0
r_1790,AI01653,0.5,1
r_93,AI03158,0.25,0
r_132,AI05160,0.25,0
r_963,AI11122,0.5,1
r_566,AI09121,0.25,0
r_200,AI10480,0.2,0
r_346,AI07606,0.2,0
r_187,AI03582,0.2,0
r_375,AI10561,0.25,0
r_599,AI13886,0.25,0
r_209,AI11197,0.25,0
r_656,AI04744,0.2,0
r_594,AI09899,0.2,0
r_632,AI11553,0.2,0
r_562,AI00082,0.25,0
r_406,AI06936,0.2,0
r_134,AI12229,0.2,0
r_12,AI00887,0.25,0
r_111,AI01283,0.2,0
r_12,AI09810,0.2,0
r_134,AI02295,0.2,0
r_656,AI10700,0.25,0
r_89,AI12304,0.25,0
r_12,AI00463,0.25,0
r_58,AI02958,0.25,0
r_12,AI07600,0.2,0
r_375,AI03667,0.2,0
r_93,AI06194,0.2,0
r_599,AI12208,0.2,0
r_656,AI03867,0.25,0
r_656,AI11751,0.2,0
r_89,AI13173,0.2,0
r_632,AI02990,0.25,0
r_539,AI07113,0.25,0
r_566,AI06821,0.25,0
r_2088,AI06694,0.5,1
r_756,AI09342,0.5,1
r_346,AI02438,0.2,0
r_594,AI14522,0.25,0
r_594,AI12447,0.2,0
r_632,AI10020,0.25,0
r_562,AI08804,0.25,0
r_58,AI01930,0.25,0
r_89,AI12229,0.2,0
r_187,AI07513,0.2,0
r_503,AI05623,0.2,0
r_200,AI00747,0.2,0
r_594,AI09343,0.25,0
r_375,AI06274,0.2,0
r_58,AI13157,0.25,0
r_187,AI07296,0.2,0
r_451,AI04819,0.25,0
r_160,AI13670,0.25,0
r_575,AI02124,0.25,0
r_575,AI08399,0.2,0
r_375,AI04695,0.2,0
r_2953,AI00436,0.5,1
r_187,AI09674,0.25,0
r_375,AI04971,0.2,0
r_561,AI09674,0.25,0
r_656,AI01790,0.2,0
r_58,AI07773,0.25,0
r_160,AI13645,0.2,0
r_562,AI02654,0.25,0
r_566,AI06449,0.25,0
r_594,AI13203,0.2,0
r_2063,AI05724,0.5,1
r_561,AI12964,0.25,0
r_2857,AI06694,0.5,1
r_562,AI14018,0.2,0
r_375,AI11485,0.2,0
r_575,AI11439,0.25,0
r_594,AI05995,0.2,0
r_561,AI07592,0.25,0
r_566,AI14666,0.25,0
r_406,AI11760,0.25,0
r_111,AI13273,0.2,0
r_346,AI10472,0.25,0
r_562,AI03908,0.2,0
r_561,AI09240,0.2,0
r_58,AI11943,0.2,0
r_134,AI02026,0.2,0
r_93,AI11448,0.25,0
r_632,AI13358,0.25,0
r_562,AI01139,0.2,0
r_451,AI06692,0.2,0
r_93,AI11588,0.2,0
r_174,AI03821,0.25,0
r_134,AI01581,0.2,0
r_566,AI05108,0.2,0
r_2509,AI14770,0.5,1
r_111,AI10209,0.2,0
r_111,AI11875,0.2,0
r_346,AI02578,0.2,0
r_12,AI00966,0.25,0
r_174,AI09752,0.2,0
r_562,AI04994,0.2,0
r_132,AI09807,0.2,0
r_174,AI05130,0.2,0
r_588,AI13845,0.2,0
r_93,AI11326,0.2,0
r_224,AI07588,0.2,0
r_539,AI06201,0.25,0
r_346,AI06749,0.25,0
r_89,AI04123,0.25,0
r_375,AI11600,0.2,0
r_2955,AI09843,0.5,1
r_160,AI10371,0.25,0
r_132,AI14220,0.25,0
r_539,AI06555,0.2,0
r_1205,AI02466,0.5,1
r_174,AI11977,0.5,1
r_996,AI09342,0.5,1
r_656,AI03009,0.2,0
r_632,AI10239,0.2,0
r_562,AI13318,0.25,0
r_187,AI02387,0.2,0
r_2927,AI05724,0.5,1
r_346,AI05426,0.2,0
r_375,AI00810,0.2,0
r_656,AI09240,0.2,0
r_346,AI11358,0.25,0
r_174,AI03984,0.25,0
r_134,AI08999,0.25,0
r_12,AI12217,0.25,0
r_89,AI14531,0.25,0
r_1790,AI10995,0.5,1
r_561,AI04122,0.2,0
r_575,AI11329,0.25,0
r_174,AI12535,0.2,0
r_451,AI12825,0.2,0
r_174,AI03591,0.25,0
r_673,AI13013,0.2,0
r_187,AI03146,0.25,0
r_111,AI07032,0.2,0
r_200,AI02343,0.25,0
r_503,AI09894,0.2,0
r_566,AI01255,0.2,0
r_209,AI00279,0.2,0
r_12,AI06400,0.25,0
r_588,AI12723,0.2,0
r_406,AI02675,0.2,0
r_2724,AI05651,0.5,1
r_1253,AI11122,0.5,1
r_599,AI03139,0.25,0
r_561,AI09058,0.25,0
r_209,AI12936,0.25,0
r_89,AI08578,0.2,0
r_93,AI03072,0.5,1
r_160,AI00770,0.25,0
r_562,AI05365,0.25,0
r_89,AI03226,0.2,0
r_132,AI03934,0.2,0
r_134,AI09509,0.25,0
r_160,AI00926,0.25,0
r_58,AI10962,0.2,0
r_174,AI10180,0.2,0
r_594,AI10499,0.2,0
r_111,AI03441,0.2,0
r_503,AI11533,0.2,0
r_673,AI08250,0.25,0
r_539,AI13776,0.25,0
r_187,AI05355,0.2,0
r_1261,AI08237,0.5,1
r_562,AI14445,0.2,0
r_673,AI11441,0.2,0
r_200,AI12029,0.25,0
r_656,AI04504,0.25,0
r_709,AI09342,0.5,1
r_575,AI13606,0.25,0
r_111,AI00100,0.2,0
r_575,AI13386,0.25,0
r_209,AI03916,0.2,0
r_12,AI11915,0.2,0
r_375,AI13594,0.25,0
r_451,AI13197,0.25,0
r_132,AI11051,0.25,0
r_632,AI10938,0.2,0
r_656,AI07825,0.25,0
r_406,AI00194,0.25,0
r_134,AI08877,0.2,0
r_561,AI14254,0.2,0
r_209,AI03077,0.25,0
r_224,AI05520,0.2,0
r_1961,AI14362,0.5,1
r_346,AI05772,0.25,0
r_588,AI05468,0.25,0
r_134,AI13067,0.2,0
r_575,AI02390,0.25,0
r_656,AI10677,0.25,0
r_562,AI13713,0.25,0
r_566,AI04041,0.2,0
r_566,AI00910,0.25,0
r_566,AI13464,0.2,0
r_594,AI05545,0.2,0
r_656,AI05332,0.2,0
r_632,AI00990,0.25,0
r_93,AI13345,0.25,0
r_562,AI03411,0.25,0
r_2724,AI06694,0.5,1
r_93,AI03958,0.2,0
r_566,AI14236,0.25,0
r_1823,AI11725,0.5,1
r_599,AI04786,0.25,0
r_562,AI11354,0.2,0
r_93,AI05933,0.25,0
r_134,AI14531,0.25,0
r_2716,AI14770,0.5,1
r_58,AI01479,0.2,0
r_346,AI05066,0.2,0
r_132,AI09701,0.2,0
r_187,AI11755,0.5,1
r_58,AI14746,0.25,0
r_566,AI06738,0.25,0
r_656,AI05660,0.25,0
r_132,AI03189,0.25,0
r_451,AI09830,0.25,0
r_451,AI07553,0.25,0
r_209,AI02579,0.25,0
r_673,AI00465,0.25,0
r_594,AI13633,0.2,0
r_632,AI03328,0.2,0
r_111,AI00747,0.2,0
r_174,AI10250,0.2,0
r_200,AI11525,0.25,0
r_562,AI12121,0.25,0
r_209,AI00761,0.2,0
r_200,AI00057,0.25,0
r_562,AI12384,0.25,0
r_575,AI06480,0.25,0
r_209,AI05467,0.25,0
r_588,AI02483,0.2,0
r_2303,AI08237,0.5,1
r_93,AI09969,0.25,0
r_588,AI13321,0.25,0
r_588,AI02630,0.25,0
r_673,AI01369,0.5,1
r_1811,AI11490,0.5,1
r_12,AI04892,0.25,0
r_575,AI04430,0.25,0
r_406,AI04698,0.2,0
r_187,AI02826,0.25,0
r_346,AI01500,0.25,0
r_111,AI03908,0.2,0
r_375,AI11985,0.25,0
r_89,AI06340,0.2,0
r_187,AI12350,0.25,0
r_588,AI10809,0.2,0
r_174,AI08551,0.2,0
r_539,AI12868,0.2,0
r_93,AI10159,0.2,0
r_209,AI10486,0.25,0
r_89,AI07568,0.25,0
r_594,AI01751,0.2,0
r_562,AI10024,0.25,0
r_1531,AI11105,0.5,1
r_451,AI07296,0.2,0
r_451,AI13777,0.2,0
r_1961,AI09342,0.5,1
r_209,AI00125,0.2,0
r_111,AI11901,0.25,0
r_561,AI10743,0.2,0
r_539,AI05376,0.25,0
r_375,AI04345,0.25,0
r_632,AI01228,0.2,0
r_134,AI05467,0.25,0
r_562,AI00810,0.2,0
r_58,AI07400,0.2,0
r_561,AI09615,0.25,0
r_200,AI09137,0.25,0
r_209,AI05637,0.2,0
r_134,AI11104,0.5,1
r_566,AI01488,0.2,0
r_134,AI12404,0.25,0
r_346,AI07758,0.25,0
r_12,AI14128,0.2,0
r_134,AI03423,0.2,0
r_160,AI08344,0.2,0
r_111,AI07718,0.2,0
r_134,AI09808,0.2,0
r_562,AI05209,0.25,0
r_451,AI12184,0.2,0
r_375,AI08099,0.25,0
r_174,AI04509,0.25,0
r_58,AI10826,0.2,0
r_134,AI10108,0.2,0
r_561,AI01662,0.25,0
r_1531,AI01107,0.5,1
r_89,AI01834,0.2,0
r_89,AI10685,0.25,0
r_174,AI09492,0.25,0
r_160,AI03082,0.25,0
r_503,AI12447,0.2,0
r_561,AI00712,0.25,0
r_1823,AI14781,0.5,1
r_503,AI11769,0.25,0
r_539,AI01051,0.25,0
r_594,AI08927,0.2,0
r_132,AI00717,0.25,0
r_673,AI14225,0.2,0
r_594,AI02158,0.25,0
r_503,AI12371,0.25,0
r_503,AI12073,0.25,0
r_963,AI02054,0.5,1
r_566,AI10270,0.2,0
r_187,AI04113,0.2,0
r_160,AI04651,0.2,0
r_594,AI11164,0.25,0
r_224,AI12680,0.25,0
r_209,AI06915,0.2,0
r_200,AI09669,0.2,0
r_375,AI05073,0.2,0
r_2667,AI11755,0.5,1
r_656,AI05518,0.2,0
r_656,AI07362,0.2,0
r_709,AI11122,0.5,1
r_632,AI02339,0.2,0
r_12,AI11754,0.2,0
r_561,AI07663,0.25,0
r_93,AI01517,0.2,0
r_539,AI12499,0.25,0
r_406,AI09518,0.25,0
r_132,AI14793,0.25,0
r_200,AI11365,0.2,0
r_209,AI10826,0.2,0
r_566,AI00100,0.2,0
r_656,AI00194,0.25,0
r_539,AI11376,0.2,0
r_187,AI03127,0.25,0
r_187,AI03277,0.2,0
r_575,AI08297,0.25,0
r_89,AI03615,0.2,0
r_503,AI09272,0.25,0
r_562,AI13345,0.25,0
r_562,AI14655,0.25,0
r_134,AI02012,0.2,0
r_451,AI11755,0.5,1
r_673,AI00060,0.5,1
r_12,AI04308,0.2,0
r_93,AI03208,0.25,0
r_599,AI02782,0.25,0
r_200,AI02965,0.2,0
r_134,AI04518,0.2,0
r_588,AI05471,0.25,0
r_575,AI08633,0.25,0
r_346,AI12803,0.25,0
r_93,AI14535,0.25,0
r_187,AI12034,0.25,0
r_209,AI11242,0.25,0
r_134,AI11009,0.25,0
r_632,AI11901,0.25,0
r_2955,AI04722,0.5,1
r_656,AI14299,0.25,0
r_1774,AI09843,0.5,1
r_134,AI04880,0.2,0
r_588,AI05431,0.2,0
r_375,AI12760,0.5,1
r_539,AI13350,0.25,0
r_3011,AI09286,0.5,1
r_200,AI14512,0.2,0
r_187,AI08126,0.25,0
r_539,AI12795,0.2,0
r_12,AI14997,0.25,0
r_2130,AI07230,0.5,1
r_1811,AI10551,0.5,1
r_134,AI06780,0.2,0
r_539,AI10932,0.25,0
r_111,AI13629,0.2,0
r_594,AI04833,0.2,0
r_200,AI03641,0.2,0
r_588,AI10822,0.2,0
r_2284,AI10238,0.5,1
r_12,AI02067,0.2,0
r_503,AI10648,0.5,1
r_111,AI14779,0.2,0
r_224,AI10332,0.25,0
r_58,AI10315,0.2,0
r_594,AI11257,0.2,0
r_656,AI00725,0.2,0
r_2869,AI09434,0.5,1
r_562,AI12214,0.25,0
r_58,AI09030,0.25,0
r_224,AI12987,0.25,0
r_375,AI14086,0.2,0
r_93,AI02438,0.2,0
r_58,AI10168,0.25,0
r_656,AI10906,0.25,0
r_599,AI14793,0.25,0
r_174,AI02131,0.25,0
r_503,AI10272,0.25,0
r_93,AI04622,0.2,0
r_209,AI06161,0.25,0
r_375,AI10529,0.2,0
r_539,AI02263,0.25,0
r_406,AI10168,0.25,0
r_12,AI09487,0.2,0
r_996,AI08568,0.5,1
r_566,AI12600,0.2,0
r_406,AI12073,0.25,0
r_1823,AI05612,0.5,1
r_594,AI08959,0.25,0
r_561,AI05807,0.2,0
r_539,AI04504,0.25,0
r_375,AI07362,0.2,0
r_503,AI05236,0.2,0
r_588,AI01673,0.2,0
r_503,AI00124,0.2,0
r_111,AI12452,0.2,0
r_89,AI02408,0.2,0
r_561,AI07410,0.2,0
r_209,AI02026,0.2,0
r_174,AI04750,0.5,1
r_656,AI06479,0.25,0
r_656,AI11212,0.5,1
r_588,AI06175,0.25,0
r_1741,AI11490,0.5,1
r_588,AI13935,0.2,0
r_209,AI09272,0.25,0
r_346,AI13885,0.2,0
r_132,AI04640,0.2,0
r_656,AI09880,0.25,0
r_89,AI10714,0.25,0
r_566,AI11067,0.2,0
r_58,AI04465,0.25,0
r_375,AI07103,0.25,0
r_224,AI01751,0.2,0
r_209,AI11644,0.25,0
r_111,AI10704,0.2,0
r_209,AI03121,0.25,0
r_2292,AI05183,0.5,1
r_451,AI12593,0.25,0
r_575,AI13000,0.2,0
r_406,AI06156,0.2,0
r_200,AI04970,0.25,0
r_58,AI11060,0.25,0
r_209,AI07882,0.25,0
r_111,AI12179,0.25,0
r_89,AI12986,0.25,0
r_89,AI13576,0.25,0
r_406,AI13342,0.2,0
r_406,AI01735,0.25,0
r_575,AI09720,0.2,0
r_224,AI12645,0.25,0
r_566,AI11603,0.25,0
r_406,AI13576,0.25,0
r_539,AI12237,0.2,0
r_132,AI03992,0.25,0
r_451,AI03484,0.2,0
r_93,AI13758,0.25,0
r_673,AI04103,0.25,0
r_132,AI08669,0.25,0
r_406,AI04672,0.25,0
r_539,AI01604,0.2,0
r_58,AI02846,0.2,0
r_503,AI06580,0.2,0
r_93,AI00366,0.25,0
r_134,AI05106,0.5,1
r_174,AI06259,0.25,0
r_209,AI04466,0.2,0
r_375,AI13935,0.2,0
r_209,AI06920,0.25,0
r_132,AI11471,0.2,0
r_12,AI13870,0.2,0
r_89,AI12719,0.2,0
r_2953,AI00156,0.5,1
r_539,AI07820,0.25,0
r_160,AI01011,0.25,0
r_599,AI05866,0.25,0
r_12,AI11474,0.25,0
r_406,AI02418,0.2,0
r_632,AI14957,0.25,0
r_656,AI01969,0.2,0
r_656,AI11032,0.2,0
r_375,AI11751,0.2,0
r_111,AI04688,0.2,0
r_111,AI09268,0.2,0
r_174,AI06700,0.25,0
r_451,AI06995,0.25,0
r_566,AI03042,0.2,0
r_632,AI00926,0.25,0
r_632,AI10809,0.2,0
r_1568,AI01360,0.5,1
r_406,AI04181,0.2,0
r_12,AI07724,0.2,0
r_406,AI06715,0.2,0
r_588,AI13367,0.25,0
r_89,AI13887,0.25,0
r_200,AI10648,0.5,1
r_575,AI05481,0.2,0
r_599,AI12447,0.2,0
r_588,AI12237,0.2,0
r_599,AI02736,0.2,0
r_375,AI03995,0.2,0
r_134,AI00945,0.25,0
r_1702,AI12281,0.5,1
r_93,AI12521,0.25,0
r_2895,AI09637,0.5,1
r_562,AI07372,0.25,0
r_174,AI14519,0.5,1
r_588,AI13475,0.25,0
r_346,AI12234,0.25,0
r_1790,AI10457,0.5,1
r_539,AI12229,0.2,0
r_562,AI09240,0.2,0
r_503,AI11843,0.25,0
r_12,AI09478,0.2,0
r_160,AI12745,0.25,0
r_346,AI09604,0.2,0
r_632,AI06171,0.2,0
r_566,AI13777,0.2,0
r_1823,AI13162,0.5,1
r_132,AI03009,0.2,0
r_451,AI13643,0.2,0
r_632,AI07820,0.25,0
r_174,AI07513,0.2,0
r_1551,AI00007,0.5,1
r_406,AI03155,0.2,0
r_503,AI14793,0.25,0
r_503,AI05073,0.2,0
r_588,AI00690,0.25,0
r_209,AI07699,0.2,0
r_451,AI12371,0.25,0
r_12,AI05786,0.25,0
r_200,AI13209,0.25,0
r_599,AI12961,0.25,0
r_224,AI06871,0.2,0
r_1773,AI11755,0.5,1
r_132,AI08993,0.2,0
r_174,AI07744,0.25,0
r_12,AI01698,0.2,0
r_656,AI10720,0.25,0
r_656,AI00082,0.25,0
r_561,AI09810,0.2,0
r_12,AI14015,0.2,0
r_1774,AI13435,0.5,1
r_451,AI05603,0.25,0
r_503,AI08037,0.2,0
r_503,AI03649,0.25,0
r_656,AI05990,0.2,0
r_656,AI04134,0.25,0
r_561,AI12604,0.25,0
r_632,AI10829,0.25,0
r_174,AI07223,0.2,0
r_673,AI00695,0.2,0
r_89,AI12547,0.25,0
r_346,AI13903,0.25,0
r_566,AI05215,0.2,0
r_12,AI03746,0.2,0
r_599,AI09436,0.2,0
r_575,AI12995,0.2,0
r_224,AI01837,0.25,0
r_174,AI03692,0.25,0
r_451,AI01488,0.2,0
r_134,AI02217,0.2,0
r_12,AI09386,0.2,0
r_594,AI05403,0.25,0
r_503,AI06350,0.25,0
r_111,AI04640,0.2,0
r_111,AI09342,0.5,1
r_174,AI08538,0.25,0
r_594,AI08098,0.2,0
r_2235,AI04896,0.5,1
r_562,AI13373,0.25,0
r_174,AI03989,0.25,0
r_566,AI06692,0.2,0
r_111,AI10020,0.25,0
r_224,AI00322,0.2,0
r_111,AI08133,0.2,0
r_503,AI11875,0.2,0
r_561,AI14437,0.2,0
r_2857,AI05651,0.5,1
r_599,AI04247,0.25,0
r_134,AI14277,0.25,0
r_451,AI04679,0.25,0
r_575,AI11190,0.25,0
r_224,AI11803,0.25,0
r_224,AI12732,0.2,0
r_566,AI08063,0.2,0
r_561,AI12393,0.25,0
r_93,AI11050,0.2,0
r_209,AI13636,0.2,0
r_673,AI10361,0.2,0
r_200,AI01437,0.2,0
r_632,AI05174,0.2,0
r_174,AI14905,0.25,0
r_656,AI07810,0.25,0
r_132,AI14187,0.5,1
r_93,AI03119,0.25,0
r_451,AI07718,0.2,0
r_224,AI00603,0.25,0
r_406,AI05425,0.2,0
r_93,AI04100,0.25,0
r_187,AI00866,0.2,0
r_346,AI07313,0.25,0
r_503,AI14254,0.2,0
r_346,AI11858,0.25,0
r_93,AI09216,0.25,0
r_93,AI05821,0.25,0
r_588,AI06527,0.25,0
r_174,AI12278,0.2,0
r_503,AI01370,0.25,0
r_599,AI05754,0.2,0
r_200,AI05206,0.2,0
r_566,AI03770,0.25,0
r_111,AI06440,0.2,0
r_224,AI02426,0.25,0
r_58,AI11616,0.2,0
r_375,AI12112,0.2,0
r_209,AI09937,0.25,0
r_599,AI02654,0.25,0
r_594,AI09097,0.25,0
r_562,AI04214,0.2,0
r_346,AI01814,0.2,0
r_209,AI08453,0.25,0
r_224,AI01741,0.2,0
r_132,AI03995,0.2,0
r_111,AI10397,0.2,0
r_187,AI11986,0.2,0
r_2667,AI01360,0.5,1
r_806,AI03574,0.5,1
r_599,AI11154,0.25,0
r_200,AI08118,0.2,0
r_503,AI08018,0.2,0
r_200,AI05062,0.25,0
r_209,AI04106,0.2,0
r_209,AI00810,0.2,0
r_375,AI03360,0.2,0
r_451,AI05042,0.2,0
r_12,AI02674,0.25,0
r_187,AI01737,0.2,0
r_2955,AI13447,0.5,1
r_2292,AI13736,0.5,1
r_93,AI04695,0.2,0
r_451,AI09712,0.25,0
r_588,AI00156,0.5,1
r_1197,AI08429,0.5,1
r_406,AI02057,0.25,0
r_632,AI01838,0.25,0
r_656,AI02233,0.2,0
r_224,AI11536,0.2,0
r_2509,AI05106,0.5,1
r_1774,AI00886,0.5,1
r_599,AI03457,0.25,0
r_375,AI09830,0.25,0
r_575,AI03772,0.25,0
r_539,AI14481,0.25,0
r_566,AI14589,0.2,0
r_561,AI11858,0.25,0
r_89,AI04833,0.2,0
r_2927,AI14781,0.5,1
r_12,AI02802,0.25,0
r_406,AI10822,0.2,0
r_673,AI14859,0.25,0
r_503,AI11985,0.25,0
r_200,AI01786,0.25,0
r_562,AI12754,0.2,0
r_2895,AI11959,0.5,1
r_588,AI00644,0.2,0
r_160,AI05469,0.25,0
r_111,AI12164,0.2,0
r_451,AI05209,0.25,0
r_2155,AI11748,0.5,1
r_451,AI03076,0.2,0
r_209,AI03049,0.25,0
r_562,AI05933,0.25,0
r_93,AI06773,0.2,0
r_174,AI11830,0.25,0
r_575,AI04009,0.2,0
r_224,AI14173,0.2,0
r_406,AI03770,0.25,0
r_93,AI03559,0.2,0
r_12,AI03905,0.2,0
r_134,AI03807,0.2,0
r_93,AI05590,0.2,0
r_174,AI09805,0.2,0
r_200,AI10315,0.2,0
r_200,AI10715,0.2,0
r_187,AI03207,0.25,0
r_451,AI11603,0.25,0
r_224,AI01040,0.25,0
r_134,AI12237,0.2,0
r_224,AI04492,0.25,0
r_594,AI06157,0.2,0
r_132,AI03182,0.25,0
r_566,AI01541,0.25,0
r_632,AI06936,0.2,0
r_200,AI00154,0.25,0
r_599,AI03484,0.2,0
r_89,AI13169,0.25,0
r_451,AI09604,0.2,0
r_673,AI03506,0.2,0
r_12,AI00125,0.2,0
r_375,AI04679,0.25,0
r_132,AI11444,0.25,0
r_174,AI11769,0.25,0
r_93,AI13785,0.2,0
r_134,AI04466,0.2,0
r_575,AI11090,0.25,0
r_209,AI01759,0.2,0
r_58,AI10743,0.2,0
r_346,AI08864,0.25,0
r_575,AI11207,0.25,0
r_224,AI03933,0.2,0
r_594,AI05608,0.2,0
r_594,AI09509,0.25,0
r_503,AI06429,0.25,0
r_200,AI06877,0.2,0
r_451,AI04833,0.2,0
r_132,AI06194,0.2,0
r_111,AI11212,0.5,1
r_575,AI11583,0.25,0
r_187,AI11902,0.25,0
r_89,AI07257,0.2,0
r_187,AI07313,0.25,0
r_93,AI05772,0.25,0
r_160,AI14352,0.25,0
r_575,AI10919,0.2,0
r_632,AI14471,0.2,0
r_594,AI09117,0.2,0
r_562,AI12521,0.25,0
r_632,AI09761,0.25,0
r_346,AI00126,0.2,0
r_594,AI02783,0.2,0
r_93,AI03531,0.25,0
r_503,AI00913,0.25,0
r_209,AI06004,0.25,0
r_996,AI00156,0.5,1
r_132,AI12000,0.25,0
r_89,AI08529,0.25,0
r_134,AI11432,0.2,0
r_209,AI07297,0.25,0
r_588,AI03296,0.25,0
r_1790,AI08219,0.5,1
r_200,AI02161,0.2,0
r_187,AI14648,0.2,0
r_1549,AI10648,0.5,1
r_200,AI11784,0.25,0
r_575,AI14151,0.25,0
r_539,AI01930,0.25,0
r_160,AI05990,0.2,0
r_58,AI00604,0.25,0
r_1253,AI05177,0.5,1
r_406,AI06324,0.2,0
r_599,AI00777,0.2,0
r_1058,AI10648,0.5,1
r_656,AI00604,0.25,0
r_656,AI09995,0.2,0
r_2264,AI14063,0.5,1
r_632,AI04761,0.2,0
r_632,AI05766,0.25,0
r_187,AI10542,0.2,0
r_12,AI12239,0.25,0
r_656,AI00866,0.2,0
r_2603,AI08568,0.5,1
r_561,AI07745,0.25,0
r_673,AI02151,0.2,0
r_561,AI10828,0.2,0
r_562,AI11506,0.2,0
r_561,AI12125,0.25,0
r_2869,AI00156,0.5,1
r_451,AI02278,0.2,0
r_209,AI06141,0.2,0
r_656,AI05197,0.25,0
r_132,AI05578,0.2,0
r_134,AI04415,0.2,0
r_632,AI13643,0.2,0
r_2155,AI09342,0.5,1
r_2937,AI12281,0.5,1
r_632,AI02807,0.25,0
r_160,AI03649,0.25,0
r_1811,AI04896,0.5,1
r_89,AI12562,0.25,0
r_134,AI01490,0.25,0
r_539,AI00747,0.2,0
r_566,AI14296,0.2,0
r_224,AI09644,0.25,0
r_209,AI10140,0.2,0
r_599,AI06407,0.2,0
r_562,AI07855,0.25,0
r_93,AI11905,0.25,0
r_566,AI07606,0.2,0
r_575,AI09138,0.2,0
r_12,AI01312,0.25,0
r_1811,AI14063,0.5,1
r_599,AI08864,0.25,0
r_132,AI07855,0.25,0
r_503,AI12596,0.25,0
r_656,AI04971,0.2,0
r_174,AI00972,0.25,0
r_673,AI05168,0.2,0
r_224,AI09336,0.2,0
r_599,AI10316,0.2,0
r_174,AI02097,0.2,0
r_93,AI14374,0.2,0
r_209,AI14392,0.2,0
r_12,AI03217,0.2,0
r_58,AI10919,0.2,0
r_200,AI01325,0.25,0
r_12,AI01474,0.5,1
r_132,AI14775,0.25,0
r_632,AI10322,0.25,0
r_346,AI12208,0.2,0
r_12,AI14224,0.25,0
r_673,AI05258,0.25,0
r_375,AI09089,0.25,0
r_594,AI02739,0.25,0
r_224,AI01430,0.25,0
r_200,AI08025,0.2,0
r_160,AI07429,0.25,0
r_673,AI08774,0.25,0
r_89,AI12336,0.2,0
r_539,AI10316,0.2,0
r_93,AI13985,0.25,0
r_209,AI14074,0.2,0
r_174,AI08939,0.25,0
r_594,AI05062,0.25,0
r_673,AI01851,0.25,0
r_561,AI09458,0.2,0
r_2299,AI09637,0.5,1
r_561,AI13197,0.25,0
r_451,AI12363,0.25,0
r_806,AI00156,0.5,1
r_406,AI14927,0.2,0
r_93,AI08007,0.25,0
r_656,AI02102,0.2,0
r_160,AI01033,0.25,0
r_539,AI04702,0.25,0
r_134,AI06897,0.2,0
r_561,AI08755,0.2,0
r_561,AI11959,0.5,1
r_562,AI06194,0.2,0
r_2937,AI05758,0.5,1
r_375,AI05819,0.2,0
r_566,AI11351,0.25,0
r_451,AI01358,0.25,0
r_575,AI10828,0.2,0
r_111,AI08701,0.25,0
r_160,AI05332,0.2,0
r_1027,AI11755,0.5,1
r_539,AI14558,0.25,0
r_406,AI01491,0.25,0
r_93,AI07291,0.2,0
r_209,AI04986,0.2,0
r_632,AI14234,0.2,0
r_588,AI05163,0.2,0
r_588,AI09202,0.25,0
r_187,AI05471,0.25,0
r_187,AI12229,0.2,0
r_656,AI12825,0.2,0
r_451,AI07820,0.25,0
r_160,AI06175,0.25,0
r_566,AI09458,0.2,0
r_575,AI05062,0.25,0
r_375,AI11588,0.2,0
r_89,AI01504,0.25,0
r_12,AI02547,0.25,0
r_111,AI02519,0.2,0
r_575,AI08193,0.25,0
r_93,AI12182,0.2,0
r_451,AI12182,0.2,0
r_451,AI01790,0.2,0
r_160,AI07949,0.25,0
r_632,AI03582,0.2,0
r_588,AI01096,0.2,0
r_562,AI02482,0.2,0
r_134,AI14042,0.2,0
r_673,AI10421,0.2,0
r_599,AI09149,0.25,0
r_93,AI02292,0.2,0
r_134,AI14282,0.25,0
r_632,AI08083,0.2,0
r_111,AI04200,0.5,1
r_58,AI07269,0.25,0
r_539,AI03483,0.25,0
r_111,AI03151,0.25,0
r_160,AI07522,0.25,0
r_561,AI00747,0.2,0
r_209,AI05493,0.2,0
r_632,AI09307,0.25,0
r_451,AI09427,0.2,0
r_134,AI11972,0.25,0
r_187,AI02424,0.2,0
r_93,AI07165,0.2,0
r_656,AI02736,0.2,0
r_132,AI10958,0.2,0
r_566,AI07339,0.25,0
r_656,AI12366,0.2,0
r_539,AI12783,0.25,0
r_451,AI10463,0.25,0
r_375,AI10570,0.2,0
r_375,AI01886,0.25,0
r_160,AI14573,0.2,0
r_224,AI08148,0.2,0
r_209,AI13792,0.2,0
r_200,AI09674,0.25,0
r_134,AI09647,0.25,0
r_58,AI14426,0.25,0
r_187,AI08112,0.2,0
r_1154,AI02054,0.5,1
r_406,AI08211,0.2,0
r_89,AI08519,0.2,0
r_632,AI14140,0.25,0
r_594,AI00952,0.25,0
r_594,AI04737,0.25,0
r_575,AI12350,0.25,0
r_187,AI03889,0.25,0
r_200,AI03995,0.2,0
r_406,AI13670,0.25,0
r_209,AI00545,0.2,0
r_1741,AI09286,0.5,1
r_93,AI14026,0.2,0
r_503,AI03995,0.2,0
r_160,AI11767,0.2,0
r_58,AI04971,0.2,0
r_656,AI04262,0.2,0
r_575,AI10905,0.25,0
r_160,AI02988,0.25,0
r_93,AI00644,0.2,0
r_200,AI14441,0.25,0
r_594,AI08967,0.25,0
r_539,AI09880,0.25,0
r_12,AI14441,0.25,0
r_539,AI01665,0.25,0
r_224,AI13176,0.25,0
r_134,AI00931,0.2,0
r_561,AI02673,0.25,0
r_375,AI08832,0.2,0
r_187,AI06062,0.2,0
r_346,AI07336,0.2,0
r_134,AI09899,0.2,0
r_451,AI04277,0.2,0
r_134,AI10846,0.25,0
r_575,AI05635,0.2,0
r_200,AI13028,0.2,0
r_224,AI08616,0.25,0
r_2603,AI08237,0.5,1
r_174,AI05715,0.2,0
r_346,AI05254,0.25,0
r_132,AI01703,0.2,0
r_588,AI07553,0.25,0
r_594,AI07666,0.25,0
r_200,AI03408,0.25,0
r_93,AI06855,0.25,0
r_451,AI14388,0.25,0
r_1426,AI11781,0.5,1
r_599,AI06194,0.2,0
r_539,AI09232,0.2,0
r_58,AI11439,0.25,0
r_224,AI14346,0.25,0
r_599,AI14101,0.25,0
r_375,AI11506,0.2,0
r_58,AI09129,0.25,0
r_224,AI10305,0.2,0
r_187,AI00604,0.25,0
r_673,AI12585,0.25,0
r_132,AI04201,0.2,0
r_58,AI14018,0.2,0
r_632,AI01662,0.25,0
r_599,AI11502,0.25,0
r_503,AI07810,0.25,0
r_375,AI08647,0.2,0
r_503,AI02975,0.2,0
r_200,AI08701,0.25,0
r_594,AI03761,0.2,0
r_656,AI08182,0.25,0
r_406,AI07758,0.25,0
r_594,AI12005,0.25,0
r_561,AI05799,0.25,0
r_656,AI13350,0.25,0
r_12,AI09235,0.25,0
r_224,AI14770,0.5,1
r_451,AI10352,0.25,0
r_12,AI14422,0.2,0
r_561,AI12640,0.2,0
r_566,AI13748,0.2,0
r_111,AI12015,0.2,0
r_187,AI08193,0.25,0
r_673,AI04905,0.25,0
r_132,AI05481,0.2,0
r_58,AI04833,0.2,0
r_209,AI13795,0.25,0
r_561,AI01124,0.25,0
r_656,AI13157,0.25,0
r_406,AI13101,0.25,0
r_656,AI10836,0.2,0
r_187,AI08831,0.25,0
r_561,AI07313,0.25,0
r_187,AI01228,0.2,0
r_89,AI13324,0.2,0
r_562,AI06143,0.2,0
r_174,AI04837,0.25,0
r_451,AI04695,0.2,0
r_406,AI02466,0.5,1
r_588,AI09408,0.2,0
r_187,AI02418,0.2,0
r_539,AI14167,0.2,0
r_566,AI04678,0.2,0
r_174,AI12981,0.2,0
r_768,AI10422,0.5,1
r_12,AI12294,0.25,0
r_12,AI08955,0.25,0
r_539,AI09394,0.2,0
r_1790,AI05106,0.5,1
r_632,AI13316,0.25,0
r_375,AI14299,0.25,0
r_134,AI03261,0.25,0
r_160,AI07453,0.25,0
r_224,AI01909,0.25,0
r_503,AI12754,0.2,0
r_134,AI07168,0.2,0
r_588,AI07313,0.25,0
r_562,AI08007,0.25,0
r_200,AI05990,0.2,0
r_209,AI10897,0.2,0
r_12,AI10815,0.25,0
r_187,AI12784,0.2,0
r_588,AI12604,0.25,0
r_174,AI06293,0.25,0
r_187,AI02378,0.25,0
r_2173,AI14362,0.5,1
r_588,AI10316,0.2,0
r_200,AI02102,0.2,0
r_93,AI09874,0.2,0
r_673,AI04163,0.2,0
r_566,AI09804,0.25,0
r_89,AI06610,0.25,0
r_111,AI12065,0.2,0
r_539,AI06821,0.25,0
r_160,AI04698,0.2,0
r_12,AI01211,0.25,0
r_111,AI06156,0.2,0
r_89,AI03320,0.2,0
r_93,AI10714,0.25,0
r_539,AI07400,0.2,0
r_12,AI11660,0.2,0
r_93,AI11901,0.25,0
r_503,AI01325,0.25,0
r_93,AI03319,0.25,0
r_566,AI12179,0.25,0
r_58,AI08780,0.25,0
r_656,AI08410,0.2,0
r_346,AI00605,0.2,0
r_346,AI13345,0.25,0
r_224,AI12980,0.25,0
r_656,AI01358,0.25,0
r_1702,AI14649,0.5,1
r_632,AI00225,0.25,0
r_375,AI01175,0.2,0
r_187,AI00166,0.2,0
r_12,AI01762,0.2,0
r_539,AI01969,0.2,0
r_174,AI10873,0.2,0
r_187,AI03203,0.2,0
r_562,AI09603,0.25,0
r_111,AI03992,0.25,0
r_588,AI11985,0.25,0
r_575,AI06729,0.25,0
r_503,AI05365,0.25,0
r_93,AI09175,0.25,0
r_561,AI03949,0.25,0
r_375,AI06692,0.2,0
r_673,AI06574,0.2,0
r_632,AI03360,0.2,0
r_200,AI01368,0.2,0
r_599,AI01431,0.2,0
r_12,AI03473,0.2,0
r_561,AI04009,0.2,0
r_160,AI11718,0.25,0
r_89,AI12450,0.25,0
r_566,AI00770,0.25,0
r_588,AI07327,0.2,0
r_134,AI10796,0.25,0
r_594,AI06132,0.2,0
r_588,AI05590,0.2,0
r_160,AI01478,0.25,0
r_1817,AI08237,0.5,1
r_539,AI05012,0.2,0
r_89,AI07410,0.2,0
r_200,AI03127,0.25,0
r_566,AI02990,0.25,0
r_224,AI07830,0.2,0
r_93,AI06008,0.2,0
r_200,AI11422,0.25,0
r_451,AI04878,0.2,0
r_3002,AI09434,0.5,1
r_451,AI08440,0.2,0
r_656,AI11439,0.25,0
r_673,AI08432,0.2,0
r_224,AI14195,0.25,0
r_969,AI14616,0.5,1
r_451,AI04678,0.2,0
r_969,AI06322,0.5,1
r_200,AI04964,0.25,0
r_562,AI10701,0.2,0
r_93,AI08339,0.25,0
r_594,AI00499,0.25,0
r_406,AI09880,0.25,0
r_12,AI07285,0.2,0
r_656,AI08099,0.25,0
r_1823,AI06627,0.5,1
r_539,AI02856,0.2,0
r_588,AI08980,0.25,0
r_134,AI05475,0.25,0
r_174,AI10216,0.25,0
r_224,AI08219,0.5,1
r_451,AI04698,0.2,0
r_406,AI11207,0.25,0
r_588,AI09701,0.2,0
r_111,AI05160,0.25,0
r_58,AI14324,0.2,0
r_111,AI00810,0.2,0
r_187,AI11028,0.2,0
r_174,AI03182,0.25,0
r_12,AI13173,0.2,0
r_174,AI06346,0.25,0
r_12,AI12091,0.25,0
r_673,AI12450,0.25,0
r_58,AI10516,0.2,0
r_673,AI09608,0.25,0
r_656,AI01713,0.2,0
r_503,AI14864,0.2,0
r_174,AI05326,0.25,0
r_406,AI01949,0.25,0
r_594,AI09714,0.2,0
r_539,AI00124,0.2,0
r_134,AI12174,0.25,0
r_58,AI11905,0.25,0
r_174,AI10926,0.2,0
r_539,AI01471,0.2,0
r_132,AI02387,0.2,0
r_673,AI07362,0.2,0
r_561,AI14234,0.2,0
r_406,AI06646,0.2,0
r_656,AI09710,0.2,0
r_160,AI14031,0.25,0
r_1205,AI00156,0.5,1
r_134,AI14276,0.25,0
r_224,AI03600,0.2,0
r_12,AI05351,0.2,0
r_575,AI03411,0.25,0
r_632,AI01368,0.2,0
r_656,AI01873,0.25,0
r_2299,AI11122,0.5,1
r_209,AI02889,0.2,0
r_12,AI00492,0.2,0
r_346,AI04184,0.2,0
r_375,AI11718,0.25,0
r_588,AI12926,0.25,0
r_200,AI05148,0.2,0
r_187,AI02675,0.2,0
r_575,AI13095,0.25,0
r_503,AI03408,0.25,0
r_1253,AI08237,0.5,1
r_224,AI06008,0.2,0
r_575,AI11767,0.2,0
r_134,AI12151,0.2,0
r_174,AI13741,0.25,0
r_174,AI02942,0.25,0
r_632,AI10958,0.2,0
r_174,AI04237,0.25,0
r_1774,AI03742,0.5,1
r_209,AI01934,0.2,0
r_12,AI13447,0.5,1
r_656,AI10159,0.2,0
r_539,AI07860,0.2,0
r_187,AI01709,0.2,0
r_566,AI03934,0.2,0
r_111,AI04997,0.2,0
r_588,AI09544,0.25,0
r_566,AI08100,0.25,0
r_451,AI09858,0.2,0
r_594,AI04608,0.2,0
r_132,AI14495,0.2,0
r_89,AI00284,0.25,0
r_575,AI09777,0.25,0
r_209,AI01030,0.25,0
r_174,AI10630,0.2,0
r_89,AI09402,0.2,0
r_132,AI08080,0.25,0
r_588,AI04465,0.25,0
r_594,AI01973,0.2,0
r_187,AI06175,0.25,0
r_111,AI07362,0.2,0
r_599,AI07362,0.2,0
r_539,AI12073,0.25,0
r_111,AI09565,0.25,0
r_58,AI14220,0.25,0
r_134,AI08955,0.25,0
r_406,AI14946,0.25,0
r_12,AI14346,0.25,0
r_451,AI09573,0.5,1
r_656,AI09307,0.25,0
r_503,AI14453,0.2,0
r_594,AI10143,0.2,0
r_200,AI11479,0.25,0
r_134,AI00439,0.25,0
r_562,AI08397,0.2,0
r_451,AI01159,0.25,0
r_132,AI13679,0.2,0
r_566,AI05342,0.2,0
r_594,AI00537,0.25,0
r_111,AI07113,0.25,0
r_656,AI11368,0.2,0
r_1955,AI11105,0.5,1
r_187,AI04287,0.25,0
r_89,AI14276,0.25,0
r_1154,AI09066,0.5,1
r_12,AI12212,0.2,0
r_2955,AI00886,0.5,1
r_132,AI09969,0.25,0
r_209,AI14607,0.2,0
r_503,AI09782,0.25,0
r_594,AI03478,0.2,0
r_209,AI09566,0.2,0
r_209,AI12917,0.25,0
r_89,AI12917,0.25,0
r_93,AI05573,0.25,0
r_209,AI06394,0.2,0
r_174,AI01495,0.2,0
r_632,AI14362,0.5,1
r_12,AI10305,0.2,0
r_58,AI14036,0.2,0
r_562,AI02975,0.2,0
r_3011,AI09342,0.5,1
r_134,AI14515,0.25,0
r_12,AI12833,0.25,0
r_12,AI00448,0.2,0
r_575,AI07877,0.2,0
r_174,AI13921,0.25,0
r_503,AI13493,0.25,0
r_561,AI10529,0.2,0
r_346,AI00593,0.25,0
r_599,AI02965,0.2,0
r_594,AI06304,0.25,0
r_93,AI14589,0.2,0
r_503,AI07980,0.2,0
r_89,AI10094,0.25,0
r_111,AI08013,0.2,0
r_561,AI01719,0.25,0
r_768,AI00156,0.5,1
r_561,AI07362,0.2,0
r_375,AI07423,0.25,0
r_224,AI07697,0.25,0
r_594,AI10026,0.5,1
r_2509,AI14649,0.5,1
r_12,AI07825,0.25,0
r_1811,AI10648,0.5,1
r_209,AI01777,0.2,0
r_224,AI12962,0.2,0
r_89,AI01989,0.2,0
r_599,AI09994,0.25,0
r_375,AI04262,0.2,0
r_187,AI01479,0.2,0
r_346,AI02807,0.25,0
r_575,AI11569,0.25,0
r_89,AI11168,0.25,0
r_134,AI14457,0.2,0
r_12,AI13061,0.5,1
r_561,AI04214,0.2,0
r_673,AI01488,0.2,0
r_346,AI11893,0.2,0
r_346,AI11721,0.2,0
r_3002,AI11490,0.5,1
r_451,AI03328,0.2,0
r_562,AI07113,0.25,0
r_224,AI06920,0.25,0
r_594,AI10826,0.2,0
r_599,AI10239,0.2,0
r_451,AI10704,0.2,0
r_93,AI05865,0.25,0
r_1823,AI14770,0.5,1
r_632,AI03749,0.25,0
r_200,AI12000,0.25,0
r_594,AI09827,0.2,0
r_160,AI02990,0.25,0
r_134,AI08148,0.2,0
r_594,AI01040,0.25,0
r_93,AI12741,0.25,0
r_111,AI02675,0.2,0
r_588,AI13886,0.25,0
r_1231,AI05301,0.5,1
r_673,AI12742,0.25,0
r_174,AI14918,0.25,0
r_2130,AI10238,0.5,1
r_160,AI09810,0.2,0
r_588,AI10183,0.2,0
r_224,AI10310,0.25,0
r_93,AI13629,0.2,0
r_224,AI07503,0.2,0
r_599,AI03320,0.2,0
r_575,AI13736,0.5,1
r_588,AI11358,0.25,0
r_673,AI00693,0.2,0
r_673,AI03680,0.2,0
r_673,AI02125,0.25,0
r_632,AI06995,0.25,0
r_346,AI08354,0.25,0
r_346,AI02800,0.2,0
r_134,AI00499,0.25,0
r_575,AI00913,0.25,0
r_93,AI00253,0.2,0
r_160,AI01283,0.2,0
r_632,AI08790,0.2,0
r_375,AI14303,0.25,0
r_134,AI04666,0.25,0
r_599,AI05355,0.2,0
r_209,AI13913,0.2,0
r_89,AI10718,0.25,0
r_588,AI08515,0.25,0
r_93,AI10270,0.2,0
r_588,AI04105,0.2,0
r_588,AI13985,0.25,0
r_224,AI05274,0.25,0
r_224,AI05933,0.25,0
r_2264,AI08429,0.5,1
r_588,AI11633,0.2,0
r_566,AI13558,0.2,0
r_588,AI05033,0.25,0
r_12,AI00820,0.25,0
r_632,AI13473,0.2,0
r_656,AI08701,0.25,0
r_539,AI13754,0.25,0
r_375,AI03965,0.25,0
r_503,AI05468,0.25,0
r_209,AI06796,0.2,0
r_209,AI12285,0.25,0
r_566,AI08007,0.25,0
r_539,AI14495,0.2,0
r_451,AI11285,0.25,0
r_58,AI11028,0.2,0
r_503,AI14295,0.2,0
r_12,AI14911,0.2,0
r_111,AI02988,0.25,0
r_174,AI03710,0.2,0
r_756,AI00045,0.5,1
r_562,AI12706,0.25,0
r_12,AI05529,0.2,0
r_346,AI04287,0.25,0
r_561,AI09712,0.25,0
r_160,AI02124,0.25,0
r_93,AI11032,0.2,0
r_111,AI12741,0.25,0
r_562,AI09899,0.2,0
r_224,AI01927,0.25,0
r_768,AI02466,0.5,1
r_89,AI11445,0.25,0
r_93,AI04761,0.2,0
r_187,AI05391,0.2,0
r_12,AI02739,0.25,0
r_174,AI12631,0.2,0
r_503,AI08097,0.2,0
r_58,AI00305,0.2,0
r_2509,AI10026,0.5,1
r_174,AI10661,0.25,0
r_89,AI05315,0.2,0
r_594,AI10358,0.25,0
r_673,AI05968,0.2,0
r_174,AI01621,0.25,0
r_599,AI10305,0.2,0
r_575,AI10330,0.2,0
r_132,AI11616,0.2,0
r_111,AI12559,0.2,0
r_599,AI07588,0.2,0
r_406,AI01716,0.25,0
r_656,AI10472,0.25,0
r_160,AI05365,0.25,0
r_224,AI09412,0.2,0
r_562,AI10388,0.25,0
r_132,AI09782,0.25,0
r_187,AI03082,0.25,0
r_594,AI08637,0.25,0
r_539,AI11616,0.2,0
r_562,AI07773,0.25,0
r_187,AI04100,0.25,0
r_375,AI06703,0.2,0
r_160,AI05423,0.2,0
r_209,AI06686,0.2,0
r_200,AI11643,0.25,0
r_566,AI09233,0.25,0
r_566,AI10020,0.25,0
r_656,AI14655,0.25,0
r_1426,AI08237,0.5,1
r_566,AI06195,0.25,0
r_134,AI00391,0.2,0
r_187,AI10363,0.25,0
r_539,AI12521,0.25,0
r_58,AI10020,0.25,0
r_594,AI01581,0.2,0
r_134,AI11685,0.25,0
r_575,AI08257,0.2,0
r_111,AI06461,0.2,0
r_562,AI02678,0.25,0
r_209,AI11440,0.2,0
r_200,AI06429,0.25,0
r_599,AI00644,0.2,0
r_539,AI02478,0.25,0
r_451,AI01850,0.25,0
r_632,AI14946,0.25,0
r_187,AI09014,0.25,0
r_1253,AI10587,0.5,1
r_575,AI01566,0.2,0
r_12,AI11236,0.2,0
r_58,AI09149,0.25,0
r_594,AI03260,0.25,0
r_1823,AI03654,0.5,1
r_561,AI12384,0.25,0
r_599,AI14386,0.2,0
r_562,AI12745,0.25,0
r_160,AI04262,0.2,0
r_111,AI09442,0.25,0
r_2130,AI05183,0.5,1
r_2292,AI05177,0.5,1
r_93,AI09896,0.25,0
r_566,AI05033,0.25,0
r_1961,AI05183,0.5,1
r_588,AI12715,0.25,0
r_566,AI00519,0.25,0
r_575,AI14063,0.5,1
r_93,AI05429,0.2,0
r_375,AI03082,0.25,0
r_561,AI05469,0.25,0
r_2063,AI00886,0.5,1
r_503,AI09604,0.2,0
r_134,AI07334,0.2,0
r_200,AI08237,0.5,1
r_160,AI10885,0.25,0
r_561,AI09171,0.25,0
r_1417,AI14187,0.5,1
r_89,AI14515,0.25,0
r_12,AI11936,0.2,0
r_406,AI06019,0.25,0
r_632,AI13493,0.25,0
r_2155,AI05183,0.5,1
r_539,AI14374,0.2,0
r_111,AI12930,0.25,0
r_346,AI07860,0.2,0
r_93,AI02901,0.2,0
r_58,AI08699,0.25,0
r_346,AI08997,0.25,0
r_12,AI08329,0.25,0
r_111,AI01985,0.25,0
r_451,AI11422,0.25,0
r_132,AI04105,0.2,0
r_539,AI12961,0.25,0
r_160,AI02519,0.2,0
r_160,AI06201,0.25,0
r_58,AI11484,0.25,0
r_375,AI12350,0.25,0
r_209,AI06293,0.25,0
r_187,AI10388,0.25,0
r_132,AI09382,0.25,0
r_224,AI02467,0.2,0
r_562,AI12990,0.2,0
r_566,AI03889,0.25,0
r_1197,AI02054,0.5,1
r_2895,AI05183,0.5,1
r_200,AI04184,0.2,0
r_200,AI02280,0.2,0
r_406,AI07954,0.2,0
r_134,AI00810,0.2,0
r_632,AI01431,0.2,0
r_89,AI13629,0.2,0
r_224,AI12006,0.25,0
r_160,AI04113,0.2,0
r_375,AI14388,0.25,0
r_111,AI13878,0.25,0
r_566,AI09382,0.25,0
r_134,AI07206,0.25,0
r_134,AI08519,0.2,0
r_561,AI05821,0.25,0
r_58,AI02515,0.2,0
r_451,AI12914,0.2,0
r_174,AI05194,0.25,0
r_209,AI09336,0.2,0
r_2088,AI11104,0.5,1
r_160,AI02478,0.25,0
r_209,AI10191,0.2,0
r_111,AI10342,0.2,0
r_174,AI05078,0.2,0
r_12,AI12025,0.25,0
r_656,AI05801,0.25,0
r_503,AI12559,0.2,0
r_12,AI03011,0.2,0
r_160,AI09052,0.2,0
r_503,AI00464,0.25,0
r_588,AI05131,0.2,0
r_160,AI06993,0.2,0
r_632,AI13872,0.2,0
r_594,AI03125,0.2,0
r_632,AI09941,0.25,0
r_539,AI10661,0.25,0
r_12,AI13911,0.25,0
r_346,AI14063,0.5,1
r_599,AI08458,0.25,0
r_2303,AI09573,0.5,1
r_58,AI01255,0.2,0
r_174,AI06758,0.2,0
r_224,AI06770,0.25,0
r_224,AI07297,0.25,0
r_134,AI09258,0.2,0
r_1817,AI10422,0.5,1
r_134,AI10881,0.25,0
r_451,AI08889,0.2,0
r_3011,AI02054,0.5,1
r_134,AI09183,0.2,0
r_174,AI06725,0.25,0
r_451,AI02168,0.25,0
r_599,AI09710,0.2,0
r_599,AI14164,0.25,0
r_375,AI01440,0.25,0
r_89,AI06054,0.2,0
r_503,AI02515,0.2,0
r_12,AI05651,0.5,1
r_200,AI05361,0.2,0
r_594,AI15000,0.2,0
r_346,AI12574,0.25,0
r_673,AI11350,0.25,0
r_12,AI05146,0.2,0
r_12,AI12485,0.25,0
r_566,AI13095,0.25,0
r_406,AI09137,0.25,0
r_588,AI02390,0.25,0
r_93,AI14299,0.25,0
r_2869,AI09342,0.5,1
r_375,AI01589,0.2,0
r_200,AI08533,0.2,0
r_673,AI05599,0.25,0
r_375,AI12643,0.2,0
r_451,AI03787,0.25,0
r_539,AI06715,0.2,0
r_599,AI01109,0.25,0
r_93,AI01732,0.25,0
r_539,AI12182,0.2,0
r_451,AI13475,0.25,0
r_174,AI05209,0.25,0
r_12,AI06141,0.2,0
r_111,AI01033,0.25,0
r_406,AI10704,0.2,0
r_12,AI04393,0.25,0
r_451,AI13358,0.25,0
r_89,AI07868,0.25,0
r_2716,AI03654,0.5,1
r_58,AI09669,0.2,0
r_2504,AI14362,0.5,1
r_58,AI07022,0.2,0
r_89,AI01552,0.25,0
r_160,AI11760,0.25,0
r_539,AI10212,0.25,0
r_562,AI12015,0.2,0
r_134,AI10606,0.25,0
r_187,AI02958,0.25,0
r_111,AI09894,0.2,0
r_12,AI02503,0.2,0
r_1961,AI02054,0.5,1
r_503,AI12926,0.25,0
r_187,AI11583,0.25,0
r_575,AI09442,0.25,0
r_12,AI05873,0.25,0
r_58,AI03604,0.25,0
r_451,AI11705,0.2,0
r_58,AI14296,0.2,0
r_187,AI14176,0.25,0
r_575,AI13619,0.25,0
r_174,AI02421,0.25,0
r_632,AI04105,0.2,0
r_375,AI12521,0.25,0
r_451,AI13184,0.25,0
r_200,AI14295,0.2,0
r_89,AI08363,0.2,0
r_187,AI08099,0.25,0
r_1774,AI09903,0.5,1
r_656,AI09009,0.25,0
r_539,AI11419,0.25,0
r_346,AI04562,0.2,0
r_566,AI14367,0.2,0
r_451,AI14330,0.2,0
r_12,AI01976,0.2,0
r_406,AI10880,0.25,0
r_93,AI07670,0.25,0
r_12,AI04909,0.25,0
r_539,AI00085,0.2,0
r_111,AI10023,0.2,0
r_1027,AI03072,0.5,1
r_134,AI14287,0.2,0
r_1058,AI11490,0.5,1
r_2136,AI00436,0.5,1
r_89,AI03934,0.2,0
r_134,AI01430,0.25,0
r_768,AI00007,0.5,1
r_111,AI13623,0.2,0
r_673,AI07708,0.25,0
r_58,AI01985,0.25,0
r_575,AI12688,0.25,0
r_132,AI06402,0.2,0
r_134,AI08735,0.2,0
r_132,AI08790,0.2,0
r_539,AI11751,0.2,0
r_132,AI03784,0.2,0
r_561,AI10397,0.2,0
r_209,AI10130,0.25,0
r_174,AI13738,0.2,0
r_224,AI13371,0.2,0
r_209,AI04737,0.25,0
r_562,AI09830,0.25,0
r_134,AI08354,0.25,0
r_588,AI13576,0.25,0
r_89,AI01751,0.2,0
r_2063,AI12281,0.5,1
r_562,AI09022,0.2,0
r_224,AI10886,0.2,0
r_346,AI01086,0.2,0
r_406,AI05660,0.25,0
r_562,AI12053,0.2,0
r_2489,AI11781,0.5,1
r_594,AI09544,0.25,0
r_451,AI09434,0.5,1
r_2869,AI06825,0.5,1
r_132,AI14254,0.2,0
r_134,AI12041,0.25,0
r_562,AI01673,0.2,0
r_562,AI12490,0.25,0
r_89,AI03456,0.25,0
r_132,AI00712,0.25,0
r_346,AI07429,0.25,0
r_174,AI06058,0.2,0
r_111,AI14063,0.5,1
r_2195,AI09434,0.5,1
r_709,AI10587,0.5,1
r_375,AI07685,0.25,0
r_58,AI04761,0.2,0
r_375,AI00793,0.25,0
r_58,AI01124,0.25,0
r_209,AI13734,0.25,0
r_58,AI11101,0.25,0
r_561,AI01651,0.25,0
r_111,AI01489,0.25,0
r_673,AI01846,0.2,0
r_575,AI13833,0.2,0
r_187,AI06162,0.2,0
r_89,AI14855,0.2,0
r_58,AI02345,0.25,0
r_599,AI07670,0.25,0
r_132,AI11522,0.25,0
r_632,AI11588,0.2,0
r_346,AI13606,0.25,0
r_451,AI12237,0.2,0
r_111,AI14238,0.25,0
r_375,AI06995,0.25,0
r_503,AI00050,0.2,0
r_594,AI14042,0.2,0
r_503,AI01709,0.2,0
r_561,AI12447,0.2,0
r_562,AI14029,0.25,0
r_89,AI03742,0.5,1
r_656,AI00692,0.2,0
r_346,AI11767,0.2,0
r_174,AI08417,0.25,0
r_209,AI02321,0.2,0
r_187,AI10885,0.25,0
r_503,AI05301,0.5,1
r_132,AI13606,0.25,0
r_561,AI07255,0.2,0
r_58,AI10836,0.2,0
r_224,AI10161,0.2,0
r_451,AI02562,0.25,0
r_132,AI07269,0.25,0
r_406,AI02183,0.25,0
r_539,AI01085,0.2,0
r_89,AI01547,0.2,0
r_599,AI02233,0.2,0
r_174,AI04045,0.2,0
r_594,AI04185,0.25,0
r_594,AI00129,0.25,0
r_673,AI03984,0.25,0
r_594,AI09303,0.25,0
r_134,AI09838,0.25,0
r_160,AI10015,0.25,0
r_406,AI00867,0.2,0
r_562,AI13028,0.2,0
r_58,AI07718,0.2,0
r_134,AI09671,0.25,0
r_599,AI12521,0.25,0
r_346,AI02114,0.2,0
r_132,AI01719,0.25,0
r_575,AI07838,0.25,0
r_375,AI11986,0.2,0
r_111,AI04214,0.2,0
r_561,AI00770,0.25,0
r_656,AI03310,0.2,0
r_187,AI10315,0.2,0
r_406,AI01719,0.25,0
r_594,AI01168,0.25,0
r_12,AI03139,0.25,0
r_93,AI02572,0.2,0
r_561,AI10962,0.2,0
r_12,AI00193,0.25,0
r_451,AI08018,0.2,0
r_174,AI10302,0.25,0
r_12,AI04086,0.25,0
r_12,AI11209,0.25,0
r_599,AI10508,0.25,0
r_12,AI08021,0.2,0
r_656,AI01194,0.2,0
r_503,AI04228,0.25,0
r_187,AI06879,0.2,0
r_561,AI11506,0.2,0
r_174,AI06216,0.2,0
r_588,AI11851,0.25,0
r_209,AI13964,0.25,0
r_375,AI13350,0.25,0
r_160,AI14303,0.25,0
r_406,AI07731,0.25,0
r_58,AI13464,0.2,0
r_209,AI00130,0.2,0
r_575,AI12850,0.25,0
r_673,AI04389,0.2,0
r_375,AI11207,0.25,0
r_58,AI02114,0.2,0
r_346,AI07207,0.25,0
r_132,AI14367,0.2,0
r_134,AI02630,0.25,0
r_588,AI13095,0.25,0
r_566,AI02678,0.25,0
r_200,AI09138,0.2,0
r_1417,AI09342,0.5,1
r_58,AI09969,0.25,0
r_132,AI14151,0.25,0
r_673,AI12363,0.25,0
r_594,AI01475,0.25,0
r_89,AI04013,0.25,0
r_451,AI08487,0.2,0
r_768,AI14063,0.5,1
r_503,AI08984,0.2,0
r_566,AI01821,0.2,0
r_224,AI01403,0.2,0
r_632,AI03310,0.2,0
r_451,AI14287,0.2,0
r_224,AI09487,0.2,0
r_346,AI01124,0.25,0
r_588,AI07372,0.25,0
r_632,AI06938,0.25,0
r_599,AI12278,0.2,0
r_599,AI04640,0.2,0
r_575,AI08100,0.25,0
r_656,AI09604,0.2,0
r_2173,AI05568,0.5,1
r_2509,AI11104,0.5,1
r_673,AI04541,0.2,0
r_2716,AI11104,0.5,1
r_503,AI14236,0.25,0
r_575,AI05865,0.25,0
r_209,AI03108,0.25,0
r_111,AI01709,0.2,0
r_2716,AI11725,0.5,1
r_187,AI03787,0.25,0
r_575,AI07553,0.25,0
r_451,AI04483,0.2,0
r_224,AI14993,0.25,0
r_632,AI03457,0.25,0
r_451,AI08410,0.2,0
r_632,AI02182,0.2,0
r_451,AI12927,0.25,0
r_406,AI11793,0.2,0
r_174,AI08238,0.25,0
r_134,AI03933,0.2,0
r_174,AI09256,0.25,0
r_673,AI09011,0.2,0
r_451,AI07269,0.25,0
r_673,AI04332,0.2,0
r_406,AI03322,0.25,0
r_89,AI08168,0.25,0
r_58,AI00616,0.2,0
r_224,AI00422,0.25,0
r_346,AI11827,0.25,0
r_89,AI12235,0.25,0
r_656,AI04122,0.2,0
r_134,AI11226,0.2,0
r_588,AI10315,0.2,0
r_673,AI14438,0.25,0
r_224,AI09433,0.2,0
r_673,AI08573,0.25,0
r_174,AI07863,0.2,0
r_2667,AI05177,0.5,1
r_89,AI09627,0.25,0
r_451,AI02051,0.25,0
r_174,AI02731,0.25,0
r_588,AI10743,0.2,0
r_566,AI13356,0.2,0
r_599,AI08832,0.2,0
r_89,AI10108,0.2,0
r_656,AI12386,0.25,0
r_451,AI06832,0.5,1
r_93,AI07087,0.2,0
r_561,AI04504,0.25,0
r_132,AI10621,0.25,0
r_562,AI01763,0.2,0
r_539,AI09129,0.25,0
r_632,AI00431,0.2,0
r_187,AI08980,0.25,0
r_2063,AI11725,0.5,1
r_539,AI09701,0.2,0
r_594,AI06569,0.2,0
r_134,AI04502,0.25,0
r_1058,AI06296,0.5,1
r_134,AI06500,0.25,0
r_346,AI03852,0.2,0
r_673,AI02620,0.25,0
r_406,AI05177,0.5,1
r_406,AI00002,0.2,0
r_187,AI12605,0.25,0
r_599,AI06938,0.25,0
r_12,AI00251,0.2,0
r_594,AI10457,0.5,1
r_12,AI14924,0.5,1
r_561,AI10944,0.25,0
r_575,AI00683,0.2,0
r_503,AI12640,0.2,0
r_632,AI02515,0.2,0
r_406,AI07553,0.25,0
r_132,AI08025,0.2,0
r_673,AI02432,0.25,0
r_406,AI09604,0.2,0
r_575,AI03820,0.25,0
r_93,AI02483,0.2,0
r_594,AI07173,0.25,0
r_1774,AI06627,0.5,1
r_111,AI08126,0.25,0
r_93,AI09267,0.25,0
r_451,AI11875,0.2,0
r_346,AI03158,0.25,0
r_346,AI01778,0.2,0
r_134,AI02865,0.25,0
r_187,AI13356,0.2,0
r_599,AI01216,0.2,0
r_209,AI09258,0.2,0
r_200,AI06903,0.2,0
r_58,AI04222,0.25,0
r_575,AI07758,0.25,0
r_539,AI14528,0.2,0
r_594,AI10574,0.2,0
r_673,AI09288,0.25,0
r_656,AI05073,0.2,0
r_575,AI10534,0.25,0
r_575,AI12237,0.2,0
r_111,AI02387,0.2,0
r_93,AI04648,0.25,0
r_200,AI07201,0.25,0
r_594,AI06283,0.2,0
r_111,AI09761,0.25,0
r_187,AI02390,0.25,0
r_224,AI11295,0.2,0
r_58,AI01228,0.2,0
r_187,AI13670,0.25,0
r_406,AI12350,0.25,0
r_539,AI14946,0.25,0
r_1640,AI10551,0.5,1
r_451,AI07900,0.2,0
r_224,AI01242,0.25,0
r_224,AI03920,0.2,0
r_656,AI05431,0.2,0
r_406,AI08100,0.25,0
r_174,AI02864,0.2,0
r_451,AI05108,0.2,0
r_709,AI11781,0.5,1
r_58,AI02675,0.2,0
r_1724,AI11748,0.5,1
r_562,AI14881,0.25,0
r_12,AI10922,0.2,0
r_1417,AI06825,0.5,1
r_1154,AI11748,0.5,1
r_209,AI14603,0.2,0
r_12,AI12149,0.25,0
r_346,AI12366,0.2,0
r_632,AI05799,0.25,0
r_503,AI13350,0.25,0
r_575,AI14036,0.2,0
r_58,AI08257,0.2,0
r_2955,AI03742,0.5,1
r_2173,AI11755,0.5,1
r_174,AI06615,0.25,0
r_632,AI14495,0.2,0
r_93,AI12839,0.25,0
r_2136,AI10768,0.5,1
r_656,AI10371,0.25,0
r_566,AI08840,0.25,0
r_200,AI06527,0.25,0
r_58,AI06589,0.25,0
r_539,AI11101,0.25,0
r_594,AI01211,0.25,0
r_93,AI03042,0.2,0
r_2602,AI10995,0.5,1
r_656,AI12532,0.2,0
r_451,AI13297,0.25,0
r_451,AI14881,0.25,0
r_111,AI11270,0.2,0
r_588,AI03995,0.2,0
r_539,AI12386,0.25,0
r_2603,AI02054,0.5,1
r_575,AI00974,0.25,0
r_174,AI08433,0.2,0
r_209,AI05539,0.2,0
r_89,AI07119,0.25,0
r_2264,AI05183,0.5,1
r_209,AI12005,0.25,0
r_561,AI02584,0.2,0
r_656,AI03139,0.25,0
r_174,AI00220,0.2,0
r_174,AI12184,0.2,0
r_209,AI03473,0.2,0
r_134,AI02034,0.2,0
r_1741,AI10551,0.5,1
r_160,AI01873,0.25,0
r_2857,AI14781,0.5,1
r_632,AI02539,0.25,0
r_224,AI01310,0.2,0
r_111,AI11507,0.25,0
r_575,AI01565,0.25,0
r_132,AI12766,0.2,0
r_12,AI08256,0.2,0
r_89,AI07592,0.25,0
r_503,AI09614,0.2,0
r_174,AI01185,0.25,0
r_451,AI00770,0.25,0
r_406,AI02280,0.2,0
r_566,AI01763,0.2,0
r_503,AI14500,0.25,0
r_160,AI01233,0.25,0
r_539,AI01500,0.25,0
r_58,AI14779,0.2,0
r_503,AI08085,0.2,0
r_93,AI04247,0.25,0
r_58,AI05163,0.2,0
r_93,AI07663,0.25,0
r_561,AI12362,0.2,0
r_562,AI11525,0.25,0
r_1955,AI11970,0.5,1
r_132,AI05867,0.2,0
r_503,AI00366,0.25,0
r_539,AI13374,0.25,0
r_562,AI02350,0.25,0
r_187,AI00777,0.2,0
r_375,AI14648,0.2,0
r_346,AI12754,0.2,0
r_599,AI01173,0.25,0
r_566,AI14324,0.2,0
r_111,AI12212,0.2,0
r_588,AI14733,0.2,0
r_566,AI04113,0.2,0
r_681,AI12950,0.5,1
r_187,AI13184,0.25,0
r_93,AI08257,0.2,0
r_134,AI09508,0.25,0
r_539,AI09272,0.25,0
r_209,AI10791,0.25,0
r_93,AI03424,0.25,0
r_575,AI05799,0.25,0
r_174,AI02594,0.2,0
r_503,AI12077,0.25,0
r_2235,AI04200,0.5,1
r_575,AI14388,0.25,0
r_562,AI10820,0.25,0
r_2155,AI10587,0.5,1
r_503,AI05129,0.25,0
r_111,AI04430,0.25,0
r_174,AI02567,0.25,0
r_93,AI10962,0.2,0
r_375,AI08100,0.25,0
r_58,AI05209,0.25,0
r_656,AI12424,0.2,0
r_200,AI03887,0.2,0
r_994,AI06825,0.5,1
r_346,AI05174,0.2,0
r_562,AI01488,0.2,0
r_2284,AI11781,0.5,1
r_346,AI14029,0.25,0
r_1811,AI09434,0.5,1
r_566,AI10209,0.2,0
r_12,AI11521,0.2,0
r_539,AI02280,0.2,0
r_12,AI05433,0.2,0
r_187,AI02182,0.2,0
r_561,AI13935,0.2,0
r_792,AI08383,0.5,1
r_58,AI07949,0.25,0
r_2602,AI13061,0.5,1
r_160,AI14238,0.25,0
r_632,AI02474,0.25,0
r_111,AI04122,0.2,0
r_562,AI11502,0.25,0
r_594,AI10173,0.2,0
r_599,AI02467,0.2,0
r_111,AI05163,0.2,0
r_2489,AI09066,0.5,1
r_111,AI13255,0.25,0
r_566,AI10346,0.25,0
r_566,AI03155,0.2,0
r_566,AI07022,0.2,0
r_134,AI01061,0.25,0
r_594,AI10456,0.2,0
r_1261,AI09286,0.5,1
r_588,AI02931,0.25,0
r_406,AI03641,0.2,0
r_656,AI05006,0.2,0
r_539,AI07362,0.2,0
r_594,AI12043,0.2,0
r_451,AI03483,0.25,0
r_58,AI00274,0.2,0
r_93,AI04098,0.2,0
r_709,AI10648,0.5,1
r_93,AI06090,0.2,0
r_134,AI10486,0.25,0
r_93,AI09382,0.25,0
r_209,AI14267,0.2,0
r_209,AI04888,0.2,0
r_406,AI02299,0.25,0
r_561,AI12930,0.25,0
r_58,AI04640,0.2,0
r_561,AI00910,0.25,0
r_58,AI03641,0.2,0
r_673,AI04632,0.5,1
r_93,AI01673,0.2,0
r_209,AI03101,0.25,0
r_174,AI03932,0.25,0
r_134,AI13918,0.25,0
r_594,AI04585,0.2,0
r_562,AI04277,0.2,0
r_200,AI00124,0.2,0
r_224,AI09714,0.2,0
r_561,AI07161,0.25,0
r_451,AI11751,0.2,0
r_209,AI12686,0.25,0
r_588,AI02051,0.25,0
r_1253,AI03072,0.5,1
r_89,AI00140,0.25,0
r_160,AI06949,0.2,0
r_58,AI14445,0.2,0
r_594,AI03594,0.25,0
r_594,AI12726,0.25,0
r_58,AI07864,0.2,0
r_134,AI02579,0.25,0
r_594,AI03596,0.2,0
r_562,AI05187,0.25,0
r_3011,AI04200,0.5,1
r_561,AI07414,0.25,0
r_539,AI04679,0.25,0
r_566,AI10305,0.2,0
r_132,AI10561,0.25,0
r_12,AI12151,0.2,0
r_58,AI12706,0.25,0
r_209,AI02343,0.25,0
r_632,AI14751,0.2,0
r_111,AI14151,0.25,0
r_656,AI12077,0.25,0
r_375,AI06832,0.5,1
r_2292,AI01360,0.5,1
r_588,AI04648,0.25,0
r_2857,AI10768,0.5,1
r_12,AI14282,0.25,0
r_594,AI05820,0.25,0
r_756,AI06296,0.5,1
r_174,AI03757,0.2,0
r_1955,AI05612,0.5,1
r_656,AI12706,0.25,0
r_1261,AI07230,0.5,1
r_566,AI00913,0.25,0
r_539,AI13316,0.25,0
r_656,AI08339,0.25,0
r_539,AI10270,0.2,0
r_12,AI08496,0.25,0
r_58,AI02654,0.25,0
r_2366,AI00007,0.5,1
r_594,AI08483,0.25,0
r_632,AI03207,0.25,0
r_562,AI00365,0.2,0
r_599,AI04190,0.2,0
r_594,AI04123,0.25,0
r_1253,AI06825,0.5,1
r_503,AI10938,0.2,0
r_575,AI07453,0.25,0
r_539,AI00172,0.2,0
r_93,AI14768,0.25,0
r_632,AI07453,0.25,0
r_632,AI09943,0.2,0
r_174,AI11369,0.25,0
r_160,AI00274,0.2,0
r_562,AI03887,0.2,0
r_561,AI09383,0.25,0
r_93,AI02182,0.2,0
r_756,AI09066,0.5,1
r_673,AI05231,0.2,0
r_132,AI09737,0.2,0
r_656,AI02931,0.25,0
r_89,AI01422,0.2,0
r_187,AI10979,0.25,0
r_209,AI11683,0.2,0
r_132,AI14961,0.2,0
r_187,AI10799,0.25,0
r_406,AI03958,0.2,0
r_209,AI05334,0.25,0
r_132,AI14402,0.2,0
r_111,AI14295,0.2,0
r_187,AI10534,0.25,0
r_187,AI05480,0.2,0
r_1058,AI14187,0.5,1
r_209,AI10568,0.25,0
r_561,AI10822,0.2,0
r_224,AI03440,0.25,0
r_187,AI11439,0.25,0
r_132,AI08533,0.2,0
r_451,AI12604,0.25,0
r_12,AI08637,0.25,0
r_562,AI06758,0.2,0
r_58,AI04997,0.2,0
r_224,AI11471,0.2,0
r_224,AI03746,0.2,0
r_224,AI12567,0.25,0
r_406,AI12237,0.2,0
r_375,AI08508,0.2,0
r_632,AI09014,0.25,0
r_187,AI09953,0.25,0
r_2955,AI11105,0.5,1
r_594,AI03106,0.2,0
r_58,AI02292,0.2,0
r_134,AI00258,0.2,0
r_2195,AI08237,0.5,1
r_58,AI09272,0.25,0
r_539,AI11246,0.25,0
r_93,AI03949,0.25,0
r_1773,AI08237,0.5,1
r_632,AI09810,0.2,0
r_111,AI05531,0.25,0
r_1828,AI12760,0.5,1
r_93,AI03360,0.2,0
r_594,AI12842,0.25,0
r_575,AI09807,0.2,0
r_566,AI09710,0.2,0
r_2603,AI07230,0.5,1
r_673,AI03888,0.25,0
r_566,AI02673,0.25,0
r_575,AI09030,0.25,0
r_673,AI01621,0.25,0
r_561,AI08182,0.25,0
r_12,AI12788,0.2,0
r_599,AI11477,0.25,0
r_575,AI12182,0.2,0
r_111,AI10239,0.2,0
r_111,AI02901,0.2,0
r_632,AI00810,0.2,0
r_566,AI14333,0.2,0
r_224,AI01444,0.2,0
r_174,AI04632,0.5,1
r_562,AI05798,0.25,0
r_594,AI02617,0.25,0
r_111,AI06230,0.25,0
r_187,AI03604,0.25,0
r_224,AI09021,0.25,0
r_1952,AI09286,0.5,1
r_2869,AI00007,0.5,1
r_566,AI13531,0.25,0
r_174,AI06970,0.25,0
r_632,AI12914,0.2,0
r_2922,AI09573,0.5,1
r_200,AI02182,0.2,0
r_209,AI14346,0.25,0
r_588,AI01930,0.25,0
r_187,AI12521,0.25,0
r_562,AI06749,0.25,0
r_134,AI06867,0.25,0
r_58,AI13785,0.2,0
r_174,AI10558,0.2,0
r_134,AI07277,0.2,0
r_656,AI13606,0.25,0
r_200,AI04345,0.25,0
r_575,AI05866,0.25,0
r_632,AI04578,0.2,0
r_12,AI00425,0.2,0
r_134,AI06610,0.25,0
r_209,AI06613,0.25,0
r_2155,AI06832,0.5,1
r_656,AI10979,0.25,0
r_503,AI06204,0.2,0
r_93,AI07362,0.2,0
r_575,AI13184,0.25,0
r_792,AI12760,0.5,1
r_562,AI02212,0.2,0
r_539,AI07952,0.2,0
r_566,AI06107,0.25,0
r_89,AI13279,0.2,0
r_561,AI03158,0.25,0
r_58,AI01838,0.25,0
r_406,AI10342,0.2,0
r_209,AI01860,0.2,0
r_160,AI14699,0.2,0
r_575,AI05439,0.2,0
r_200,AI10561,0.25,0
r_406,AI07410,0.2,0
r_561,AI02510,0.25,0
r_58,AI01325,0.25,0
r_594,AI09288,0.25,0
r_89,AI01581,0.2,0
r_89,AI08637,0.25,0
r_160,AI10979,0.25,0
r_2303,AI10648,0.5,1
r_132,AI08819,0.2,0
r_174,AI04613,0.2,0
r_561,AI11358,0.25,0
r_93,AI09394,0.2,0
r_632,AI14086,0.2,0
r_187,AI07588,0.2,0
r_89,AI00694,0.25,0
r_588,AI12000,0.25,0
r_588,AI08013,0.2,0
r_93,AI08013,0.2,0
r_588,AI05518,0.2,0
r_346,AI05518,0.2,0
r_200,AI14881,0.25,0
r_539,AI12288,0.2,0
r_566,AI00777,0.2,0
r_93,AI11439,0.25,0
r_224,AI08496,0.25,0
r_566,AI04105,0.2,0
r_594,AI11171,0.25,0
r_12,AI06150,0.2,0
r_89,AI12212,0.2,0
r_539,AI00683,0.2,0
r_575,AI03207,0.25,0
r_346,AI11089,0.25,0
r_12,AI13789,0.25,0
r_588,AI10301,0.25,0
r_187,AI10422,0.5,1
r_2088,AI05724,0.5,1
r_2063,AI14924,0.5,1
r_12,AI04238,0.25,0
r_174,AI02514,0.25,0
r_174,AI02880,0.2,0
r_503,AI12350,0.25,0
r_575,AI06811,0.2,0
r_2504,AI11781,0.5,1
r_12,AI00609,0.2,0
r_566,AI14927,0.2,0
r_200,AI12723,0.2,0
r_209,AI01868,0.2,0
r_200,AI02754,0.25,0
r_174,AI05627,0.2,0
r_209,AI10475,0.2,0
r_160,AI14330,0.2,0
r_174,AI14192,0.2,0
r_632,AI00616,0.2,0
r_174,AI01521,0.25,0
r_539,AI06527,0.25,0
r_996,AI07230,0.5,1
r_566,AI12164,0.2,0
r_375,AI09192,0.2,0
r_451,AI07201,0.25,0
r_566,AI10828,0.2,0
r_566,AI12745,0.25,0
r_12,AI06088,0.2,0
r_673,AI07678,0.2,0
r_562,AI02942,0.25,0
r_132,AI10276,0.25,0
r_375,AI11471,0.2,0
r_709,AI08237,0.5,1
r_566,AI12715,0.25,0
r_209,AI08616,0.25,0
r_656,AI13512,0.25,0
r_588,AI02098,0.2,0
r_209,AI09442,0.25,0
r_539,AI10709,0.25,0
r_994,AI01360,0.5,1
r_566,AI04214,0.2,0
r_673,AI03933,0.2,0
r_187,AI06753,0.25,0
r_89,AI12880,0.2,0
r_632,AI08397,0.2,0
r_209,AI04901,0.25,0
r_111,AI14169,0.25,0
r_134,AI05743,0.2,0
r_375,AI13512,0.25,0
r_575,AI09604,0.2,0
r_656,AI08875,0.2,0
r_174,AI07081,0.2,0
r_93,AI04640,0.2,0
r_346,AI00194,0.25,0
r_58,AI11633,0.2,0
r_346,AI11354,0.2,0
r_673,AI10757,0.2,0
r_58,AI13374,0.25,0
r_134,AI10080,0.2,0
r_174,AI03919,0.25,0
r_58,AI09354,0.25,0
r_187,AI09408,0.2,0
r_632,AI11485,0.2,0
r_588,AI04029,0.25,0
r_575,AI06773,0.2,0
r_93,AI02098,0.2,0
r_58,AI03448,0.25,0
r_89,AI08054,0.2,0
r_632,AI13184,0.25,0
r_562,AI09272,0.25,0
r_58,AI06429,0.25,0
r_209,AI05483,0.2,0
r_588,AI08278,0.25,0
r_406,AI09804,0.25,0
r_160,AI03816,0.25,0
r_134,AI09357,0.2,0
r_673,AI12745,0.25,0
r_539,AI00867,0.2,0
r_599,AI06238,0.25,0
r_93,AI12783,0.25,0
r_93,AI01949,0.25,0
r_562,AI01541,0.25,0
r_93,AI05744,0.2,0
r_594,AI08149,0.2,0
r_632,AI13386,0.25,0
r_375,AI06911,0.25,0
r_561,AI03009,0.2,0
r_12,AI03575,0.2,0
r_963,AI05301,0.5,1
r_58,AI14238,0.25,0
r_2303,AI05177,0.5,1
r_209,AI04174,0.25,0
r_1955,AI01770,0.5,1
r_632,AI03483,0.25,0
r_346,AI05006,0.2,0
r_2303,AI11959,0.5,1
r_111,AI01604,0.2,0
r_93,AI09436,0.2,0
r_539,AI12184,0.2,0
r_209,AI01180,0.25,0
r_2235,AI00007,0.5,1
r_134,AI07637,0.2,0
r_599,AI06855,0.25,0
r_562,AI11089,0.25,0
r_406,AI14957,0.25,0
r_93,AI05988,0.2,0
r_134,AI09627,0.25,0
r_656,AI00365,0.2,0
r_187,AI10906,0.25,0
r_503,AI02161,0.2,0
r_656,AI11051,0.25,0
r_599,AI08984,0.2,0
r_134,AI06132,0.2,0
r_656,AI05865,0.25,0
r_132,AI00045,0.5,1
r_209,AI01972,0.25,0
r_209,AI02783,0.2,0
r_346,AI09619,0.2,0
r_588,AI01162,0.2,0
r_561,AI09714,0.2,0
r_174,AI08597,0.25,0
r_12,AI14650,0.25,0
r_673,AI11156,0.25,0
r_575,AI06527,0.25,0
r_632,AI10315,0.2,0
r_134,AI13656,0.25,0
r_12,AI04098,0.2,0
r_160,AI14787,0.25,0
r_375,AI07336,0.2,0
r_588,AI09869,0.2,0
r_346,AI14339,0.2,0
r_200,AI13358,0.25,0
r_632,AI03319,0.25,0
r_503,AI00063,0.25,0
r_346,AI01478,0.25,0
r_187,AI06749,0.25,0
r_588,AI07362,0.2,0
r_93,AI09434,0.5,1
r_224,AI04370,0.25,0
r_209,AI02521,0.25,0
r_599,AI01044,0.2,0
r_160,AI10661,0.25,0
r_562,AI01482,0.2,0
r_681,AI06694,0.5,1
r_451,AI10944,0.25,0
r_134,AI09876,0.25,0
r_566,AI06684,0.2,0
r_594,AI11742,0.2,0
r_134,AI06803,0.25,0
r_93,AI05355,0.2,0
r_503,AI04465,0.25,0
r_93,AI05481,0.2,0
r_594,AI05475,0.25,0
r_561,AI12152,0.2,0
r_632,AI06402,0.2,0
r_209,AI01834,0.2,0
r_2848,AI05183,0.5,1
r_12,AI04904,0.2,0
r_111,AI06911,0.25,0
r_160,AI07327,0.2,0
r_656,AI09476,0.25,0
r_58,AI07838,0.25,0
r_575,AI10880,0.25,0
r_594,AI01087,0.2,0
r_209,AI14734,0.25,0
r_224,AI03449,0.25,0
r_224,AI14369,0.2,0
r_1027,AI02054,0.5,1
r_503,AI09286,0.5,1
r_673,AI13607,0.2,0
r_599,AI04091,0.25,0
r_656,AI06703,0.2,0
r_656,AI10944,0.25,0
r_562,AI08508,0.2,0
r_200,AI06874,0.25,0
r_451,AI13670,0.25,0
r_566,AI13619,0.25,0
r_599,AI06350,0.25,0
r_599,AI01489,0.25,0
r_134,AI08188,0.2,0
r_224,AI13915,0.25,0
r_656,AI03033,0.2,0
r_2716,AI05106,0.5,1
r_111,AI00820,0.25,0
r_132,AI00777,0.2,0
r_375,AI06784,0.25,0
r_224,AI14855,0.2,0
r_174,AI12958,0.2,0
r_575,AI06136,0.25,0
r_93,AI14653,0.25,0
r_594,AI09015,0.2,0
r_209,AI04585,0.2,0
r_503,AI07660,0.25,0
r_561,AI00183,0.25,0
r_224,AI00258,0.2,0
r_224,AI07443,0.2,0
r_346,AI11985,0.25,0
r_575,AI10809,0.2,0
r_58,AI00569,0.25,0
r_2937,AI13162,0.5,1
r_209,AI13356,0.2,0
r_588,AI01888,0.2,0
r_200,AI00692,0.2,0
r_1640,AI06832,0.5,1
r_562,AI06171,0.2,0
r_224,AI13050,0.2,0
r_111,AI06879,0.2,0
r_187,AI14187,0.5,1
r_2927,AI11105,0.5,1
r_187,AI01431,0.2,0
r_562,AI09566,0.2,0
r_89,AI01358,0.25,0
r_503,AI05923,0.2,0
r_539,AI05933,0.25,0
r_632,AI12754,0.2,0
r_89,AI13795,0.25,0
r_588,AI13531,0.25,0
r_561,AI11600,0.2,0
r_656,AI10239,0.2,0
r_588,AI01643,0.2,0
r_575,AI13495,0.25,0
r_209,AI14708,0.25,0
r_93,AI09717,0.2,0
r_588,AI06911,0.25,0
r_566,AI05481,0.2,0
r_160,AI00990,0.25,0
r_132,AI07832,0.25,0
r_134,AI04542,0.2,0
r_160,AI01604,0.2,0
r_1741,AI02466,0.5,1
r_451,AI08652,0.25,0
r_209,AI09899,0.2,0
r_160,AI03127,0.25,0
r_588,AI03448,0.25,0
r_134,AI05798,0.25,0
r_346,AI05807,0.2,0
r_111,AI06784,0.25,0
r_346,AI03770,0.25,0
r_174,AI07266,0.25,0
r_566,AI09671,0.25,0
r_2955,AI10995,0.5,1
r_346,AI10720,0.25,0
r_561,AI01814,0.2,0
r_200,AI14714,0.2,0
r_134,AI14323,0.25,0
r_1531,AI03742,0.5,1
r_224,AI03561,0.25,0
r_2489,AI00156,0.5,1
r_406,AI10809,0.2,0
r_451,AI10919,0.2,0
r_2937,AI06627,0.5,1
r_503,AI14787,0.25,0
r_209,AI04800,0.2,0
r_673,AI01222,0.2,0
r_93,AI00990,0.25,0
r_132,AI00238,0.2,0
r_539,AI14234,0.2,0
r_566,AI08237,0.5,1
r_561,AI14335,0.2,0
r_575,AI08706,0.25,0
r_174,AI11010,0.25,0
r_174,AI01253,0.25,0
r_58,AI14792,0.2,0
r_566,AI08246,0.25,0
r_346,AI01109,0.25,0
r_111,AI13101,0.25,0
r_406,AI14187,0.5,1
r_588,AI02942,0.25,0
r_58,AI03787,0.25,0
r_588,AI10291,0.25,0
r_594,AI04109,0.2,0
r_561,AI14495,0.2,0
r_588,AI07753,0.2,0
r_561,AI12981,0.2,0
r_89,AI02929,0.2,0
r_588,AI11051,0.25,0
r_588,AI12803,0.25,0
r_561,AI13785,0.2,0
r_656,AI02021,0.25,0
r_539,AI13908,0.25,0
r_89,AI07206,0.25,0
r_632,AI00553,0.2,0
r_209,AI01482,0.2,0
r_89,AI02503,0.2,0
r_132,AI05831,0.25,0
r_632,AI14061,0.2,0
r_656,AI14238,0.25,0
r_503,AI03358,0.2,0
r_503,AI01786,0.25,0
r_160,AI12511,0.25,0
r_588,AI08916,0.25,0
r_58,AI12179,0.25,0
r_561,AI10958,0.2,0
r_632,AI00194,0.25,0
r_632,AI08531,0.2,0
r_599,AI05376,0.25,0
r_451,AI03319,0.25,0
r_174,AI11055,0.25,0
r_2922,AI02466,0.5,1
r_89,AI02152,0.25,0
r_160,AI02299,0.25,0
r_93,AI12152,0.2,0
r_134,AI11438,0.2,0
r_562,AI07453,0.25,0
r_89,AI14670,0.2,0
r_451,AI08644,0.25,0
r_539,AI02387,0.2,0
r_134,AI04256,0.2,0
r_1231,AI06825,0.5,1
r_209,AI04379,0.2,0
r_224,AI01156,0.2,0
r_160,AI11328,0.2,0
r_599,AI09807,0.2,0
r_93,AI10880,0.25,0
r_656,AI05480,0.2,0
r_12,AI01933,0.2,0
r_12,AI01249,0.25,0
r_160,AI03950,0.25,0
r_224,AI06803,0.25,0
r_134,AI13979,0.2,0
r_134,AI02903,0.2,0
r_187,AI11748,0.5,1
r_200,AI09342,0.5,1
r_566,AI07087,0.2,0
r_2303,AI13736,0.5,1
r_566,AI03795,0.25,0
r_562,AI09382,0.25,0
r_562,AI14167,0.2,0
r_599,AI11376,0.2,0
r_12,AI05743,0.2,0
r_134,AI12780,0.5,1
r_575,AI07181,0.25,0
r_588,AI07402,0.2,0
r_346,AI08025,0.2,0
r_539,AI07463,0.25,0
r_132,AI05426,0.2,0
r_12,AI03052,0.2,0
r_406,AI04327,0.25,0
r_134,AI08370,0.2,0
r_503,AI03712,0.25,0
r_111,AI10545,0.2,0
r_503,AI09458,0.2,0
r_575,AI02378,0.25,0
r_134,AI12842,0.25,0
r_963,AI00045,0.5,1
r_561,AI13101,0.25,0
r_561,AI10239,0.2,0
r_806,AI10026,0.5,1
r_561,AI03033,0.2,0
r_160,AI13321,0.25,0
r_375,AI06143,0.2,0
r_575,AI04578,0.2,0
r_1568,AI05177,0.5,1
r_1724,AI11212,0.5,1
r_93,AI02965,0.2,0
r_224,AI11197,0.25,0
r_451,AI10661,0.25,0
r_406,AI06201,0.25,0
r_174,AI13431,0.2,0
r_200,AI05891,0.25,0
r_209,AI09319,0.2,0
r_451,AI02438,0.2,0
r_562,AI06407,0.2,0
r_566,AI14562,0.2,0
r_594,AI14282,0.25,0
r_575,AI06784,0.25,0
r_200,AI10906,0.25,0
r_406,AI05131,0.2,0
r_174,AI01184,0.2,0
r_656,AI14352,0.25,0
r_89,AI11894,0.2,0
r_200,AI13342,0.2,0
r_187,AI09233,0.25,0
r_1773,AI11122,0.5,1
r_224,AI12513,0.25,0
r_174,AI07445,0.2,0
r_160,AI05429,0.2,0
r_12,AI07042,0.2,0
r_562,AI00717,0.25,0
r_996,AI09286,0.5,1
r_209,AI07656,0.2,0
r_58,AI09216,0.25,0
r_375,AI07674,0.25,0
r_561,AI05388,0.25,0
r_1551,AI11122,0.5,1
r_209,AI11290,0.25,0
r_566,AI04994,0.2,0
r_561,AI05772,0.25,0
r_566,AI11490,0.5,1
r_594,AI09337,0.25,0
r_599,AI07293,0.25,0
r_375,AI02430,0.25,0
r_209,AI04563,0.25,0
r_174,AI08836,0.2,0
r_451,AI03155,0.2,0
r_89,AI04066,0.2,0
r_89,AI09496,0.25,0
r_58,AI10257,0.25,0
r_561,AI04878,0.2,0
r_2716,AI02869,0.5,1
r_594,AI07005,0.25,0
r_174,AI14582,0.2,0
r_111,AI11050,0.2,0
r_594,AI11939,0.25,0
r_566,AI13197,0.25,0
r_539,AI14849,0.25,0
r_566,AI12784,0.2,0
r_575,AI07900,0.2,0
r_174,AI00031,0.2,0
r_200,AI13334,0.2,0
r_132,AI11718,0.25,0
r_134,AI09921,0.2,0
r_209,AI02729,0.2,0
r_187,AI04222,0.25,0
r_588,AI05531,0.25,0
r_594,AI07827,0.25,0
r_562,AI13356,0.2,0
r_187,AI10702,0.2,0
r_346,AI10938,0.2,0
r_451,AI12424,0.2,0
r_134,AI01790,0.2,0
r_588,AI09714,0.2,0
r_187,AI10439,0.25,0
r_539,AI14296,0.2,0
r_346,AI10463,0.25,0
r_58,AI14653,0.25,0
r_566,AI13878,0.25,0
r_89,AI04471,0.2,0
r_2063,AI03742,0.5,1
r_673,AI04150,0.25,0
r_1549,AI00007,0.5,1
r_93,AI08237,0.5,1
r_200,AI06921,0.2,0
r_12,AI12917,0.25,0
r_375,AI10209,0.2,0
r_12,AI04127,0.2,0
r_187,AI14733,0.2,0
r_174,AI00025,0.2,0
r_111,AI10958,0.2,0
r_200,AI09442,0.25,0
r_134,AI13627,0.2,0
r_174,AI00727,0.2,0
r_111,AI10330,0.2,0
r_93,AI03484,0.2,0
r_174,AI08983,0.25,0
r_539,AI02572,0.2,0
r_200,AI12015,0.2,0
r_656,AI02654,0.25,0
r_406,AI12697,0.25,0
r_1774,AI01653,0.5,1
r_599,AI09737,0.2,0
r_656,AI04970,0.25,0
r_209,AI02012,0.2,0
r_174,AI07822,0.25,0
r_562,AI13493,0.25,0
r_93,AI12034,0.25,0
r_656,AI00793,0.25,0
r_160,AI05573,0.25,0
r_562,AI05631,0.2,0
r_503,AI14655,0.25,0
r_134,AI01422,0.2,0
r_93,AI01731,0.2,0
r_200,AI12125,0.25,0
r_111,AI03408,0.25,0
r_768,AI13736,0.5,1
r_89,AI02516,0.25,0
r_588,AI00946,0.25,0
r_406,AI04247,0.25,0
r_539,AI03161,0.2,0
r_224,AI02071,0.2,0
r_562,AI14441,0.25,0
r_575,AI13436,0.25,0
r_451,AI14374,0.2,0
r_594,AI05749,0.25,0
r_406,AI08473,0.25,0
r_594,AI08756,0.25,0
r_160,AI10291,0.25,0
r_12,AI03814,0.2,0
r_160,AI06162,0.2,0
r_994,AI10551,0.5,1
r_406,AI02387,0.2,0
r_111,AI14849,0.25,0
r_673,AI07960,0.2,0
r_2509,AI09903,0.5,1
r_503,AI11553,0.2,0
r_134,AI03615,0.2,0
r_539,AI11525,0.25,0
r_134,AI10008,0.25,0
r_632,AI05623,0.2,0
r_224,AI00775,0.2,0
r_224,AI10769,0.25,0
r_503,AI03119,0.25,0
r_224,AI03315,0.2,0
r_575,AI02590,0.25,0
r_209,AI09343,0.25,0
r_132,AI05073,0.2,0
r_58,AI06753,0.25,0
r_209,AI06884,0.2,0
r_111,AI13679,0.2,0
r_673,AI06546,0.5,1
r_200,AI06821,0.25,0
r_160,AI12995,0.2,0
r_200,AI01821,0.2,0
r_599,AI02931,0.25,0
r_200,AI11747,0.2,0
r_12,AI08401,0.2,0
r_673,AI14393,0.25,0
r_503,AI04562,0.2,0
r_566,AI14287,0.2,0
r_562,AI10826,0.2,0
r_132,AI01821,0.2,0
r_673,AI12833,0.25,0
r_503,AI09398,0.25,0
r_200,AI13165,0.2,0
r_174,AI00181,0.25,0
r_3002,AI08429,0.5,1
r_132,AI02378,0.25,0
r_503,AI07877,0.2,0
r_1828,AI11959,0.5,1
r_561,AI09655,0.2,0
r_599,AI13255,0.25,0
r_93,AI06869,0.25,0
r_656,AI03484,0.2,0
r_575,AI10272,0.25,0
r_58,AI12981,0.2,0
r_575,AI08780,0.25,0
r_12,AI08967,0.25,0
r_632,AI14562,0.2,0
r_224,AI07048,0.2,0
r_1205,AI11122,0.5,1
r_2195,AI04200,0.5,1
r_160,AI06308,0.2,0
r_2264,AI11122,0.5,1
r_132,AI10859,0.25,0
r_2366,AI05568,0.5,1
r_566,AI05990,0.2,0
r_375,AI13386,0.25,0
r_2716,AI06627,0.5,1
r_12,AI04730,0.2,0
r_594,AI05754,0.2,0
r_93,AI07372,0.25,0
r_134,AI11381,0.2,0
r_187,AI09830,0.25,0
r_160,AI06156,0.2,0
r_561,AI01985,0.25,0
r_160,AI09355,0.25,0
r_160,AI13334,0.2,0
r_575,AI07718,0.2,0
r_132,AI09458,0.2,0
r_562,AI07578,0.2,0
r_566,AI08195,0.2,0
r_575,AI12604,0.25,0
r_134,AI11006,0.25,0
r_160,AI00270,0.2,0
r_12,AI04721,0.25,0
r_406,AI14390,0.25,0
r_539,AI06762,0.2,0
r_451,AI05391,0.2,0
r_673,AI00116,0.25,0
r_656,AI03483,0.25,0
r_566,AI05754,0.2,0
r_12,AI09824,0.2,0
r_209,AI08401,0.2,0
r_632,AI13321,0.25,0
r_346,AI00007,0.5,1
r_406,AI14594,0.25,0
r_566,AI12741,0.25,0
r_562,AI12447,0.2,0
r_656,AI00593,0.25,0
r_174,AI06490,0.2,0
r_1549,AI09286,0.5,1
r_89,AI05295,0.25,0
r_566,AI02350,0.25,0
r_58,AI14464,0.2,0
r_93,AI00974,0.25,0
r_89,AI12005,0.25,0
r_187,AI00002,0.2,0
r_209,AI05998,0.2,0
r_134,AI10499,0.2,0
r_111,AI05350,0.25,0
r_200,AI09955,0.2,0
r_561,AI01253,0.25,0
r_539,AI02958,0.25,0
r_375,AI10472,0.25,0
r_503,AI00327,0.25,0
r_187,AI06527,0.25,0
r_174,AI02002,0.25,0
r_132,AI01228,0.2,0
r_174,AI05566,0.2,0
r_561,AI07555,0.2,0
r_93,AI10235,0.2,0
r_673,AI01385,0.25,0
r_93,AI00683,0.2,0
r_562,AI10743,0.2,0
r_599,AI09435,0.25,0
r_224,AI07260,0.25,0
r_346,AI06019,0.25,0
r_12,AI00936,0.2,0
r_561,AI01360,0.5,1
r_406,AI02040,0.25,0
r_132,AI09669,0.2,0
r_132,AI10704,0.2,0
r_539,AI08013,0.2,0
r_187,AI13374,0.25,0
r_209,AI11894,0.2,0
r_375,AI02378,0.25,0
r_209,AI02802,0.25,0
r_160,AI13000,0.2,0
r_346,AI04678,0.2,0
r_134,AI02869,0.5,1
r_594,AI10161,0.2,0
r_594,AI06806,0.2,0
r_588,AI10020,0.25,0
r_588,AI14775,0.25,0
r_1253,AI00156,0.5,1
r_58,AI07410,0.2,0
r_562,AI05568,0.5,1
r_346,AI06758,0.2,0
r_656,AI04483,0.2,0
r_632,AI05933,0.25,0
r_209,AI08250,0.25,0
r_209,AI08653,0.25,0
r_673,AI14215,0.2,0
r_111,AI02329,0.25,0
r_209,AI04900,0.25,0
r_12,AI07089,0.25,0
r_132,AI04648,0.25,0
r_224,AI14757,0.25,0
r_575,AI11101,0.25,0
r_174,AI09912,0.2,0
r_375,AI13493,0.25,0
r_451,AI05190,0.2,0
r_2848,AI05568,0.5,1
r_224,AI03411,0.25,0
r_656,AI11901,0.25,0
r_1702,AI10457,0.5,1
r_588,AI11843,0.25,0
r_503,AI03009,0.2,0
r_1027,AI00007,0.5,1
r_406,AI07019,0.2,0
r_632,AI02556,0.25,0
r_346,AI02292,0.2,0
r_200,AI14453,0.2,0
r_566,AI04695,0.2,0
r_561,AI06608,0.25,0
r_375,AI09134,0.25,0
r_58,AI10173,0.2,0
r_58,AI07399,0.2,0
r_375,AI01873,0.25,0
r_503,AI09157,0.2,0
r_503,AI11569,0.25,0
r_503,AI12834,0.25,0
r_132,AI01732,0.25,0
r_93,AI09807,0.2,0
r_89,AI12279,0.2,0
r_187,AI09434,0.5,1
r_375,AI13878,0.25,0
r_93,AI11718,0.25,0
r_673,AI09160,0.25,0
r_89,AI09194,0.25,0
r_2927,AI07910,0.5,1
r_503,AI11190,0.25,0
r_566,AI04327,0.25,0
r_632,AI06429,0.25,0
r_588,AI03843,0.25,0
r_187,AI13350,0.25,0
r_132,AI01507,0.2,0
r_224,AI13704,0.2,0
r_58,AI07691,0.2,0
r_132,AI02343,0.25,0
r_566,AI06712,0.2,0
r_209,AI12673,0.2,0
r_375,AI06738,0.25,0
r_594,AI14770,0.5,1
r_375,AI07934,0.2,0
r_174,AI14714,0.2,0
r_200,AI09957,0.2,0
r_588,AI02673,0.25,0
r_12,AI09540,0.2,0
r_594,AI11445,0.25,0
r_632,AI12021,0.25,0
r_599,AI05799,0.25,0
r_451,AI12155,0.25,0
r_539,AI07724,0.2,0
r_93,AI03457,0.25,0
r_673,AI04234,0.2,0
r_632,AI09526,0.25,0
r_346,AI14254,0.2,0
r_588,AI08179,0.25,0
r_89,AI00436,0.5,1
r_562,AI03158,0.25,0
r_174,AI02716,0.25,0
r_209,AI12280,0.25,0
r_566,AI00553,0.2,0
r_12,AI11026,0.2,0
r_594,AI03239,0.25,0
r_503,AI05866,0.25,0
r_406,AI04469,0.25,0
r_1231,AI07230,0.5,1
r_2509,AI13435,0.5,1
r_12,AI11148,0.2,0
r_187,AI04640,0.2,0
r_594,AI02947,0.25,0
r_132,AI13475,0.25,0
r_200,AI07269,0.25,0
r_346,AI01949,0.25,0
r_588,AI04578,0.2,0
r_406,AI02942,0.25,0
r_673,AI10806,0.25,0
r_132,AI10822,0.2,0
r_346,AI06204,0.2,0
r_89,AI01896,0.2,0
r_599,AI03525,0.25,0
r_89,AI09414,0.25,0
r_200,AI02780,0.2,0
r_806,AI08219,0.5,1
r_575,AI13748,0.2,0
r_375,AI14236,0.25,0
r_561,AI08840,0.25,0
r_2724,AI05724,0.5,1
r_566,AI07016,0.2,0
r_566,AI11471,0.2,0
r_562,AI03795,0.25,0
r_111,AI03358,0.2,0
r_562,AI14849,0.25,0
r_632,AI09134,0.25,0
r_562,AI03995,0.2,0
r_89,AI02674,0.25,0
r_2724,AI04722,0.5,1
r_792,AI07230,0.5,1
r_632,AI04190,0.2,0
r_566,AI10748,0.2,0
r_656,AI03531,0.25,0
r_588,AI10748,0.2,0
r_562,AI11448,0.25,0
r_375,AI07255,0.2,0
r_562,AI12640,0.2,0
r_575,AI07313,0.25,0
r_209,AI13789,0.25,0
r_588,AI02826,0.25,0
r_174,AI05843,0.2,0
r_89,AI07576,0.25,0
r_209,AI14002,0.25,0
r_1197,AI01360,0.5,1
r_539,AI13643,0.2,0
r_3002,AI09342,0.5,1
r_93,AI08571,0.2,0
r_561,AI06684,0.2,0
r_187,AI02519,0.2,0
r_566,AI11525,0.25,0
r_111,AI09138,0.2,0
r_503,AI11502,0.25,0
r_132,AI09604,0.2,0
r_681,AI05884,0.5,1
r_963,AI06296,0.5,1
r_406,AI01533,0.2,0
r_111,AI03889,0.25,0
r_375,AI13316,0.25,0
r_89,AI06141,0.2,0
r_599,AI04465,0.25,0
r_588,AI10970,0.2,0
r_174,AI03705,0.25,0
r_451,AI08962,0.2,0
r_132,AI02673,0.25,0
r_562,AI07362,0.2,0
r_656,AI06821,0.25,0
r_451,AI12834,0.25,0
r_12,AI06219,0.25,0
r_599,AI05801,0.25,0
r_503,AI09943,0.2,0
r_2235,AI03072,0.5,1
r_673,AI13931,0.25,0
r_160,AI08533,0.2,0
r_375,AI09022,0.2,0
r_187,AI04807,0.2,0
r_994,AI08383,0.5,1
r_375,AI12834,0.25,0
r_132,AI10212,0.25,0
r_1261,AI10587,0.5,1
r_93,AI01868,0.2,0
r_93,AI02350,0.25,0
r_209,AI08483,0.25,0
r_656,AI07207,0.25,0
r_134,AI05758,0.5,1
r_209,AI00910,0.25,0
r_539,AI00366,0.25,0
r_134,AI13818,0.25,0
r_562,AI08980,0.25,0
r_539,AI11553,0.2,0
r_111,AI08864,0.25,0
r_200,AI11242,0.25,0
r_503,AI07301,0.2,0
r_539,AI09014,0.25,0
r_346,AI06753,0.25,0
r_562,AI01709,0.2,0
r_673,AI12111,0.25,0
r_89,AI08256,0.2,0
r_632,AI13095,0.25,0
r_375,AI08804,0.25,0
r_187,AI06019,0.25,0
r_58,AI05709,0.25,0
r_93,AI14176,0.25,0
r_594,AI02152,0.25,0
r_12,AI14734,0.25,0
r_594,AI04281,0.25,0
r_111,AI04679,0.25,0
r_174,AI14760,0.25,0
r_134,AI10995,0.5,1
r_451,AI00183,0.25,0
r_375,AI04997,0.2,0
r_566,AI11569,0.25,0
r_346,AI08344,0.2,0
r_539,AI12424,0.2,0
r_599,AI14423,0.2,0
r_89,AI12351,0.25,0
r_12,AI11671,0.2,0
r_599,AI07724,0.2,0
r_406,AI05590,0.2,0
r_575,AI00238,0.2,0
r_656,AI06082,0.2,0
r_89,AI10747,0.2,0
r_375,AI06938,0.25,0
r_656,AI02539,0.25,0
r_209,AI01976,0.2,0
r_12,AI10486,0.25,0
r_132,AI10829,0.25,0
r_134,AI06819,0.25,0
r_160,AI00649,0.2,0
r_12,AI09021,0.25,0
r_539,AI05819,0.2,0
r_588,AI01850,0.25,0
r_2173,AI13736,0.5,1
r_451,AI09134,0.25,0
r_187,AI11376,0.2,0
r_134,AI03434,0.25,0
r_209,AI03667,0.2,0
r_89,AI05875,0.25,0
r_503,AI06936,0.2,0
r_132,AI13464,0.2,0
r_58,AI05429,0.2,0
r_111,AI08097,0.2,0
r_224,AI09456,0.2,0
r_134,AI12217,0.25,0
r_174,AI02878,0.25,0
r_588,AI10621,0.25,0
r_346,AI12021,0.25,0
r_174,AI00118,0.2,0
r_174,AI02432,0.25,0
r_134,AI02616,0.2,0
r_656,AI09669,0.2,0
r_209,AI10332,0.25,0
r_93,AI09573,0.5,1
r_111,AI07625,0.25,0
r_451,AI06589,0.25,0
r_89,AI06137,0.25,0
r_134,AI13748,0.2,0
r_561,AI09398,0.25,0
r_575,AI12393,0.25,0
r_681,AI13435,0.5,1
r_174,AI06870,0.25,0
r_406,AI12593,0.25,0
r_1231,AI14362,0.5,1
r_89,AI05278,0.2,0
r_89,AI14179,0.2,0
r_1197,AI09637,0.5,1
r_346,AI03757,0.2,0
r_224,AI09566,0.2,0
r_209,AI03704,0.2,0
r_209,AI01837,0.25,0
r_539,AI09237,0.25,0
r_200,AI12766,0.2,0
r_673,AI02001,0.25,0
r_89,AI06897,0.2,0
r_2848,AI00007,0.5,1
r_566,AI01850,0.25,0
r_174,AI04851,0.25,0
r_93,AI03207,0.25,0
r_539,AI14917,0.25,0
r_375,AI06608,0.25,0
r_12,AI08904,0.2,0
r_575,AI08699,0.25,0
r_599,AI08257,0.2,0
r_12,AI00477,0.2,0
r_561,AI13748,0.2,0
r_111,AI03604,0.25,0
r_632,AI12766,0.2,0
r_160,AI06195,0.25,0
r_160,AI09490,0.2,0
r_12,AI09972,0.2,0
r_111,AI03009,0.2,0
r_503,AI14101,0.25,0
r_2940,AI09434,0.5,1
r_539,AI11730,0.25,0
r_539,AI05709,0.25,0
r_503,AI03082,0.25,0
r_656,AI05215,0.2,0
r_93,AI07864,0.2,0
r_588,AI13878,0.25,0
r_594,AI10094,0.25,0
r_134,AI12526,0.25,0
r_12,AI01229,0.2,0
r_174,AI11292,0.25,0
r_224,AI13911,0.25,0
r_58,AI09526,0.25,0
r_132,AI12856,0.2,0
r_451,AI06715,0.2,0
r_209,AI04088,0.25,0
r_406,AI12926,0.25,0
r_594,AI10191,0.2,0
r_58,AI02736,0.2,0
r_406,AI13341,0.25,0
r_562,AI07448,0.25,0
r_575,AI10516,0.2,0
r_756,AI06825,0.5,1
r_134,AI10350,0.2,0
r_224,AI08035,0.2,0
r_209,AI14993,0.25,0
r_375,AI12995,0.2,0
r_632,AI04430,0.25,0
r_132,AI07161,0.25,0
r_1828,AI09066,0.5,1
r_132,AI04483,0.2,0
r_562,AI09685,0.25,0
r_174,AI03062,0.5,1
r_1549,AI01360,0.5,1
r_575,AI09896,0.25,0
r_599,AI09874,0.2,0
r_224,AI14457,0.2,0
r_2638,AI11490,0.5,1
r_111,AI02299,0.25,0
r_406,AI07150,0.2,0
r_160,AI06461,0.2,0
r_539,AI07588,0.2,0
r_588,AI03770,0.25,0
r_562,AI07832,0.25,0
r_209,AI05433,0.2,0
r_346,AI13028,0.2,0
r_539,AI12164,0.2,0
r_209,AI12526,0.25,0
r_12,AI05863,0.25,0
r_632,AI08673,0.2,0
r_174,AI11049,0.2,0
r_209,AI08440,0.2,0
r_134,AI11300,0.2,0
r_160,AI12015,0.2,0
r_134,AI08967,0.25,0
r_566,AI00183,0.25,0
r_132,AI12065,0.2,0
r_673,AI04547,0.2,0
r_2953,AI12780,0.5,1
r_594,AI08583,0.25,0
r_1531,AI11104,0.5,1
r_58,AI02339,0.2,0
r_89,AI00652,0.25,0
r_406,AI14299,0.25,0
r_134,AI09960,0.2,0
r_375,AI03525,0.25,0
r_673,AI04764,0.25,0
r_632,AI05798,0.25,0
r_588,AI14987,0.25,0
r_224,AI12304,0.25,0
r_134,AI01045,0.5,1
r_174,AI06028,0.25,0
r_1154,AI11490,0.5,1
r_503,AI13903,0.25,0
r_111,AI12760,0.5,1
r_566,AI11354,0.2,0
r_209,AI11189,0.25,0
r_224,AI04613,0.2,0
r_451,AI13495,0.25,0
r_656,AI01001,0.2,0
r_451,AI14746,0.25,0
r_160,AI10342,0.2,0
r_209,AI05420,0.2,0
r_93,AI04262,0.2,0
r_632,AI08647,0.2,0
r_200,AI03509,0.2,0
r_632,AI10709,0.25,0
r_111,AI07429,0.25,0
r_346,AI06780,0.2,0
r_566,AI06784,0.25,0
r_588,AI10906,0.25,0
r_406,AI09435,0.25,0
r_406,AI12766,0.2,0
r_539,AI02418,0.2,0
r_200,AI13833,0.2,0
r_1549,AI05568,0.5,1
r_588,AI08945,0.25,0
r_93,AI09458,0.2,0
r_561,AI06911,0.25,0
r_187,AI13886,0.25,0
r_575,AI06703,0.2,0
r_160,AI03208,0.25,0
r_594,AI01972,0.25,0
r_89,AI04106,0.2,0
r_200,AI12278,0.2,0
r_93,AI09710,0.2,0
r_1197,AI11212,0.5,1
r_134,AI11085,0.25,0
r_575,AI09436,0.2,0
r_187,AI12697,0.25,0
r_588,AI13777,0.2,0
r_58,AI14423,0.2,0
r_209,AI08049,0.2,0
r_187,AI04766,0.25,0
r_588,AI04436,0.2,0
r_12,AI14399,0.25,0
r_132,AI04878,0.2,0
r_1417,AI07230,0.5,1
r_503,AI07269,0.25,0
r_89,AI09288,0.25,0
r_58,AI08706,0.25,0
r_346,AI12825,0.2,0
r_2955,AI10457,0.5,1
r_406,AI12521,0.25,0
r_2937,AI14770,0.5,1
r_406,AI12723,0.2,0
r_200,AI13386,0.25,0
r_12,AI08529,0.25,0
r_575,AI01786,0.25,0
r_111,AI14031,0.25,0
r_561,AI10938,0.2,0
r_539,AI11943,0.2,0
r_2088,AI13808,0.5,1
r_406,AI03867,0.25,0
r_406,AI06869,0.25,0
r_160,AI07336,0.2,0
r_200,AI00085,0.2,0
r_375,AI12447,0.2,0
r_1231,AI11748,0.5,1
r_994,AI05177,0.5,1
r_539,AI10023,0.2,0
r_656,AI06143,0.2,0
r_673,AI04588,0.2,0
r_503,AI10836,0.2,0
r_656,AI02344,0.2,0
r_134,AI08110,0.25,0
r_132,AI11915,0.2,0
r_575,AI06407,0.2,0
r_656,AI04065,0.25,0
r_346,AI04181,0.2,0
r_562,AI07625,0.25,0
r_89,AI11660,0.2,0
r_89,AI05860,0.25,0
r_209,AI06873,0.2,0
r_594,AI06739,0.25,0
r_656,AI07555,0.2,0
r_566,AI03182,0.25,0
r_503,AI10944,0.25,0
r_588,AI12640,0.2,0
r_93,AI14594,0.25,0
r_160,AI04190,0.2,0
r_562,AI11439,0.25,0
r_375,AI09342,0.5,1
r_200,AI09457,0.25,0
r_562,AI00649,0.2,0
r_160,AI04345,0.25,0
r_174,AI09160,0.25,0
r_132,AI12532,0.2,0
r_132,AI08966,0.25,0
r_93,AI13736,0.5,1
r_2292,AI11122,0.5,1
r_93,AI03320,0.2,0
r_594,AI10178,0.25,0
r_12,AI03313,0.25,0
r_89,AI12591,0.25,0
r_503,AI07278,0.2,0
r_561,AI02051,0.25,0
r_375,AI00464,0.25,0
r_406,AI03207,0.25,0
r_406,AI03604,0.25,0
r_346,AI10270,0.2,0
r_160,AI12069,0.2,0
r_561,AI05355,0.2,0
r_503,AI03207,0.25,0
r_599,AI03081,0.2,0
r_451,AI11915,0.2,0
r_539,AI00063,0.25,0
r_111,AI00717,0.25,0
r_209,AI14282,0.25,0
r_566,AI11644,0.25,0
r_209,AI01179,0.25,0
r_224,AI10672,0.25,0
r_89,AI03315,0.2,0
r_58,AI01566,0.2,0
r_132,AI08706,0.25,0
r_375,AI08633,0.25,0
r_632,AI13399,0.25,0
r_132,AI10015,0.25,0
r_656,AI14333,0.2,0
r_174,AI02239,0.5,1
r_599,AI07230,0.5,1
r_89,AI09054,0.25,0
r_562,AI08085,0.2,0
r_566,AI11748,0.5,1
r_134,AI04402,0.2,0
r_561,AI09785,0.2,0
r_566,AI04807,0.2,0
r_134,AI08870,0.2,0
r_224,AI03456,0.25,0
r_224,AI12763,0.25,0
r_2366,AI11212,0.5,1
r_503,AI04436,0.2,0
r_12,AI13748,0.2,0
r_566,AI11721,0.2,0
r_594,AI08074,0.2,0
r_134,AI13893,0.25,0
r_562,AI13165,0.2,0
r_134,AI00125,0.2,0
r_2848,AI06825,0.5,1
r_503,AI09237,0.25,0
r_588,AI12021,0.25,0
r_503,AI02438,0.2,0
r_12,AI01444,0.2,0
r_599,AI00810,0.2,0
r_224,AI12673,0.2,0
r_58,AI07820,0.25,0
r_2955,AI01653,0.5,1
r_209,AI01057,0.25,0
r_1952,AI01360,0.5,1
r_2603,AI09434,0.5,1
r_594,AI12547,0.25,0
r_566,AI09286,0.5,1
r_174,AI02519,0.2,0
r_594,AI13435,0.5,1
r_132,AI01325,0.25,0
r_575,AI10545,0.2,0
r_209,AI09548,0.2,0
r_503,AI05620,0.2,0
r_111,AI11915,0.2,0
r_588,AI00288,0.2,0
r_2603,AI11122,0.5,1
r_174,AI06650,0.25,0
r_599,AI14961,0.2,0
r_562,AI03169,0.25,0
r_656,AI05948,0.25,0
r_132,AI10677,0.25,0
r_111,AI08037,0.2,0
r_111,AI06175,0.25,0
r_406,AI02846,0.2,0
r_209,AI13911,0.25,0
r_566,AI06709,0.2,0
r_89,AI10706,0.25,0
r_599,AI13133,0.2,0
r_89,AI08291,0.2,0
r_132,AI13436,0.25,0
r_12,AI09048,0.25,0
r_1640,AI00045,0.5,1
r_200,AI13785,0.2,0
r_575,AI05988,0.2,0
r_561,AI09490,0.2,0
r_588,AI08770,0.2,0
r_89,AI08143,0.25,0
r_1551,AI12760,0.5,1
r_134,AI13964,0.25,0
r_588,AI06530,0.25,0
r_174,AI05877,0.25,0
r_174,AI06209,0.2,0
r_200,AI05709,0.25,0
r_346,AI11508,0.25,0
r_224,AI10747,0.2,0
r_89,AI07168,0.2,0
r_566,AI01057,0.25,0
r_134,AI14653,0.25,0
r_209,AI07173,0.25,0
r_588,AI05342,0.2,0
r_1261,AI03072,0.5,1
r_561,AI02343,0.25,0
r_632,AI06201,0.25,0
r_200,AI14535,0.25,0
r_209,AI14099,0.25,0
r_561,AI07578,0.2,0
r_375,AI03950,0.25,0
r_93,AI04499,0.25,0
r_375,AI09943,0.2,0
r_12,AI12276,0.2,0
r_562,AI14779,0.2,0
r_174,AI01848,0.2,0
r_2937,AI10026,0.5,1
r_93,AI03759,0.2,0
r_599,AI00692,0.2,0
r_503,AI13512,0.25,0
r_575,AI02474,0.25,0
r_132,AI13373,0.25,0
r_539,AI09240,0.2,0
r_575,AI09943,0.2,0
r_187,AI04819,0.25,0
r_1154,AI06825,0.5,1
r_58,AI09052,0.2,0
r_174,AI13037,0.25,0
r_594,AI09540,0.2,0
r_187,AI06515,0.25,0
r_594,AI07215,0.25,0
r_566,AI04648,0.25,0
r_224,AI10869,0.2,0
r_224,AI12041,0.25,0
r_174,AI09923,0.25,0
r_89,AI04986,0.2,0
r_12,AI04066,0.2,0
r_575,AI11410,0.25,0
r_89,AI08743,0.2,0
r_12,AI10685,0.25,0
r_174,AI05950,0.2,0
r_200,AI03009,0.2,0
r_209,AI04666,0.25,0
r_160,AI13754,0.25,0
r_346,AI07414,0.25,0
r_346,AI02124,0.25,0
r_209,AI14455,0.2,0
r_561,AI05042,0.2,0
r_632,AI10970,0.2,0
r_2937,AI13435,0.5,1
r_209,AI09676,0.25,0
r_561,AI13473,0.2,0
r_566,AI04798,0.25,0
r_575,AI13785,0.2,0
r_561,AI10906,0.25,0
r_58,AI07201,0.25,0
r_2603,AI04200,0.5,1
r_562,AI11067,0.2,0
r_566,AI01888,0.2,0
r_656,AI09782,0.25,0
r_594,AI10568,0.25,0
r_562,AI06762,0.2,0
r_575,AI01868,0.2,0
r_561,AI08246,0.25,0
r_656,AI05376,0.25,0
r_503,AI12278,0.2,0
r_174,AI12586,0.25,0
r_375,AI04287,0.25,0
r_375,AI03120,0.2,0
r_1702,AI07018,0.5,1
r_93,AI14324,0.2,0
r_12,AI07824,0.25,0
r_539,AI05187,0.25,0
r_561,AI14164,0.25,0
r_12,AI01943,0.25,0
r_200,AI10209,0.2,0
r_503,AI11062,0.2,0
r_200,AI05163,0.2,0
r_224,AI12238,0.2,0
r_562,AI06855,0.25,0
r_575,AI08266,0.25,0
r_539,AI00553,0.2,0
r_89,AI11432,0.2,0
r_503,AI14136,0.2,0
r_346,AI09157,0.2,0
r_93,AI03146,0.25,0
r_1205,AI05177,0.5,1
r_132,AI06738,0.25,0
r_89,AI10458,0.2,0
r_58,AI14686,0.2,0
r_132,AI01109,0.25,0
r_375,AI13845,0.2,0
r_451,AI08278,0.25,0
r_12,AI09043,0.2,0
r_575,AI12363,0.25,0
r_632,AI10828,0.2,0
r_200,AI06058,0.2,0
r_406,AI12962,0.2,0
r_588,AI03712,0.25,0
r_12,AI05758,0.5,1
r_111,AI01673,0.2,0
r_12,AI02732,0.25,0
r_134,AI14781,0.5,1
r_539,AI05480,0.2,0
r_12,AI07410,0.2,0
r_503,AI01024,0.2,0
r_656,AI06530,0.25,0
r_12,AI09249,0.25,0
r_673,AI14562,0.2,0
r_93,AI03169,0.25,0
r_503,AI00166,0.2,0
r_93,AI02054,0.5,1
r_12,AI00064,0.25,0
r_1205,AI04896,0.5,1
r_673,AI03866,0.25,0
r_174,AI02476,0.2,0
r_539,AI00717,0.25,0
r_174,AI10245,0.25,0
r_375,AI08246,0.25,0
r_656,AI13643,0.2,0
r_562,AI00183,0.25,0
r_656,AI07156,0.25,0
r_1551,AI11781,0.5,1
r_575,AI11769,0.25,0
r_111,AI00644,0.2,0
r_224,AI10191,0.2,0
r_93,AI07410,0.2,0
r_58,AI03995,0.2,0
r_200,AI08770,0.2,0
r_93,AI09240,0.2,0
r_539,AI05798,0.25,0
r_2088,AI03654,0.5,1
r_58,AI08531,0.2,0
r_346,AI08429,0.5,1
r_89,AI03437,0.2,0
r_503,AI09268,0.2,0
r_594,AI01109,0.25,0
r_209,AI01168,0.25,0
r_12,AI12303,0.25,0
r_561,AI10294,0.25,0
r_224,AI12383,0.25,0
r_346,AI06479,0.25,0
r_1261,AI00156,0.5,1
r_375,AI11329,0.25,0
r_575,AI00926,0.25,0
r_562,AI02345,0.25,0
r_187,AI05573,0.25,0
r_375,AI11583,0.25,0
r_58,AI10906,0.25,0
r_594,AI07042,0.2,0
r_224,AI09211,0.25,0
r_539,AI01437,0.2,0
r_200,AI06833,0.25,0
r_503,AI10677,0.25,0
r_375,AI07269,0.25,0
r_12,AI02408,0.2,0
r_656,AI11784,0.25,0
r_89,AI09658,0.2,0
r_132,AI02736,0.2,0
r_200,AI07103,0.25,0
r_187,AI07400,0.2,0
r_562,AI04562,0.2,0
r_575,AI10702,0.2,0
r_12,AI11466,0.2,0
r_566,AI03203,0.2,0
r_200,AI08571,0.2,0
r_406,AI03803,0.25,0
r_562,AI10516,0.2,0
r_224,AI01779,0.2,0
r_134,AI02613,0.25,0
r_134,AI11105,0.5,1
r_2292,AI05301,0.5,1
r_588,AI08804,0.25,0
r_174,AI07120,0.25,0
r_187,AI01437,0.2,0
r_89,AI11269,0.25,0
r_673,AI03692,0.25,0
r_174,AI08844,0.2,0
r_632,AI06314,0.2,0
r_656,AI02901,0.2,0
r_224,AI00125,0.2,0
r_174,AI09164,0.25,0
r_503,AI05183,0.5,1
r_632,AI10238,0.5,1
r_575,AI02438,0.2,0
r_2638,AI08383,0.5,1
r_599,AI05948,0.25,0
r_2602,AI01770,0.5,1
r_599,AI13341,0.25,0
r_93,AI09737,0.2,0
r_451,AI11987,0.2,0
r_1823,AI05724,0.5,1
r_93,AI13273,0.2,0
r_200,AI13810,0.2,0
r_132,AI14295,0.2,0
r_599,AI11062,0.2,0
r_1817,AI11781,0.5,1
r_451,AI07016,0.2,0
r_58,AI01564,0.25,0
r_539,AI03995,0.2,0
r_451,AI03604,0.25,0
r_588,AI07923,0.2,0
r_588,AI08864,0.25,0
r_58,AI13273,0.2,0
r_588,AI07731,0.25,0
r_224,AI08007,0.25,0
r_93,AI06921,0.2,0
r_346,AI05160,0.25,0
r_93,AI00194,0.25,0
r_132,AI14911,0.2,0
r_1955,AI10026,0.5,1
r_562,AI02539,0.25,0
r_594,AI11369,0.25,0
r_209,AI13879,0.25,0
r_89,AI01607,0.25,0
r_588,AI13810,0.2,0
r_89,AI13644,0.2,0
r_2716,AI09903,0.5,1
r_503,AI08533,0.2,0
r_187,AI10661,0.25,0
r_89,AI07600,0.2,0
r_406,AI11603,0.25,0
r_562,AI02931,0.25,0
r_58,AI10709,0.25,0
r_375,AI12962,0.2,0
r_224,AI10714,0.25,0
r_561,AI01716,0.25,0
r_2927,AI05884,0.5,1
r_174,AI03966,0.25,0
r_375,AI14756,0.25,0
r_93,AI08282,0.2,0
r_575,AI09603,0.25,0
r_12,AI11741,0.25,0
r_406,AI01431,0.2,0
r_89,AI10740,0.25,0
r_174,AI11326,0.2,0
r_594,AI00251,0.2,0
r_709,AI09637,0.5,1
r_134,AI13817,0.2,0
r_451,AI11525,0.25,0
r_160,AI09079,0.2,0
r_134,AI09714,0.2,0
r_346,AI11583,0.25,0
r_599,AI01200,0.2,0
r_93,AI08085,0.2,0
r_406,AI08508,0.2,0
r_89,AI03125,0.2,0
r_1417,AI08429,0.5,1
r_93,AI10508,0.25,0
r_632,AI02299,0.25,0
r_224,AI12175,0.25,0
r_224,AI02613,0.25,0
r_187,AI14927,0.2,0
r_599,AI09637,0.5,1
r_160,AI08832,0.2,0
r_160,AI01719,0.25,0
r_209,AI07730,0.2,0
r_209,AI14928,0.2,0
r_561,AI09427,0.2,0
r_1551,AI08429,0.5,1
r_58,AI02975,0.2,0
r_89,AI09991,0.25,0
r_451,AI01368,0.2,0
r_160,AI06479,0.25,0
r_451,AI08257,0.2,0
r_406,AI03033,0.2,0
r_406,AI05236,0.2,0
r_2638,AI10238,0.5,1
r_566,AI07293,0.25,0
r_160,AI05376,0.25,0
r_566,AI07851,0.2,0
r_187,AI13872,0.2,0
r_575,AI12053,0.2,0
r_406,AI11553,0.2,0
r_503,AI06712,0.2,0
r_93,AI05062,0.25,0
r_174,AI07874,0.2,0
r_89,AI00999,0.25,0
r_588,AI05202,0.2,0
r_561,AI06019,0.25,0
r_539,AI03127,0.25,0
r_673,AI11769,0.25,0
r_2603,AI10551,0.5,1
r_375,AI13531,0.25,0
r_111,AI09717,0.2,0
r_451,AI13886,0.25,0
r_132,AI03787,0.25,0
r_93,AI01594,0.25,0
r_566,AI04009,0.2,0
r_346,AI09058,0.25,0
r_2857,AI07910,0.5,1
r_1426,AI13736,0.5,1
r_111,AI05469,0.25,0
r_200,AI02292,0.2,0
r_132,AI04596,0.25,0
r_224,AI00213,0.25,0
r_224,AI01183,0.25,0
r_89,AI07398,0.2,0
r_566,AI06780,0.2,0
r_632,AI06911,0.25,0
r_1961,AI05301,0.5,1
r_2603,AI11748,0.5,1
r_93,AI04786,0.25,0
r_588,AI14402,0.2,0
r_346,AI04436,0.2,0
r_134,AI05402,0.2,0
r_673,AI12914,0.2,0
r_594,AI07407,0.25,0
r_588,AI08487,0.2,0
r_588,AI02807,0.25,0
r_406,AI10316,0.2,0
r_187,AI08819,0.2,0
r_200,AI05423,0.2,0
r_539,AI09380,0.2,0
r_2937,AI03714,0.5,1
r_346,AI11776,0.25,0
r_503,AI09869,0.2,0
r_224,AI02213,0.25,0
r_594,AI13704,0.2,0
r_132,AI03712,0.25,0
r_994,AI08568,0.5,1
r_224,AI00816,0.25,0
r_599,AI09619,0.2,0
r_346,AI10294,0.25,0
r_575,AI06874,0.25,0
r_209,AI10319,0.25,0
r_575,AI08644,0.25,0
r_12,AI00955,0.25,0
r_681,AI00436,0.5,1
r_503,AI05709,0.25,0
r_406,AI10239,0.2,0
r_132,AI05254,0.25,0
r_12,AI02833,0.25,0
r_111,AI09929,0.25,0
r_187,AI05772,0.25,0
r_58,AI01489,0.25,0
r_346,AI11748,0.5,1
r_594,AI14399,0.25,0
r_132,AI02539,0.25,0
r_200,AI00288,0.2,0
r_406,AI08630,0.25,0
r_575,AI12839,0.25,0
r_200,AI10302,0.25,0
r_575,AI00616,0.2,0
r_406,AI01790,0.2,0
r_575,AI03355,0.25,0
r_224,AI14612,0.25,0
r_134,AI05295,0.25,0
r_562,AI11643,0.25,0
r_89,AI04342,0.2,0
r_174,AI07275,0.25,0
r_539,AI03887,0.2,0
r_599,AI09566,0.2,0
r_562,AI13340,0.25,0
r_111,AI14535,0.25,0
r_134,AI08756,0.25,0
r_187,AI01491,0.25,0
r_2130,AI03072,0.5,1
r_187,AI07291,0.2,0
r_200,AI12745,0.25,0
r_209,AI02921,0.2,0
r_1790,AI12780,0.5,1
r_566,AI06703,0.2,0
r_503,AI05006,0.2,0
r_209,AI08149,0.2,0
r_406,AI04216,0.2,0
r_594,AI01755,0.2,0
r_12,AI05968,0.2,0
r_187,AI01159,0.25,0
r_451,AI05568,0.5,1
r_132,AI07685,0.25,0
r_93,AI14655,0.25,0
r_89,AI10173,0.2,0
r_89,AI09638,0.2,0
r_632,AI11647,0.25,0
r_93,AI02900,0.25,0
r_134,AI01741,0.2,0
r_562,AI09671,0.25,0
r_2292,AI02054,0.5,1
r_58,AI13399,0.25,0
r_673,AI08612,0.2,0
r_160,AI02280,0.2,0
r_209,AI13887,0.25,0
r_93,AI04798,0.25,0
r_224,AI03437,0.2,0
r_174,AI07512,0.2,0
r_111,AI09840,0.25,0
r_594,AI07882,0.25,0
r_575,AI02339,0.2,0
r_224,AI06511,0.25,0
r_111,AI04113,0.2,0
r_1058,AI09342,0.5,1
r_111,AI08063,0.2,0
r_132,AI09006,0.25,0
r_12,AI08427,0.2,0
r_3002,AI11122,0.5,1
r_134,AI00729,0.2,0
r_599,AI12184,0.2,0
r_406,AI06082,0.2,0
r_160,AI03770,0.25,0
r_562,AI08037,0.2,0
r_561,AI06692,0.2,0
r_539,AI02124,0.25,0
r_209,AI05122,0.25,0
r_58,AI14787,0.25,0
r_406,AI10449,0.25,0
r_656,AI05355,0.2,0
r_174,AI12928,0.25,0
r_1790,AI06627,0.5,1
r_406,AI07278,0.2,0
r_346,AI08297,0.25,0
r_656,AI03749,0.25,0
r_599,AI14238,0.25,0
r_656,AI09674,0.25,0
r_111,AI09637,0.5,1
r_209,AI08272,0.25,0
r_575,AI06162,0.2,0
r_132,AI01440,0.25,0
r_174,AI14092,0.25,0
r_2235,AI09434,0.5,1
r_58,AI06171,0.2,0
r_375,AI08831,0.25,0
r_187,AI02478,0.25,0
r_656,AI06324,0.2,0
r_209,AI06416,0.25,0
r_566,AI11902,0.25,0
r_656,AI09202,0.25,0
r_588,AI08351,0.25,0
r_160,AI06715,0.2,0
r_594,AI01451,0.25,0
r_656,AI00464,0.25,0
r_2927,AI01045,0.5,1
r_575,AI07606,0.2,0
r_406,AI10212,0.25,0
r_187,AI07718,0.2,0
r_58,AI02754,0.25,0
r_93,AI02387,0.2,0
r_200,AI01737,0.2,0
r_200,AI05568,0.5,1
r_187,AI14254,0.2,0
r_632,AI03009,0.2,0
r_134,AI11295,0.2,0
r_562,AI09408,0.2,0
r_209,AI01107,0.5,1
r_375,AI14528,0.2,0
r_566,AI09022,0.2,0
r_673,AI06697,0.2,0
r_673,AI08214,0.25,0
r_93,AI14151,0.25,0
r_673,AI07602,0.5,1
r_632,AI07423,0.25,0
r_539,AI06911,0.25,0
r_224,AI12025,0.25,0
r_111,AI06107,0.25,0
r_209,AI10995,0.5,1
r_174,AI05680,0.25,0
r_599,AI10209,0.2,0
r_89,AI01655,0.2,0
r_224,AI03966,0.25,0
r_224,AI03575,0.2,0
r_346,AI07513,0.2,0
r_599,AI04134,0.25,0
r_93,AI02807,0.25,0
r_561,AI03852,0.2,0
r_160,AI01716,0.25,0
r_539,AI14775,0.25,0
r_224,AI05334,0.25,0
r_588,AI03158,0.25,0
r_588,AI05921,0.25,0
r_209,AI11970,0.5,1
r_89,AI08537,0.25,0
r_209,AI05724,0.5,1
r_561,AI07016,0.2,0
r_406,AI13594,0.25,0
r_406,AI11376,0.2,0
r_134,AI03315,0.2,0
r_656,AI13321,0.25,0
r_224,AI09098,0.2,0
r_656,AI05338,0.25,0
r_1027,AI05183,0.5,1
r_1426,AI04896,0.5,1
r_575,AI11477,0.25,0
r_93,AI14787,0.25,0
r_132,AI07592,0.25,0
r_111,AI01713,0.2,0
r_132,AI06993,0.2,0
r_599,AI13086,0.2,0
r_2602,AI14770,0.5,1
r_187,AI12995,0.2,0
r_375,AI12856,0.2,0
r_187,AI10238,0.5,1
r_503,AI06461,0.2,0
r_451,AI04228,0.25,0
r_561,AI11502,0.25,0
r_561,AI00044,0.25,0
r_12,AI09737,0.2,0
r_539,AI09006,0.25,0
r_673,AI09880,0.25,0
r_594,AI00664,0.25,0
r_200,AI00604,0.25,0
r_174,AI14521,0.2,0
r_160,AI13728,0.2,0
r_200,AI05073,0.2,0
r_111,AI11718,0.25,0
r_89,AI07970,0.2,0
r_451,AI01500,0.25,0
r_224,AI11507,0.25,0
r_187,AI13000,0.2,0
r_539,AI09896,0.25,0
r_594,AI10646,0.2,0
r_2857,AI05884,0.5,1
r_2927,AI12780,0.5,1
r_224,AI10108,0.2,0
r_160,AI14793,0.25,0
r_12,AI12313,0.25,0
r_406,AI13531,0.25,0
r_375,AI13885,0.2,0
r_224,AI12229,0.2,0
r_1197,AI09286,0.5,1
r_406,AI09121,0.25,0
r_673,AI09965,0.25,0
r_93,AI12212,0.2,0
r_503,AI09129,0.25,0
r_12,AI11973,0.2,0
r_89,AI02246,0.25,0
r_539,AI07864,0.2,0
r_1828,AI11755,0.5,1
r_375,AI00747,0.2,0
r_200,AI11490,0.5,1
r_89,AI14928,0.2,0
r_224,AI06627,0.5,1
r_12,AI04556,0.2,0
r_673,AI00979,0.2,0
r_539,AI01255,0.2,0
r_539,AI05631,0.2,0
r_89,AI02179,0.25,0
r_58,AI14390,0.25,0
r_656,AI09840,0.25,0
r_160,AI01360,0.5,1
r_187,AI12164,0.2,0
r_111,AI09490,0.2,0
r_406,AI00649,0.2,0
r_1955,AI00436,0.5,1
r_632,AI09565,0.25,0
r_160,AI14881,0.25,0
r_346,AI03889,0.25,0
r_174,AI06062,0.2,0
r_224,AI11440,0.2,0
r_503,AI03582,0.2,0
r_1774,AI11725,0.5,1
r_209,AI13822,0.25,0
r_209,AI13228,0.25,0
r_187,AI12745,0.25,0
r_632,AI13255,0.25,0
r_160,AI13845,0.2,0
r_2264,AI06296,0.5,1
r_346,AI13748,0.2,0
r_200,AI11270,0.2,0
r_561,AI11062,0.2,0
r_451,AI03843,0.25,0
r_2136,AI11104,0.5,1
r_599,AI01850,0.25,0
r_632,AI13623,0.2,0
r_562,AI08099,0.25,0
r_1817,AI10587,0.5,1
r_200,AI02054,0.5,1
r_174,AI13490,0.2,0
r_209,AI08496,0.25,0
r_346,AI05183,0.5,1
r_93,AI02620,0.25,0
r_561,AI08630,0.25,0
r_673,AI09387,0.25,0
r_160,AI01086,0.2,0
r_174,AI01292,0.2,0
r_406,AI08080,0.25,0
r_58,AI04819,0.25,0
r_174,AI06883,0.25,0
r_132,AI03310,0.2,0
r_200,AI12362,0.2,0
r_160,AI05407,0.25,0
r_566,AI13512,0.25,0
r_375,AI13184,0.25,0
r_111,AI05566,0.2,0
r_224,AI06221,0.25,0
r_632,AI14997,0.25,0
r_132,AI00100,0.2,0
r_2504,AI14187,0.5,1
r_93,AI10822,0.2,0
r_561,AI14589,0.2,0
r_375,AI05350,0.25,0
r_561,AI00593,0.25,0
r_566,AI08669,0.25,0
r_160,AI03319,0.25,0
r_209,AI12680,0.25,0
r_588,AI00050,0.2,0
r_656,AI07606,0.2,0
r_656,AI05623,0.2,0
r_346,AI14423,0.2,0
r_575,AI05623,0.2,0
r_562,AI11603,0.25,0
r_632,AI12688,0.25,0
r_575,AI05468,0.25,0
r_187,AI05423,0.2,0
r_673,AI11671,0.2,0
r_406,AI00866,0.2,0
r_451,AI05469,0.25,0
r_503,AI08383,0.5,1
r_200,AI01440,0.25,0
r_599,AI08085,0.2,0
r_174,AI03397,0.25,0
r_451,AI14733,0.2,0
r_594,AI02889,0.2,0
r_58,AI00415,0.2,0
r_599,AI14720,0.25,0
r_187,AI08007,0.25,0
r_187,AI06296,0.5,1
r_406,AI07718,0.2,0
r_406,AI09134,0.25,0
r_561,AI10233,0.25,0
r_12,AI04800,0.2,0
r_111,AI09874,0.2,0
r_160,AI14756,0.25,0
r_451,AI03082,0.25,0
r_969,AI00060,0.5,1
r_111,AI01044,0.2,0
r_375,AI11760,0.25,0
r_160,AI07011,0.2,0
r_160,AI09202,0.25,0
r_134,AI11964,0.25,0
r_575,AI10570,0.2,0
r_561,AI03208,0.25,0
r_187,AI12073,0.25,0
r_566,AI13727,0.2,0
r_375,AI10238,0.5,1
r_588,AI06308,0.2,0
r_346,AI10322,0.25,0
r_89,AI08354,0.25,0
r_656,AI07327,0.2,0
r_346,AI11101,0.25,0
r_375,AI03772,0.25,0
r_12,AI05723,0.2,0
r_200,AI10330,0.2,0
r_375,AI00002,0.2,0
r_375,AI08344,0.2,0
r_566,AI13854,0.25,0
r_12,AI13893,0.25,0
r_561,AI10346,0.25,0
r_656,AI01062,0.2,0
r_451,AI00974,0.25,0
r_561,AI09603,0.25,0
r_632,AI00082,0.25,0
r_566,AI00274,0.2,0
r_93,AI08889,0.2,0
r_346,AI01233,0.25,0
r_200,AI05066,0.2,0
r_562,AI07278,0.2,0
r_539,AI12745,0.25,0
r_134,AI07398,0.2,0
r_58,AI08487,0.2,0
r_89,AI00545,0.2,0
r_93,AI04277,0.2,0
r_224,AI01620,0.25,0
r_209,AI07585,0.25,0
r_12,AI00829,0.25,0
r_134,AI01934,0.2,0
r_375,AI00253,0.2,0
r_346,AI00761,0.2,0
r_594,AI02956,0.25,0
r_756,AI09637,0.5,1
r_58,AI10829,0.25,0
r_673,AI02972,0.25,0
r_375,AI07410,0.2,0
r_160,AI06107,0.25,0
r_111,AI10932,0.25,0
r_561,AI11001,0.2,0
r_2869,AI13736,0.5,1
r_561,AI01631,0.2,0
r_174,AI05911,0.2,0
r_209,AI08791,0.25,0
r_599,AI04807,0.2,0
r_58,AI11851,0.25,0
r_187,AI06200,0.2,0
r_562,AI08679,0.25,0
r_451,AI06877,0.2,0
r_375,AI14666,0.25,0
r_539,AI09544,0.25,0
r_566,AI06136,0.25,0
r_656,AI12834,0.25,0
r_562,AI13645,0.2,0
r_200,AI04126,0.2,0
r_58,AI05990,0.2,0
r_594,AI01318,0.2,0
r_209,AI12383,0.25,0
r_375,AI00683,0.2,0
r_160,AI13777,0.2,0
r_632,AI06058,0.2,0
r_134,AI11811,0.25,0
r_187,AI04018,0.25,0
r_375,AI14036,0.2,0
r_93,AI13184,0.25,0
r_93,AI01888,0.2,0
r_134,AI09336,0.2,0
r_58,AI08339,0.25,0
r_160,AI11062,0.2,0
r_12,AI00761,0.2,0
r_562,AI03852,0.2,0
r_89,AI12175,0.25,0
r_209,AI11943,0.2,0
r_673,AI13739,0.25,0
r_132,AI14500,0.25,0
r_2895,AI11212,0.5,1
r_562,AI12760,0.5,1
r_93,AI11328,0.2,0
r_575,AI11051,0.25,0
r_12,AI01896,0.2,0
r_2869,AI05568,0.5,1
r_111,AI04786,0.25,0
r_561,AI02292,0.2,0
r_224,AI09383,0.25,0
r_656,AI06993,0.2,0
r_588,AI01026,0.2,0
r_406,AI04562,0.2,0
r_632,AI05388,0.25,0
r_588,AI02278,0.2,0
r_224,AI01014,0.2,0
r_200,AI03582,0.2,0
r_656,AI02350,0.25,0
r_160,AI12262,0.2,0
r_588,AI09010,0.2,0
r_588,AI09435,0.25,0
r_1773,AI07230,0.5,1
r_209,AI13807,0.25,0
r_209,AI12333,0.25,0
r_160,AI12961,0.25,0
r_224,AI01916,0.25,0
r_406,AI06709,0.2,0
r_89,AI07724,0.2,0
r_89,AI10286,0.25,0
r_562,AI14236,0.25,0
r_111,AI02856,0.2,0
r_575,AI06308,0.2,0
r_200,AI03457,0.25,0
r_187,AI08889,0.2,0
r_346,AI08083,0.2,0
r_93,AI14388,0.25,0
r_594,AI02935,0.2,0
r_200,AI02584,0.2,0
r_134,AI13146,0.25,0
r_134,AI06082,0.2,0
r_632,AI07399,0.2,0
r_656,AI05468,0.25,0
r_562,AI13754,0.25,0
r_539,AI01482,0.2,0
r_89,AI08605,0.25,0
r_111,AI03296,0.25,0
r_160,AI05709,0.25,0
r_599,AI12783,0.25,0
r_89,AI12041,0.25,0
r_224,AI12833,0.25,0
r_111,AI12590,0.25,0
r_406,AI00593,0.25,0
r_160,AI08673,0.2,0
r_539,AI05131,0.2,0
r_599,AI10388,0.25,0
r_406,AI05426,0.2,0
r_134,AI08058,0.25,0
r_12,AI01310,0.2,0
r_132,AI11553,0.2,0
r_599,AI00926,0.25,0
r_588,AI00253,0.2,0
r_375,AI12926,0.25,0
r_187,AI08118,0.2,0
r_187,AI12065,0.2,0
r_160,AI08246,0.25,0
r_200,AI00402,0.2,0
r_58,AI02474,0.25,0
r_632,AI08118,0.2,0
r_2173,AI09066,0.5,1
r_111,AI10905,0.25,0
r_224,AI11713,0.25,0
r_209,AI10030,0.25,0
r_187,AI01507,0.2,0
r_132,AI04175,0.2,0
r_174,AI07602,0.5,1
r_656,AI00820,0.25,0
r_503,AI01096,0.2,0
r_656,AI01777,0.2,0
r_673,AI10829,0.25,0
r_561,AI12787,0.25,0
r_562,AI09014,0.25,0
r_174,AI02955,0.25,0
r_187,AI12604,0.25,0
r_503,AI11943,0.2,0
r_174,AI06192,0.2,0
r_503,AI00712,0.25,0
r_89,AI08049,0.2,0
r_187,AI02299,0.25,0
r_58,AI10944,0.25,0
r_632,AI12112,0.2,0
r_539,AI07161,0.25,0
r_174,AI00882,0.2,0
r_566,AI01085,0.2,0
r_58,AI13367,0.25,0
r_224,AI11226,0.2,0
r_12,AI05489,0.25,0
r_575,AI05754,0.2,0
r_632,AI12077,0.25,0
r_111,AI10701,0.2,0
r_132,AI12795,0.2,0
r_575,AI13356,0.2,0
r_93,AI03852,0.2,0
r_599,AI02182,0.2,0
r_451,AI01719,0.25,0
r_224,AI07827,0.25,0
r_406,AI13436,0.25,0
r_89,AI13022,0.25,0
r_12,AI08370,0.2,0
r_200,AI11620,0.2,0
r_200,AI08013,0.2,0
r_632,AI01814,0.2,0
r_346,AI11444,0.25,0
r_503,AI10702,0.2,0
r_575,AI11358,0.25,0
r_346,AI06212,0.25,0
r_406,AI13886,0.25,0
r_375,AI09995,0.2,0
r_346,AI11918,0.25,0
r_58,AI10880,0.25,0
r_575,AI11784,0.25,0
r_93,AI12600,0.2,0
r_93,AI14610,0.2,0
r_58,AI12754,0.2,0
r_200,AI11793,0.2,0
r_539,AI14787,0.25,0
r_562,AI00100,0.2,0
r_656,AI10024,0.25,0
r_89,AI02340,0.25,0
r_134,AI13224,0.25,0
r_12,AI13682,0.2,0
r_200,AI14961,0.2,0
r_93,AI10799,0.25,0
r_12,AI08791,0.25,0
r_451,AI10828,0.2,0
r_12,AI07277,0.2,0
r_160,AI11901,0.25,0
r_588,AI05660,0.25,0
r_673,AI09545,0.5,1
r_346,AI10784,0.25,0
r_209,AI06364,0.2,0
r_673,AI11485,0.2,0
r_599,AI04345,0.25,0
r_2155,AI00156,0.5,1
r_1828,AI11122,0.5,1
r_224,AI01270,0.2,0
r_599,AI02901,0.2,0
r_209,AI00258,0.2,0
r_588,AI09490,0.2,0
r_588,AI05623,0.2,0
r_174,AI01014,0.2,0
r_224,AI10894,0.25,0
r_174,AI12923,0.2,0
r_58,AI10677,0.25,0
r_89,AI01318,0.2,0
r_209,AI04198,0.25,0
r_224,AI12422,0.25,0
r_656,AI00616,0.2,0
r_134,AI05171,0.25,0
r_561,AI01709,0.2,0
r_503,AI02675,0.2,0
r_588,AI10233,0.25,0
r_132,AI01814,0.2,0
r_89,AI14002,0.25,0
r_2366,AI08383,0.5,1
r_89,AI07707,0.2,0
r_1952,AI10551,0.5,1
r_174,AI02344,0.2,0
r_594,AI01927,0.25,0
r_58,AI12499,0.25,0
r_566,AI11751,0.2,0
r_224,AI01893,0.2,0
r_503,AI06738,0.25,0
r_406,AI06825,0.5,1
r_187,AI01981,0.2,0
r_134,AI01916,0.25,0
r_93,AI01643,0.2,0
r_93,AI14925,0.25,0
r_111,AI06527,0.25,0
r_224,AI00889,0.2,0
r_174,AI06311,0.25,0
r_575,AI12384,0.25,0
r_632,AI12350,0.25,0
r_588,AI10340,0.25,0
r_673,AI14521,0.2,0
r_2716,AI13914,0.5,1
r_58,AI07161,0.25,0
r_406,AI09380,0.2,0
r_160,AI01651,0.25,0
r_562,AI13833,0.2,0
r_539,AI08980,0.25,0
r_562,AI08701,0.25,0
r_111,AI10302,0.25,0
r_12,AI06553,0.2,0
r_224,AI03270,0.25,0
r_673,AI10560,0.25,0
r_1197,AI06296,0.5,1
r_656,AI03441,0.2,0
r_594,AI10534,0.25,0
r_588,AI06921,0.2,0
r_632,AI09010,0.2,0
r_93,AI12029,0.25,0
r_451,AI07851,0.2,0
r_594,AI03966,0.25,0
r_406,AI04688,0.2,0
r_134,AI14369,0.2,0
r_1724,AI00156,0.5,1
r_111,AI02378,0.25,0
r_174,AI07909,0.2,0
r_111,AI02418,0.2,0
r_539,AI04640,0.2,0
r_539,AI11242,0.25,0
r_58,AI10958,0.2,0
r_93,AI05206,0.2,0
r_93,AI13833,0.2,0
r_224,AI06189,0.2,0
r_503,AI11730,0.25,0
r_160,AI06911,0.25,0
r_134,AI06583,0.25,0
r_187,AI10905,0.25,0
r_575,AI14495,0.2,0
r_594,AI14432,0.25,0
r_224,AI12192,0.25,0
r_160,AI10932,0.25,0
r_594,AI01568,0.25,0
r_656,AI10212,0.25,0
r_346,AI01737,0.2,0
r_588,AI11747,0.2,0
r_89,AI14224,0.25,0
r_93,AI05073,0.2,0
r_375,AI09272,0.25,0
r_93,AI06874,0.25,0
r_58,AI09171,0.25,0
r_160,AI04749,0.25,0
r_209,AI09171,0.25,0
r_160,AI04214,0.2,0
r_160,AI05923,0.2,0
r_599,AI01588,0.25,0
r_346,AI08531,0.2,0
r_575,AI09342,0.5,1
r_561,AI12416,0.25,0
r_673,AI02838,0.2,0
r_12,AI05740,0.25,0
r_594,AI11222,0.25,0
r_599,AI11633,0.2,0
r_174,AI02132,0.25,0
r_346,AI03355,0.25,0
r_539,AI03634,0.25,0
r_539,AI03016,0.25,0
r_58,AI07758,0.25,0
r_566,AI07255,0.2,0
r_562,AI01253,0.25,0
r_2603,AI06825,0.5,1
r_375,AI12741,0.25,0
r_111,AI05709,0.25,0
r_12,AI06350,0.25,0
r_673,AI10999,0.25,0
r_1568,AI14063,0.5,1
r_594,AI10714,0.25,0
r_566,AI12760,0.5,1
r_594,AI05315,0.2,0
r_963,AI01360,0.5,1
r_969,AI13237,0.5,1
r_539,AI08429,0.5,1
r_2130,AI00007,0.5,1
r_588,AI02620,0.25,0
r_89,AI00889,0.2,0
r_111,AI02233,0.2,0
r_375,AI13854,0.25,0
r_673,AI03838,0.2,0
r_562,AI07336,0.2,0
r_160,AI04640,0.2,0
r_632,AI09637,0.5,1
r_224,AI08735,0.2,0
r_58,AI09230,0.25,0
r_12,AI00648,0.2,0
r_58,AI05355,0.2,0
r_562,AI09354,0.25,0
r_594,AI06596,0.25,0
r_174,AI09241,0.25,0
r_160,AI05458,0.2,0
r_93,AI05508,0.25,0
r_406,AI01588,0.25,0
r_594,AI06995,0.25,0
r_134,AI10332,0.25,0
r_996,AI11490,0.5,1
r_656,AI09894,0.2,0
r_562,AI03033,0.2,0
r_1027,AI08429,0.5,1
r_2366,AI10422,0.5,1
r_134,AI13879,0.25,0
r_575,AI13197,0.25,0
r_346,AI09957,0.2,0
r_561,AI03182,0.25,0
r_346,AI07952,0.2,0
r_451,AI01888,0.2,0
r_539,AI03772,0.25,0
r_566,AI14234,0.2,0
r_58,AI08195,0.2,0
r_503,AI14151,0.25,0
r_2937,AI03742,0.5,1
r_89,AI09303,0.25,0
r_12,AI10468,0.25,0
r_89,AI08135,0.2,0
r_566,AI07011,0.2,0
r_111,AI04878,0.2,0
r_187,AI11603,0.25,0
r_406,AI02182,0.2,0
r_561,AI04771,0.2,0
r_588,AI14946,0.25,0
r_134,AI01232,0.2,0
r_566,AI10919,0.2,0
r_575,AI05131,0.2,0
r_187,AI10212,0.25,0
r_539,AI04126,0.2,0
r_187,AI13475,0.25,0
r_12,AI09098,0.2,0
r_174,AI06767,0.2,0
r_599,AI09761,0.25,0
r_632,AI07410,0.2,0
r_58,AI00717,0.25,0
r_89,AI00099,0.25,0
r_209,AI00422,0.25,0
r_375,AI06162,0.2,0
r_562,AI12688,0.25,0
r_12,AI13808,0.5,1
r_2848,AI11748,0.5,1
r_599,AI01085,0.2,0
r_58,AI13736,0.5,1
r_594,AI12439,0.2,0
r_2136,AI08705,0.5,1
r_575,AI12868,0.2,0
r_632,AI05062,0.25,0
r_588,AI13334,0.2,0
r_656,AI08133,0.2,0
r_375,AI02102,0.2,0
r_575,AI06201,0.25,0
r_503,AI07553,0.25,0
r_346,AI09233,0.25,0
r_503,AI14335,0.2,0
r_575,AI12593,0.25,0
r_132,AI04262,0.2,0
r_375,AI07578,0.2,0
r_594,AI06952,0.25,0
r_673,AI06396,0.2,0
r_174,AI13237,0.5,1
r_93,AI10919,0.2,0
r_588,AI04065,0.25,0
r_756,AI06832,0.5,1
r_566,AI03360,0.2,0
r_561,AI12715,0.25,0
r_132,AI06646,0.2,0
r_200,AI02673,0.25,0
r_561,AI01821,0.2,0
r_2130,AI05568,0.5,1
r_792,AI14063,0.5,1
r_132,AI05821,0.25,0
r_12,AI14531,0.25,0
r_1955,AI05758,0.5,1
r_346,AI06180,0.2,0
r_2953,AI09843,0.5,1
r_632,AI08246,0.25,0
r_209,AI03217,0.2,0
r_996,AI06825,0.5,1
r_1640,AI14362,0.5,1
r_561,AI07165,0.2,0
r_132,AI07463,0.25,0
r_174,AI04119,0.2,0
r_93,AI02452,0.25,0
r_346,AI09701,0.2,0
r_503,AI01763,0.2,0
r_132,AI04678,0.2,0
r_566,AI10772,0.2,0
r_594,AI05582,0.25,0
r_160,AI09807,0.2,0
r_632,AI11747,0.2,0
r_566,AI10859,0.25,0
r_561,AI01194,0.2,0
r_160,AI14116,0.2,0
r_224,AI05106,0.5,1
r_89,AI09235,0.25,0
r_673,AI04717,0.2,0
r_200,AI13758,0.25,0
r_594,AI06893,0.25,0
r_160,AI00124,0.2,0
r_1823,AI06944,0.5,1
r_539,AI12834,0.25,0
r_346,AI14176,0.25,0
r_673,AI04687,0.25,0
r_503,AI02826,0.25,0
r_539,AI04878,0.2,0
r_132,AI14779,0.2,0
r_224,AI00117,0.2,0
r_575,AI01564,0.25,0
r_451,AI03749,0.25,0
r_93,AI12490,0.25,0
r_562,AI02280,0.2,0
r_561,AI01604,0.2,0
r_562,AI09149,0.25,0
r_224,AI02935,0.2,0
r_503,AI00747,0.2,0
r_200,AI10023,0.2,0
r_566,AI10701,0.2,0
r_562,AI08080,0.25,0
r_566,AI05361,0.2,0
r_561,AI06762,0.2,0
r_2136,AI06694,0.5,1
r_224,AI08993,0.2,0
r_562,AI02278,0.2,0
r_594,AI01874,0.2,0
r_209,AI04467,0.2,0
r_1426,AI08429,0.5,1
r_209,AI11685,0.25,0
r_599,AI02515,0.2,0
r_566,AI05332,0.2,0
r_561,AI01200,0.2,0
r_406,AI00579,0.2,0
r_566,AI09390,0.2,0
r_503,AI00817,0.25,0
r_632,AI03590,0.25,0
r_562,AI09840,0.25,0
r_656,AI08840,0.25,0
r_93,AI02856,0.2,0
r_562,AI10542,0.2,0
r_58,AI06234,0.2,0
r_375,AI10480,0.2,0
r_58,AI05066,0.2,0
r_599,AI11328,0.2,0
r_209,AI07161,0.25,0
r_224,AI11168,0.25,0
r_174,AI01890,0.25,0
r_1253,AI09286,0.5,1
r_375,AI11051,0.25,0
r_174,AI14045,0.2,0
r_2264,AI02054,0.5,1
r_89,AI05034,0.25,0
r_89,AI06729,0.25,0
r_561,AI05766,0.25,0
r_599,AI12875,0.25,0
r_89,AI09714,0.2,0
r_187,AI06684,0.2,0
r_588,AI13341,0.25,0
r_346,AI05206,0.2,0
r_93,AI02478,0.25,0
r_111,AI03667,0.2,0
r_562,AI12795,0.2,0
r_224,AI07868,0.25,0
r_58,AI13473,0.2,0
r_58,AI13233,0.2,0
r_594,AI13636,0.2,0
r_209,AI07194,0.2,0
r_656,AI09089,0.25,0
r_656,AI07604,0.25,0
r_451,AI07877,0.2,0
r_111,AI04931,0.2,0
r_503,AI02990,0.25,0
r_588,AI13297,0.25,0
r_406,AI07638,0.25,0
r_160,AI12559,0.2,0
r_58,AI09436,0.2,0
r_12,AI13489,0.2,0
r_187,AI07019,0.2,0
r_575,AI01051,0.25,0
r_200,AI08997,0.25,0
r_89,AI06356,0.25,0
r_562,AI05450,0.2,0
r_1823,AI01474,0.5,1
r_93,AI01988,0.2,0
r_375,AI04436,0.2,0
r_132,AI03082,0.25,0
r_562,AI06589,0.25,0
r_561,AI06200,0.2,0
r_1961,AI04896,0.5,1
r_375,AI09436,0.2,0
r_346,AI00253,0.2,0
r_561,AI12174,0.25,0
r_656,AI14558,0.25,0
r_562,AI10979,0.25,0
r_89,AI14041,0.2,0
r_594,AI00284,0.25,0
r_575,AI11507,0.25,0
r_2667,AI08568,0.5,1
r_673,AI01750,0.25,0
r_111,AI04541,0.2,0
r_599,AI04504,0.25,0
r_1205,AI07230,0.5,1
r_656,AI11028,0.2,0
r_594,AI01934,0.2,0
r_656,AI02990,0.25,0
r_451,AI07429,0.25,0
r_200,AI05183,0.5,1
r_503,AI10331,0.25,0
r_539,AI11444,0.25,0
r_2922,AI02054,0.5,1
r_160,AI03169,0.25,0
r_346,AI13758,0.25,0
r_539,AI09785,0.2,0
r_594,AI13173,0.2,0
r_673,AI02233,0.2,0
r_566,AI10715,0.2,0
r_451,AI04596,0.25,0
r_200,AI08354,0.25,0
r_174,AI00449,0.25,0
r_111,AI08790,0.2,0
r_594,AI06365,0.2,0
r_224,AI00468,0.25,0
r_209,AI10437,0.2,0
r_160,AI07032,0.2,0
r_209,AI13154,0.2,0
r_200,AI08875,0.2,0
r_599,AI04009,0.2,0
r_562,AI13297,0.25,0
r_200,AI09010,0.2,0
r_346,AI04134,0.25,0
r_2927,AI05758,0.5,1
r_1724,AI08429,0.5,1
r_588,AI04201,0.2,0
r_346,AI10919,0.2,0
r_132,AI09761,0.25,0
r_160,AI14666,0.25,0
r_575,AI10677,0.25,0
r_209,AI04452,0.2,0
r_132,AI14335,0.2,0
r_89,AI07194,0.2,0
r_632,AI09714,0.2,0
r_561,AI03328,0.2,0
r_58,AI01643,0.2,0
r_224,AI13169,0.25,0
r_562,AI13629,0.2,0
r_132,AI10449,0.25,0
r_2603,AI10587,0.5,1
r_539,AI13495,0.25,0
r_588,AI00045,0.5,1
r_174,AI14371,0.2,0
r_451,AI05766,0.25,0
r_673,AI00385,0.2,0
r_132,AI04971,0.2,0
r_673,AI06600,0.25,0
r_594,AI05914,0.25,0
r_174,AI08267,0.2,0
r_561,AI11569,0.25,0
r_1823,AI07687,0.5,1
r_1773,AI09573,0.5,1
r_539,AI09810,0.2,0
r_594,AI12770,0.2,0
r_1790,AI11970,0.5,1
r_134,AI06141,0.2,0
r_632,AI11448,0.25,0
r_89,AI02345,0.25,0
r_561,AI13558,0.2,0
r_93,AI11600,0.2,0
r_599,AI14307,0.25,0
r_132,AI03770,0.25,0
r_134,AI13849,0.25,0
r_12,AI08000,0.2,0
r_561,AI02977,0.25,0
r_575,AI09830,0.25,0
r_406,AI11600,0.2,0
r_209,AI13927,0.2,0
r_594,AI02052,0.2,0
r_58,AI10570,0.2,0
r_575,AI07670,0.25,0
r_375,AI08297,0.25,0
r_89,AI06738,0.25,0
r_12,AI04418,0.2,0
r_451,AI05342,0.2,0
r_632,AI10331,0.25,0
r_160,AI06879,0.2,0
r_2195,AI11490,0.5,1
r_2955,AI02869,0.5,1
r_656,AI14437,0.2,0
r_656,AI01604,0.2,0
r_209,AI04639,0.2,0
r_588,AI12593,0.25,0
r_632,AI03820,0.25,0
r_996,AI10587,0.5,1
r_12,AI12537,0.2,0
r_134,AI14637,0.25,0
r_588,AI01716,0.25,0
r_1027,AI04896,0.5,1
r_111,AI05458,0.2,0
r_503,AI09527,0.25,0
r_132,AI14517,0.25,0
r_1955,AI06627,0.5,1
r_132,AI06715,0.2,0
r_134,AI08583,0.25,0
r_783,AI07230,0.5,1
r_561,AI13458,0.25,0
r_93,AI11490,0.5,1
r_632,AI11246,0.25,0
r_673,AI10869,0.2,0
r_111,AI07638,0.25,0
r_599,AI08080,0.25,0
r_451,AI09383,0.25,0
r_503,AI14658,0.25,0
r_160,AI02673,0.25,0
r_599,AI14849,0.25,0
r_160,AI11781,0.5,1
r_174,AI04094,0.25,0
r_89,AI00923,0.25,0
r_93,AI11858,0.25,0
r_132,AI07857,0.25,0
r_224,AI14392,0.2,0
r_224,AI06132,0.2,0
r_963,AI09573,0.5,1
r_224,AI04452,0.2,0
r_656,AI09398,0.25,0
r_89,AI13154,0.2,0
r_174,AI06943,0.2,0
r_561,AI05174,0.2,0
r_224,AI01236,0.2,0
r_561,AI14714,0.2,0
r_224,AI07638,0.25,0
r_209,AI04877,0.25,0
r_594,AI01872,0.2,0
r_632,AI10799,0.25,0
r_132,AI07019,0.2,0
r_562,AI05190,0.2,0
r_594,AI14865,0.2,0
r_406,AI09874,0.2,0
r_451,AI12416,0.25,0
r_575,AI08669,0.25,0
r_200,AI04596,0.25,0
r_1197,AI05183,0.5,1
r_562,AI08246,0.25,0
r_134,AI07238,0.2,0
r_632,AI06949,0.2,0
r_224,AI11695,0.2,0
r_89,AI14074,0.2,0
r_224,AI04095,0.2,0
r_346,AI08100,0.25,0
r_187,AI05187,0.25,0
r_132,AI04550,0.25,0
r_632,AI14136,0.2,0
r_539,AI08399,0.2,0
r_539,AI00194,0.25,0
r_539,AI08025,0.2,0
r_2509,AI05651,0.5,1
r_656,AI03411,0.25,0
r_588,AI06561,0.25,0
r_346,AI04771,0.2,0
r_224,AI06038,0.2,0
r_539,AI10272,0.25,0
r_111,AI13643,0.2,0
r_561,AI05431,0.2,0
r_503,AI01566,0.2,0
r_209,AI03561,0.25,0
r_200,AI09526,0.25,0
r_539,AI02519,0.2,0
r_209,AI09478,0.2,0
r_200,AI01643,0.2,0
r_656,AI11315,0.2,0
r_599,AI11410,0.25,0
r_209,AI02607,0.2,0
r_134,AI06091,0.25,0
r_562,AI04018,0.25,0
r_132,AI13558,0.2,0
r_375,AI07670,0.25,0
r_673,AI02678,0.25,0
r_375,AI05941,0.25,0
r_406,AI11633,0.2,0
r_599,AI13358,0.25,0
r_1426,AI06296,0.5,1
r_134,AI01755,0.2,0
r_58,AI02539,0.25,0
r_224,AI12122,0.25,0
r_346,AI03358,0.2,0
r_539,AI11781,0.5,1
r_375,AI01471,0.2,0
r_656,AI10826,0.2,0
r_209,AI02340,0.25,0
r_134,AI02771,0.25,0
r_224,AI08291,0.2,0
r_406,AI02800,0.2,0
r_224,AI09463,0.25,0
r_656,AI07301,0.2,0
r_58,AI14756,0.25,0
r_346,AI10233,0.25,0
r_93,AI06508,0.2,0
r_174,AI04223,0.2,0
r_561,AI00457,0.2,0
r_134,AI10698,0.25,0
r_346,AI05766,0.25,0
r_12,AI12285,0.25,0
r_503,AI10315,0.2,0
r_561,AI14957,0.25,0
r_134,AI07666,0.25,0
r_132,AI10720,0.25,0
r_406,AI00946,0.25,0
r_346,AI00082,0.25,0
r_673,AI02284,0.25,0
r_209,AI03489,0.2,0
r_673,AI13592,0.2,0
r_594,AI07285,0.2,0
r_1828,AI03072,0.5,1
r_632,AI08831,0.25,0
r_224,AI07734,0.25,0
r_673,AI08597,0.25,0
r_406,AI07253,0.2,0
r_174,AI12304,0.25,0
r_673,AI02936,0.2,0
r_539,AI05190,0.2,0
r_539,AI10209,0.2,0
r_561,AI06363,0.2,0
r_111,AI05468,0.25,0
r_599,AI00522,0.2,0
r_12,AI09570,0.25,0
r_673,AI06751,0.2,0
r_594,AI01983,0.2,0
r_12,AI11925,0.2,0
r_89,AI14438,0.25,0
r_406,AI08118,0.2,0
r_539,AI08679,0.25,0
r_224,AI09496,0.25,0
r_406,AI12212,0.2,0
r_632,AI04749,0.25,0
r_588,AI05361,0.2,0
r_134,AI03287,0.25,0
r_599,AI08007,0.25,0
r_12,AI04611,0.2,0
r_111,AI12995,0.2,0
r_575,AI08519,0.2,0
r_406,AI11781,0.5,1
r_561,AI11354,0.2,0
r_134,AI12281,0.5,1
r_575,AI02183,0.25,0
r_561,AI14573,0.2,0
r_656,AI10244,0.2,0
r_2922,AI14362,0.5,1
r_93,AI09342,0.5,1
r_561,AI02990,0.25,0
r_187,AI01873,0.25,0
r_2235,AI05301,0.5,1
r_451,AI08982,0.25,0
r_673,AI05201,0.2,0
r_200,AI12825,0.2,0
r_375,AI02482,0.2,0
r_3002,AI00007,0.5,1
r_132,AI10743,0.2,0
r_160,AI14136,0.2,0
r_200,AI04128,0.2,0
r_224,AI11466,0.2,0
r_160,AI06938,0.25,0
r_656,AI12112,0.2,0
r_200,AI10760,0.2,0
r_575,AI14362,0.5,1
r_451,AI13458,0.25,0
r_160,AI01731,0.2,0
r_375,AI04596,0.25,0
r_599,AI08945,0.25,0
r_406,AI00810,0.2,0
r_1549,AI02054,0.5,1
r_588,AI12741,0.25,0
r_2638,AI09342,0.5,1
r_451,AI08097,0.2,0
r_451,AI09637,0.5,1
r_89,AI10574,0.2,0
r_111,AI00288,0.2,0
r_2088,AI13447,0.5,1
r_209,AI14577,0.25,0
r_1231,AI02466,0.5,1
r_588,AI11032,0.2,0
r_93,AI03033,0.2,0
r_200,AI11987,0.2,0
r_58,AI08782,0.2,0
r_562,AI09307,0.25,0
r_566,AI14573,0.2,0
r_111,AI10331,0.25,0
r_503,AI09714,0.2,0
r_451,AI08993,0.2,0
r_132,AI07934,0.2,0
r_160,AI11154,0.25,0
r_224,AI01045,0.5,1
r_187,AI09807,0.2,0
r_134,AI02992,0.2,0
r_503,AI08133,0.2,0
r_58,AI03082,0.25,0
r_562,AI00712,0.25,0
r_375,AI00085,0.2,0
r_673,AI09009,0.25,0
r_200,AI03319,0.25,0
r_224,AI01238,0.25,0
r_187,AI07949,0.25,0
r_1549,AI12760,0.5,1
r_134,AI03479,0.25,0
r_594,AI05873,0.25,0
r_89,AI14845,0.2,0
r_89,AI00829,0.25,0
r_562,AI06274,0.2,0
r_160,AI02483,0.2,0
r_673,AI02037,0.25,0
r_134,AI01927,0.25,0
r_93,AI03448,0.25,0
r_632,AI02780,0.2,0
r_673,AI04390,0.25,0
r_566,AI01173,0.25,0
r_89,AI13957,0.25,0
r_132,AI06461,0.2,0
r_174,AI09069,0.25,0
r_134,AI01524,0.25,0
r_187,AI08487,0.2,0
r_346,AI12926,0.25,0
r_594,AI06553,0.2,0
r_89,AI00322,0.2,0
r_89,AI14482,0.25,0
r_562,AI10346,0.25,0
r_451,AI10272,0.25,0
r_224,AI10574,0.2,0
r_562,AI10183,0.2,0
r_562,AI05772,0.25,0
r_539,AI10772,0.2,0
r_209,AI11209,0.25,0
r_209,AI03115,0.2,0
r_200,AI13379,0.2,0
r_575,AI06911,0.25,0
r_111,AI00045,0.5,1
r_632,AI01673,0.2,0
r_200,AI14352,0.25,0
r_656,AI14648,0.2,0
r_12,AI06038,0.2,0
r_1823,AI08705,0.5,1
r_588,AI09079,0.2,0
r_503,AI12706,0.25,0
r_588,AI12521,0.25,0
r_58,AI09685,0.25,0
r_561,AI06773,0.2,0
r_451,AI03448,0.25,0
r_93,AI06723,0.2,0
r_209,AI08370,0.2,0
r_406,AI11050,0.2,0
r_451,AI05174,0.2,0
r_200,AI11122,0.5,1
r_187,AI01732,0.25,0
r_656,AI01778,0.2,0
r_575,AI02958,0.25,0
r_599,AI05819,0.2,0
r_632,AI11781,0.5,1
r_575,AI14296,0.2,0
r_599,AI00243,0.25,0
r_594,AI07277,0.2,0
r_599,AI10871,0.2,0
r_224,AI13832,0.2,0
r_575,AI11553,0.2,0
r_566,AI05866,0.25,0
r_12,AI07005,0.25,0
r_539,AI10542,0.2,0
r_2922,AI09637,0.5,1
r_89,AI00820,0.25,0
r_12,AI09412,0.2,0
r_561,AI08063,0.2,0
r_562,AI00593,0.25,0
r_566,AI01233,0.25,0
r_93,AI06569,0.2,0
r_503,AI08211,0.2,0
r_134,AI13359,0.25,0
r_599,AI07820,0.25,0
r_656,AI10322,0.25,0
r_503,AI01283,0.2,0
r_594,AI00219,0.2,0
r_599,AI05148,0.2,0
r_12,AI10944,0.25,0
r_451,AI05866,0.25,0
r_187,AI05376,0.25,0
r_160,AI07498,0.25,0
r_594,AI02547,0.25,0
r_187,AI05531,0.25,0
r_58,AI10542,0.2,0
r_160,AI07156,0.25,0
r_111,AI10715,0.2,0
r_588,AI00777,0.2,0
r_673,AI12981,0.2,0
r_134,AI01467,0.2,0
r_160,AI12363,0.25,0
r_93,AI04214,0.2,0
r_58,AI05807,0.2,0
r_566,AI07313,0.25,0
r_346,AI07362,0.2,0
r_575,AI01086,0.2,0
r_539,AI05361,0.2,0
r_134,AI14564,0.2,0
r_656,AI00816,0.25,0
r_656,AI05709,0.25,0
r_89,AI04542,0.2,0
r_594,AI04397,0.25,0
r_406,AI01175,0.2,0
r_111,AI09839,0.2,0
r_588,AI03072,0.5,1
r_224,AI11621,0.25,0
r_594,AI01467,0.2,0
r_111,AI09602,0.25,0
r_406,AI00522,0.2,0
r_224,AI07398,0.2,0
r_89,AI09183,0.2,0
r_89,AI11868,0.25,0
r_561,AI00156,0.5,1
r_160,AI04964,0.25,0
r_588,AI06993,0.2,0
r_160,AI11620,0.2,0
r_656,AI08354,0.25,0
r_12,AI10437,0.2,0
r_12,AI08148,0.2,0
r_134,AI03718,0.2,0
r_174,AI09064,0.25,0
r_134,AI02802,0.25,0
r_200,AI10551,0.5,1
r_562,AI06995,0.25,0
r_224,AI06400,0.25,0
r_594,AI02869,0.5,1
r_224,AI14720,0.25,0
r_539,AI02990,0.25,0
r_539,AI12382,0.25,0
r_566,AI05921,0.25,0
r_375,AI09230,0.25,0
r_656,AI08515,0.25,0
r_561,AI01565,0.25,0
r_12,AI14053,0.2,0
r_656,AI02098,0.2,0
r_111,AI07087,0.2,0
r_187,AI00431,0.2,0
r_599,AI03277,0.2,0
r_588,AI02189,0.2,0
r_561,AI13255,0.25,0
r_1817,AI08383,0.5,1
r_656,AI03509,0.2,0
r_1253,AI06296,0.5,1
r_375,AI08007,0.25,0
r_594,AI03320,0.2,0
r_375,AI01778,0.2,0
r_1197,AI14063,0.5,1
r_111,AI00447,0.2,0
r_2937,AI03574,0.5,1
r_12,AI14816,0.2,0
r_93,AI13713,0.25,0
r_632,AI04964,0.25,0
r_566,AI14849,0.25,0
r_561,AI06314,0.2,0
r_539,AI09807,0.2,0
r_200,AI06949,0.2,0
r_503,AI10551,0.5,1
r_346,AI09390,0.2,0
r_200,AI11986,0.2,0
r_200,AI06995,0.25,0
r_632,AI05332,0.2,0
r_2667,AI02054,0.5,1
r_160,AI12715,0.25,0
r_575,AI00990,0.25,0
r_209,AI04281,0.25,0
r_209,AI02771,0.25,0
r_2869,AI09637,0.5,1
r_132,AI09052,0.2,0
r_562,AI06058,0.2,0
r_656,AI09685,0.25,0
r_561,AI13670,0.25,0
r_566,AI00002,0.2,0
r_599,AI05923,0.2,0
r_406,AI13645,0.2,0
r_539,AI01478,0.25,0
r_2724,AI05106,0.5,1
r_406,AI07291,0.2,0
r_209,AI07138,0.2,0
r_406,AI03076,0.2,0
r_346,AI06508,0.2,0
r_224,AI06938,0.25,0
r_187,AI07670,0.25,0
r_451,AI12962,0.2,0
r_575,AI04744,0.2,0
r_673,AI00025,0.2,0
r_656,AI14987,0.25,0
r_539,AI03590,0.25,0
r_594,AI02885,0.2,0
r_566,AI08701,0.25,0
r_451,AI09202,0.25,0
r_89,AI04086,0.25,0
r_562,AI01662,0.25,0
r_12,AI10475,0.2,0
r_346,AI13785,0.2,0
r_599,AI09383,0.25,0
r_93,AI08647,0.2,0
r_406,AI01011,0.25,0
r_632,AI01763,0.2,0
r_406,AI05471,0.25,0
r_566,AI08233,0.2,0
r_561,AI02114,0.2,0
r_93,AI11067,0.2,0
r_575,AI03770,0.25,0
r_594,AI09212,0.25,0
r_134,AI05274,0.25,0
r_406,AI08237,0.5,1
r_503,AI04483,0.2,0
r_2724,AI05612,0.5,1
r_375,AI12214,0.25,0
r_346,AI12784,0.2,0
r_111,AI13935,0.2,0
r_503,AI01173,0.25,0
r_134,AI00972,0.25,0
r_588,AI12424,0.2,0
r_575,AI07429,0.25,0
r_566,AI04262,0.2,0
r_12,AI04370,0.25,0
r_566,AI13606,0.25,0
r_12,AI11811,0.25,0
r_632,AI09192,0.2,0
r_93,AI07588,0.2,0
r_58,AI07296,0.2,0
r_224,AI01874,0.2,0
r_575,AI02673,0.25,0
r_174,AI11902,0.25,0
r_599,AI08701,0.25,0
r_89,AI04095,0.2,0
r_588,AI07578,0.2,0
r_561,AI02539,0.25,0
r_209,AI02869,0.5,1
r_58,AI14453,0.2,0
r_656,AI07291,0.2,0
r_632,AI03509,0.2,0
r_187,AI11490,0.5,1
r_132,AI11959,0.5,1
r_58,AI12787,0.25,0
r_12,AI10732,0.25,0
r_58,AI11090,0.25,0
r_93,AI12362,0.2,0
r_58,AI11721,0.2,0
r_111,AI14335,0.2,0
r_561,AI14864,0.2,0
r_594,AI07549,0.25,0
r_224,AI14300,0.2,0
r_566,AI10704,0.2,0
r_561,AI09232,0.2,0
r_566,AI01194,0.2,0
r_632,AI10700,0.25,0
r_346,AI05391,0.2,0
r_566,AI14386,0.2,0
r_134,AI00553,0.2,0
r_562,AI05799,0.25,0
r_673,AI07292,0.25,0
r_594,AI13734,0.25,0
r_503,AI10316,0.2,0
r_209,AI11521,0.2,0
r_588,AI10276,0.25,0
r_632,AI00050,0.2,0
r_134,AI13062,0.25,0
r_656,AI14063,0.5,1
r_599,AI14029,0.25,0
r_187,AI01283,0.2,0
r_3011,AI05183,0.5,1
r_632,AI12995,0.2,0
r_599,AI01011,0.25,0
r_656,AI01085,0.2,0
r_594,AI11474,0.25,0
r_566,AI01200,0.2,0
r_594,AI14997,0.25,0
r_562,AI10905,0.25,0
r_1773,AI13736,0.5,1
r_561,AI12262,0.2,0
r_58,AI04113,0.2,0
r_58,AI10885,0.25,0
r_656,AI14386,0.2,0
r_12,AI12229,0.2,0
r_599,AI03634,0.25,0
r_160,AI08182,0.25,0
r_406,AI01643,0.2,0
r_561,AI09175,0.25,0
r_89,AI01403,0.2,0
r_561,AI11122,0.5,1
r_224,AI05693,0.25,0
r_451,AI14352,0.25,0
r_132,AI14528,0.2,0
r_406,AI02144,0.25,0
r_451,AI06729,0.25,0
r_224,AI01834,0.2,0
r_1549,AI04200,0.5,1
r_89,AI07005,0.25,0
r_160,AI01886,0.25,0
r_673,AI00214,0.25,0
r_346,AI13464,0.2,0
r_58,AI07663,0.25,0
r_209,AI04948,0.2,0
r_58,AI08179,0.25,0
r_200,AI03207,0.25,0
r_451,AI10238,0.5,1
r_503,AI00832,0.2,0
r_111,AI08673,0.2,0
r_89,AI13067,0.2,0
r_503,AI05867,0.2,0
r_2063,AI13914,0.5,1
r_93,AI11062,0.2,0
r_12,AI10434,0.5,1
r_561,AI06949,0.2,0
r_58,AI07473,0.25,0
r_209,AI08294,0.25,0
r_346,AI14658,0.25,0
r_160,AI06200,0.2,0
r_2292,AI09434,0.5,1
r_89,AI08756,0.25,0
r_503,AI05754,0.2,0
r_132,AI03207,0.25,0
r_58,AI01786,0.25,0
r_594,AI01938,0.2,0
r_132,AI02846,0.2,0
r_160,AI02975,0.2,0
r_346,AI00348,0.25,0
r_346,AI10257,0.25,0
r_93,AI14402,0.2,0
r_12,AI02224,0.25,0
r_111,AI07463,0.25,0
r_594,AI03780,0.25,0
r_503,AI05799,0.25,0
r_575,AI00725,0.2,0
r_132,AI07555,0.2,0
r_806,AI13447,0.5,1
r_12,AI08267,0.2,0
r_200,AI13255,0.25,0
r_89,AI03502,0.25,0
r_566,AI12278,0.2,0
r_561,AI02329,0.25,0
r_594,AI09351,0.2,0
r_451,AI11376,0.2,0
r_539,AI11067,0.2,0
r_346,AI01051,0.25,0
r_3011,AI04896,0.5,1
r_632,AI03712,0.25,0
r_3011,AI05568,0.5,1
r_681,AI13162,0.5,1
r_2088,AI10768,0.5,1
r_187,AI06480,0.25,0
r_562,AI02898,0.25,0
r_160,AI11444,0.25,0
r_2292,AI03072,0.5,1
r_806,AI01474,0.5,1
r_132,AI03151,0.25,0
r_132,AI09014,0.25,0
r_375,AI04105,0.2,0
r_58,AI13833,0.2,0
r_406,AI13985,0.25,0
r_599,AI08211,0.2,0
r_224,AI04397,0.25,0
r_160,AI09782,0.25,0
r_594,AI10606,0.25,0
r_588,AI06729,0.25,0
r_187,AI00305,0.2,0
r_2937,AI06694,0.5,1
r_632,AI11001,0.2,0
r_451,AI06008,0.2,0
r_58,AI05431,0.2,0
r_111,AI08984,0.2,0
r_599,AI11827,0.25,0
r_132,AI07448,0.25,0
r_575,AI14086,0.2,0
r_503,AI01969,0.2,0
r_539,AI03749,0.25,0
r_539,AI13209,0.25,0
r_132,AI13358,0.25,0
r_673,AI14912,0.25,0
r_562,AI12803,0.25,0
r_539,AI10371,0.25,0
r_406,AI14254,0.2,0
r_224,AI06509,0.25,0
r_346,AI05988,0.2,0
r_93,AI01488,0.2,0
r_12,AI10919,0.2,0
r_594,AI08000,0.2,0
r_575,AI01283,0.2,0
r_3011,AI09434,0.5,1
r_174,AI00745,0.25,0
r_656,AI00063,0.25,0
r_594,AI07506,0.25,0
r_451,AI05819,0.2,0
r_594,AI14489,0.2,0
r_406,AI09717,0.2,0
r_58,AI07934,0.2,0
r_89,AI09057,0.25,0
r_2136,AI13808,0.5,1
r_134,AI08824,0.25,0
r_187,AI04648,0.25,0
r_160,AI11959,0.5,1
r_963,AI00007,0.5,1
r_375,AI10291,0.25,0
r_588,AI01174,0.25,0
r_111,AI08804,0.25,0
r_594,AI03030,0.25,0
r_200,AI07934,0.2,0
r_93,AI03950,0.25,0
r_539,AI11793,0.2,0
r_2299,AI10551,0.5,1
r_539,AI01566,0.2,0
r_566,AI01117,0.2,0
r_346,AI09879,0.2,0
r_539,AI02212,0.2,0
r_132,AI00230,0.2,0
r_562,AI12386,0.25,0
r_346,AI01174,0.25,0
r_209,AI14331,0.2,0
r_93,AI00604,0.25,0
r_575,AI04499,0.25,0
r_174,AI03642,0.2,0
r_200,AI06561,0.25,0
r_539,AI14746,0.25,0
r_200,AI12640,0.2,0
r_93,AI06171,0.2,0
r_632,AI11422,0.25,0
r_200,AI02654,0.25,0
r_756,AI07230,0.5,1
r_134,AI08590,0.25,0
r_406,AI14303,0.25,0
r_134,AI12980,0.25,0
r_187,AI05407,0.25,0
r_93,AI08193,0.25,0
r_632,AI00569,0.25,0
r_503,AI05766,0.25,0
r_406,AI11502,0.25,0
r_561,AI13233,0.2,0
r_562,AI06784,0.25,0
r_132,AI12697,0.25,0
r_599,AI07864,0.2,0
r_588,AI00910,0.25,0
r_58,AI07588,0.2,0
r_599,AI08429,0.5,1
r_566,AI04345,0.25,0
r_561,AI04345,0.25,0
r_134,AI05651,0.5,1
r_93,AI14573,0.2,0
r_12,AI01315,0.2,0
r_503,AI10700,0.25,0
r_539,AI05033,0.25,0
r_375,AI05160,0.25,0
r_209,AI00284,0.25,0
r_346,AI03119,0.25,0
r_346,AI10168,0.25,0
r_93,AI01703,0.2,0
r_174,AI06177,0.2,0
r_58,AI01057,0.25,0
r_132,AI05350,0.25,0
r_588,AI02124,0.25,0
r_200,AI02931,0.25,0
r_132,AI01489,0.25,0
r_111,AI14512,0.2,0
r_575,AI14136,0.2,0
r_406,AI11748,0.5,1
r_599,AI14610,0.2,0
r_160,AI06143,0.2,0
r_588,AI09518,0.25,0
r_58,AI03843,0.25,0
r_160,AI00447,0.2,0
r_503,AI07851,0.2,0
r_566,AI12015,0.2,0
r_656,AI10346,0.25,0
r_224,AI09570,0.25,0
r_224,AI07566,0.25,0
r_539,AI08515,0.25,0
r_588,AI13134,0.2,0
r_594,AI14603,0.2,0
r_375,AI02054,0.5,1
r_562,AI09717,0.2,0
r_561,AI11950,0.2,0
r_2366,AI11122,0.5,1
r_673,AI09108,0.25,0
r_588,AI00020,0.2,0
r_599,AI14167,0.2,0
r_89,AI08816,0.2,0
r_406,AI11328,0.2,0
r_111,AI01732,0.25,0
r_1811,AI12760,0.5,1
r_451,AI14220,0.25,0
r_503,AI14881,0.25,0
r_588,AI06194,0.2,0
r_58,AI14362,0.5,1
r_375,AI10302,0.25,0
r_134,AI12374,0.25,0
r_539,AI08211,0.2,0
r_224,AI00887,0.25,0
r_375,AI09779,0.25,0
r_503,AI08844,0.2,0
r_209,AI02164,0.25,0
r_594,AI04081,0.2,0
r_209,AI14489,0.2,0
r_375,AI10905,0.25,0
r_594,AI09808,0.2,0
r_375,AI03787,0.25,0
r_346,AI01821,0.2,0
r_632,AI01703,0.2,0
r_132,AI11633,0.2,0
r_187,AI06429,0.25,0
r_575,AI08025,0.2,0
r_632,AI00045,0.5,1
r_160,AI08819,0.2,0
r_406,AI10702,0.2,0
r_656,AI13373,0.25,0
r_561,AI06258,0.25,0
r_566,AI10480,0.2,0
r_209,AI02934,0.25,0
r_562,AI14946,0.25,0
r_566,AI00167,0.25,0
r_134,AI03757,0.2,0
r_209,AI01444,0.2,0
r_12,AI11259,0.25,0
r_599,AI11365,0.2,0
r_89,AI11754,0.2,0
r_132,AI08652,0.25,0
r_111,AI04175,0.2,0
r_375,AI04766,0.25,0
r_566,AI14699,0.2,0
r_2638,AI10422,0.5,1
r_174,AI10550,0.2,0
r_132,AI03820,0.25,0
r_200,AI01790,0.2,0
r_12,AI14653,0.25,0
r_132,AI14176,0.25,0
r_1568,AI11959,0.5,1
r_2284,AI00007,0.5,1
r_806,AI02869,0.5,1
r_187,AI12077,0.25,0
r_561,AI13623,0.2,0
r_451,AI01360,0.5,1
r_575,AI07949,0.25,0
r_656,AI05578,0.2,0
r_1702,AI05651,0.5,1
r_160,AI12053,0.2,0
r_174,AI07470,0.25,0
r_132,AI12174,0.25,0
r_375,AI01358,0.25,0
r_375,AI00591,0.25,0
r_451,AI02988,0.25,0
r_111,AI12961,0.25,0
r_209,AI14690,0.25,0
r_673,AI10926,0.2,0
r_58,AI11569,0.25,0
r_1817,AI14063,0.5,1
r_224,AI11660,0.2,0
r_134,AI14720,0.25,0
r_594,AI13893,0.25,0
r_594,AI02295,0.2,0
r_2088,AI11970,0.5,1
r_58,AI05941,0.25,0
r_111,AI14453,0.2,0
r_132,AI05450,0.2,0
r_656,AI12741,0.25,0
r_599,AI05206,0.2,0
r_673,AI14495,0.2,0
r_451,AI02478,0.25,0
r_588,AI00154,0.25,0
r_561,AI05689,0.2,0
r_566,AI11533,0.2,0
r_406,AI04214,0.2,0
r_375,AI04247,0.25,0
r_539,AI11190,0.25,0
r_375,AI13727,0.2,0
r_969,AI01865,0.5,1
r_2953,AI11105,0.5,1
r_174,AI06879,0.2,0
r_346,AI00288,0.2,0
r_632,AI01873,0.25,0
r_503,AI11089,0.25,0
r_406,AI12605,0.25,0
r_1952,AI11755,0.5,1
r_111,AI03762,0.25,0
r_89,AI12439,0.2,0
r_58,AI03457,0.25,0
r_160,AI09966,0.25,0
r_224,AI03814,0.2,0
r_12,AI02771,0.25,0
r_93,AI06274,0.2,0
r_561,AI09619,0.2,0
r_806,AI14649,0.5,1
r_160,AI13458,0.25,0
r_632,AI09627,0.25,0
r_561,AI08673,0.2,0
r_134,AI12923,0.2,0
r_93,AI09696,0.2,0
r_503,AI09342,0.5,1
r_562,AI10472,0.25,0
r_200,AI07463,0.25,0
r_594,AI10636,0.2,0
r_575,AI05407,0.25,0
r_160,AI05568,0.5,1
r_599,AI12499,0.25,0
r_134,AI02783,0.2,0
r_656,AI03328,0.2,0
r_1531,AI07687,0.5,1
r_200,AI03559,0.2,0
r_562,AI05458,0.2,0
r_132,AI12574,0.25,0
r_174,AI08512,0.2,0
r_451,AI05426,0.2,0
r_224,AI12243,0.2,0
r_562,AI05073,0.2,0
r_503,AI05174,0.2,0
r_2937,AI05106,0.5,1
r_594,AI09921,0.2,0
r_58,AI12559,0.2,0
r_575,AI14330,0.2,0
r_93,AI03408,0.25,0
r_656,AI04126,0.2,0
r_562,AI10244,0.2,0
r_89,AI14369,0.2,0
r_187,AI14658,0.25,0
r_209,AI01232,0.2,0
r_562,AI06569,0.2,0
r_224,AI10008,0.25,0
r_599,AI02807,0.25,0
r_12,AI05323,0.2,0
r_12,AI10053,0.2,0
r_12,AI00889,0.2,0
r_209,AI07364,0.25,0
r_132,AI02510,0.25,0
r_160,AI00327,0.25,0
r_224,AI09773,0.2,0
r_539,AI13278,0.2,0
r_12,AI03821,0.25,0
r_134,AI05539,0.2,0
r_58,AI03544,0.25,0
r_2235,AI06832,0.5,1
r_562,AI08339,0.25,0
r_599,AI03207,0.25,0
r_599,AI01566,0.2,0
r_539,AI02067,0.2,0
r_539,AI00866,0.2,0
r_58,AI07815,0.25,0
r_562,AI05573,0.25,0
r_187,AI03351,0.2,0
r_756,AI05301,0.5,1
r_575,AI09737,0.2,0
r_132,AI04622,0.2,0
r_375,AI08083,0.2,0
r_200,AI12174,0.25,0
r_89,AI08481,0.25,0
r_174,AI10954,0.25,0
r_375,AI11422,0.25,0
r_174,AI13457,0.25,0
r_1205,AI09434,0.5,1
r_346,AI12015,0.2,0
r_132,AI08508,0.2,0
r_566,AI08018,0.2,0
r_346,AI10238,0.5,1
r_187,AI10748,0.2,0
r_224,AI07700,0.2,0
r_539,AI03992,0.25,0
r_200,AI00002,0.2,0
r_224,AI14902,0.2,0
r_575,AI05163,0.2,0
r_174,AI00214,0.25,0
r_200,AI08889,0.2,0
r_224,AI12091,0.25,0
r_561,AI08473,0.25,0
r_406,AI14333,0.2,0
r_566,AI14390,0.25,0
r_346,AI14699,0.2,0
r_174,AI11850,0.25,0
r_2638,AI00045,0.5,1
r_160,AI11893,0.2,0
r_132,AI14086,0.2,0
r_2667,AI14187,0.5,1
r_681,AI05758,0.5,1
r_561,AI07269,0.25,0
r_656,AI06762,0.2,0
r_451,AI01662,0.25,0
r_594,AI02516,0.25,0
r_174,AI12792,0.2,0
r_656,AI02452,0.25,0
r_174,AI10105,0.25,0
r_588,AI00208,0.2,0
r_599,AI06555,0.2,0
r_599,AI08233,0.2,0
r_12,AI07709,0.2,0
r_561,AI06350,0.25,0
r_375,AI06561,0.25,0
r_503,AI08690,0.2,0
r_406,AI05933,0.25,0
r_561,AI11851,0.25,0
r_566,AI09476,0.25,0
r_134,AI10534,0.25,0
r_58,AI11747,0.2,0
r_134,AI09737,0.2,0
r_58,AI10342,0.2,0
r_346,AI09009,0.25,0
r_187,AI04105,0.2,0
r_594,AI02616,0.2,0
r_224,AI12537,0.2,0
r_375,AI04214,0.2,0
r_375,AI06200,0.2,0
r_656,AI08399,0.2,0
r_174,AI05697,0.2,0
r_174,AI06004,0.25,0
r_575,AI08984,0.2,0
r_375,AI12152,0.2,0
r_111,AI07522,0.25,0
r_561,AI03120,0.2,0
r_588,AI11354,0.2,0
r_406,AI08487,0.2,0
r_58,AI00045,0.5,1
r_174,AI14270,0.2,0
r_539,AI04122,0.2,0
r_132,AI01194,0.2,0
r_89,AI03091,0.2,0
r_209,AI05756,0.25,0
r_346,AI11747,0.2,0
r_406,AI04483,0.2,0
r_346,AI14086,0.2,0
r_111,AI01588,0.25,0
r_2937,AI07687,0.5,1
r_209,AI01836,0.2,0
r_93,AI11329,0.25,0
r_406,AI07820,0.25,0
r_575,AI13679,0.2,0
r_160,AI14768,0.25,0
r_562,AI11485,0.2,0
r_346,AI13086,0.2,0
r_12,AI12932,0.2,0
r_451,AI12643,0.2,0
r_594,AI13785,0.2,0
r_209,AI10636,0.2,0
r_406,AI09394,0.2,0
r_174,AI06996,0.25,0
r_111,AI07220,0.25,0
r_594,AI07206,0.25,0
r_594,AI00999,0.25,0
r_132,AI08266,0.25,0
r_209,AI07119,0.25,0
r_346,AI04688,0.2,0
r_224,AI02573,0.2,0
r_224,AI06048,0.25,0
r_503,AI12164,0.2,0
r_58,AI02792,0.2,0
r_93,AI06200,0.2,0
r_134,AI05976,0.25,0
r_375,AI12605,0.25,0
r_2136,AI12780,0.5,1
r_375,AI08673,0.2,0
r_89,AI00656,0.25,0
r_632,AI09129,0.25,0
r_160,AI14585,0.25,0
r_89,AI03714,0.5,1
r_656,AI06350,0.25,0
r_93,AI08875,0.2,0
r_160,AI08701,0.25,0
r_2953,AI03714,0.5,1
r_2284,AI07230,0.5,1
r_2869,AI08568,0.5,1
r_12,AI13468,0.2,0
r_89,AI02056,0.2,0
r_588,AI04738,0.25,0
r_451,AI12688,0.25,0
r_969,AI07602,0.5,1
r_134,AI03728,0.2,0
r_594,AI06058,0.2,0
r_3011,AI14362,0.5,1
r_58,AI11985,0.25,0
r_174,AI12590,0.25,0
r_632,AI08864,0.25,0
r_134,AI01806,0.2,0
r_575,AI08568,0.5,1
r_200,AI06274,0.2,0
r_632,AI04184,0.2,0
r_346,AI09240,0.2,0
r_187,AI04896,0.5,1
r_632,AI04550,0.25,0
r_451,AI05338,0.25,0
r_451,AI05754,0.2,0
r_58,AI06569,0.2,0
r_406,AI08278,0.25,0
r_375,AI11755,0.5,1
r_200,AI06449,0.25,0
r_89,AI11290,0.25,0
r_174,AI02202,0.25,0
r_89,AI14157,0.2,0
r_539,AI02515,0.2,0
r_539,AI11050,0.2,0
r_673,AI00220,0.2,0
r_132,AI03641,0.2,0
r_599,AI13342,0.2,0
r_174,AI02159,0.25,0
r_174,AI13090,0.25,0
r_160,AI05131,0.2,0
r_134,AI11155,0.2,0
r_566,AI12803,0.25,0
r_111,AI03139,0.25,0
r_89,AI02802,0.25,0
r_1790,AI12950,0.5,1
r_346,AI05866,0.25,0
r_561,AI01786,0.25,0
r_209,AI14328,0.2,0
r_594,AI01741,0.2,0
r_111,AI03757,0.2,0
r_174,AI01024,0.2,0
r_503,AI02102,0.2,0
r_209,AI05923,0.2,0
r_562,AI04126,0.2,0
r_599,AI05062,0.25,0
r_89,AI02712,0.25,0
r_89,AI13044,0.25,0
r_632,AI03158,0.25,0
r_89,AI10521,0.2,0
r_224,AI13687,0.25,0
r_656,AI00366,0.25,0
r_160,AI01763,0.2,0
r_599,AI03749,0.25,0
r_562,AI08174,0.2,0
r_200,AI12964,0.25,0
r_566,AI08342,0.2,0
r_375,AI00274,0.2,0
r_562,AI02233,0.2,0
r_209,AI13808,0.5,1
r_187,AI13576,0.25,0
r_562,AI05425,0.2,0
r_656,AI10508,0.25,0
r_89,AI04221,0.25,0
r_58,AI02161,0.2,0
r_346,AI12848,0.2,0
r_132,AI10244,0.2,0
r_209,AI11191,0.2,0
r_406,AI01786,0.25,0
r_93,AI09089,0.25,0
r_12,AI12973,0.25,0
r_588,AI06569,0.2,0
r_209,AI11639,0.2,0
r_209,AI12408,0.25,0
r_224,AI02947,0.25,0
r_656,AI06107,0.25,0
r_575,AI12741,0.25,0
r_200,AI11485,0.2,0
r_174,AI11732,0.2,0
r_539,AI00183,0.25,0
r_1817,AI05568,0.5,1
r_632,AI13606,0.25,0
r_599,AI10859,0.25,0
r_134,AI04308,0.2,0
r_503,AI11410,0.25,0
r_3002,AI04200,0.5,1
r_2716,AI13808,0.5,1
r_503,AI08195,0.2,0
r_632,AI02263,0.25,0
r_673,AI05141,0.25,0
r_539,AI09995,0.2,0
r_209,AI04377,0.2,0
r_58,AI14187,0.5,1
r_134,AI13026,0.25,0
r_200,AI05744,0.2,0
r_134,AI07364,0.25,0
r_346,AI04499,0.25,0
r_656,AI00994,0.2,0
r_93,AI03604,0.25,0
r_562,AI01033,0.25,0
r_673,AI10509,0.25,0
r_575,AI06180,0.2,0
r_174,AI00131,0.5,1
r_200,AI14136,0.2,0
r_89,AI07818,0.25,0
r_2366,AI04896,0.5,1
r_160,AI02189,0.2,0
r_209,AI03203,0.2,0
r_575,AI00082,0.25,0
r_160,AI08780,0.25,0
r_539,AI06194,0.2,0
r_503,AI04345,0.25,0
r_406,AI03351,0.2,0
r_111,AI00683,0.2,0
r_575,AI07220,0.25,0
r_58,AI00063,0.25,0
r_562,AI00057,0.25,0
r_599,AI06749,0.25,0
r_599,AI02630,0.25,0
r_451,AI06407,0.2,0
r_209,AI06624,0.2,0
r_174,AI02233,0.2,0
r_673,AI08683,0.2,0
r_451,AI01930,0.25,0
r_2088,AI05884,0.5,1
r_566,AI09720,0.2,0
r_224,AI02164,0.25,0
r_588,AI02233,0.2,0
r_632,AI08966,0.25,0
r_451,AI00764,0.2,0
r_375,AI01200,0.2,0
r_58,AI08982,0.25,0
r_187,AI01838,0.25,0
r_224,AI04877,0.25,0
r_539,AI06107,0.25,0
r_134,AI01358,0.25,0
r_632,AI09149,0.25,0
r_673,AI07513,0.2,0
r_632,AI12964,0.25,0
r_160,AI08690,0.2,0
r_539,AI08118,0.2,0
r_561,AI12155,0.25,0
r_575,AI05431,0.2,0
r_375,AI14864,0.2,0
r_134,AI12502,0.2,0
r_93,AI05807,0.2,0
r_561,AI11484,0.25,0
r_89,AI07566,0.25,0
r_406,AI06195,0.25,0
r_539,AI03639,0.25,0
r_132,AI05819,0.2,0
r_566,AI12500,0.2,0
r_1817,AI05183,0.5,1
r_200,AI06753,0.25,0
r_632,AI11122,0.5,1
r_224,AI05608,0.2,0
r_632,AI12237,0.2,0
r_93,AI11471,0.2,0
r_134,AI14482,0.25,0
r_174,AI08028,0.25,0
r_566,AI00415,0.2,0
r_656,AI02339,0.2,0
r_89,AI03618,0.25,0
r_575,AI02102,0.2,0
r_1058,AI09573,0.5,1
r_346,AI00305,0.2,0
r_132,AI10305,0.2,0
r_656,AI05177,0.5,1
r_503,AI12766,0.2,0
r_224,AI05371,0.2,0
r_503,AI05042,0.2,0
r_209,AI01755,0.2,0
r_656,AI08257,0.2,0
r_89,AI14053,0.2,0
r_539,AI14925,0.25,0
r_134,AI07632,0.25,0
r_656,AI04190,0.2,0
r_539,AI08804,0.25,0
r_174,AI07362,0.2,0
r_561,AI13165,0.2,0
r_224,AI04756,0.2,0
r_111,AI14801,0.25,0
r_132,AI03408,0.25,0
r_12,AI07585,0.25,0
r_134,AI01469,0.25,0
r_187,AI00126,0.2,0
r_187,AI13373,0.25,0
r_89,AI06150,0.2,0
r_93,AI02183,0.25,0
r_89,AI07504,0.25,0
r_174,AI02622,0.25,0
r_575,AI04878,0.2,0
r_594,AI04415,0.2,0
r_539,AI00288,0.2,0
r_346,AI14686,0.2,0
r_346,AI09994,0.25,0
r_656,AI06758,0.2,0
r_346,AI02344,0.2,0
r_209,AI11483,0.25,0
r_451,AI02736,0.2,0
r_566,AI00591,0.25,0
r_451,AI12362,0.2,0
r_174,AI09943,0.2,0
r_594,AI06161,0.25,0
r_209,AI07007,0.25,0
r_656,AI07336,0.2,0
r_594,AI02573,0.2,0
r_2895,AI11748,0.5,1
r_187,AI06601,0.25,0
r_209,AI09644,0.25,0
r_209,AI09357,0.2,0
r_187,AI07900,0.2,0
r_561,AI09637,0.5,1
r_12,AI04177,0.2,0
r_588,AI00605,0.2,0
r_111,AI12073,0.25,0
r_451,AI05623,0.2,0
r_588,AI11439,0.25,0
r_187,AI03749,0.25,0
r_566,AI00050,0.2,0
r_1961,AI05177,0.5,1
r_406,AI14535,0.25,0
r_93,AI01598,0.25,0
r_134,AI01185,0.25,0
r_134,AI12547,0.25,0
r_111,AI06762,0.2,0
r_375,AI06921,0.2,0
r_656,AI12288,0.2,0
r_93,AI14362,0.5,1
r_160,AI09216,0.25,0
r_134,AI13361,0.2,0
r_632,AI09355,0.25,0
r_1551,AI10648,0.5,1
r_503,AI11705,0.2,0
r_539,AI13340,0.25,0
r_539,AI13748,0.2,0
r_346,AI14917,0.25,0
r_575,AI06107,0.25,0
r_566,AI10342,0.2,0
r_174,AI01277,0.2,0
r_346,AI08679,0.25,0
r_134,AI03456,0.25,0
r_588,AI12214,0.25,0
r_588,AI00822,0.2,0
r_160,AI09995,0.2,0
r_656,AI04041,0.2,0
r_994,AI05301,0.5,1
r_561,AI12784,0.2,0
r_594,AI06232,0.2,0
r_503,AI11285,0.25,0
r_656,AI03772,0.25,0
r_561,AI05923,0.2,0
r_209,AI12527,0.2,0
r_174,AI10361,0.2,0
r_187,AI09671,0.25,0
r_575,AI02161,0.2,0
r_93,AI02988,0.25,0
r_2638,AI08237,0.5,1
r_994,AI06296,0.5,1
r_575,AI01500,0.25,0
r_599,AI02343,0.25,0
r_200,AI14655,0.25,0
r_375,AI03033,0.2,0
r_375,AI05190,0.2,0
r_451,AI05012,0.2,0
r_2063,AI05758,0.5,1
r_656,AI06646,0.2,0
r_539,AI12214,0.25,0
r_575,AI03277,0.2,0
r_209,AI13969,0.25,0
r_575,AI00167,0.25,0
r_187,AI09237,0.25,0
r_160,AI07181,0.25,0
r_632,AI13845,0.2,0
r_562,AI05215,0.2,0
r_209,AI10179,0.2,0
r_656,AI09869,0.2,0
r_93,AI08133,0.2,0
r_562,AI04499,0.25,0
r_12,AI08074,0.2,0
r_575,AI01491,0.25,0
r_503,AI08354,0.25,0
r_209,AI04353,0.25,0
r_575,AI04091,0.25,0
r_539,AI06684,0.2,0
r_575,AI13342,0.2,0
r_93,AI03161,0.2,0
r_224,AI00694,0.25,0
r_561,AI08945,0.25,0
r_566,AI07446,0.25,0
r_575,AI12077,0.25,0
r_93,AI07181,0.25,0
r_2136,AI03574,0.5,1
r_346,AI14388,0.25,0
r_656,AI14699,0.2,0
r_561,AI11616,0.2,0
r_58,AI07625,0.25,0
r_673,AI12278,0.2,0
r_562,AI05865,0.25,0
r_132,AI14686,0.2,0
r_561,AI02483,0.2,0
r_451,AI12745,0.25,0
r_792,AI11212,0.5,1
r_656,AI12121,0.25,0
r_375,AI06008,0.2,0
r_209,AI09890,0.2,0
r_111,AI10820,0.25,0
r_539,AI04896,0.5,1
r_93,AI07113,0.25,0
r_632,AI00712,0.25,0
r_174,AI02237,0.2,0
r_1261,AI13736,0.5,1
r_566,AI13886,0.25,0
r_562,AI05635,0.2,0
r_1197,AI11959,0.5,1
r_200,AI01818,0.2,0
r_566,AI07301,0.2,0
r_451,AI08519,0.2,0
r_134,AI10894,0.25,0
r_12,AI04185,0.25,0
r_451,AI01778,0.2,0
r_599,AI08237,0.5,1
r_561,AI12741,0.25,0
r_174,AI08278,0.25,0
r_375,AI00822,0.2,0
r_539,AI06479,0.25,0
r_594,AI09113,0.2,0
r_588,AI05766,0.25,0
r_111,AI12605,0.25,0
r_561,AI08100,0.25,0
r_111,AI12596,0.25,0
r_503,AI08297,0.25,0
r_539,AI00447,0.2,0
r_209,AI12409,0.2,0
r_656,AI02057,0.25,0
r_375,AI09442,0.25,0
r_209,AI09370,0.2,0
r_599,AI05603,0.25,0
r_132,AI12015,0.2,0
r_134,AI14119,0.2,0
r_89,AI01699,0.2,0
r_656,AI08429,0.5,1
r_588,AI06058,0.2,0
r_539,AI05450,0.2,0
r_12,AI03707,0.2,0
r_134,AI05597,0.25,0
r_632,AI05819,0.2,0
r_562,AI04896,0.5,1
r_562,AI07150,0.2,0
r_594,AI14287,0.2,0
r_89,AI06059,0.2,0
r_174,AI09113,0.2,0
r_12,AI07506,0.25,0
r_503,AI11588,0.2,0
r_1774,AI08705,0.5,1
r_599,AI05480,0.2,0
r_134,AI10283,0.25,0
r_187,AI02270,0.2,0
r_132,AI01360,0.5,1
r_566,AI01174,0.25,0
r_1952,AI11781,0.5,1
r_561,AI00415,0.2,0
r_792,AI10238,0.5,1
r_406,AI07832,0.25,0
r_588,AI04807,0.2,0
r_187,AI04214,0.2,0
r_673,AI14950,0.2,0
r_134,AI04884,0.25,0
r_375,AI14061,0.2,0
r_562,AI08112,0.2,0
r_174,AI10429,0.2,0
r_406,AI12447,0.2,0
r_503,AI02901,0.2,0
r_132,AI03058,0.25,0
r_187,AI09785,0.2,0
r_963,AI08568,0.5,1
r_111,AI05754,0.2,0
r_539,AI14101,0.25,0
r_375,AI03424,0.25,0
r_575,AI08118,0.2,0
r_89,AI01300,0.25,0
r_160,AI05006,0.2,0
r_174,AI10443,0.25,0
r_375,AI01186,0.25,0
r_12,AI12105,0.2,0
r_656,AI04766,0.25,0
r_346,AI05012,0.2,0
r_132,AI12234,0.25,0
r_375,AI00305,0.2,0
r_12,AI01935,0.2,0
r_575,AI01651,0.25,0
r_2937,AI09843,0.5,1
r_160,AI11633,0.2,0
r_566,AI10212,0.25,0
r_566,AI04181,0.2,0
r_209,AI01969,0.2,0
r_562,AI01838,0.25,0
r_1231,AI00045,0.5,1
r_588,AI10885,0.25,0
r_406,AI02515,0.2,0
r_594,AI02177,0.25,0
r_588,AI10958,0.2,0
r_673,AI13148,0.25,0
r_134,AI11466,0.2,0
r_2299,AI05568,0.5,1
r_406,AI03795,0.25,0
r_187,AI00913,0.25,0
r_132,AI11712,0.2,0
r_224,AI10622,0.2,0
r_93,AI11365,0.2,0
r_134,AI04342,0.2,0
r_561,AI04833,0.2,0
r_561,AI09896,0.25,0
r_575,AI03082,0.25,0
r_93,AI12424,0.2,0
r_594,AI02579,0.25,0
r_588,AI03408,0.25,0
r_2130,AI08383,0.5,1
r_2638,AI01360,0.5,1
r_632,AI10168,0.25,0
r_406,AI10661,0.25,0
r_187,AI00045,0.5,1
r_656,AI14388,0.25,0
r_656,AI12208,0.2,0
r_539,AI04672,0.25,0
r_1828,AI06296,0.5,1
r_111,AI02678,0.25,0
r_346,AI06646,0.2,0
r_2063,AI05651,0.5,1
r_160,AI03531,0.25,0
r_93,AI01368,0.2,0
r_12,AI04068,0.25,0
r_375,AI12138,0.25,0
r_1551,AI14362,0.5,1
r_673,AI11343,0.2,0
r_111,AI10352,0.25,0
r_200,AI03965,0.25,0
r_562,AI14600,0.25,0
r_174,AI09163,0.2,0
r_174,AI07845,0.25,0
r_588,AI00166,0.2,0
r_2638,AI05183,0.5,1
r_209,AI08999,0.25,0
r_346,AI07949,0.25,0
r_406,AI10905,0.25,0
r_594,AI10862,0.25,0
r_209,AI02899,0.25,0
r_451,AI09761,0.25,0
r_599,AI00764,0.2,0
r_594,AI14623,0.2,0
r_174,AI05545,0.2,0
r_89,AI01741,0.2,0
r_599,AI06833,0.25,0
r_346,AI05531,0.25,0
r_575,AI11050,0.2,0
r_1531,AI04722,0.5,1
r_1531,AI08219,0.5,1
r_599,AI09929,0.25,0
r_806,AI05724,0.5,1
r_594,AI04012,0.2,0
r_187,AI05042,0.2,0
r_224,AI02570,0.2,0
r_174,AI07849,0.2,0
r_160,AI09804,0.25,0
r_93,AI06407,0.2,0
r_93,AI09839,0.2,0
r_200,AI06019,0.25,0
r_594,AI05122,0.25,0
r_594,AI13490,0.2,0
r_375,AI03582,0.2,0
r_451,AI01044,0.2,0
r_451,AI14061,0.2,0
r_632,AI10439,0.25,0
r_224,AI00492,0.2,0
r_134,AI01030,0.25,0
r_2504,AI09637,0.5,1
r_111,AI00712,0.25,0
r_93,AI07758,0.25,0
r_451,AI06921,0.2,0
r_209,AI13656,0.25,0
r_174,AI02862,0.25,0
r_134,AI04100,0.25,0
r_224,AI13597,0.25,0
r_58,AI01507,0.2,0
r_224,AI06547,0.25,0
r_93,AI06758,0.2,0
r_561,AI03908,0.2,0
r_224,AI13677,0.25,0
r_503,AI01643,0.2,0
r_594,AI12149,0.25,0
r_134,AI01759,0.2,0
r_346,AI12834,0.25,0
r_406,AI11326,0.2,0
r_58,AI06292,0.2,0
r_134,AI01981,0.2,0
r_89,AI03889,0.25,0
r_346,AI11419,0.25,0
r_561,AI07810,0.25,0
r_599,AI10015,0.25,0
r_132,AI04214,0.2,0
r_539,AI09994,0.25,0
r_209,AI07250,0.25,0
r_1549,AI03072,0.5,1
r_174,AI06697,0.2,0
r_132,AI12643,0.2,0
r_562,AI12856,0.2,0
r_346,AI04214,0.2,0
r_12,AI14710,0.25,0
r_132,AI14648,0.2,0
r_200,AI09953,0.25,0
r_224,AI08483,0.25,0
r_561,AI09202,0.25,0
r_594,AI06544,0.25,0
r_346,AI13619,0.25,0
r_111,AI11032,0.2,0
r_187,AI01024,0.2,0
r_1531,AI05884,0.5,1
r_224,AI10768,0.5,1
r_3002,AI04896,0.5,1
r_406,AI06712,0.2,0
r_209,AI14269,0.2,0
r_2303,AI10551,0.5,1
r_209,AI03287,0.25,0
r_656,AI08568,0.5,1
r_406,AI07022,0.2,0
r_160,AI09615,0.25,0
r_174,AI13207,0.2,0
r_132,AI06762,0.2,0
r_588,AI05254,0.25,0
r_346,AI10885,0.25,0
r_209,AI02712,0.25,0
r_224,AI10606,0.25,0
r_561,AI11490,0.5,1
r_632,AI05391,0.2,0
r_588,AI06200,0.2,0
r_575,AI08007,0.25,0
r_346,AI12604,0.25,0
r_406,AI00974,0.25,0
r_656,AI05566,0.2,0
r_2303,AI06832,0.5,1
r_12,AI14720,0.25,0
r_58,AI09307,0.25,0
r_594,AI11973,0.2,0
r_209,AI13870,0.2,0
r_451,AI03712,0.25,0
r_132,AI02562,0.25,0
r_134,AI01846,0.2,0
r_632,AI00085,0.2,0
r_594,AI02749,0.25,0
r_656,AI07181,0.25,0
r_89,AI06784,0.25,0
r_451,AI14481,0.25,0
r_588,AI00649,0.2,0
r_200,AI07604,0.25,0
r_12,AI14603,0.2,0
r_209,AI09117,0.2,0
r_134,AI00098,0.2,0
r_111,AI14666,0.25,0
r_224,AI10636,0.2,0
r_588,AI14287,0.2,0
r_375,AI09712,0.25,0
r_224,AI01698,0.2,0
r_174,AI01192,0.2,0
r_209,AI06445,0.25,0
r_588,AI09394,0.2,0
r_599,AI09138,0.2,0
r_1702,AI01770,0.5,1
r_174,AI10603,0.2,0
r_89,AI09676,0.25,0
r_89,AI00952,0.25,0
r_375,AI08644,0.25,0
r_224,AI11868,0.25,0
r_2602,AI04722,0.5,1
r_132,AI05108,0.2,0
r_562,AI04216,0.2,0
r_562,AI10570,0.2,0
r_58,AI03158,0.25,0
r_111,AI13184,0.25,0
r_561,AI09869,0.2,0
r_588,AI12386,0.25,0
r_111,AI14686,0.2,0
r_174,AI04256,0.2,0
r_1205,AI10422,0.5,1
r_12,AI00537,0.25,0
r_132,AI09095,0.25,0
r_174,AI06473,0.25,0
r_160,AI02572,0.2,0
r_224,AI13789,0.25,0
r_93,AI03016,0.25,0
r_224,AI11972,0.25,0
r_132,AI02800,0.2,0
r_375,AI10244,0.2,0
r_575,AI02478,0.25,0
r_132,AI11207,0.25,0
r_12,AI13224,0.25,0
r_575,AI06082,0.2,0
r_406,AI09192,0.2,0
r_111,AI07815,0.25,0
r_588,AI08966,0.25,0
r_160,AI00616,0.2,0
r_2366,AI10551,0.5,1
r_132,AI00990,0.25,0
r_656,AI06136,0.25,0
r_134,AI12719,0.2,0
r_503,AI05772,0.25,0
r_200,AI06993,0.2,0
r_2602,AI12281,0.5,1
r_562,AI07156,0.25,0
r_12,AI09272,0.25,0
r_406,AI05342,0.2,0
r_588,AI12850,0.25,0
r_599,AI07825,0.25,0
r_58,AI13776,0.25,0
r_346,AI10828,0.2,0
r_632,AI00183,0.25,0
r_174,AI10184,0.25,0
r_2489,AI11212,0.5,1
r_1702,AI14770,0.5,1
r_224,AI02704,0.25,0
r_673,AI00842,0.25,0
r_566,AI12262,0.2,0
r_224,AI10825,0.2,0
r_224,AI06059,0.2,0
r_566,AI06230,0.25,0
r_346,AI14946,0.25,0
r_58,AI07019,0.2,0
r_12,AI00436,0.5,1
r_588,AI05426,0.2,0
r_451,AI14997,0.25,0
r_375,AI06762,0.2,0
r_406,AI07907,0.2,0
r_451,AI07578,0.2,0
r_575,AI12164,0.2,0
r_224,AI12842,0.25,0
r_575,AI06194,0.2,0
r_111,AI08840,0.25,0
r_132,AI05190,0.2,0
r_575,AI09052,0.2,0
r_451,AI10080,0.2,0
r_632,AI03441,0.2,0
r_200,AI00365,0.2,0
r_632,AI02988,0.25,0
r_503,AI05990,0.2,0
r_89,AI13979,0.2,0
r_673,AI14879,0.2,0
r_89,AI08267,0.2,0
r_111,AI12384,0.25,0
r_406,AI10767,0.2,0
r_503,AI09720,0.2,0
r_588,AI10944,0.25,0
r_673,AI02163,0.2,0
r_562,AI03948,0.25,0
r_132,AI08568,0.5,1
r_406,AI11067,0.2,0
r_160,AI05174,0.2,0
r_132,AI04896,0.5,1
r_539,AI04997,0.2,0
r_174,AI09727,0.25,0
r_562,AI02430,0.25,0
r_656,AI14801,0.25,0
r_89,AI09570,0.25,0
r_673,AI09074,0.25,0
r_1952,AI04896,0.5,1
r_375,AI09957,0.2,0
r_566,AI05566,0.2,0
r_160,AI09518,0.25,0
r_111,AI08429,0.5,1
r_588,AI08061,0.2,0
r_599,AI01731,0.2,0
r_575,AI03667,0.2,0
r_93,AI05471,0.25,0
r_224,AI13979,0.2,0
r_451,AI06062,0.2,0
r_656,AI07731,0.25,0
r_575,AI09230,0.25,0
r_209,AI10714,0.25,0
r_209,AI14841,0.25,0
r_575,AI06058,0.2,0
r_561,AI12795,0.2,0
r_539,AI09490,0.2,0
r_588,AI02270,0.2,0
r_58,AI05594,0.25,0
r_111,AI06008,0.2,0
r_12,AI02712,0.25,0
r_503,AI04216,0.2,0
r_93,AI01124,0.25,0
r_93,AI01085,0.2,0
r_58,AI03509,0.2,0
r_111,AI08440,0.2,0
r_539,AI06461,0.2,0
r_174,AI11876,0.2,0
r_575,AI14793,0.25,0
r_562,AI07255,0.2,0
r_575,AI01200,0.2,0
r_132,AI02630,0.25,0
r_561,AI09573,0.5,1
r_632,AI07301,0.2,0
r_451,AI01786,0.25,0
r_561,AI11918,0.25,0
r_539,AI00437,0.25,0
r_594,AI05848,0.25,0
r_406,AI07838,0.25,0
r_673,AI11010,0.25,0
r_160,AI11553,0.2,0
r_632,AI01969,0.2,0
r_160,AI11207,0.25,0
r_575,AI08037,0.2,0
r_89,AI05753,0.25,0
r_1702,AI06694,0.5,1
r_134,AI12763,0.25,0
r_346,AI09202,0.25,0
r_963,AI11755,0.5,1
r_12,AI09937,0.25,0
r_673,AI14270,0.2,0
r_575,AI13233,0.2,0
r_2489,AI03072,0.5,1
r_561,AI02054,0.5,1
r_132,AI11101,0.25,0
r_451,AI14333,0.2,0
r_58,AI14957,0.25,0
r_224,AI04256,0.2,0
r_632,AI00243,0.25,0
r_594,AI10869,0.2,0
r_451,AI03950,0.25,0
r_111,AI14423,0.2,0
r_174,AI10940,0.5,1
r_200,AI09175,0.25,0
r_562,AI02846,0.2,0
r_174,AI04946,0.25,0
r_2088,AI05758,0.5,1
r_134,AI11483,0.25,0
r_539,AI00305,0.2,0
r_12,AI07215,0.25,0
r_174,AI03784,0.2,0
r_1027,AI05301,0.5,1
r_200,AI12363,0.25,0
r_539,AI12787,0.25,0
r_673,AI03700,0.2,0
r_174,AI00099,0.25,0
r_632,AI09957,0.2,0
r_1774,AI01107,0.5,1
r_187,AI04997,0.2,0
r_346,AI07670,0.25,0
r_451,AI14362,0.5,1
r_346,AI02339,0.2,0
r_174,AI04635,0.25,0
r_656,AI14911,0.2,0
r_575,AI00183,0.25,0
r_134,AI09789,0.2,0
r_187,AI03158,0.25,0
r_160,AI04771,0.2,0
r_2299,AI11748,0.5,1
r_58,AI13101,0.25,0
r_200,AI05174,0.2,0
r_632,AI00464,0.25,0
r_566,AI06903,0.2,0
r_375,AI09240,0.2,0
r_375,AI01437,0.2,0
r_451,AI05131,0.2,0
r_132,AI10422,0.5,1
r_656,AI07815,0.25,0
r_58,AI02807,0.25,0
r_963,AI09286,0.5,1
r_3002,AI06825,0.5,1
r_599,AI07463,0.25,0
r_174,AI04416,0.25,0
r_132,AI13670,0.25,0
r_346,AI09149,0.25,0
r_111,AI04911,0.2,0
r_93,AI01737,0.2,0
r_89,AI06511,0.25,0
r_656,AI03965,0.25,0
r_224,AI14361,0.2,0
r_224,AI14845,0.2,0
r_89,AI05943,0.25,0
r_632,AI14333,0.2,0
r_224,AI10978,0.25,0
r_1828,AI06825,0.5,1
r_406,AI07453,0.25,0
r_375,AI10257,0.25,0
r_599,AI04578,0.2,0
r_562,AI11588,0.2,0
r_209,AI09843,0.5,1
r_575,AI09995,0.2,0
r_406,AI02343,0.25,0
r_224,AI10521,0.2,0
r_503,AI04550,0.25,0
r_539,AI11902,0.25,0
r_93,AI04216,0.2,0
r_200,AI02359,0.2,0
r_539,AI01732,0.25,0
r_503,AI08993,0.2,0
r_375,AI10677,0.25,0
r_174,AI11362,0.2,0
r_406,AI03457,0.25,0
r_1531,AI09903,0.5,1
r_2264,AI08383,0.5,1
r_673,AI12559,0.2,0
r_566,AI04749,0.25,0
r_599,AI06515,0.25,0
r_2292,AI09342,0.5,1
r_89,AI09771,0.25,0
r_562,AI13255,0.25,0
r_174,AI00914,0.25,0
r_588,AI14026,0.2,0
r_588,AI02846,0.2,0
r_200,AI03320,0.2,0
r_200,AI05573,0.25,0
r_406,AI07860,0.2,0
r_12,AI00099,0.25,0
r_2857,AI01107,0.5,1
r_209,AI13677,0.25,0
r_562,AI13748,0.2,0
r_12,AI12768,0.25,0
r_406,AI05458,0.2,0
r_656,AI11122,0.5,1
r_93,AI10760,0.2,0
r_406,AI12363,0.25,0
r_89,AI02732,0.25,0
r_562,AI05012,0.2,0
r_599,AI02567,0.25,0
r_503,AI01868,0.2,0
r_656,AI14756,0.25,0
r_599,AI06292,0.2,0
r_174,AI09165,0.25,0
r_160,AI11101,0.25,0
r_375,AI12234,0.25,0
r_174,AI10142,0.25,0
r_224,AI07918,0.25,0
r_599,AI01565,0.25,0
r_451,AI13350,0.25,0
r_451,AI03358,0.2,0
r_160,AI08790,0.2,0
r_599,AI13209,0.25,0
r_132,AI09810,0.2,0
r_632,AI12182,0.2,0
r_566,AI12029,0.25,0
r_1417,AI00007,0.5,1
r_224,AI02729,0.2,0
r_375,AI04018,0.25,0
r_566,AI06646,0.2,0
r_187,AI10826,0.2,0
r_632,AI02630,0.25,0
r_588,AI04200,0.5,1
r_575,AI00243,0.25,0
r_539,AI02900,0.25,0
r_539,AI03236,0.2,0
r_656,AI10859,0.25,0
r_594,AI01249,0.25,0
r_503,AI03042,0.2,0
r_12,AI13825,0.25,0
r_566,AI02620,0.25,0
r_58,AI06832,0.5,1
r_503,AI09121,0.25,0
r_224,AI13100,0.25,0
r_406,AI11351,0.25,0
r_375,AI11843,0.25,0
r_562,AI12416,0.25,0
r_451,AI07660,0.25,0
r_588,AI10015,0.25,0
r_12,AI08219,0.5,1
r_1531,AI13435,0.5,1
r_58,AI05468,0.25,0
r_187,AI05594,0.25,0
r_656,AI12914,0.2,0
r_632,AI10272,0.25,0
r_224,AI10757,0.2,0
r_561,AI06461,0.2,0
r_562,AI11558,0.2,0
r_187,AI04994,0.2,0
r_375,AI07522,0.25,0
r_2299,AI04896,0.5,1
r_2366,AI06832,0.5,1
r_562,AI01086,0.2,0
r_209,AI04127,0.2,0
r_539,AI13184,0.25,0
r_588,AI03082,0.25,0
r_599,AI10826,0.2,0
r_174,AI14859,0.25,0
r_562,AI00045,0.5,1
r_2504,AI09434,0.5,1
r_209,AI13762,0.25,0
r_209,AI08790,0.2,0
r_1231,AI10422,0.5,1
r_588,AI07400,0.2,0
r_503,AI06314,0.2,0
r_632,AI13748,0.2,0
r_1955,AI01107,0.5,1
r_200,AI05342,0.2,0
r_224,AI06100,0.25,0
r_656,AI01175,0.2,0
r_160,AI05689,0.2,0
r_224,AI04834,0.25,0
r_588,AI07253,0.2,0
r_503,AI12995,0.2,0
r_566,AI03639,0.25,0
r_566,AI06921,0.2,0
r_209,AI01699,0.2,0
r_58,AI12288,0.2,0
r_1231,AI01360,0.5,1
r_89,AI10716,0.25,0
r_575,AI11712,0.2,0
r_12,AI07830,0.2,0
r_58,AI04672,0.25,0
r_93,AI14423,0.2,0
r_187,AI04749,0.25,0
r_111,AI01024,0.2,0
r_588,AI06234,0.2,0
r_561,AI02067,0.2,0
r_93,AI06833,0.25,0
r_503,AI07410,0.2,0
r_588,AI07150,0.2,0
r_594,AI00691,0.25,0
r_12,AI12043,0.2,0
r_160,AI10235,0.2,0
r_566,AI00045,0.5,1
r_503,AI07820,0.25,0
r_111,AI03934,0.2,0
r_575,AI12559,0.2,0
r_224,AI14708,0.25,0
r_673,AI13817,0.2,0
r_1817,AI11748,0.5,1
r_134,AI10826,0.2,0
r_134,AI01475,0.25,0
r_673,AI13759,0.25,0
r_89,AI00125,0.2,0
r_187,AI11448,0.25,0
r_656,AI14116,0.2,0
r_539,AI04911,0.2,0
r_406,AI02292,0.2,0
r_200,AI12848,0.2,0
r_656,AI06709,0.2,0
r_209,AI01933,0.2,0
r_599,AI01786,0.25,0
r_588,AI09627,0.25,0
r_209,AI11595,0.25,0
r_561,AI01033,0.25,0
r_224,AI09627,0.25,0
r_12,AI06293,0.25,0
r_111,AI00183,0.25,0
r_111,AI11784,0.25,0
r_656,AI01868,0.2,0
r_632,AI08630,0.25,0
r_132,AI13493,0.25,0
r_209,AI11241,0.25,0
r_673,AI00989,0.2,0
r_12,AI05939,0.25,0
r_562,AI06234,0.2,0
r_375,AI02424,0.2,0
r_93,AI09810,0.2,0
r_200,AI09095,0.25,0
r_132,AI09943,0.2,0
r_632,AI14779,0.2,0
r_656,AI13334,0.2,0
r_12,AI13653,0.25,0
r_134,AI06038,0.2,0
r_200,AI00230,0.2,0
r_503,AI05531,0.25,0
r_89,AI01790,0.2,0
r_503,AI12961,0.25,0
r_1426,AI07230,0.5,1
r_12,AI10796,0.25,0
r_375,AI10388,0.25,0
r_200,AI01969,0.2,0
r_187,AI13458,0.25,0
r_632,AI08982,0.25,0
r_132,AI00926,0.25,0
r_93,AI05319,0.2,0
r_673,AI13954,0.2,0
r_134,AI01631,0.2,0
r_588,AI08339,0.25,0
r_58,AI12000,0.25,0
r_187,AI07952,0.2,0
r_209,AI04880,0.2,0
r_375,AI06234,0.2,0
r_174,AI07310,0.25,0
r_174,AI06899,0.2,0
r_594,AI10995,0.5,1
r_93,AI10938,0.2,0
r_132,AI10784,0.25,0
r_632,AI14792,0.2,0
r_503,AI11422,0.25,0
r_673,AI03986,0.2,0
r_375,AI12125,0.25,0
r_562,AI12500,0.2,0
r_599,AI03641,0.2,0
r_200,AI05480,0.2,0
r_599,AI01873,0.25,0
r_89,AI14943,0.25,0
r_93,AI04184,0.2,0
r_566,AI11600,0.2,0
r_174,AI03898,0.2,0
r_406,AI01440,0.25,0
r_599,AI02572,0.2,0
r_93,AI03818,0.2,0
r_187,AI03772,0.25,0
r_58,AI03958,0.2,0
r_1811,AI08568,0.5,1
r_346,AI07864,0.2,0
r_594,AI01607,0.25,0
r_200,AI14330,0.2,0
r_346,AI01062,0.2,0
r_599,AI08354,0.25,0
r_599,AI02792,0.2,0
r_588,AI11583,0.25,0
r_406,AI05531,0.25,0
r_566,AI13845,0.2,0
r_89,AI02570,0.2,0
r_187,AI10023,0.2,0
r_89,AI13677,0.25,0
r_375,AI07448,0.25,0
r_656,AI02482,0.2,0
r_174,AI00420,0.2,0
r_346,AI04113,0.2,0
r_656,AI09137,0.25,0
r_375,AI06171,0.2,0
r_2940,AI11490,0.5,1
r_599,AI10404,0.25,0
r_200,AI09233,0.25,0
r_58,AI11154,0.25,0
r_599,AI13340,0.25,0
r_1154,AI10648,0.5,1
r_111,AI06200,0.2,0
r_599,AI01886,0.25,0
r_1811,AI08237,0.5,1
r_375,AI06729,0.25,0
r_2489,AI05177,0.5,1
r_561,AI06296,0.5,1
r_599,AI10621,0.25,0
r_561,AI14925,0.25,0
r_134,AI08057,0.2,0
r_111,AI14367,0.2,0
r_594,AI03225,0.25,0
r_594,AI03889,0.25,0
r_406,AI07604,0.25,0
r_132,AI09232,0.2,0
r_588,AI04018,0.25,0
r_174,AI03501,0.25,0
r_562,AI03965,0.25,0
r_594,AI07049,0.25,0
r_174,AI08829,0.2,0
r_451,AI13086,0.2,0
r_200,AI05632,0.25,0
r_566,AI13209,0.25,0
r_406,AI12803,0.25,0
r_134,AI09848,0.25,0
r_503,AI07253,0.2,0
r_406,AI04065,0.25,0
r_673,AI08034,0.25,0
r_503,AI01139,0.2,0
r_134,AI12527,0.2,0
r_375,AI00946,0.25,0
r_575,AI14031,0.25,0
r_406,AI09785,0.2,0
r_89,AI11474,0.25,0
r_2724,AI13162,0.5,1
r_599,AI01194,0.2,0
r_539,AI14756,0.25,0
r_594,AI10856,0.2,0
r_12,AI03225,0.25,0
r_2848,AI13736,0.5,1
r_594,AI11440,0.2,0
r_375,AI03759,0.2,0
r_632,AI11950,0.2,0
r_209,AI07503,0.2,0
r_375,AI10272,0.25,0
r_160,AI11915,0.2,0
r_599,AI10534,0.25,0
r_111,AI09022,0.2,0
r_503,AI08770,0.2,0
r_93,AI10809,0.2,0
r_632,AI07864,0.2,0
r_673,AI07715,0.2,0
r_792,AI10422,0.5,1
r_89,AI08927,0.2,0
r_562,AI12152,0.2,0
r_503,AI01387,0.2,0
r_89,AI10856,0.2,0
r_561,AI00085,0.2,0
r_539,AI07674,0.25,0
r_562,AI11583,0.25,0
r_588,AI12138,0.25,0
r_2155,AI14063,0.5,1
r_89,AI05706,0.2,0
r_160,AI14254,0.2,0
r_346,AI13101,0.25,0
r_561,AI10534,0.25,0
r_588,AI12034,0.25,0
r_599,AI03757,0.2,0
r_134,AI11048,0.2,0
r_93,AI05361,0.2,0
r_594,AI10022,0.25,0
r_656,AI03818,0.2,0
r_346,AI11959,0.5,1
r_594,AI03437,0.2,0
r_594,AI07699,0.2,0
r_632,AI13464,0.2,0
r_375,AI14751,0.2,0
r_562,AI00866,0.2,0
r_160,AI05831,0.25,0
r_174,AI12833,0.25,0
r_588,AI10235,0.2,0
r_134,AI10785,0.25,0
r_209,AI08135,0.2,0
r_566,AI01517,0.2,0
r_562,AI00522,0.2,0
r_187,AI14303,0.25,0
r_1773,AI09066,0.5,1
r_632,AI14238,0.25,0
r_406,AI10621,0.25,0
r_375,AI11154,0.25,0
r_346,AI06136,0.25,0
r_566,AI09175,0.25,0
r_503,AI12416,0.25,0
r_200,AI12715,0.25,0
r_111,AI06019,0.25,0
r_160,AI03949,0.25,0
r_451,AI01507,0.2,0
r_93,AI09527,0.25,0
r_575,AI00649,0.2,0
r_656,AI07453,0.25,0
r_160,AI06784,0.25,0
r_632,AI09899,0.2,0
r_132,AI10301,0.25,0
r_406,AI14917,0.25,0
r_503,AI01731,0.2,0
r_451,AI13321,0.25,0
r_599,AI12384,0.25,0
r_1774,AI13447,0.5,1
r_160,AI12000,0.25,0
r_187,AI10551,0.5,1
r_632,AI01062,0.2,0
r_93,AI06058,0.2,0
r_93,AI03082,0.25,0
r_562,AI14299,0.25,0
r_406,AI09286,0.5,1
r_375,AI04678,0.2,0
r_160,AI11525,0.25,0
r_673,AI05950,0.2,0
r_566,AI06029,0.2,0
r_503,AI06200,0.2,0
r_132,AI12839,0.25,0
r_566,AI03151,0.25,0
r_132,AI02807,0.25,0
r_209,AI08479,0.2,0
r_539,AI08487,0.2,0
r_2303,AI07230,0.5,1
r_134,AI10856,0.2,0
r_160,AI12787,0.25,0
r_566,AI12643,0.2,0
r_132,AI02144,0.25,0
r_1828,AI04200,0.5,1
r_406,AI12382,0.25,0
r_539,AI11212,0.5,1
r_209,AI03331,0.25,0
r_346,AI03525,0.25,0
r_375,AI05867,0.2,0
r_656,AI06363,0.2,0
r_673,AI06473,0.25,0
r_503,AI00020,0.2,0
r_539,AI02329,0.25,0
r_160,AI03358,0.2,0
r_375,AI09408,0.2,0
r_539,AI13443,0.25,0
r_575,AI07691,0.2,0
r_12,AI12856,0.2,0
r_539,AI09489,0.2,0
r_346,AI10508,0.25,0
r_599,AI09714,0.2,0
r_451,AI10534,0.25,0
r_375,AI00974,0.25,0
r_503,AI14997,0.25,0
r_656,AI10587,0.5,1
r_561,AI11901,0.25,0
r_599,AI05590,0.2,0
r_594,AI04909,0.25,0
r_673,AI07711,0.25,0
r_134,AI03101,0.25,0
r_561,AI00230,0.2,0
r_174,AI01393,0.25,0
r_89,AI08735,0.2,0
r_224,AI11184,0.2,0
r_12,AI13154,0.2,0
r_375,AI04091,0.25,0
r_562,AI04911,0.2,0
r_174,AI02156,0.25,0
r_12,AI02426,0.25,0
r_632,AI09830,0.25,0
r_406,AI12278,0.2,0
r_132,AI05148,0.2,0
r_134,AI09549,0.25,0
r_1205,AI11490,0.5,1
r_187,AI07934,0.2,0
r_1551,AI09342,0.5,1
r_539,AI13341,0.25,0
r_89,AI09015,0.2,0
r_656,AI12000,0.25,0
r_89,AI00391,0.2,0
r_375,AI05042,0.2,0
r_1828,AI02466,0.5,1
r_132,AI07453,0.25,0
r_575,AI00712,0.25,0
r_406,AI01437,0.2,0
r_963,AI04896,0.5,1
r_594,AI07709,0.2,0
r_632,AI12590,0.25,0
r_562,AI01174,0.25,0
r_89,AI13633,0.2,0
r_673,AI03014,0.25,0
r_562,AI00305,0.2,0
r_599,AI06180,0.2,0
r_1702,AI13447,0.5,1
r_656,AI13558,0.2,0
r_539,AI00519,0.25,0
r_134,AI14440,0.2,0
r_375,AI07660,0.25,0
r_224,AI11730,0.25,0
r_1811,AI06296,0.5,1
r_12,AI00810,0.2,0
r_566,AI07291,0.2,0
r_656,AI08647,0.2,0
r_346,AI09710,0.2,0
r_224,AI14157,0.2,0
r_224,AI10612,0.2,0
r_561,AI07429,0.25,0
r_111,AI05174,0.2,0
r_2955,AI05651,0.5,1
r_594,AI07719,0.25,0
r_93,AI00045,0.5,1
r_503,AI12600,0.2,0
r_224,AI09890,0.2,0
r_200,AI10695,0.2,0
r_89,AI05914,0.25,0
r_588,AI04911,0.2,0
r_566,AI11718,0.25,0
r_209,AI02748,0.2,0
r_566,AI10820,0.25,0
r_588,AI00085,0.2,0
r_2602,AI03714,0.5,1
r_187,AI13297,0.25,0
r_575,AI10885,0.25,0
r_58,AI03277,0.2,0
r_562,AI09696,0.2,0
r_575,AI03441,0.2,0
r_187,AI04786,0.25,0
r_174,AI12942,0.2,0
r_503,AI09573,0.5,1
r_656,AI05319,0.2,0
r_451,AI14686,0.2,0
r_539,AI06274,0.2,0
r_209,AI14997,0.25,0
r_632,AI06589,0.25,0
r_58,AI05632,0.25,0
r_93,AI06780,0.2,0
r_451,AI02958,0.25,0
r_200,AI11712,0.2,0
r_656,AI12499,0.25,0
r_594,AI12152,0.2,0
r_111,AI11484,0.25,0
r_160,AI04134,0.25,0
r_1817,AI14362,0.5,1
r_12,AI01911,0.25,0
r_562,AI01943,0.25,0
r_561,AI01011,0.25,0
r_160,AI02345,0.25,0
r_134,AI02321,0.2,0
r_224,AI07119,0.25,0
r_575,AI12155,0.25,0
r_134,AI11751,0.2,0
r_451,AI11051,0.25,0
r_451,AI08864,0.25,0
r_224,AI09658,0.2,0
r_58,AI11508,0.25,0
r_2953,AI11104,0.5,1
r_2638,AI14187,0.5,1
r_2303,AI11212,0.5,1
r_58,AI03667,0.2,0
r_2366,AI10587,0.5,1
r_575,AI06855,0.25,0
r_224,AI12235,0.25,0
r_406,AI10183,0.2,0
r_89,AI00425,0.2,0
r_375,AI11827,0.25,0
r_134,AI08250,0.25,0
r_93,AI04175,0.2,0
r_174,AI02856,0.2,0
r_160,AI08581,0.25,0
r_599,AI06514,0.25,0
r_503,AI09566,0.2,0
r_187,AI11553,0.2,0
r_566,AI01011,0.25,0
r_224,AI03585,0.25,0
r_575,AI01117,0.2,0
r_174,AI09401,0.2,0
r_503,AI11902,0.25,0
r_594,AI09402,0.2,0
r_566,AI07414,0.25,0
r_656,AI05163,0.2,0
r_632,AI05236,0.2,0
r_566,AI01358,0.25,0
r_503,AI11028,0.2,0
r_111,AI04651,0.2,0
r_346,AI06515,0.25,0
r_111,AI01011,0.25,0
r_209,AI08874,0.2,0
r_132,AI05948,0.25,0
r_673,AI06858,0.2,0
r_58,AI09427,0.2,0
r_566,AI10925,0.2,0
r_174,AI11587,0.2,0
r_174,AI08483,0.25,0
r_594,AI07918,0.25,0
r_673,AI10257,0.25,0
r_994,AI10587,0.5,1
r_539,AI11233,0.25,0
r_632,AI11090,0.25,0
r_599,AI08993,0.2,0
r_632,AI08770,0.2,0
r_200,AI14374,0.2,0
r_503,AI00519,0.25,0
r_224,AI00148,0.2,0
r_58,AI03408,0.25,0
r_451,AI12875,0.25,0
r_656,AI05148,0.2,0
r_12,AI01081,0.25,0
r_89,AI09264,0.25,0
r_599,AI07522,0.25,0
r_12,AI07707,0.2,0
r_599,AI03203,0.2,0
r_346,AI11439,0.25,0
r_93,AI06292,0.2,0
r_58,AI11212,0.5,1
r_406,AI14220,0.25,0
r_632,AI10962,0.2,0
r_187,AI05867,0.2,0
r_200,AI10463,0.25,0
r_656,AI05209,0.25,0
r_2953,AI14320,0.5,1
r_451,AI02678,0.25,0
r_93,AI02562,0.25,0
r_375,AI08840,0.25,0
r_209,AI08344,0.2,0
r_562,AI01732,0.25,0
r_93,AI00044,0.25,0
r_200,AI05518,0.2,0
r_89,AI08044,0.25,0
r_562,AI03208,0.25,0
r_174,AI03133,0.25,0
r_111,AI09202,0.25,0
r_111,AI01186,0.25,0
r_562,AI06684,0.2,0
r_174,AI08488,0.2,0
r_375,AI10212,0.25,0
r_89,AI03920,0.2,0
r_111,AI13736,0.5,1
r_539,AI06143,0.2,0
r_561,AI01588,0.25,0
r_503,AI04970,0.25,0
r_200,AI01200,0.2,0
r_406,AI01988,0.2,0
r_174,AI12154,0.25,0
r_209,AI04221,0.25,0
r_93,AI01437,0.2,0
r_561,AI02846,0.2,0
r_174,AI08181,0.2,0
r_406,AI09696,0.2,0
r_209,AI06340,0.2,0
r_1961,AI12760,0.5,1
r_561,AI10905,0.25,0
r_375,AI14116,0.2,0
r_539,AI00816,0.25,0
r_12,AI02740,0.25,0
r_93,AI05766,0.25,0
r_561,AI00522,0.2,0
r_209,AI03524,0.2,0
r_561,AI01790,0.2,0
r_132,AI01943,0.25,0
r_58,AI02800,0.2,0
r_174,AI11117,0.2,0
r_134,AI07825,0.25,0
r_594,AI09084,0.25,0
r_673,AI05824,0.2,0
r_375,AI01096,0.2,0
r_346,AI05921,0.25,0
r_111,AI12053,0.2,0
r_673,AI12631,0.2,0
r_58,AI00172,0.2,0
r_1817,AI02466,0.5,1
r_632,AI08889,0.2,0
r_575,AI03483,0.25,0
r_1724,AI11122,0.5,1
r_562,AI11242,0.25,0
r_406,AI10404,0.25,0
r_89,AI13489,0.2,0
r_3002,AI06296,0.5,1
r_673,AI01097,0.25,0
r_224,AI11669,0.25,0
r_632,AI13373,0.25,0
r_224,AI02929,0.2,0
r_561,AI00194,0.25,0
r_346,AI13776,0.25,0
r_599,AI07019,0.2,0
r_451,AI04029,0.25,0
r_562,AI12741,0.25,0
r_539,AI04128,0.2,0
r_562,AI13623,0.2,0
r_346,AI09286,0.5,1
r_134,AI07656,0.2,0
r_406,AI05197,0.25,0
r_599,AI11603,0.25,0
r_93,AI11986,0.2,0
r_224,AI01356,0.25,0
r_134,AI01085,0.2,0
r_539,AI09134,0.25,0
r_451,AI06050,0.2,0
r_346,AI11904,0.25,0
r_632,AI11326,0.2,0
r_209,AI12719,0.2,0
r_539,AI07638,0.25,0
r_656,AI08997,0.25,0
r_174,AI00470,0.2,0
r_111,AI04247,0.25,0
r_588,AI14720,0.25,0
r_174,AI08432,0.2,0
r_632,AI13776,0.25,0
r_1961,AI09637,0.5,1
r_375,AI10270,0.2,0
r_562,AI02780,0.2,0
r_12,AI14489,0.2,0
r_174,AI14316,0.2,0
r_632,AI04911,0.2,0
r_406,AI09737,0.2,0
r_187,AI09382,0.25,0
r_209,AI05415,0.2,0
r_562,AI09175,0.25,0
r_451,AI14946,0.25,0
r_134,AI08392,0.25,0
r_93,AI00007,0.5,1
r_561,AI11730,0.25,0
r_200,AI13643,0.2,0
r_539,AI01662,0.25,0
r_111,AI07773,0.25,0
r_656,AI03816,0.25,0
r_406,AI05163,0.2,0
r_132,AI04734,0.2,0
r_588,AI06715,0.2,0
r_594,AI00341,0.25,0
r_224,AI00664,0.25,0
r_539,AI14116,0.2,0
r_2638,AI05568,0.5,1
r_539,AI08174,0.2,0
r_187,AI00712,0.25,0
r_134,AI08578,0.2,0
r_375,AI09839,0.2,0
r_160,AI03120,0.2,0
r_562,AI13278,0.2,0
r_588,AI07638,0.25,0
r_562,AI00817,0.25,0
r_632,AI00820,0.25,0
r_200,AI06474,0.2,0
r_562,AI07301,0.2,0
r_451,AI07753,0.2,0
r_346,AI08673,0.2,0
r_187,AI05635,0.2,0
r_575,AI07473,0.25,0
r_174,AI03590,0.25,0
r_539,AI08237,0.5,1
r_187,AI10545,0.2,0
r_93,AI05202,0.2,0
r_451,AI01440,0.25,0
r_174,AI00050,0.2,0
r_375,AI09879,0.2,0
r_224,AI05539,0.2,0
r_134,AI01732,0.25,0
r_561,AI05350,0.25,0
r_406,AI01162,0.2,0
r_187,AI14140,0.25,0
r_89,AI00966,0.25,0
r_656,AI05766,0.25,0
r_599,AI10342,0.2,0
r_503,AI14437,0.2,0
r_89,AI13760,0.25,0
r_406,AI03320,0.2,0
r_406,AI04128,0.2,0
r_562,AI08966,0.25,0
r_111,AI03457,0.25,0
r_656,AI12511,0.25,0
r_2173,AI08568,0.5,1
r_561,AI11061,0.25,0
r_588,AI01124,0.25,0
r_187,AI07429,0.25,0
r_160,AI09674,0.25,0
r_134,AI00140,0.25,0
r_594,AI05382,0.2,0
r_451,AI10702,0.2,0
r_160,AI07555,0.2,0
r_174,AI09651,0.2,0
r_174,AI04126,0.2,0
r_451,AI07230,0.5,1
r_132,AI03139,0.25,0
r_599,AI01763,0.2,0
r_132,AI04688,0.2,0
r_594,AI10773,0.25,0
r_58,AI00605,0.2,0
r_58,AI01482,0.2,0
r_375,AI14167,0.2,0
r_575,AI05350,0.25,0
r_575,AI04679,0.25,0
r_1811,AI10422,0.5,1
r_224,AI11939,0.25,0
r_673,AI05519,0.2,0
r_594,AI06803,0.25,0
r_2173,AI14187,0.5,1
r_632,AI06238,0.25,0
r_58,AI05108,0.2,0
r_132,AI01482,0.2,0
r_346,AI09372,0.2,0
r_346,AI09272,0.25,0
r_111,AI07758,0.25,0
r_209,AI13246,0.2,0
r_588,AI14864,0.2,0
r_575,AI04611,0.2,0
r_656,AI12760,0.5,1
r_346,AI14600,0.25,0
r_89,AI07607,0.2,0
r_632,AI00457,0.2,0
r_89,AI05334,0.25,0
r_406,AI02782,0.25,0
r_89,AI12010,0.2,0
r_588,AI03139,0.25,0
r_566,AI03411,0.25,0
r_566,AI11061,0.25,0
r_673,AI10216,0.25,0
r_406,AI02021,0.25,0
r_539,AI14720,0.25,0
r_200,AI01086,0.2,0
r_451,AI13629,0.2,0
r_111,AI01358,0.25,0
r_575,AI04819,0.25,0
r_200,AI07019,0.2,0
r_673,AI03260,0.25,0
r_12,AI10456,0.2,0
r_12,AI10499,0.2,0
r_562,AI08383,0.5,1
r_111,AI12000,0.25,0
r_594,AI13416,0.2,0
r_93,AI06201,0.25,0
r_599,AI03759,0.2,0
r_224,AI07138,0.2,0
r_12,AI10140,0.2,0
r_187,AI00994,0.2,0
r_575,AI14018,0.2,0
r_187,AI03634,0.25,0
r_503,AI02270,0.2,0
r_12,AI04757,0.2,0
r_93,AI06715,0.2,0
r_594,AI14902,0.2,0
r_1702,AI00886,0.5,1
r_134,AI14649,0.5,1
r_93,AI13679,0.2,0
r_539,AI09022,0.2,0
r_1253,AI07230,0.5,1
r_187,AI04483,0.2,0
r_187,AI10871,0.2,0
r_111,AI04029,0.25,0
r_12,AI06500,0.25,0
r_58,AI12688,0.25,0
r_588,AI13197,0.25,0
r_346,AI02562,0.25,0
r_375,AI03992,0.25,0
r_566,AI10244,0.2,0
r_566,AI02387,0.2,0
r_575,AI06879,0.2,0
r_134,AI02408,0.2,0
r_2303,AI04896,0.5,1
r_375,AI03169,0.25,0
r_187,AI02114,0.2,0
r_561,AI11328,0.2,0
r_174,AI00346,0.25,0
r_160,AI10677,0.25,0
r_594,AI03718,0.2,0
r_89,AI08305,0.25,0
r_174,AI09880,0.25,0
r_406,AI06762,0.2,0
r_673,AI08331,0.2,0
r_1790,AI14770,0.5,1
r_93,AI07952,0.2,0
r_209,AI11265,0.2,0
r_134,AI02547,0.25,0
r_566,AI03595,0.25,0
r_134,AI01109,0.25,0
r_2937,AI08219,0.5,1
r_134,AI08483,0.25,0
r_566,AI05450,0.2,0
r_132,AI11603,0.25,0
r_209,AI01536,0.25,0
r_174,AI12710,0.5,1
r_561,AI09701,0.2,0
r_58,AI08399,0.2,0
r_12,AI00121,0.2,0
r_594,AI01909,0.25,0
r_594,AI03440,0.25,0
r_132,AI11328,0.2,0
r_575,AI03641,0.2,0
r_594,AI08545,0.25,0
r_503,AI11643,0.25,0
r_673,AI06870,0.25,0
r_224,AI04852,0.25,0
r_503,AI08962,0.2,0
r_12,AI08293,0.25,0
r_1426,AI05568,0.5,1
r_451,AI04216,0.2,0
r_160,AI00457,0.2,0
r_375,AI08097,0.2,0
r_2724,AI07687,0.5,1
r_594,AI04467,0.2,0
r_3011,AI11748,0.5,1
r_375,AI12319,0.2,0
r_160,AI14594,0.25,0
r_132,AI01604,0.2,0
r_160,AI10938,0.2,0
r_594,AI13845,0.2,0
r_111,AI01200,0.2,0
r_160,AI05202,0.2,0
r_160,AI11122,0.5,1
r_1231,AI08429,0.5,1
r_2303,AI09434,0.5,1
r_346,AI10587,0.5,1
r_2716,AI03574,0.5,1
r_132,AI13028,0.2,0
r_224,AI14399,0.25,0
r_160,AI10828,0.2,0
r_503,AI05798,0.25,0
r_575,AI10829,0.25,0
r_994,AI08429,0.5,1
r_134,AI04393,0.25,0
r_375,AI02359,0.2,0
r_58,AI11502,0.25,0
r_594,AI05052,0.2,0
r_200,AI09022,0.2,0
r_346,AI10235,0.2,0
r_594,AI14676,0.2,0
r_709,AI11748,0.5,1
r_111,AI05603,0.25,0
r_187,AI13334,0.2,0
r_187,AI08025,0.2,0
r_346,AI06832,0.5,1
r_562,AI07758,0.25,0
r_539,AI01026,0.2,0
r_594,AI11972,0.25,0
r_632,AI14720,0.25,0
r_160,AI12706,0.25,0
r_566,AI02515,0.2,0
r_599,AI02856,0.2,0
r_89,AI14323,0.25,0
r_503,AI04262,0.2,0
r_451,AI04436,0.2,0
r_134,AI12175,0.25,0
r_200,AI11943,0.2,0
r_594,AI01916,0.25,0
r_132,AI05623,0.2,0
r_132,AI14573,0.2,0
r_561,AI01051,0.25,0
r_89,AI07946,0.2,0
r_566,AI01175,0.2,0
r_451,AI11600,0.2,0
r_406,AI11569,0.25,0
r_768,AI05183,0.5,1
r_132,AI00044,0.25,0
r_575,AI12212,0.2,0
r_134,AI11521,0.2,0
r_89,AI13915,0.25,0
r_200,AI10331,0.25,0
r_673,AI00131,0.5,1
r_1741,AI08383,0.5,1
r_200,AI09761,0.25,0
r_174,AI07649,0.2,0
r_406,AI12214,0.25,0
r_599,AI04126,0.2,0
r_134,AI06503,0.2,0
r_561,AI00605,0.2,0
r_656,AI07022,0.2,0
r_566,AI00747,0.2,0
r_93,AI08179,0.25,0
r_566,AI11893,0.2,0
r_58,AI05799,0.25,0
r_375,AI05254,0.25,0
r_134,AI06313,0.25,0
r_575,AI07296,0.2,0
r_656,AI13342,0.2,0
r_594,AI02371,0.2,0
r_503,AI12363,0.25,0
r_89,AI02295,0.2,0
r_174,AI07807,0.25,0
r_575,AI11893,0.2,0
r_89,AI05482,0.25,0
r_632,AI08782,0.2,0
r_12,AI08479,0.2,0
r_174,AI03054,0.25,0
r_375,AI04128,0.2,0
r_346,AI03483,0.25,0
r_346,AI11987,0.2,0
r_2937,AI00886,0.5,1
r_174,AI03916,0.2,0
r_93,AI04896,0.5,1
r_575,AI05332,0.2,0
r_1426,AI11490,0.5,1
r_1961,AI09434,0.5,1
r_566,AI10233,0.25,0
r_673,AI11331,0.25,0
r_451,AI09342,0.5,1
r_224,AI01107,0.5,1
r_539,AI11986,0.2,0
r_160,AI11448,0.25,0
r_134,AI05889,0.25,0
r_562,AI00366,0.25,0
r_2940,AI05183,0.5,1
r_111,AI12593,0.25,0
r_588,AI05042,0.2,0
r_566,AI08429,0.5,1
r_12,AI14828,0.2,0
r_89,AI10358,0.25,0
r_200,AI14925,0.25,0
r_632,AI04277,0.2,0
r_224,AI11222,0.25,0
r_406,AI12155,0.25,0
r_588,AI09066,0.5,1
r_599,AI09953,0.25,0
r_224,AI09453,0.2,0
r_89,AI06212,0.25,0
r_1640,AI06825,0.5,1
r_594,AI14570,0.25,0
r_132,AI08997,0.25,0
r_566,AI00946,0.25,0
r_588,AI14352,0.25,0
r_187,AI10480,0.2,0
r_93,AI12000,0.25,0
r_575,AI01216,0.2,0
r_588,AI06029,0.2,0
r_632,AI01283,0.2,0
r_561,AI08889,0.2,0
r_375,AI08179,0.25,0
r_562,AI10962,0.2,0
r_375,AI08515,0.25,0
r_12,AI11045,0.25,0
r_209,AI01780,0.25,0
r_2638,AI11781,0.5,1
r_58,AI13845,0.2,0
r_209,AI01632,0.25,0
r_588,AI08993,0.2,0
r_174,AI06357,0.25,0
r_539,AI01713,0.2,0
r_632,AI11827,0.25,0
r_503,AI12069,0.2,0
r_2937,AI13061,0.5,1
r_224,AI09097,0.25,0
r_160,AI13373,0.25,0
r_375,AI06230,0.25,0
r_224,AI00233,0.25,0
r_89,AI02607,0.2,0
r_200,AI09615,0.25,0
r_12,AI06304,0.25,0
r_209,AI09264,0.25,0
r_673,AI06402,0.2,0
r_575,AI07032,0.2,0
r_575,AI12914,0.2,0
r_1817,AI09573,0.5,1
r_594,AI09484,0.2,0
r_632,AI10859,0.25,0
r_1426,AI12760,0.5,1
r_656,AI01534,0.25,0
r_656,AI09761,0.25,0
r_673,AI06293,0.25,0
r_111,AI09286,0.5,1
r_561,AI12856,0.2,0
r_451,AI12803,0.25,0
r_134,AI05415,0.2,0
r_132,AI07402,0.2,0
r_224,AI01631,0.2,0
r_89,AI01620,0.25,0
r_599,AI13350,0.25,0
r_1823,AI10995,0.5,1
r_1261,AI05301,0.5,1
r_451,AI03208,0.25,0
r_451,AI09233,0.25,0
r_503,AI10330,0.2,0
r_375,AI13908,0.25,0
r_575,AI08397,0.2,0
r_594,AI13468,0.2,0
r_174,AI06068,0.25,0
r_451,AI09095,0.25,0
r_575,AI02556,0.25,0
r_451,AI06480,0.25,0
r_209,AI10864,0.2,0
r_200,AI01096,0.2,0
r_406,AI03081,0.2,0
r_174,AI10027,0.25,0
r_594,AI04492,0.25,0
r_599,AI04931,0.2,0
r_134,AI03814,0.2,0
r_160,AI09614,0.2,0
r_561,AI01850,0.25,0
r_2504,AI11212,0.5,1
r_209,AI12571,0.25,0
r_224,AI06082,0.2,0
r_656,AI08342,0.2,0
r_594,AI02078,0.2,0
r_594,AI11868,0.25,0
r_599,AI05301,0.5,1
r_1027,AI01360,0.5,1
r_134,AI04076,0.25,0
r_174,AI08542,0.25,0
r_111,AI00946,0.25,0
r_1231,AI00156,0.5,1
r_187,AI08790,0.2,0
r_111,AI14061,0.2,0
r_599,AI11987,0.2,0
r_656,AI10388,0.25,0
r_673,AI14795,0.2,0
r_575,AI04181,0.2,0
r_599,AI12350,0.25,0
r_599,AI09442,0.25,0
r_89,AI03239,0.25,0
r_406,AI04228,0.25,0
r_132,AI10772,0.2,0
r_12,AI06796,0.2,0
r_566,AI03820,0.25,0
r_58,AI01431,0.2,0
r_1952,AI05183,0.5,1
r_89,AI03155,0.2,0
r_209,AI09555,0.25,0
r_209,AI07700,0.2,0
r_89,AI09462,0.2,0
r_58,AI05423,0.2,0
r_346,AI08080,0.25,0
r_503,AI04578,0.2,0
r_561,AI14981,0.2,0
r_174,AI13269,0.2,0
r_2063,AI00436,0.5,1
r_58,AI04201,0.2,0
r_588,AI06903,0.2,0
r_562,AI12927,0.25,0
r_209,AI05438,0.2,0
r_1955,AI01045,0.5,1
r_174,AI04302,0.2,0
r_451,AI02452,0.25,0
r_200,AI10743,0.2,0
r_12,AI07138,0.2,0
r_187,AI00817,0.25,0
r_12,AI03641,0.2,0
r_12,AI04221,0.25,0
r_12,AI06782,0.25,0
r_134,AI03413,0.25,0
r_160,AI14036,0.2,0
r_594,AI01632,0.25,0
r_174,AI11962,0.2,0
r_681,AI05724,0.5,1
r_174,AI10069,0.25,0
r_451,AI02280,0.2,0
r_566,AI06296,0.5,1
r_632,AI07230,0.5,1
r_89,AI02567,0.25,0
r_160,AI14512,0.2,0
r_134,AI13023,0.2,0
r_562,AI13133,0.2,0
r_575,AI10238,0.5,1
r_375,AI06869,0.25,0
r_575,AI09615,0.25,0
r_632,AI09230,0.25,0
r_561,AI04270,0.2,0
r_632,AI14453,0.2,0
r_224,AI06989,0.2,0
r_200,AI02800,0.2,0
r_200,AI13845,0.2,0
r_93,AI07293,0.25,0
r_756,AI09434,0.5,1
r_89,AI02935,0.2,0
r_451,AI05990,0.2,0
r_588,AI12278,0.2,0
r_575,AI00604,0.25,0
r_451,AI06703,0.2,0
r_160,AI02329,0.25,0
r_673,AI01865,0.5,1
r_160,AI00690,0.25,0
r_134,AI13012,0.25,0
r_656,AI05429,0.2,0
r_539,AI14303,0.25,0
r_594,AI10452,0.25,0
r_89,AI14267,0.2,0
r_174,AI12691,0.25,0
r_566,AI13785,0.2,0
r_451,AI09171,0.25,0
r_209,AI06356,0.25,0
r_375,AI11533,0.2,0
r_160,AI11616,0.2,0
r_93,AI00770,0.25,0
r_566,AI13436,0.25,0
r_503,AI05197,0.25,0
r_346,AI11760,0.25,0
r_406,AI00126,0.2,0
r_539,AI03424,0.25,0
r_539,AI05578,0.2,0
r_187,AI01026,0.2,0
r_187,AI08647,0.2,0
r_12,AI11105,0.5,1
r_132,AI02278,0.2,0
r_451,AI12112,0.2,0
r_160,AI03457,0.25,0
r_132,AI05129,0.25,0
r_187,AI08397,0.2,0
r_503,AI14981,0.2,0
r_200,AI09458,0.2,0
r_406,AI00082,0.25,0
r_594,AI04033,0.2,0
r_111,AI14495,0.2,0
r_2173,AI05177,0.5,1
r_89,AI06782,0.25,0
r_566,AI11072,0.25,0
r_89,AI02366,0.2,0
r_111,AI03016,0.25,0
r_575,AI03818,0.2,0
r_160,AI09779,0.25,0
r_656,AI11600,0.2,0
r_451,AI09839,0.2,0
r_134,AI10978,0.25,0
r_209,AI00562,0.2,0
r_768,AI06832,0.5,1
r_566,AI05073,0.2,0
r_656,AI02519,0.2,0
r_93,AI00126,0.2,0
r_503,AI14779,0.2,0
r_594,AI05691,0.2,0
r_3011,AI11490,0.5,1
r_375,AI06194,0.2,0
r_224,AI00498,0.2,0
r_209,AI10053,0.2,0
r_174,AI04272,0.2,0
r_187,AI09149,0.25,0
r_1773,AI00045,0.5,1
r_160,AI01051,0.25,0
r_451,AI10305,0.2,0
r_200,AI05660,0.25,0
r_588,AI08519,0.2,0
r_575,AI02807,0.25,0
r_562,AI02057,0.25,0
r_224,AI12932,0.2,0
r_209,AI09386,0.2,0
r_632,AI06090,0.2,0
r_200,AI14339,0.2,0
r_561,AI08782,0.2,0
r_599,AI01233,0.25,0
r_12,AI03082,0.25,0
r_346,AI11067,0.2,0
r_656,AI14169,0.25,0
r_111,AI02556,0.25,0
r_503,AI08007,0.25,0
r_187,AI07414,0.25,0
r_561,AI10885,0.25,0
r_673,AI07992,0.25,0
r_599,AI02280,0.2,0
r_2366,AI00156,0.5,1
r_111,AI13358,0.25,0
r_451,AI03072,0.5,1
r_562,AI02550,0.25,0
r_539,AI08354,0.25,0
r_575,AI13373,0.25,0
r_599,AI10743,0.2,0
r_599,AI10905,0.25,0
r_174,AI02298,0.2,0
r_209,AI11936,0.2,0
r_2953,AI13808,0.5,1
r_451,AI09442,0.25,0
r_160,AI06474,0.2,0
r_451,AI03081,0.2,0
r_594,AI05171,0.25,0
r_575,AI07011,0.2,0
r_375,AI01818,0.2,0
r_111,AI08112,0.2,0
r_89,AI02461,0.2,0
r_375,AI01124,0.25,0
r_562,AI09929,0.25,0
r_174,AI03137,0.2,0
r_200,AI03949,0.25,0
r_1531,AI08705,0.5,1
r_561,AI00020,0.2,0
r_575,AI04029,0.25,0
r_632,AI06019,0.25,0
r_632,AI05631,0.2,0
r_200,AI12386,0.25,0
r_406,AI09953,0.25,0
r_187,AI04971,0.2,0
r_111,AI01026,0.2,0
r_58,AI14666,0.25,0
r_673,AI01638,0.2,0
r_561,AI14787,0.25,0
r_562,AI10702,0.2,0
r_1774,AI03574,0.5,1
r_12,AI06544,0.25,0
r_375,AI09006,0.25,0
r_134,AI12682,0.2,0
r_224,AI04296,0.2,0
r_132,AI12927,0.25,0
r_93,AI02826,0.25,0
r_588,AI00116,0.25,0
r_539,AI11905,0.25,0
r_594,AI10077,0.25,0
r_566,AI11368,0.2,0
r_132,AI06324,0.2,0
r_599,AI10760,0.2,0
r_346,AI00994,0.2,0
r_594,AI00648,0.2,0
r_2264,AI13736,0.5,1
r_566,AI06608,0.25,0
r_566,AI08832,0.2,0
r_594,AI08128,0.2,0
r_566,AI03310,0.2,0
r_566,AI04465,0.25,0
r_406,AI14151,0.25,0
r_2504,AI11755,0.5,1
r_503,AI07907,0.2,0
r_209,AI05510,0.2,0
r_187,AI10340,0.25,0
r_58,AI12208,0.2,0
r_200,AI10346,0.25,0
r_89,AI14432,0.25,0
r_89,AI08440,0.2,0
r_174,AI09685,0.25,0
r_599,AI08644,0.25,0
r_134,AI03654,0.5,1
r_575,AI09674,0.25,0
r_187,AI14746,0.25,0
r_134,AI04452,0.2,0
r_58,AI01988,0.2,0
r_174,AI06600,0.25,0
r_132,AI10371,0.25,0
r_503,AI04247,0.25,0
r_134,AI13472,0.2,0
r_406,AI05689,0.2,0
r_89,AI06938,0.25,0
r_406,AI10979,0.25,0
r_1531,AI01770,0.5,1
r_134,AI12239,0.25,0
r_93,AI10422,0.5,1
r_562,AI07313,0.25,0
r_539,AI02452,0.25,0
r_111,AI13558,0.2,0
r_566,AI13278,0.2,0
r_375,AI09782,0.25,0
r_656,AI11805,0.25,0
r_503,AI12848,0.2,0
r_375,AI13833,0.2,0
r_93,AI12914,0.2,0
r_187,AI12499,0.25,0
r_673,AI04056,0.5,1
r_375,AI02590,0.25,0
r_673,AI08325,0.2,0
r_12,AI04666,0.25,0
r_594,AI06627,0.5,1
r_132,AI03887,0.2,0
r_599,AI12532,0.2,0
r_89,AI08583,0.25,0
r_594,AI00553,0.2,0
r_209,AI00121,0.2,0
r_599,AI12214,0.25,0
r_58,AI07685,0.25,0
r_346,AI01370,0.25,0
r_89,AI14710,0.25,0
r_594,AI13795,0.25,0
r_187,AI07255,0.2,0
r_93,AI12605,0.25,0
r_200,AI04181,0.2,0
r_2136,AI14770,0.5,1
r_2848,AI09434,0.5,1
r_375,AI07313,0.25,0
r_594,AI04353,0.25,0
r_209,AI12450,0.25,0
r_656,AI07758,0.25,0
r_406,AI13748,0.2,0
r_187,AI14339,0.2,0
r_12,AI02461,0.2,0
r_562,AI06479,0.25,0
r_134,AI06166,0.2,0
r_632,AI00692,0.2,0
r_599,AI05319,0.2,0
r_2848,AI07230,0.5,1
r_632,AI09157,0.2,0
r_93,AI06143,0.2,0
r_132,AI01735,0.25,0
r_174,AI12410,0.2,0
r_566,AI09014,0.25,0
r_539,AI06062,0.2,0
r_134,AI04800,0.2,0
r_224,AI03742,0.5,1
r_3011,AI08383,0.5,1
r_539,AI08018,0.2,0
r_346,AI11410,0.25,0
r_174,AI10782,0.25,0
r_588,AI05469,0.25,0
r_632,AI01387,0.2,0
r_160,AI10238,0.5,1
r_594,AI04127,0.2,0
r_996,AI14362,0.5,1
r_187,AI07473,0.25,0
r_89,AI12637,0.25,0
r_132,AI05197,0.25,0
r_58,AI09637,0.5,1
r_160,AI00946,0.25,0
r_89,AI01632,0.25,0
r_209,AI14482,0.25,0
r_209,AI08110,0.25,0
r_566,AI06314,0.2,0
r_160,AI02192,0.2,0
r_174,AI09804,0.25,0
r_375,AI03852,0.2,0
r_346,AI13810,0.2,0
r_111,AI09372,0.2,0
r_406,AI06580,0.2,0
r_539,AI09720,0.2,0
r_406,AI05766,0.25,0
r_503,AI01368,0.2,0
r_160,AI01713,0.2,0
r_1823,AI03574,0.5,1
r_566,AI14151,0.25,0
r_451,AI00085,0.2,0
r_594,AI14890,0.2,0
r_209,AI14855,0.2,0
r_575,AI10820,0.25,0
r_562,AI12021,0.25,0
r_174,AI03267,0.25,0
r_134,AI03203,0.2,0
r_160,AI04201,0.2,0
r_93,AI05301,0.5,1
r_561,AI10342,0.2,0
r_566,AI05407,0.25,0
r_346,AI03155,0.2,0
r_673,AI03638,0.25,0
r_375,AI03908,0.2,0
r_632,AI05439,0.2,0
r_594,AI13513,0.25,0
r_562,AI09943,0.2,0
r_632,AI00913,0.25,0
r_346,AI05573,0.25,0
r_375,AI08669,0.25,0
r_12,AI10567,0.2,0
r_89,AI06527,0.25,0
r_224,AI02177,0.25,0
r_200,AI04679,0.25,0
r_594,AI02246,0.25,0
r_594,AI05433,0.2,0
r_2284,AI05301,0.5,1
r_539,AI08706,0.25,0
r_594,AI00607,0.25,0
r_561,AI05603,0.25,0
r_134,AI02748,0.2,0
r_539,AI06449,0.25,0
r_566,AI06530,0.25,0
r_160,AI13095,0.25,0
r_200,AI11067,0.2,0
r_575,AI09268,0.2,0
r_12,AI09931,0.2,0
r_406,AI00156,0.5,1
r_562,AI03127,0.25,0
r_539,AI05948,0.25,0
r_89,AI05467,0.25,0
r_174,AI00345,0.25,0
r_566,AI12990,0.2,0
r_2953,AI06627,0.5,1
r_451,AI04134,0.25,0
r_12,AI14522,0.25,0
r_346,AI08701,0.25,0
r_632,AI09006,0.25,0
r_89,AI12537,0.2,0
r_806,AI03742,0.5,1
r_160,AI03424,0.25,0
r_656,AI10276,0.25,0
r_656,AI11471,0.2,0
r_503,AI08864,0.25,0
r_58,AI14386,0.2,0
r_406,AI07815,0.25,0
r_566,AI11851,0.25,0
r_160,AI08018,0.2,0
r_111,AI11827,0.25,0
r_89,AI01536,0.25,0
r_588,AI07201,0.25,0
r_12,AI02921,0.2,0
r_174,AI07307,0.2,0
r_963,AI14063,0.5,1
r_594,AI12280,0.25,0
r_224,AI13526,0.25,0
r_160,AI07446,0.25,0
r_89,AI10764,0.2,0
r_2953,AI02869,0.5,1
r_89,AI02459,0.25,0
r_209,AI02158,0.25,0
r_174,AI09760,0.25,0
r_224,AI04721,0.25,0
r_209,AI04118,0.25,0
r_132,AI03908,0.2,0
r_134,AI13653,0.25,0
r_1231,AI09286,0.5,1
r_566,AI12034,0.25,0
r_594,AI14119,0.2,0
r_111,AI14437,0.2,0
r_89,AI09091,0.25,0
r_1154,AI11959,0.5,1
r_588,AI09355,0.25,0
r_132,AI07625,0.25,0
r_346,AI14653,0.25,0
r_224,AI08354,0.25,0
r_2264,AI08237,0.5,1
r_174,AI08475,0.2,0
r_1551,AI10422,0.5,1
r_111,AI10238,0.5,1
r_134,AI00204,0.2,0
r_174,AI00999,0.25,0
r_588,AI08018,0.2,0
r_375,AI11090,0.25,0
r_539,AI06156,0.2,0
r_1551,AI04200,0.5,1
r_599,AI04216,0.2,0
r_89,AI10606,0.25,0
r_58,AI02826,0.25,0
r_575,AI04277,0.2,0
r_594,AI09737,0.2,0
r_89,AI13062,0.25,0
r_575,AI00946,0.25,0
r_1828,AI00007,0.5,1
r_174,AI01619,0.2,0
r_174,AI03044,0.5,1
r_134,AI01704,0.25,0
r_1551,AI08568,0.5,1
r_451,AI09192,0.2,0
r_58,AI12384,0.25,0
r_588,AI10938,0.2,0
r_174,AI14157,0.2,0
r_562,AI03759,0.2,0
r_2955,AI14649,0.5,1
r_599,AI03965,0.25,0
r_2716,AI08705,0.5,1
r_209,AI03502,0.25,0
r_375,AI05631,0.2,0
r_12,AI00279,0.2,0
r_656,AI08118,0.2,0
r_2937,AI05724,0.5,1
r_503,AI07429,0.25,0
r_594,AI04716,0.2,0
r_588,AI11600,0.2,0
r_594,AI08643,0.2,0
r_599,AI01818,0.2,0
r_160,AI08630,0.25,0
r_134,AI07830,0.2,0
r_673,AI04960,0.25,0
r_566,AI02901,0.2,0
r_632,AI09232,0.2,0
r_503,AI07691,0.2,0
r_594,AI05943,0.25,0
r_174,AI08493,0.25,0
r_451,AI13233,0.2,0
r_174,AI11559,0.2,0
r_561,AI01085,0.2,0
r_160,AI09382,0.25,0
r_451,AI04786,0.25,0
r_209,AI14793,0.25,0
r_12,AI13629,0.2,0
r_111,AI05819,0.2,0
r_89,AI13061,0.5,1
r_93,AI14295,0.2,0
r_89,AI05483,0.2,0
r_134,AI09644,0.25,0
r_111,AI06062,0.2,0
r_111,AI03277,0.2,0
r_969,AI02162,0.5,1
r_346,AI04122,0.2,0
r_89,AI09050,0.25,0
r_200,AI12416,0.25,0
r_588,AI11827,0.25,0
r_588,AI06440,0.2,0
r_561,AI03207,0.25,0
r_673,AI10782,0.25,0
r_2235,AI11959,0.5,1
r_224,AI09462,0.2,0
r_599,AI11985,0.25,0
r_187,AI12754,0.2,0
r_134,AI00129,0.25,0
r_406,AI13367,0.25,0
r_200,AI03595,0.25,0
r_594,AI13913,0.2,0
r_132,AI13872,0.2,0
r_134,AI10706,0.25,0
r_209,AI08955,0.25,0
r_594,AI10825,0.2,0
r_187,AI06646,0.2,0
r_566,AI04216,0.2,0
r_2857,AI05612,0.5,1
r_632,AI07150,0.2,0
r_93,AI09815,0.2,0
r_111,AI13833,0.2,0
r_12,AI14208,0.25,0
r_575,AI08652,0.25,0
r_599,AI10958,0.2,0
r_566,AI05338,0.25,0
r_134,AI01166,0.25,0
r_134,AI06004,0.25,0
r_588,AI08701,0.25,0
r_969,AI02236,0.5,1
r_12,AI00652,0.25,0
r_539,AI12053,0.2,0
r_656,AI12490,0.25,0
r_451,AI11089,0.25,0
r_599,AI03120,0.2,0
r_187,AI07773,0.25,0
r_187,AI08297,0.25,0
r_2940,AI00045,0.5,1
r_209,AI08743,0.2,0
r_134,AI02521,0.25,0
r_58,AI04678,0.2,0
r_200,AI12053,0.2,0
r_656,AI05254,0.25,0
r_594,AI07168,0.2,0
r_656,AI02343,0.25,0
r_200,AI09830,0.25,0
r_632,AI06749,0.25,0
r_89,AI03575,0.2,0
r_1261,AI11959,0.5,1
r_346,AI09216,0.25,0
r_132,AI02057,0.25,0
r_575,AI02067,0.2,0
r_599,AI13748,0.2,0
r_539,AI13645,0.2,0
r_209,AI01848,0.2,0
r_346,AI12596,0.25,0
r_346,AI02182,0.2,0
r_93,AI05921,0.25,0
r_588,AI00044,0.25,0
r_12,AI02761,0.25,0
r_406,AI13464,0.2,0
r_599,AI07877,0.2,0
r_406,AI02678,0.25,0
r_200,AI11050,0.2,0
r_12,AI14623,0.2,0
r_375,AI03559,0.2,0
r_2848,AI14187,0.5,1
r_656,AI03236,0.2,0
r_1531,AI14781,0.5,1
r_406,AI04009,0.2,0
r_346,AI07838,0.25,0
r_187,AI03867,0.25,0
r_406,AI11718,0.25,0
r_12,AI04379,0.2,0
r_12,AI01834,0.2,0
r_132,AI01969,0.2,0
r_160,AI07255,0.2,0
r_93,AI09671,0.25,0
r_58,AI11986,0.2,0
r_174,AI12585,0.25,0
r_375,AI10704,0.2,0
r_599,AI04744,0.2,0
r_539,AI07857,0.25,0
r_599,AI13134,0.2,0
r_673,AI02519,0.2,0
r_1724,AI09342,0.5,1
r_174,AI10304,0.2,0
r_588,AI01358,0.25,0
r_174,AI10187,0.2,0
r_93,AI03757,0.2,0
r_12,AI08816,0.2,0
r_224,AI03121,0.25,0
r_562,AI05603,0.25,0
r_996,AI12760,0.5,1
r_566,AI06749,0.25,0
r_187,AI05066,0.2,0
r_111,AI02467,0.2,0
r_93,AI01440,0.25,0
r_562,AI11410,0.25,0
r_594,AI14060,0.25,0
r_224,AI11242,0.25,0
r_588,AI02212,0.2,0
r_561,AI06874,0.25,0
r_656,AI08780,0.25,0
r_12,AI09936,0.25,0
r_599,AI12760,0.5,1
r_187,AI08100,0.25,0
r_375,AI13558,0.2,0
r_200,AI07660,0.25,0
r_134,AI04153,0.25,0
r_187,AI05798,0.25,0
r_89,AI04153,0.25,0
r_174,AI00322,0.2,0
r_406,AI10276,0.25,0
r_406,AI05807,0.2,0
r_503,AI14388,0.25,0
r_132,AI00593,0.25,0
r_12,AI07799,0.2,0
r_594,AI00003,0.2,0
r_561,AI05301,0.5,1
r_134,AI01766,0.2,0
r_503,AI04190,0.2,0
r_451,AI10371,0.25,0
r_539,AI02292,0.2,0
r_1261,AI11781,0.5,1
r_209,AI06169,0.2,0
r_406,AI11479,0.25,0
r_174,AI08333,0.25,0
r_160,AI05766,0.25,0
r_561,AI06832,0.5,1
r_12,AI06839,0.25,0
r_200,AI13095,0.25,0
r_588,AI10508,0.25,0
r_406,AI00415,0.2,0
r_58,AI01943,0.25,0
r_632,AI00415,0.2,0
r_224,AI06936,0.2,0
r_224,AI08777,0.25,0
r_539,AI00431,0.2,0
r_599,AI13935,0.2,0
r_58,AI05623,0.2,0
r_174,AI11367,0.2,0
r_134,AI10319,0.25,0
r_994,AI12760,0.5,1
r_174,AI05802,0.25,0
r_174,AI01991,0.25,0
r_406,AI03208,0.25,0
r_187,AI02782,0.25,0
r_451,AI14793,0.25,0
r_375,AI14768,0.25,0
r_656,AI09994,0.25,0
r_656,AI09614,0.2,0
r_594,AI00031,0.2,0
r_594,AI01358,0.25,0
r_588,AI06480,0.25,0
r_132,AI12600,0.2,0
r_346,AI04964,0.25,0
r_200,AI05388,0.25,0
r_632,AI02144,0.25,0
r_12,AI08693,0.2,0
r_375,AI11444,0.25,0
r_561,AI04200,0.5,1
r_503,AI10772,0.2,0
r_200,AI00366,0.25,0
r_561,AI00946,0.25,0
r_673,AI03743,0.25,0
r_375,AI05807,0.2,0
r_58,AI01604,0.2,0
r_346,AI01194,0.2,0
r_503,AI11471,0.2,0
r_93,AI08233,0.2,0
r_599,AI00437,0.25,0
r_599,AI11915,0.2,0
r_2940,AI01360,0.5,1
r_160,AI01109,0.25,0
r_187,AI11101,0.25,0
r_160,AI09840,0.25,0
r_12,AI06738,0.25,0
r_503,AI00270,0.2,0
r_111,AI14528,0.2,0
r_406,AI11072,0.25,0
r_451,AI10015,0.25,0
r_111,AI10906,0.25,0
r_174,AI06952,0.25,0
r_1823,AI12950,0.5,1
r_588,AI06703,0.2,0
r_656,AI10480,0.2,0
r_187,AI07201,0.25,0
r_224,AI08481,0.25,0
r_93,AI13101,0.25,0
r_451,AI08383,0.5,1
r_656,AI10709,0.25,0
r_566,AI02212,0.2,0
r_632,AI02856,0.2,0
r_160,AI06274,0.2,0
r_656,AI10919,0.2,0
r_451,AI07402,0.2,0
r_673,AI11706,0.25,0
r_632,AI03595,0.25,0
r_656,AI07952,0.2,0
r_503,AI07674,0.25,0
r_111,AI11905,0.25,0
r_12,AI08305,0.25,0
r_562,AI09615,0.25,0
r_89,AI13602,0.2,0
r_134,AI02968,0.2,0
r_209,AI09159,0.2,0
r_346,AI06175,0.25,0
r_594,AI07089,0.25,0
r_792,AI04200,0.5,1
r_200,AI09121,0.25,0
r_594,AI05309,0.2,0
r_2857,AI14924,0.5,1
r_561,AI07952,0.2,0
r_111,AI10159,0.2,0
r_375,AI11915,0.2,0
r_451,AI00253,0.2,0
r_200,AI05821,0.25,0
r_632,AI07815,0.25,0
r_111,AI09995,0.2,0
r_575,AI05689,0.2,0
r_346,AI05798,0.25,0
r_561,AI12164,0.2,0
r_12,AI05860,0.25,0
r_89,AI11567,0.25,0
r_503,AI05108,0.2,0
r_673,AI03557,0.2,0
r_375,AI05518,0.2,0
r_174,AI05292,0.2,0
r_209,AI12229,0.2,0
r_12,AI13974,0.25,0
r_539,AI07810,0.25,0
r_160,AI07638,0.25,0
r_132,AI04184,0.2,0
r_406,AI03595,0.25,0
r_539,AI08344,0.2,0
r_2136,AI10457,0.5,1
r_12,AI05943,0.25,0
r_561,AI13443,0.25,0
r_160,AI01868,0.2,0
r_174,AI09852,0.2,0
r_539,AI05215,0.2,0
r_375,AI06758,0.2,0
r_58,AI03355,0.25,0
r_2504,AI04896,0.5,1
r_224,AI12487,0.2,0
r_561,AI11522,0.25,0
r_200,AI09014,0.25,0
r_375,AI09458,0.2,0
r_375,AI03441,0.2,0
r_656,AI04786,0.25,0
r_375,AI09669,0.2,0
r_566,AI03322,0.25,0
r_111,AI05192,0.2,0
r_375,AI05439,0.2,0
r_375,AI09655,0.2,0
r_594,AI13361,0.2,0
r_346,AI13845,0.2,0
r_451,AI14927,0.2,0
r_187,AI05148,0.2,0
r_406,AI01096,0.2,0
r_561,AI08458,0.25,0
r_451,AI00910,0.25,0
r_58,AI10183,0.2,0
r_599,AI01062,0.2,0
r_160,AI05948,0.25,0
r_451,AI09874,0.2,0
r_58,AI05481,0.2,0
r_224,AI08010,0.25,0
r_963,AI11959,0.5,1
r_12,AI02889,0.2,0
r_174,AI02063,0.25,0
r_134,AI03239,0.25,0
r_58,AI07156,0.25,0
r_375,AI05632,0.25,0
r_594,AI08777,0.25,0
r_209,AI04076,0.25,0
r_632,AI06308,0.2,0
r_160,AI10294,0.25,0
r_134,AI14002,0.25,0
r_200,AI09232,0.2,0
r_561,AI02942,0.25,0
r_12,AI10846,0.25,0
r_406,AI12164,0.2,0
r_132,AI07949,0.25,0
r_58,AI03203,0.2,0
r_111,AI12447,0.2,0
r_2895,AI05177,0.5,1
r_134,AI06839,0.25,0
r_160,AI00761,0.2,0
r_566,AI14303,0.25,0
r_406,AI01200,0.2,0
r_224,AI08054,0.2,0
r_406,AI01173,0.25,0
r_375,AI09171,0.25,0
r_132,AI13165,0.2,0
r_346,AI08193,0.25,0
r_174,AI05610,0.25,0
r_89,AI07755,0.2,0
r_566,AI12363,0.25,0
r_575,AI11490,0.5,1
r_588,AI09761,0.25,0
r_1774,AI10457,0.5,1
r_503,AI00225,0.25,0
r_594,AI01490,0.25,0
r_160,AI11439,0.25,0
r_566,AI06324,0.2,0
r_2264,AI05568,0.5,1
r_2895,AI14063,0.5,1
r_187,AI14793,0.25,0
r_375,AI12990,0.2,0
r_132,AI04786,0.25,0
r_224,AI11845,0.2,0
r_200,AI01491,0.25,0
r_566,AI03667,0.2,0
r_132,AI03867,0.25,0
r_89,AI09433,0.2,0
r_1823,AI09903,0.5,1
r_1551,AI02054,0.5,1
r_58,AI01471,0.2,0
r_594,AI09057,0.25,0
r_632,AI09603,0.25,0
r_806,AI12780,0.5,1
r_406,AI14768,0.25,0
r_539,AI05160,0.25,0
r_632,AI07660,0.25,0
r_134,AI01973,0.2,0
r_539,AI07402,0.2,0
r_575,AI06314,0.2,0
r_132,AI13341,0.25,0
r_174,AI05168,0.2,0
r_594,AI07018,0.5,1
r_599,AI00007,0.5,1
r_89,AI12980,0.25,0
r_89,AI07089,0.25,0
r_566,AI04911,0.2,0
r_111,AI09899,0.2,0
r_561,AI04436,0.2,0
r_346,AI09137,0.25,0
r_160,AI06029,0.2,0
r_1828,AI05301,0.5,1
r_561,AI11368,0.2,0
r_93,AI09171,0.25,0
r_134,AI01935,0.2,0
r_93,AI08344,0.2,0
r_406,AI10315,0.2,0
r_632,AI11050,0.2,0
r_656,AI12995,0.2,0
r_346,AI07555,0.2,0
r_375,AI08980,0.25,0
r_132,AI13367,0.25,0
r_12,AI07958,0.2,0
r_93,AI00810,0.2,0
r_58,AI01913,0.25,0
r_375,AI02584,0.2,0
r_406,AI05821,0.25,0
r_160,AI07860,0.2,0
r_93,AI07019,0.2,0
r_187,AI00793,0.25,0
r_134,AI13495,0.25,0
r_209,AI12732,0.2,0
r_224,AI00910,0.25,0
r_160,AI07448,0.25,0
r_224,AI05868,0.25,0
r_632,AI08133,0.2,0
r_599,AI05439,0.2,0
r_594,AI06871,0.2,0
r_451,AI03948,0.25,0
r_132,AI09840,0.25,0
r_224,AI04986,0.2,0
r_200,AI01062,0.2,0
r_12,AI03049,0.25,0
r_539,AI14779,0.2,0
r_111,AI02359,0.2,0
r_346,AI00044,0.25,0
r_561,AI01431,0.2,0
r_2602,AI14924,0.5,1
r_58,AI09434,0.5,1
r_539,AI03712,0.25,0
r_160,AI08515,0.25,0
r_2724,AI05758,0.5,1
r_160,AI13623,0.2,0
r_174,AI12477,0.25,0
r_406,AI11705,0.2,0
r_562,AI08780,0.25,0
r_346,AI01735,0.25,0
r_89,AI10310,0.25,0
r_673,AI08228,0.25,0
r_656,AI08652,0.25,0
r_588,AI10767,0.2,0
r_209,AI10521,0.2,0
r_594,AI11483,0.25,0
r_656,AI09544,0.25,0
r_562,AI02754,0.25,0
r_575,AI14775,0.25,0
r_160,AI00366,0.25,0
r_375,AI07851,0.2,0
r_503,AI11905,0.25,0
r_1531,AI14924,0.5,1
r_224,AI13629,0.2,0
r_451,AI13935,0.2,0
r_89,AI00816,0.25,0
r_160,AI01358,0.25,0
r_375,AI01673,0.2,0
r_375,AI03610,0.2,0
r_599,AI10970,0.2,0
r_111,AI00816,0.25,0
r_12,AI01872,0.2,0
r_656,AI00156,0.5,1
r_1231,AI10238,0.5,1
r_12,AI14981,0.2,0
r_132,AI07638,0.25,0
r_2195,AI10238,0.5,1
r_566,AI07522,0.25,0
r_209,AI09100,0.2,0
r_561,AI07820,0.25,0
r_187,AI14756,0.25,0
r_58,AI01763,0.2,0
r_12,AI09899,0.2,0
r_160,AI12868,0.2,0
r_224,AI06184,0.25,0
r_503,AI09138,0.2,0
r_58,AI01888,0.2,0
r_12,AI06443,0.25,0
r_375,AI00365,0.2,0
r_187,AI03484,0.2,0
r_561,AI11644,0.25,0
r_566,AI05192,0.2,0
r_673,AI05911,0.2,0
r_594,AI10894,0.25,0
r_209,AI01451,0.25,0
r_187,AI10020,0.25,0
r_132,AI10979,0.25,0
r_58,AI02183,0.25,0
r_346,AI08118,0.2,0
r_174,AI12314,0.25,0
r_451,AI13165,0.2,0
r_681,AI11970,0.5,1
r_174,AI11888,0.25,0
r_539,AI06407,0.2,0
r_575,AI05301,0.5,1
r_89,AI02865,0.25,0
r_200,AI13086,0.2,0
r_562,AI00154,0.25,0
r_406,AI01500,0.25,0
r_561,AI11212,0.5,1
r_209,AI05295,0.25,0
r_566,AI10944,0.25,0
r_588,AI14374,0.2,0
r_503,AI05801,0.25,0
r_224,AI07958,0.2,0
r_12,AI04106,0.2,0
r_599,AI11270,0.2,0
r_12,AI11507,0.25,0
r_174,AI07825,0.25,0
r_174,AI00924,0.25,0
r_588,AI11001,0.2,0
r_89,AI13984,0.2,0
r_200,AI01439,0.25,0
r_209,AI11973,0.2,0
r_566,AI13903,0.25,0
r_111,AI13886,0.25,0
r_562,AI06019,0.25,0
r_58,AI01024,0.2,0
r_224,AI04230,0.25,0
r_451,AI09969,0.25,0
r_375,AI04744,0.2,0
r_632,AI02040,0.25,0
r_406,AI07857,0.25,0
r_561,AI00238,0.2,0
r_599,AI01159,0.25,0
r_12,AI08006,0.25,0
r_132,AI07327,0.2,0
r_187,AI02452,0.25,0
r_375,AI13754,0.25,0
r_562,AI02270,0.2,0
r_209,AI00177,0.2,0
r_503,AI05632,0.25,0
r_792,AI08429,0.5,1
r_224,AI09891,0.25,0
r_406,AI14086,0.2,0
r_451,AI12499,0.25,0
r_187,AI04134,0.25,0
r_187,AI08701,0.25,0
r_503,AI09149,0.25,0
r_132,AI02942,0.25,0
r_656,AI08297,0.25,0
r_575,AI09171,0.25,0
r_209,AI05798,0.25,0
r_451,AI11950,0.2,0
r_562,AI09710,0.2,0
r_160,AI14849,0.25,0
r_89,AI08148,0.2,0
r_111,AI02040,0.25,0
r_451,AI05458,0.2,0
r_111,AI06825,0.5,1
r_562,AI00243,0.25,0
r_673,AI10955,0.2,0
r_375,AI13165,0.2,0
r_406,AI06062,0.2,0
r_134,AI02518,0.25,0
r_2235,AI01360,0.5,1
r_539,AI13623,0.2,0
r_673,AI14788,0.2,0
r_451,AI03203,0.2,0
r_594,AI14943,0.25,0
r_89,AI14623,0.2,0
r_93,AI05425,0.2,0
r_451,AI08037,0.2,0
r_539,AI10970,0.2,0
r_561,AI10463,0.25,0
r_539,AI03762,0.25,0
r_200,AI08690,0.2,0
r_566,AI00579,0.2,0
r_209,AI08828,0.25,0
r_451,AI04190,0.2,0
r_1058,AI04896,0.5,1
r_160,AI09232,0.2,0
r_209,AI00785,0.2,0
r_224,AI08955,0.25,0
r_2927,AI13061,0.5,1
r_12,AI02934,0.25,0
r_209,AI05820,0.25,0
r_58,AI12962,0.2,0
r_588,AI08706,0.25,0
r_132,AI13157,0.25,0
r_187,AI12125,0.25,0
r_594,AI09602,0.25,0
r_174,AI12857,0.2,0
r_375,AI01888,0.2,0
r_632,AI09434,0.5,1
r_12,AI13984,0.2,0
r_375,AI00817,0.25,0
r_187,AI13269,0.2,0
r_375,AI07820,0.25,0
r_224,AI12818,0.25,0
r_673,AI00907,0.25,0
r_2504,AI05183,0.5,1
r_656,AI05754,0.2,0
r_187,AI00050,0.2,0
r_575,AI07522,0.25,0
r_1640,AI10587,0.5,1
r_224,AI13734,0.25,0
r_588,AI09457,0.25,0
r_451,AI00913,0.25,0
r_58,AI00270,0.2,0
r_588,AI07855,0.25,0
r_134,AI08810,0.2,0
r_588,AI07691,0.2,0
r_594,AI13797,0.2,0
r_406,AI08699,0.25,0
r_406,AI05744,0.2,0
r_2667,AI04896,0.5,1
r_134,AI09030,0.25,0
r_709,AI10422,0.5,1
r_1961,AI06825,0.5,1
r_575,AI09717,0.2,0
r_632,AI08644,0.25,0
r_2922,AI09286,0.5,1
r_673,AI04823,0.25,0
r_561,AI12237,0.2,0
r_594,AI13818,0.25,0
r_209,AI13760,0.25,0
r_594,AI12833,0.25,0
r_562,AI08840,0.25,0
r_93,AI05129,0.25,0
r_632,AI02345,0.25,0
r_187,AI12825,0.2,0
r_406,AI08790,0.2,0
r_566,AI02280,0.2,0
r_375,AI05469,0.25,0
r_599,AI10767,0.2,0
r_134,AI05884,0.5,1
r_187,AI04029,0.25,0
r_174,AI13493,0.25,0
r_111,AI05450,0.2,0
r_562,AI01566,0.2,0
r_224,AI10234,0.25,0
r_200,AI04228,0.25,0
r_1640,AI14063,0.5,1
r_12,AI05488,0.2,0
r_89,AI03440,0.25,0
r_566,AI09603,0.25,0
r_575,AI10508,0.25,0
r_632,AI03322,0.25,0
r_174,AI04823,0.25,0
r_503,AI11242,0.25,0
r_673,AI01387,0.2,0
r_224,AI14172,0.2,0
r_12,AI09496,0.25,0
r_2509,AI11970,0.5,1
r_89,AI00681,0.25,0
r_93,AI13495,0.25,0
r_132,AI01033,0.25,0
r_375,AI03182,0.25,0
r_375,AI03934,0.2,0
r_12,AI07807,0.25,0
r_89,AI01081,0.25,0
r_200,AI13886,0.25,0
r_575,AI01737,0.2,0
r_2195,AI14187,0.5,1
r_599,AI02975,0.2,0
r_561,AI04277,0.2,0
r_539,AI04270,0.2,0
r_562,AI06062,0.2,0
r_58,AI11588,0.2,0
r_134,AI05278,0.2,0
r_588,AI05709,0.25,0
r_346,AI06903,0.2,0
r_575,AI05508,0.25,0
r_89,AI05889,0.25,0
r_209,AI08434,0.2,0
r_2603,AI04896,0.5,1
r_1702,AI09903,0.5,1
r_93,AI07553,0.25,0
r_406,AI10919,0.2,0
r_566,AI09052,0.2,0
r_160,AI10449,0.25,0
r_93,AI12868,0.2,0
r_632,AI14339,0.2,0
r_1549,AI14063,0.5,1
r_681,AI09903,0.5,1
r_539,AI01491,0.25,0
r_93,AI10233,0.25,0
r_2063,AI06944,0.5,1
r_93,AI14169,0.25,0
r_346,AI02846,0.2,0
r_111,AI13334,0.2,0
r_160,AI14746,0.25,0
r_209,AI01983,0.2,0
r_2136,AI12281,0.5,1
r_93,AI06712,0.2,0
r_111,AI06258,0.25,0
r_89,AI01568,0.25,0
r_599,AI11901,0.25,0
r_174,AI14042,0.2,0
r_187,AI06201,0.25,0
r_58,AI00437,0.25,0
r_561,AI01713,0.2,0
r_406,AI14330,0.2,0
r_539,AI03208,0.25,0
r_566,AI08458,0.25,0
r_406,AI12452,0.2,0
r_375,AI06569,0.2,0
r_12,AI00401,0.2,0
r_632,AI13713,0.25,0
r_209,AI03437,0.2,0
r_588,AI14653,0.25,0
r_160,AI14335,0.2,0
r_632,AI13367,0.25,0
r_632,AI02754,0.25,0
r_224,AI05740,0.25,0
r_187,AI12990,0.2,0
r_111,AI03544,0.25,0
r_160,AI07855,0.25,0
r_160,AI13367,0.25,0
r_792,AI06825,0.5,1
r_588,AI10925,0.2,0
r_134,AI12643,0.2,0
r_599,AI07773,0.25,0
r_2602,AI11105,0.5,1
r_375,AI11558,0.2,0
r_346,AI03610,0.2,0
r_375,AI09929,0.25,0
r_575,AI07291,0.2,0
r_111,AI08100,0.25,0
r_575,AI03038,0.25,0
r_1231,AI09342,0.5,1
r_562,AI12723,0.2,0
r_561,AI09966,0.25,0
r_406,AI06292,0.2,0
r_599,AI08473,0.25,0
r_93,AI08097,0.2,0
r_406,AI07255,0.2,0
r_539,AI08673,0.2,0
r_656,AI11448,0.25,0
r_200,AI14036,0.2,0
r_224,AI04518,0.2,0
r_561,AI12386,0.25,0
r_451,AI14981,0.2,0
r_187,AI06292,0.2,0
r_375,AI01360,0.5,1
r_346,AI11154,0.25,0
r_187,AI04688,0.2,0
r_209,AI11009,0.25,0
r_160,AI07016,0.2,0
r_224,AI08305,0.25,0
r_58,AI14388,0.25,0
r_160,AI14187,0.5,1
r_209,AI10646,0.2,0
r_224,AI02518,0.25,0
r_174,AI00191,0.25,0
r_111,AI00126,0.2,0
r_89,AI05653,0.25,0
r_200,AI09565,0.25,0
r_224,AI14215,0.2,0
r_594,AI12237,0.2,0
r_561,AI03667,0.2,0
r_174,AI11041,0.2,0
r_2953,AI01045,0.5,1
r_200,AI11805,0.25,0
r_632,AI09995,0.2,0
r_575,AI06062,0.2,0
r_160,AI03072,0.5,1
r_346,AI02350,0.25,0
r_89,AI13248,0.25,0
r_406,AI03934,0.2,0
r_588,AI11769,0.25,0
r_503,AI09354,0.25,0
r_503,AI14061,0.2,0
r_588,AI09969,0.25,0
r_594,AI13371,0.2,0
r_200,AI11368,0.2,0
r_588,AI13903,0.25,0
r_599,AI00579,0.2,0
r_209,AI02800,0.2,0
r_562,AI09815,0.2,0
r_561,AI12825,0.2,0
r_187,AI02057,0.25,0
r_566,AI03948,0.25,0
r_160,AI06234,0.2,0
r_406,AI13134,0.2,0
r_673,AI00914,0.25,0
r_575,AI02736,0.2,0
r_200,AI10257,0.25,0
r_575,AI03610,0.2,0
r_632,AI07731,0.25,0
r_160,AI08237,0.5,1
r_132,AI10529,0.2,0
r_2489,AI11959,0.5,1
r_132,AI02965,0.2,0
r_599,AI12424,0.2,0
r_1417,AI11490,0.5,1
r_594,AI11106,0.2,0
r_111,AI14220,0.25,0
r_656,AI06050,0.2,0
r_562,AI03958,0.2,0
r_93,AI09030,0.25,0
r_58,AI02144,0.25,0
r_588,AI10238,0.5,1
r_539,AI00522,0.2,0
r_575,AI09955,0.2,0
r_539,AI04734,0.2,0
r_673,AI00480,0.25,0
r_174,AI01574,0.2,0
r_1823,AI00156,0.5,1
r_200,AI08080,0.25,0
r_174,AI04466,0.2,0
r_209,AI10286,0.25,0
r_132,AI04222,0.25,0
r_656,AI11154,0.25,0
r_89,AI13042,0.25,0
r_539,AI05807,0.2,0
r_111,AI06530,0.25,0
r_346,AI11588,0.2,0
r_656,AI07032,0.2,0
r_406,AI04541,0.2,0
r_187,AI13748,0.2,0
r_346,AI04819,0.25,0
r_132,AI12362,0.2,0
r_2303,AI08429,0.5,1
r_58,AI12034,0.25,0
r_160,AI10551,0.5,1
r_503,AI08174,0.2,0
r_588,AI12795,0.2,0
r_632,AI04126,0.2,0
r_346,AI11620,0.2,0
r_588,AI01631,0.2,0
r_93,AI05518,0.2,0
r_575,AI03189,0.25,0
r_111,AI02343,0.25,0
r_89,AI03654,0.5,1
r_561,AI13464,0.2,0
r_1568,AI12760,0.5,1
r_12,AI01806,0.2,0
r_375,AI11959,0.5,1
r_89,AI10479,0.25,0
r_111,AI11644,0.25,0
r_575,AI14925,0.25,0
r_539,AI03509,0.2,0
r_451,AI09779,0.25,0
r_503,AI00057,0.25,0
r_588,AI07555,0.2,0
r_594,AI09843,0.5,1
r_588,AI00348,0.25,0
r_566,AI12787,0.25,0
r_132,AI03816,0.25,0
r_93,AI04105,0.2,0
r_673,AI11082,0.25,0
r_588,AI07448,0.25,0
r_93,AI05578,0.2,0
r_111,AI03887,0.2,0
r_451,AI14500,0.25,0
r_132,AI08690,0.2,0
r_2299,AI09342,0.5,1
r_575,AI13086,0.2,0
r_2953,AI00886,0.5,1
r_12,AI09644,0.25,0
r_346,AI04578,0.2,0
r_200,AI08193,0.25,0
r_224,AI07825,0.25,0
r_346,AI12927,0.25,0
r_599,AI12697,0.25,0
r_134,AI00272,0.25,0
r_656,AI09777,0.25,0
r_12,AI14670,0.2,0
r_132,AI06171,0.2,0
r_134,AI07868,0.25,0
r_132,AI13458,0.25,0
r_681,AI11725,0.5,1
r_503,AI12234,0.25,0
r_174,AI04599,0.25,0
r_224,AI05939,0.25,0
r_451,AI13095,0.25,0
r_539,AI05660,0.25,0
r_224,AI02574,0.2,0
r_451,AI05921,0.25,0
r_2235,AI09637,0.5,1
r_174,AI02790,0.25,0
r_599,AI04184,0.2,0
r_346,AI03408,0.25,0
r_575,AI13269,0.2,0
r_594,AI06583,0.25,0
r_209,AI02231,0.25,0
r_594,AI07734,0.25,0
r_375,AI14164,0.25,0
r_224,AI10996,0.25,0
r_561,AI01491,0.25,0
r_346,AI11233,0.25,0
r_89,AI09876,0.25,0
r_539,AI01598,0.25,0
r_656,AI14600,0.25,0
r_12,AI04737,0.25,0
r_451,AI09953,0.25,0
r_561,AI05578,0.2,0
r_594,AI05323,0.2,0
r_346,AI05635,0.2,0
r_566,AI05066,0.2,0
r_346,AI01085,0.2,0
r_200,AI04436,0.2,0
r_594,AI01367,0.2,0
r_503,AI08568,0.5,1
r_346,AI13878,0.25,0
r_200,AI11875,0.2,0
r_12,AI14119,0.2,0
r_134,AI04436,0.2,0
r_375,AI00415,0.2,0
r_58,AI00457,0.2,0
r_89,AI05323,0.2,0
r_12,AI10769,0.25,0
r_12,AI09304,0.25,0
r_200,AI02782,0.25,0
r_200,AI13935,0.2,0
r_599,AI06773,0.2,0
r_174,AI13057,0.25,0
r_200,AI14849,0.25,0
r_539,AI06069,0.2,0
r_2292,AI08429,0.5,1
r_599,AI09354,0.25,0
r_209,AI08329,0.25,0
r_58,AI02900,0.25,0
r_406,AI01713,0.2,0
r_174,AI13860,0.2,0
r_2155,AI09573,0.5,1
r_224,AI01312,0.25,0
r_451,AI14801,0.25,0
r_111,AI04499,0.25,0
r_132,AI04698,0.2,0
r_187,AI05468,0.25,0
r_561,AI14367,0.2,0
r_12,AI04608,0.2,0
r_93,AI14957,0.25,0
r_224,AI03791,0.2,0
r_561,AI03770,0.25,0
r_632,AI08780,0.25,0
r_346,AI02572,0.2,0
r_89,AI10769,0.25,0
r_562,AI07201,0.25,0
r_406,AI03948,0.25,0
r_375,AI04776,0.25,0
r_12,AI06301,0.25,0
r_599,AI11507,0.25,0
r_187,AI03161,0.2,0
r_58,AI10529,0.2,0
r_375,AI13157,0.25,0
r_2857,AI14320,0.5,1
r_58,AI04622,0.2,0
r_58,AI03949,0.25,0
r_588,AI14176,0.25,0
r_503,AI10244,0.2,0
r_209,AI02459,0.25,0
r_93,AI05197,0.25,0
r_561,AI06274,0.2,0
r_575,AI05709,0.25,0
r_89,AI12485,0.25,0
r_12,AI08652,0.25,0
r_656,AI10570,0.2,0
r_406,AI04702,0.25,0
r_539,AI10809,0.2,0
r_539,AI11767,0.2,0
r_451,AI12600,0.2,0
r_406,AI07293,0.25,0
r_539,AI04200,0.5,1
r_200,AI01471,0.2,0
r_2489,AI09434,0.5,1
r_132,AI06479,0.25,0
r_187,AI09009,0.25,0
r_561,AI02124,0.25,0
r_561,AI02590,0.25,0
r_132,AI00063,0.25,0
r_58,AI13255,0.25,0
r_632,AI10561,0.25,0
r_503,AI03016,0.25,0
r_132,AI12590,0.25,0
r_89,AI04230,0.25,0
r_187,AI12559,0.2,0
r_566,AI04184,0.2,0
r_588,AI06874,0.25,0
r_93,AI11784,0.25,0
r_346,AI01566,0.2,0
r_673,AI14802,0.25,0
r_562,AI14720,0.25,0
r_656,AI03787,0.25,0
r_200,AI10809,0.2,0
r_174,AI04332,0.2,0
r_656,AI04911,0.2,0
r_566,AI02510,0.25,0
r_174,AI10907,0.2,0
r_160,AI09372,0.2,0
r_187,AI09457,0.25,0
r_375,AI13785,0.2,0
r_132,AI04611,0.2,0
r_451,AI09175,0.25,0
r_93,AI09840,0.25,0
r_599,AI13629,0.2,0
r_132,AI11090,0.25,0
r_561,AI12366,0.2,0
r_2303,AI09637,0.5,1
r_200,AI13316,0.25,0
r_209,AI13371,0.2,0
r_174,AI09478,0.2,0
r_132,AI03351,0.2,0
r_539,AI00116,0.25,0
r_1724,AI13736,0.5,1
r_599,AI05578,0.2,0
r_575,AI12697,0.25,0
r_451,AI10472,0.25,0
r_200,AI13623,0.2,0
r_12,AI01981,0.2,0
r_575,AI09014,0.25,0
r_58,AI09137,0.25,0
r_594,AI13923,0.2,0
r_656,AI05988,0.2,0
r_375,AI11315,0.2,0
r_224,AI01469,0.25,0
r_224,AI09015,0.2,0
r_539,AI01159,0.25,0
r_200,AI01731,0.2,0
r_2895,AI10587,0.5,1
r_58,AI06936,0.2,0
r_111,AI04041,0.2,0
r_111,AI12787,0.25,0
r_566,AI05423,0.2,0
r_503,AI06508,0.2,0
r_1640,AI05177,0.5,1
r_174,AI09965,0.25,0
r_451,AI09394,0.2,0
r_93,AI05426,0.2,0
r_134,AI11841,0.2,0
r_375,AI05202,0.2,0
r_209,AI05351,0.2,0
r_174,AI04498,0.25,0
r_406,AI05481,0.2,0
r_346,AI03082,0.25,0
r_111,AI05568,0.5,1
r_111,AI02270,0.2,0
r_174,AI12714,0.2,0
r_12,AI02935,0.2,0
r_451,AI07588,0.2,0
r_111,AI14653,0.25,0
r_575,AI07832,0.25,0
r_406,AI03127,0.25,0
r_406,AI07660,0.25,0
r_58,AI11603,0.25,0
r_561,AI01026,0.2,0
r_134,AI03133,0.25,0
r_174,AI14306,0.25,0
r_160,AI13679,0.2,0
r_209,AI13965,0.25,0
r_375,AI12500,0.2,0
r_174,AI01705,0.2,0
r_656,AI01387,0.2,0
r_224,AI07687,0.5,1
r_994,AI09573,0.5,1
r_566,AI09009,0.25,0
r_160,AI11358,0.25,0
r_224,AI05884,0.5,1
r_187,AI00810,0.2,0
r_599,AI09615,0.25,0
r_200,AI14600,0.25,0
r_575,AI08182,0.25,0
r_187,AI02021,0.25,0
r_575,AI10587,0.5,1
r_575,AI08945,0.25,0
r_160,AI05160,0.25,0
r_561,AI13016,0.2,0
r_656,AI07553,0.25,0
r_561,AI06527,0.25,0
r_575,AI09157,0.2,0
r_503,AI06292,0.2,0
r_224,AI14623,0.2,0
r_1058,AI09434,0.5,1
r_12,AI12732,0.2,0
r_346,AI12590,0.25,0
r_566,AI10315,0.2,0
r_111,AI05578,0.2,0
r_89,AI14300,0.2,0
r_174,AI09790,0.2,0
r_224,AI06569,0.2,0
r_575,AI08174,0.2,0
r_562,AI07553,0.25,0
r_224,AI09340,0.2,0
r_594,AI08904,0.2,0
r_346,AI07691,0.2,0
r_656,AI13754,0.25,0
r_134,AI08294,0.25,0
r_93,AI11705,0.2,0
r_588,AI11647,0.25,0
r_209,AI09383,0.25,0
r_503,AI04018,0.25,0
r_594,AI00213,0.25,0
r_200,AI13727,0.2,0
r_673,AI08899,0.25,0
r_160,AI13785,0.2,0
r_12,AI07280,0.25,0
r_174,AI04155,0.2,0
r_187,AI07156,0.25,0
r_594,AI08735,0.2,0
r_406,AI12179,0.25,0
r_2927,AI01474,0.5,1
r_58,AI01662,0.25,0
r_2857,AI11104,0.5,1
r_588,AI07257,0.2,0
r_89,AI04666,0.25,0
r_599,AI09655,0.2,0
r_209,AI05545,0.2,0
r_209,AI01238,0.25,0
r_656,AI04833,0.2,0
r_588,AI06855,0.25,0
r_375,AI09662,0.2,0
r_187,AI13619,0.25,0
r_209,AI07909,0.2,0
r_111,AI11583,0.25,0
r_134,AI01653,0.5,1
r_2724,AI08705,0.5,1
r_58,AI13645,0.2,0
r_503,AI02782,0.25,0
r_406,AI00116,0.25,0
r_12,AI06289,0.2,0
r_566,AI05469,0.25,0
r_2195,AI09637,0.5,1
r_1205,AI10551,0.5,1
r_656,AI01370,0.25,0
r_451,AI14775,0.25,0
r_209,AI06078,0.25,0
r_224,AI10695,0.2,0
r_561,AI05391,0.2,0
r_3002,AI05568,0.5,1
r_224,AI13982,0.25,0
r_375,AI13464,0.2,0
r_89,AI07691,0.2,0
r_503,AI07498,0.25,0
r_200,AI11410,0.25,0
r_2509,AI14924,0.5,1
r_346,AI02183,0.25,0
r_406,AI00431,0.2,0
r_12,AI05334,0.25,0
r_1790,AI08705,0.5,1
r_89,AI09602,0.25,0
r_562,AI14756,0.25,0
r_594,AI06796,0.2,0
r_406,AI12825,0.2,0
r_346,AI14238,0.25,0
r_539,AI03582,0.2,0
r_174,AI06571,0.2,0
r_160,AI07362,0.2,0
r_451,AI14441,0.25,0
r_2724,AI10768,0.5,1
r_2366,AI04200,0.5,1
r_588,AI05129,0.25,0
r_656,AI02584,0.2,0
r_2716,AI06944,0.5,1
r_561,AI01737,0.2,0
r_656,AI03908,0.2,0
r_111,AI05215,0.2,0
r_12,AI03791,0.2,0
r_93,AI10305,0.2,0
r_806,AI12281,0.5,1
r_1027,AI09286,0.5,1
r_174,AI06173,0.2,0
r_187,AI02054,0.5,1
r_89,AI03430,0.2,0
r_632,AI07838,0.25,0
r_93,AI10829,0.25,0
r_594,AI11007,0.25,0
r_174,AI14798,0.2,0
r_656,AI03082,0.25,0
r_588,AI12499,0.25,0
r_632,AI09394,0.2,0
r_594,AI08331,0.2,0
r_1774,AI00156,0.5,1
r_134,AI09478,0.2,0
r_132,AI01086,0.2,0
r_89,AI11939,0.25,0
r_599,AI03595,0.25,0
r_632,AI03667,0.2,0
r_187,AI07453,0.25,0
r_174,AI03008,0.25,0
r_132,AI11827,0.25,0
r_656,AI04672,0.25,0
r_93,AI09022,0.2,0
r_111,AI00604,0.25,0
r_996,AI00045,0.5,1
r_160,AI04029,0.25,0
r_134,AI00322,0.2,0
r_93,AI11233,0.25,0
r_58,AI14864,0.2,0
r_594,AI04877,0.25,0
r_132,AI02054,0.5,1
r_93,AI00822,0.2,0
r_1417,AI11781,0.5,1
r_224,AI07591,0.2,0
r_187,AI01541,0.25,0
r_160,AI12600,0.2,0
r_594,AI01384,0.2,0
r_132,AI01913,0.25,0
r_566,AI04819,0.25,0
r_539,AI07313,0.25,0
r_451,AI09896,0.25,0
r_562,AI08515,0.25,0
r_656,AI06608,0.25,0
r_632,AI10836,0.2,0
r_594,AI02340,0.25,0
r_187,AI10829,0.25,0
r_224,AI11438,0.2,0
r_588,AI11558,0.2,0
r_174,AI07292,0.25,0
r_224,AI01168,0.25,0
r_575,AI06514,0.25,0
r_187,AI07032,0.2,0
r_132,AI05433,0.2,0
r_346,AI00402,0.2,0
r_632,AI09953,0.25,0
r_575,AI11502,0.25,0
r_134,AI13257,0.25,0
r_588,AI04688,0.2,0
r_599,AI07301,0.2,0
r_174,AI14504,0.5,1
r_346,AI09354,0.25,0
r_588,AI12783,0.25,0
r_187,AI02673,0.25,0
r_594,AI08982,0.25,0
r_89,AI12772,0.2,0
r_58,AI04931,0.2,0
r_224,AI14517,0.25,0
r_503,AI07473,0.25,0
r_594,AI11236,0.2,0
r_209,AI03315,0.2,0
r_673,AI00687,0.2,0
r_406,AI01057,0.25,0
r_58,AI06515,0.25,0
r_562,AI02483,0.2,0
r_575,AI09710,0.2,0
r_806,AI10995,0.5,1
r_588,AI11712,0.2,0
r_632,AI08410,0.2,0
r_89,AI01238,0.25,0
r_594,AI11432,0.2,0
r_160,AI05772,0.25,0
r_209,AI09549,0.25,0
r_160,AI04181,0.2,0
r_632,AI13935,0.2,0
r_1205,AI02054,0.5,1
r_1197,AI04200,0.5,1
r_2284,AI09573,0.5,1
r_200,AI13374,0.25,0
r_451,AI13367,0.25,0
r_632,AI10979,0.25,0
r_2895,AI02054,0.5,1
r_632,AI03151,0.25,0
r_89,AI04710,0.25,0
r_594,AI05868,0.25,0
r_93,AI09714,0.2,0
r_346,AI07588,0.2,0
r_599,AI03887,0.2,0
r_656,AI05206,0.2,0
r_406,AI14367,0.2,0
r_503,AI03310,0.2,0
r_187,AI09202,0.25,0
r_58,AI13209,0.25,0
r_160,AI09435,0.25,0
r_346,AI12152,0.2,0
r_561,AI04541,0.2,0
r_187,AI10291,0.25,0
r_594,AI07824,0.25,0
r_562,AI05177,0.5,1
r_111,AI10315,0.2,0
r_575,AI07685,0.25,0
r_375,AI13495,0.25,0
r_539,AI09175,0.25,0
r_174,AI08835,0.5,1
r_12,AI14577,0.25,0
r_656,AI04009,0.2,0
r_451,AI04065,0.25,0
r_539,AI03320,0.2,0
r_111,AI06703,0.2,0
r_566,AI12212,0.2,0
r_575,AI13358,0.25,0
r_561,AI00002,0.2,0
r_12,AI10026,0.5,1
r_160,AI09398,0.25,0
r_406,AI00172,0.2,0
r_160,AI03787,0.25,0
r_224,AI06599,0.25,0
r_111,AI00208,0.2,0
r_599,AI05407,0.25,0
r_561,AI10826,0.2,0
r_160,AI13872,0.2,0
r_2937,AI01045,0.5,1
r_160,AI11212,0.5,1
r_562,AI10767,0.2,0
r_632,AI06811,0.2,0
r_561,AI02102,0.2,0
r_89,AI01445,0.25,0
r_1531,AI11970,0.5,1
r_209,AI06596,0.25,0
r_160,AI00822,0.2,0
r_375,AI05361,0.2,0
r_673,AI09981,0.2,0
r_588,AI14751,0.2,0
r_89,AI07632,0.25,0
r_174,AI05054,0.2,0
r_562,AI10828,0.2,0
r_209,AI09396,0.25,0
r_200,AI08063,0.2,0
r_539,AI03120,0.2,0
r_209,AI13050,0.2,0
r_451,AI00270,0.2,0
r_224,AI00216,0.2,0
r_224,AI13818,0.25,0
r_539,AI10301,0.25,0
r_588,AI08233,0.2,0
r_58,AI14793,0.25,0
r_599,AI12754,0.2,0
r_406,AI02067,0.2,0
r_756,AI11755,0.5,1
r_451,AI01096,0.2,0
r_174,AI11517,0.25,0
r_561,AI11902,0.25,0
r_406,AI10015,0.25,0
r_12,AI00499,0.25,0
r_539,AI04931,0.2,0
r_566,AI09435,0.25,0
r_632,AI00230,0.2,0
r_187,AI03949,0.25,0
r_132,AI02519,0.2,0
r_561,AI03424,0.25,0
r_451,AI01821,0.2,0
r_566,AI10871,0.2,0
r_673,AI12961,0.25,0
r_1828,AI00156,0.5,1
r_187,AI03667,0.2,0
r_503,AI07638,0.25,0
r_224,AI01109,0.25,0
r_209,AI11164,0.25,0
r_111,AI01716,0.25,0
r_2724,AI01107,0.5,1
r_562,AI08864,0.25,0
r_209,AI02749,0.25,0
r_209,AI10570,0.2,0
r_503,AI13758,0.25,0
r_187,AI09058,0.25,0
r_562,AI05202,0.2,0
r_575,AI10715,0.2,0
r_89,AI10864,0.2,0
r_406,AI02263,0.25,0
r_160,AI09192,0.2,0
r_187,AI11207,0.25,0
r_12,AI04017,0.25,0
r_656,AI13345,0.25,0
r_3011,AI06296,0.5,1
r_562,AI14792,0.2,0
r_134,AI12009,0.25,0
r_792,AI01360,0.5,1
r_406,AI04134,0.25,0
r_174,AI05937,0.25,0
r_406,AI03531,0.25,0
r_12,AI11281,0.2,0
r_594,AI07726,0.2,0
r_89,AI01490,0.25,0
r_566,AI13776,0.25,0
r_594,AI07161,0.25,0
r_451,AI14495,0.2,0
r_451,AI01868,0.2,0
r_132,AI05988,0.2,0
r_174,AI08628,0.2,0
r_451,AI01589,0.2,0
r_406,AI14961,0.2,0
r_656,AI07429,0.25,0
r_406,AI03992,0.25,0
r_539,AI04695,0.2,0
r_12,AI12280,0.25,0
r_451,AI14236,0.25,0
r_451,AI14151,0.25,0
r_1154,AI12760,0.5,1
r_656,AI12754,0.2,0
r_539,AI06212,0.25,0
r_224,AI05914,0.25,0
r_93,AI11943,0.2,0
r_632,AI09216,0.25,0
r_93,AI13810,0.2,0
r_673,AI08211,0.2,0
r_599,AI02519,0.2,0
r_93,AI13028,0.2,0
r_2063,AI05884,0.5,1
r_58,AI11051,0.25,0
r_224,AI14577,0.25,0
r_632,AI03203,0.2,0
r_89,AI06819,0.25,0
r_503,AI13845,0.2,0
r_539,AI05866,0.25,0
r_539,AI14335,0.2,0
r_224,AI06298,0.25,0
r_588,AI01713,0.2,0
r_58,AI01631,0.2,0
r_187,AI06780,0.2,0
r_594,AI07587,0.2,0
r_562,AI03119,0.25,0
r_174,AI00271,0.5,1
r_575,AI05573,0.25,0
r_503,AI06993,0.2,0
r_187,AI11329,0.25,0
r_375,AI12021,0.25,0
r_12,AI04877,0.25,0
r_406,AI09458,0.2,0
r_224,AI13811,0.25,0
r_562,AI11827,0.25,0
r_89,AI00887,0.25,0
r_132,AI12760,0.5,1
r_346,AI03948,0.25,0
r_111,AI04833,0.2,0
r_575,AI03995,0.2,0
r_111,AI07296,0.2,0
r_160,AI00253,0.2,0
r_673,AI10166,0.2,0
r_111,AI09079,0.2,0
r_503,AI00761,0.2,0
r_406,AI10859,0.25,0
r_561,AI10449,0.25,0
r_160,AI09710,0.2,0
r_224,AI07600,0.2,0
r_209,AI13923,0.2,0
r_346,AI01440,0.25,0
r_566,AI06877,0.2,0
r_187,AI02736,0.2,0
r_673,AI04509,0.25,0
r_566,AI03995,0.2,0
r_111,AI11712,0.2,0
r_209,AI05723,0.2,0
r_451,AI02359,0.2,0
r_406,AI07670,0.25,0
r_111,AI05319,0.2,0
r_346,AI14437,0.2,0
r_209,AI04847,0.25,0
r_673,AI09895,0.25,0
r_187,AI00402,0.2,0
r_174,AI11934,0.2,0
r_673,AI12478,0.25,0
r_656,AI01233,0.25,0
r_2602,AI13914,0.5,1
r_174,AI06226,0.2,0
r_561,AI11072,0.25,0
r_89,AI13157,0.25,0
r_2489,AI11122,0.5,1
r_160,AI07900,0.2,0
r_599,AI09202,0.25,0
r_209,AI03261,0.25,0
r_599,AI05508,0.25,0
r_209,AI13081,0.2,0
r_160,AI09815,0.2,0
r_209,AI13257,0.25,0
r_187,AI11479,0.25,0
r_1058,AI11122,0.5,1
r_12,AI03757,0.2,0
r_2303,AI05568,0.5,1
r_346,AI05534,0.25,0
r_89,AI06952,0.25,0
r_503,AI00045,0.5,1
r_12,AI02431,0.2,0
r_1531,AI10026,0.5,1
r_1197,AI06832,0.5,1
r_2489,AI00045,0.5,1
r_375,AI13367,0.25,0
r_594,AI01664,0.2,0
r_200,AI13436,0.25,0
r_134,AI05351,0.2,0
r_632,AI11633,0.2,0
r_594,AI13994,0.2,0
r_58,AI14367,0.2,0
r_656,AI12452,0.2,0
r_561,AI06171,0.2,0
r_599,AI07855,0.25,0
r_375,AI01517,0.2,0
r_656,AI06723,0.2,0
r_588,AI07156,0.25,0
r_132,AI09216,0.25,0
r_187,AI03120,0.2,0
r_111,AI06903,0.2,0
r_566,AI14330,0.2,0
r_346,AI10397,0.2,0
r_89,AI11048,0.2,0
r_160,AI04971,0.2,0
r_346,AI00230,0.2,0
r_132,AI04345,0.25,0
r_2667,AI12760,0.5,1
r_174,AI14415,0.2,0
r_562,AI02192,0.2,0
r_134,AI00551,0.2,0
r_594,AI10050,0.2,0
r_566,AI03908,0.2,0
r_539,AI08984,0.2,0
r_575,AI13165,0.2,0
r_111,AI05990,0.2,0
r_451,AI07400,0.2,0
r_12,AI09346,0.25,0
r_93,AI03995,0.2,0
r_58,AI13475,0.25,0
r_375,AI06514,0.25,0
r_503,AI07923,0.2,0
r_134,AI07592,0.25,0
r_132,AI04436,0.2,0
r_588,AI14655,0.25,0
r_58,AI13000,0.2,0
r_588,AI08399,0.2,0
r_224,AI00545,0.2,0
r_656,AI09566,0.2,0
r_2955,AI08705,0.5,1
r_451,AI11062,0.2,0
r_599,AI12962,0.2,0
r_561,AI03457,0.25,0
r_346,AI06363,0.2,0
r_588,AI14594,0.25,0
r_224,AI01681,0.2,0
r_93,AI01763,0.2,0
r_200,AI07758,0.25,0
r_58,AI11767,0.2,0
r_224,AI14258,0.25,0
r_12,AI08824,0.25,0
r_588,AI10239,0.2,0
r_503,AI10826,0.2,0
r_594,AI11915,0.2,0
r_594,AI04611,0.2,0
r_599,AI07414,0.25,0
r_111,AI00616,0.2,0
r_224,AI06717,0.25,0
r_451,AI07810,0.25,0
r_93,AI08100,0.25,0
r_160,AI08097,0.2,0
r_561,AI12112,0.2,0
r_93,AI05631,0.2,0
r_575,AI12121,0.25,0
r_346,AI04807,0.2,0
r_575,AI01703,0.2,0
r_562,AI09457,0.25,0
r_588,AI02510,0.25,0
r_209,AI06443,0.25,0
r_375,AI05012,0.2,0
r_566,AI03803,0.25,0
r_375,AI11553,0.2,0
r_111,AI14594,0.25,0
r_132,AI09815,0.2,0
r_451,AI14426,0.25,0
r_594,AI03148,0.25,0
r_209,AI05608,0.2,0
r_656,AI05425,0.2,0
r_346,AI01358,0.25,0
r_1253,AI14063,0.5,1
r_588,AI06738,0.25,0
r_632,AI13334,0.2,0
r_566,AI05620,0.2,0
r_224,AI13644,0.2,0
r_209,AI12304,0.25,0
r_346,AI10970,0.2,0
r_89,AI07921,0.25,0
r_566,AI08440,0.2,0
r_58,AI11061,0.25,0
r_12,AI03488,0.2,0
r_375,AI12868,0.2,0
r_200,AI04100,0.25,0
r_174,AI01384,0.2,0
r_406,AI01255,0.2,0
r_89,AI08959,0.25,0
r_503,AI04100,0.25,0
r_209,AI07940,0.25,0
r_111,AI13493,0.25,0
r_594,AI01770,0.5,1
r_2638,AI10551,0.5,1
r_375,AI01051,0.25,0
r_224,AI12856,0.2,0
r_632,AI13345,0.25,0
r_539,AI13101,0.25,0
r_134,AI07541,0.2,0
r_1817,AI09434,0.5,1
r_451,AI02578,0.2,0
r_451,AI04126,0.2,0
r_539,AI02021,0.25,0
r_575,AI01533,0.2,0
r_599,AI03820,0.25,0
r_12,AI08207,0.2,0
r_406,AI14585,0.25,0
r_93,AI13133,0.2,0
r_58,AI07855,0.25,0
r_562,AI09544,0.25,0
r_632,AI00519,0.25,0
r_111,AI06821,0.25,0
r_2895,AI00156,0.5,1
r_174,AI02264,0.2,0
r_111,AI00431,0.2,0
r_134,AI12856,0.2,0
r_111,AI13777,0.2,0
r_224,AI04281,0.25,0
r_2937,AI07018,0.5,1
r_599,AI13269,0.2,0
r_89,AI03596,0.2,0
r_132,AI14787,0.25,0
r_2937,AI14320,0.5,1
r_134,AI04298,0.25,0
r_346,AI09427,0.2,0
r_2303,AI03072,0.5,1
r_594,AI09933,0.2,0
r_375,AI08025,0.2,0
r_406,AI03408,0.25,0
r_346,AI07402,0.2,0
r_111,AI05338,0.25,0
r_562,AI13334,0.2,0
r_575,AI11918,0.25,0
r_594,AI05415,0.2,0
r_503,AI10704,0.2,0
r_174,AI00335,0.25,0
r_594,AI02802,0.25,0
r_209,AI08695,0.25,0
r_451,AI14386,0.2,0
r_93,AI06729,0.25,0
r_561,AI12723,0.2,0
r_503,AI06143,0.2,0
r_89,AI07563,0.25,0
r_406,AI00770,0.25,0
r_134,AI03616,0.25,0
r_539,AI14793,0.25,0
r_673,AI04837,0.25,0
r_346,AI06601,0.25,0
r_58,AI01886,0.25,0
r_594,AI09627,0.25,0
r_566,AI08831,0.25,0
r_656,AI09712,0.25,0
r_174,AI04703,0.25,0
r_132,AI01651,0.25,0
r_656,AI05301,0.5,1
r_134,AI08790,0.2,0
r_588,AI14512,0.2,0
r_58,AI13886,0.25,0
r_174,AI09305,0.2,0
r_134,AI01403,0.2,0
r_346,AI05867,0.2,0
r_566,AI00431,0.2,0
r_451,AI03161,0.2,0
r_566,AI08508,0.2,0
r_93,AI01850,0.25,0
r_200,AI07555,0.2,0
r_406,AI03772,0.25,0
r_174,AI03647,0.2,0
r_656,AI14367,0.2,0
r_134,AI04353,0.25,0
r_503,AI08257,0.2,0
r_451,AI11748,0.5,1
r_673,AI09190,0.25,0
r_174,AI01477,0.25,0
r_174,AI05024,0.25,0
r_2940,AI14063,0.5,1
r_58,AI00402,0.2,0
r_93,AI12184,0.2,0
r_503,AI13908,0.25,0
r_575,AI01044,0.2,0
r_588,AI09674,0.25,0
r_996,AI09434,0.5,1
r_93,AI06136,0.25,0
r_566,AI09929,0.25,0
r_346,AI01913,0.25,0
r_12,AI07238,0.2,0
r_673,AI09737,0.2,0
r_406,AI09614,0.2,0
r_539,AI02846,0.2,0
r_503,AI10799,0.25,0
r_632,AI11351,0.25,0
r_756,AI05177,0.5,1
r_539,AI03408,0.25,0
r_375,AI04277,0.2,0
r_792,AI03072,0.5,1
r_160,AI09669,0.2,0
r_673,AI01477,0.25,0
r_561,AI12961,0.25,0
r_200,AI01913,0.25,0
r_406,AI01216,0.2,0
r_406,AI05631,0.2,0
r_160,AI00002,0.2,0
r_406,AI14234,0.2,0
r_346,AI07301,0.2,0
r_2504,AI06832,0.5,1
r_594,AI06445,0.25,0
r_89,AI05415,0.2,0
r_406,AI05183,0.5,1
r_656,AI13576,0.25,0
r_187,AI01482,0.2,0
r_2088,AI01107,0.5,1
r_2895,AI02466,0.5,1
r_89,AI07541,0.2,0
r_346,AI10958,0.2,0
r_594,AI02062,0.25,0
r_2716,AI13447,0.5,1
r_12,AI08291,0.2,0
r_89,AI04364,0.25,0
r_594,AI10437,0.2,0
r_575,AI13885,0.2,0
r_132,AI05355,0.2,0
r_12,AI07407,0.25,0
r_12,AI05295,0.25,0
r_632,AI12990,0.2,0
r_599,AI02098,0.2,0
r_451,AI10925,0.2,0
r_451,AI06601,0.25,0
r_111,AI13776,0.25,0
r_562,AI05301,0.5,1
r_58,AI12875,0.25,0
r_566,AI05632,0.25,0
r_566,AI02182,0.2,0
r_209,AI00595,0.2,0
r_575,AI05948,0.25,0
r_594,AI11104,0.5,1
r_594,AI03413,0.25,0
r_375,AI06308,0.2,0
r_2955,AI14770,0.5,1
r_209,AI12547,0.25,0
r_599,AI06758,0.2,0
r_224,AI04666,0.25,0
r_209,AI01109,0.25,0
r_561,AI13334,0.2,0
r_375,AI06474,0.2,0
r_224,AI10698,0.25,0
r_561,AI06429,0.25,0
r_406,AI03072,0.5,1
r_588,AI01368,0.2,0
r_346,AI14779,0.2,0
r_566,AI01024,0.2,0
r_160,AI02620,0.25,0
r_134,AI05529,0.2,0
r_562,AI02067,0.2,0
r_132,AI10700,0.25,0
r_566,AI10542,0.2,0
r_566,AI12073,0.25,0
r_187,AI10958,0.2,0
r_93,AI12319,0.2,0
r_566,AI05174,0.2,0
r_2922,AI00007,0.5,1
r_451,AI06175,0.25,0
r_561,AI09137,0.25,0
r_12,AI09658,0.2,0
r_594,AI13248,0.25,0
r_375,AI03277,0.2,0
r_89,AI01356,0.25,0
r_561,AI03525,0.25,0
r_160,AI07820,0.25,0
r_451,AI04469,0.25,0
r_375,AI12288,0.2,0
r_93,AI13458,0.25,0
r_12,AI14172,0.2,0
r_599,AI03158,0.25,0
r_134,AI03091,0.2,0
r_224,AI13633,0.2,0
r_93,AI09014,0.25,0
r_2940,AI10587,0.5,1
r_1955,AI13061,0.5,1
r_200,AI04327,0.25,0
r_89,AI00955,0.25,0
r_132,AI02675,0.2,0
r_93,AI13436,0.25,0
r_209,AI10732,0.25,0
r_594,AI07585,0.25,0
r_575,AI03843,0.25,0
r_451,AI14666,0.25,0
r_58,AI12424,0.2,0
r_132,AI08804,0.25,0
r_200,AI09804,0.25,0
r_160,AI11051,0.25,0
r_12,AI14042,0.2,0
r_2136,AI11105,0.5,1
r_451,AI05006,0.2,0
r_187,AI02144,0.25,0
r_375,AI09941,0.25,0
r_2602,AI05106,0.5,1
r_134,AI05817,0.2,0
r_599,AI04277,0.2,0
r_89,AI12025,0.25,0
r_566,AI03483,0.25,0
r_346,AI01033,0.25,0
r_174,AI05996,0.25,0
r_406,AI00822,0.2,0
r_566,AI14352,0.25,0
r_566,AI01139,0.2,0
r_12,AI05106,0.5,1
r_575,AI03158,0.25,0
r_346,AI14997,0.25,0
r_2489,AI08237,0.5,1
r_561,AI05990,0.2,0
r_375,AI09267,0.25,0
r_2927,AI08219,0.5,1
r_673,AI09129,0.25,0
r_594,AI05146,0.2,0
r_89,AI14959,0.2,0
r_1702,AI13435,0.5,1
r_93,AI09442,0.25,0
r_187,AI10587,0.5,1
r_503,AI03958,0.2,0
r_134,AI14928,0.2,0
r_174,AI08513,0.25,0
r_160,AI06723,0.2,0
r_588,AI07103,0.25,0
r_200,AI12574,0.25,0
r_89,AI05539,0.2,0
r_1773,AI10551,0.5,1
r_58,AI12184,0.2,0
r_224,AI04033,0.2,0
r_346,AI06308,0.2,0
r_406,AI10270,0.2,0
r_93,AI12848,0.2,0
r_1955,AI03654,0.5,1
r_599,AI08568,0.5,1
r_2366,AI11490,0.5,1
r_58,AI01173,0.25,0
r_632,AI03182,0.25,0
r_160,AI04018,0.25,0
r_594,AI01156,0.2,0
r_562,AI11471,0.2,0
r_594,AI14671,0.25,0
r_599,AI07592,0.25,0
r_12,AI13879,0.25,0
r_160,AI05620,0.2,0
r_673,AI13469,0.2,0
r_673,AI14945,0.2,0
r_111,AI08916,0.25,0
r_200,AI14751,0.2,0
r_566,AI09782,0.25,0
r_1961,AI01360,0.5,1
r_566,AI05431,0.2,0
r_588,AI01913,0.25,0
r_1027,AI06296,0.5,1
r_656,AI03958,0.2,0
r_709,AI05568,0.5,1
r_187,AI06514,0.25,0
r_134,AI11742,0.2,0
r_561,AI07019,0.2,0
r_2264,AI09342,0.5,1
r_160,AI11769,0.25,0
r_594,AI04119,0.2,0
r_111,AI11419,0.25,0
r_58,AI08344,0.2,0
r_503,AI04041,0.2,0
r_346,AI07257,0.2,0
r_562,AI02990,0.25,0
r_134,AI01933,0.2,0
r_174,AI02236,0.5,1
r_2955,AI10026,0.5,1
r_346,AI08133,0.2,0
r_632,AI08037,0.2,0
r_566,AI09527,0.25,0
r_346,AI01598,0.25,0
r_575,AI07855,0.25,0
r_187,AI11858,0.25,0
r_346,AI13016,0.2,0
r_12,AI14061,0.2,0
r_89,AI14570,0.25,0
r_174,AI04461,0.2,0
r_406,AI01732,0.25,0
r_594,AI12923,0.2,0
r_594,AI03270,0.25,0
r_187,AI03958,0.2,0
r_89,AI14331,0.2,0
r_588,AI01175,0.2,0
r_594,AI01933,0.2,0
r_673,AI00998,0.25,0
r_58,AI08993,0.2,0
r_1568,AI11122,0.5,1
r_1961,AI00045,0.5,1
r_561,AI03820,0.25,0
r_224,AI09054,0.25,0
r_174,AI13917,0.25,0
r_503,AI02780,0.2,0
r_111,AI09380,0.2,0
r_187,AI09354,0.25,0
r_969,AI04750,0.5,1
r_406,AI14756,0.25,0
r_200,AI09737,0.2,0
r_673,AI02412,0.25,0
r_594,AI03934,0.2,0
r_594,AI01825,0.2,0
r_209,AI00537,0.25,0
r_200,AI02510,0.25,0
r_566,AI06911,0.25,0
r_1549,AI07230,0.5,1
r_200,AI04201,0.2,0
r_451,AI09066,0.5,1
r_58,AI02780,0.2,0
r_656,AI08832,0.2,0
r_3011,AI00007,0.5,1
r_588,AI02754,0.25,0
r_594,AI09462,0.2,0
r_200,AI07255,0.2,0
r_566,AI02965,0.2,0
r_58,AI02856,0.2,0
r_134,AI06770,0.25,0
r_673,AI03114,0.25,0
r_406,AI11959,0.5,1
r_2895,AI11755,0.5,1
r_588,AI06877,0.2,0
r_200,AI13016,0.2,0
r_12,AI08616,0.25,0
r_209,AI07268,0.25,0
r_599,AI02584,0.2,0
r_174,AI01730,0.2,0
r_111,AI09476,0.25,0
r_224,AI12726,0.25,0
r_174,AI08590,0.25,0
r_93,AI11755,0.5,1
r_594,AI10922,0.2,0
r_346,AI12930,0.25,0
r_599,AI13458,0.25,0
r_451,AI06474,0.2,0
r_575,AI00553,0.2,0
r_632,AI11987,0.2,0
r_2953,AI10026,0.5,1
r_594,AI06189,0.2,0
r_209,AI12279,0.2,0
r_375,AI11328,0.2,0
r_632,AI07855,0.25,0
r_200,AI06194,0.2,0
r_134,AI04190,0.2,0
r_12,AI06082,0.2,0
r_632,AI14793,0.25,0
r_174,AI13817,0.2,0
r_187,AI11242,0.25,0
r_346,AI02467,0.2,0
r_132,AI12237,0.2,0
r_566,AI00822,0.2,0
r_89,AI06400,0.25,0
r_93,AI02189,0.2,0
r_673,AI01410,0.25,0
r_209,AI11751,0.2,0
r_346,AI04327,0.25,0
r_588,AI01062,0.2,0
r_406,AI05948,0.25,0
r_209,AI02518,0.25,0
r_58,AI00810,0.2,0
r_132,AI05376,0.25,0
r_111,AI00050,0.2,0
r_594,AI08481,0.25,0
r_656,AI10880,0.25,0
r_503,AI13679,0.2,0
r_561,AI11285,0.25,0
r_561,AI10272,0.25,0
r_187,AI09957,0.2,0
r_375,AI00437,0.25,0
r_224,AI02802,0.25,0
r_406,AI12234,0.25,0
r_174,AI04314,0.25,0
r_160,AI01368,0.2,0
r_673,AI02690,0.2,0
r_224,AI03552,0.25,0
r_375,AI05480,0.2,0
r_594,AI05135,0.25,0
r_346,AI08780,0.25,0
r_187,AI06589,0.25,0
r_160,AI02424,0.2,0
r_187,AI14655,0.25,0
r_93,AI06204,0.2,0
r_346,AI14061,0.2,0
r_599,AI12021,0.25,0
r_89,AI13631,0.25,0
r_375,AI06833,0.25,0
r_1640,AI03072,0.5,1
r_93,AI04181,0.2,0
r_346,AI09839,0.2,0
r_174,AI12596,0.25,0
r_575,AI08410,0.2,0
r_200,AI09398,0.25,0
r_224,AI06350,0.25,0
r_224,AI05483,0.2,0
r_806,AI11970,0.5,1
r_93,AI04698,0.2,0
r_187,AI05160,0.25,0
r_503,AI12981,0.2,0
r_200,AI11484,0.25,0
r_174,AI06402,0.2,0
r_12,AI06950,0.25,0
r_89,AI14757,0.25,0
r_93,AI11089,0.25,0
r_406,AI08354,0.25,0
r_58,AI03595,0.25,0
r_406,AI07327,0.2,0
r_451,AI01598,0.25,0
r_594,AI01759,0.2,0
r_406,AI03058,0.25,0
r_632,AI06508,0.2,0
r_209,AI14902,0.2,0
r_561,AI14441,0.25,0
r_346,AI02675,0.2,0
r_561,AI10020,0.25,0
r_174,AI03427,0.2,0
r_562,AI11090,0.25,0
r_562,AI06869,0.25,0
r_994,AI03072,0.5,1
r_1823,AI05758,0.5,1
r_209,AI09487,0.2,0
r_566,AI02345,0.25,0
r_575,AI07810,0.25,0
r_209,AI12060,0.25,0
r_174,AI14925,0.25,0
r_375,AI06855,0.25,0
r_656,AI11905,0.25,0
r_174,AI09354,0.25,0
r_209,AI02903,0.2,0
r_346,AI10244,0.2,0
r_2292,AI14187,0.5,1
r_134,AI00130,0.2,0
r_134,AI13350,0.25,0
r_93,AI06069,0.2,0
r_673,AI09725,0.25,0
r_160,AI12688,0.25,0
r_588,AI13458,0.25,0
r_792,AI11748,0.5,1
r_656,AI03203,0.2,0
r_93,AI07103,0.25,0
r_58,AI01719,0.25,0
r_174,AI00037,0.2,0
r_224,AI13808,0.5,1
r_599,AI11190,0.25,0
r_599,AI10702,0.2,0
r_406,AI08571,0.2,0
r_656,AI01850,0.25,0
r_200,AI07954,0.2,0
r_346,AI05632,0.25,0
r_656,AI12964,0.25,0
r_187,AI13679,0.2,0
r_566,AI06874,0.25,0
r_209,AI09015,0.2,0
r_451,AI06530,0.25,0
r_406,AI05632,0.25,0
r_575,AI05006,0.2,0
r_656,AI13318,0.25,0
r_632,AI07022,0.2,0
r_503,AI02931,0.25,0
r_89,AI10894,0.25,0
r_561,AI13028,0.2,0
r_187,AI06234,0.2,0
r_174,AI00687,0.2,0
r_174,AI12237,0.2,0
r_539,AI09815,0.2,0
r_209,AI00889,0.2,0
r_539,AI00994,0.2,0
r_111,AI11508,0.25,0
r_406,AI13318,0.25,0
r_566,AI09202,0.25,0
r_111,AI14036,0.2,0
r_200,AI02792,0.2,0
r_209,AI11972,0.25,0
r_134,AI11933,0.2,0
r_111,AI07820,0.25,0
r_375,AI10748,0.2,0
r_503,AI06230,0.25,0
r_539,AI01873,0.25,0
r_134,AI06596,0.25,0
r_451,AI03544,0.25,0
r_588,AI04041,0.2,0
r_406,AI09807,0.2,0
r_111,AI04327,0.25,0
r_346,AI09782,0.25,0
r_451,AI14063,0.5,1
r_566,AI14220,0.25,0
r_575,AI08083,0.2,0
r_566,AI14987,0.25,0
r_406,AI14445,0.2,0
r_209,AI07626,0.25,0
r_566,AI14961,0.2,0
r_111,AI11525,0.25,0
r_561,AI00974,0.25,0
r_1531,AI03654,0.5,1
r_209,AI02152,0.25,0
r_566,AI11620,0.2,0
r_187,AI03038,0.25,0
r_566,AI09398,0.25,0
r_566,AI00437,0.25,0
r_2895,AI04200,0.5,1
r_2724,AI01653,0.5,1
r_503,AI10871,0.2,0
r_132,AI04247,0.25,0
r_599,AI12593,0.25,0
r_588,AI13728,0.2,0
r_588,AI10024,0.25,0
r_346,AI01709,0.2,0
r_346,AI10291,0.25,0
r_451,AI03531,0.25,0
r_58,AI08354,0.25,0
r_89,AI06488,0.2,0
r_656,AI04436,0.2,0
r_89,AI02403,0.2,0
r_224,AI00177,0.2,0
r_2937,AI00156,0.5,1
r_656,AI09943,0.2,0
r_209,AI08168,0.25,0
r_93,AI00910,0.25,0
r_575,AI01732,0.25,0
r_562,AI04833,0.2,0
r_346,AI07253,0.2,0
r_594,AI12488,0.2,0
r_588,AI04672,0.25,0
r_132,AI00810,0.2,0
r_656,AI09457,0.25,0
r_1058,AI10587,0.5,1
r_632,AI02270,0.2,0
r_2716,AI01107,0.5,1
r_209,AI09351,0.2,0
r_224,AI00484,0.2,0
r_562,AI08179,0.25,0
r_451,AI06949,0.2,0
r_503,AI04911,0.2,0
r_656,AI12962,0.2,0
r_561,AI09014,0.25,0
r_594,AI12637,0.25,0
r_200,AI07980,0.2,0
r_594,AI06166,0.2,0
r_575,AI03120,0.2,0
r_673,AI10932,0.25,0
r_2848,AI11959,0.5,1
r_594,AI13081,0.2,0
r_1774,AI10995,0.5,1
r_89,AI12043,0.2,0
r_588,AI05948,0.25,0
r_174,AI13795,0.25,0
r_160,AI07980,0.2,0
r_93,AI12386,0.25,0
r_111,AI14441,0.25,0
r_346,AI08706,0.25,0
r_89,AI05592,0.25,0
r_209,AI10978,0.25,0
r_539,AI03207,0.25,0
r_539,AI01001,0.2,0
r_594,AI11894,0.2,0
r_58,AI07414,0.25,0
r_539,AI13356,0.2,0
r_2284,AI06296,0.5,1
r_209,AI08188,0.2,0
r_539,AI11285,0.25,0
r_566,AI06402,0.2,0
r_134,AI02929,0.2,0
r_588,AI08673,0.2,0
r_58,AI00690,0.25,0
r_134,AI04730,0.2,0
r_58,AI09237,0.25,0
r_656,AI01216,0.2,0
r_12,AI02592,0.2,0
r_209,AI00213,0.25,0
r_599,AI08997,0.25,0
r_134,AI01770,0.5,1
r_375,AI11233,0.25,0
r_588,AI03816,0.25,0
r_575,AI01253,0.25,0
r_375,AI08383,0.5,1
r_656,AI10958,0.2,0
r_566,AI10880,0.25,0
r_539,AI02678,0.25,0
r_503,AI12511,0.25,0
r_1426,AI11755,0.5,1
r_58,AI04247,0.25,0
r_346,AI13184,0.25,0
r_346,AI12319,0.2,0
r_451,AI14445,0.2,0
r_599,AI06449,0.25,0
r_58,AI03887,0.2,0
r_58,AI07954,0.2,0
r_632,AI06758,0.2,0
r_132,AI03610,0.2,0
r_2724,AI03742,0.5,1
r_375,AI04878,0.2,0
r_673,AI03098,0.25,0
r_588,AI05388,0.25,0
r_503,AI10767,0.2,0
r_89,AI11841,0.2,0
r_566,AI05190,0.2,0
r_539,AI07339,0.25,0
r_575,AI04970,0.25,0
r_594,AI13274,0.2,0
r_451,AI05450,0.2,0
r_111,AI12600,0.2,0
r_632,AI01186,0.25,0
r_599,AI02292,0.2,0
r_58,AI10621,0.25,0
r_58,AI00764,0.2,0
r_224,AI14816,0.2,0
r_594,AI09824,0.2,0
r_562,AI00990,0.25,0
r_160,AI08397,0.2,0
r_346,AI01716,0.25,0
r_451,AI05236,0.2,0
r_1154,AI10422,0.5,1
r_209,AI07825,0.25,0
r_224,AI05756,0.25,0
r_575,AI13318,0.25,0
r_594,AI12732,0.2,0
r_224,AI09921,0.2,0
r_575,AI13340,0.25,0
r_539,AI14307,0.25,0
r_224,AI11281,0.2,0
r_503,AI08397,0.2,0
r_224,AI00936,0.2,0
r_89,AI08545,0.25,0
r_2603,AI13736,0.5,1
r_539,AI14176,0.25,0
r_588,AI12834,0.25,0
r_12,AI10622,0.2,0
r_588,AI10714,0.25,0
r_200,AI11902,0.25,0
r_89,AI02224,0.25,0
r_346,AI10305,0.2,0
r_89,AI06445,0.25,0
r_58,AI11242,0.25,0
r_562,AI05174,0.2,0
r_89,AI02034,0.2,0
r_224,AI08545,0.25,0
r_2136,AI10026,0.5,1
r_58,AI11507,0.25,0
r_375,AI02114,0.2,0
r_588,AI07625,0.25,0
r_346,AI10880,0.25,0
r_111,AI06402,0.2,0
r_132,AI13197,0.25,0
r_599,AI12164,0.2,0
r_539,AI12875,0.25,0
r_575,AI14423,0.2,0
r_200,AI14801,0.25,0
r_375,AI04134,0.25,0
r_58,AI11506,0.2,0
r_594,AI11725,0.5,1
r_174,AI09288,0.25,0
r_2299,AI05183,0.5,1
r_375,AI05108,0.2,0
r_503,AI06773,0.2,0
r_594,AI11671,0.2,0
r_575,AI14610,0.2,0
r_632,AI11904,0.25,0
r_561,AI00208,0.2,0
r_134,AI01040,0.25,0
r_2264,AI00045,0.5,1
r_632,AI05361,0.2,0
r_539,AI08531,0.2,0
r_111,AI05573,0.25,0
r_209,AI03249,0.25,0
r_187,AI05183,0.5,1
r_346,AI08397,0.2,0
r_346,AI10871,0.2,0
r_187,AI11600,0.2,0
r_575,AI08840,0.25,0
r_561,AI10836,0.2,0
r_656,AI12073,0.25,0
r_134,AI02889,0.2,0
r_346,AI14136,0.2,0
r_111,AI04562,0.2,0
r_174,AI01805,0.2,0
r_656,AI05819,0.2,0
r_12,AI08537,0.25,0
r_632,AI07032,0.2,0
r_599,AI09066,0.5,1
r_209,AI04471,0.2,0
r_224,AI12409,0.2,0
r_566,AI02519,0.2,0
r_375,AI05754,0.2,0
r_561,AI01838,0.25,0
r_588,AI00692,0.2,0
r_503,AI11915,0.2,0
r_575,AI12179,0.25,0
r_632,AI09815,0.2,0
r_187,AI01233,0.25,0
r_539,AI05620,0.2,0
r_12,AI00747,0.2,0
r_2953,AI03574,0.5,1
r_503,AI04201,0.2,0
r_673,AI05568,0.5,1
r_12,AI12391,0.25,0
r_132,AI01786,0.25,0
r_134,AI12818,0.25,0
r_599,AI09955,0.2,0
r_632,AI12868,0.2,0
r_12,AI04377,0.2,0
r_566,AI09712,0.25,0
r_599,AI13321,0.25,0
r_539,AI10551,0.5,1
r_2366,AI07230,0.5,1
r_561,AI08804,0.25,0
r_134,AI04888,0.2,0
r_539,AI06429,0.25,0
r_134,AI01249,0.25,0
r_174,AI14648,0.2,0
r_2848,AI02054,0.5,1
r_594,AI01698,0.2,0
r_12,AI04710,0.25,0
r_134,AI08476,0.2,0
r_132,AI12452,0.2,0
r_539,AI06514,0.25,0
r_134,AI08329,0.25,0
r_224,AI03091,0.2,0
r_174,AI02125,0.25,0
r_224,AI04413,0.25,0
r_89,AI00331,0.2,0
r_406,AI12499,0.25,0
r_346,AI08519,0.2,0
r_599,AI02183,0.25,0
r_963,AI00156,0.5,1
r_1817,AI07230,0.5,1
r_224,AI02607,0.2,0
r_673,AI01629,0.25,0
r_12,AI09891,0.25,0
r_406,AI05819,0.2,0
r_566,AI01026,0.2,0
r_187,AI04009,0.2,0
r_174,AI06070,0.25,0
r_1790,AI14924,0.5,1
r_566,AI08278,0.25,0
r_209,AI08578,0.2,0
r_93,AI09953,0.25,0
r_599,AI00238,0.2,0
r_451,AI12706,0.25,0
r_160,AI10648,0.5,1
r_599,AI07907,0.2,0
r_594,AI07803,0.25,0
r_406,AI06855,0.25,0
r_132,AI14036,0.2,0
r_89,AI03707,0.2,0
r_375,AI14517,0.25,0
r_209,AI04397,0.25,0
r_656,AI01024,0.2,0
r_187,AI10463,0.25,0
r_200,AI10677,0.25,0
r_673,AI01127,0.2,0
r_187,AI01594,0.25,0
r_561,AI10238,0.5,1
r_575,AI11533,0.2,0
r_174,AI14441,0.25,0
r_599,AI02021,0.25,0
r_599,AI14362,0.5,1
r_632,AI11506,0.2,0
r_174,AI14225,0.2,0
r_406,AI03151,0.25,0
r_562,AI12593,0.25,0
r_187,AI03757,0.2,0
r_89,AI08810,0.2,0
r_132,AI06162,0.2,0
r_200,AI03889,0.25,0
r_561,AI08061,0.2,0
r_503,AI03319,0.25,0
r_562,AI12184,0.2,0
r_503,AI00990,0.25,0
r_2602,AI06944,0.5,1
r_451,AI14164,0.25,0
r_111,AI12174,0.25,0
r_562,AI01096,0.2,0
r_187,AI04345,0.25,0
r_562,AI00225,0.25,0
r_89,AI02934,0.25,0
r_561,AI01482,0.2,0
r_93,AI09237,0.25,0
r_160,AI01117,0.2,0
r_3011,AI03072,0.5,1
r_209,AI00887,0.25,0
r_566,AI07327,0.2,0
r_673,AI13014,0.25,0
r_174,AI06333,0.5,1
r_539,AI09858,0.2,0
r_209,AI10350,0.2,0
r_209,AI00961,0.2,0
r_656,AI06921,0.2,0
r_451,AI14589,0.2,0
r_566,AI04786,0.25,0
r_599,AI09137,0.25,0
r_588,AI13086,0.2,0
r_562,AI09720,0.2,0
r_656,AI04184,0.2,0
r_594,AI13602,0.2,0
r_562,AI06175,0.25,0
r_93,AI05407,0.25,0
r_594,AI03524,0.2,0
r_594,AI06613,0.25,0
r_656,AI02438,0.2,0
r_451,AI09880,0.25,0
r_134,AI00966,0.25,0
r_12,AI02177,0.25,0
r_209,AI14531,0.25,0
r_2155,AI01360,0.5,1
r_174,AI00055,0.25,0
r_12,AI05749,0.25,0
r_566,AI09637,0.5,1
r_656,AI01173,0.25,0
r_209,AI05106,0.5,1
r_187,AI12961,0.25,0
r_93,AI13016,0.2,0
r_503,AI08519,0.2,0
r_599,AI14686,0.2,0
r_134,AI07910,0.5,1
r_58,AI04695,0.2,0
r_224,AI06304,0.25,0
r_406,AI03277,0.2,0
r_346,AI12371,0.25,0
r_656,AI14339,0.2,0
r_132,AI01479,0.2,0
r_132,AI04911,0.2,0
r_160,AI01703,0.2,0
r_2953,AI09903,0.5,1
r_346,AI10714,0.25,0
r_174,AI08923,0.2,0
r_200,AI07851,0.2,0
r_174,AI07980,0.2,0
r_599,AI01985,0.25,0
r_575,AI06200,0.2,0
r_2136,AI10995,0.5,1
r_89,AI13162,0.5,1
r_12,AI04095,0.2,0
r_93,AI13374,0.25,0
r_539,AI11569,0.25,0
r_656,AI00649,0.2,0
r_346,AI04247,0.25,0
r_58,AI07402,0.2,0
r_588,AI10829,0.25,0
r_132,AI11987,0.2,0
r_12,AI13734,0.25,0
r_134,AI00953,0.2,0
r_503,AI11090,0.25,0
r_2292,AI02466,0.5,1
r_132,AI11985,0.25,0
r_539,AI08083,0.2,0
r_187,AI10677,0.25,0
r_539,AI11760,0.25,0
r_187,AI06608,0.25,0
r_174,AI03715,0.2,0
r_89,AI07201,0.25,0
r_134,AI05753,0.25,0
r_93,AI13197,0.25,0
r_58,AI06949,0.2,0
r_174,AI12187,0.2,0
r_111,AI12511,0.25,0
r_561,AI00692,0.2,0
r_89,AI10629,0.2,0
r_58,AI09202,0.25,0
r_187,AI03441,0.2,0
r_224,AI10125,0.25,0
r_562,AI04771,0.2,0
r_375,AI10235,0.2,0
r_594,AI14710,0.25,0
r_93,AI08840,0.25,0
r_594,AI14371,0.2,0
r_503,AI13255,0.25,0
r_209,AI12391,0.25,0
r_1531,AI07910,0.5,1
r_673,AI08678,0.2,0
r_134,AI02687,0.25,0
r_575,AI00100,0.2,0
r_12,AI02518,0.25,0
r_2955,AI14320,0.5,1
r_673,AI07749,0.25,0
r_134,AI01828,0.2,0
r_93,AI11051,0.25,0
r_566,AI12416,0.25,0
r_1231,AI11212,0.5,1
r_93,AI06238,0.25,0
r_561,AI09476,0.25,0
r_599,AI13475,0.25,0
r_562,AI08133,0.2,0
r_58,AI04128,0.2,0
r_451,AI13736,0.5,1
r_200,AI09237,0.25,0
r_575,AI01325,0.25,0
r_562,AI14686,0.2,0
r_346,AI02057,0.25,0
r_58,AI00866,0.2,0
r_375,AI10822,0.2,0
r_111,AI07934,0.2,0
r_12,AI09183,0.2,0
r_561,AI14610,0.2,0
r_575,AI01594,0.25,0
r_1702,AI13061,0.5,1
r_132,AI07257,0.2,0
r_132,AI07691,0.2,0
r_575,AI14335,0.2,0
r_632,AI14589,0.2,0
r_209,AI08693,0.2,0
r_562,AI11905,0.25,0
r_566,AI09810,0.2,0
r_503,AI02339,0.2,0
r_575,AI07255,0.2,0
r_160,AI07161,0.25,0
r_93,AI00348,0.25,0
r_93,AI00761,0.2,0
r_656,AI11712,0.2,0
r_632,AI14116,0.2,0
r_656,AI08945,0.25,0
r_375,AI14562,0.2,0
r_599,AI13623,0.2,0
r_2509,AI06944,0.5,1
r_346,AI04896,0.5,1
r_503,AI07838,0.25,0
r_111,AI01533,0.2,0
r_673,AI03568,0.2,0
r_346,AI08085,0.2,0
r_93,AI06749,0.25,0
r_632,AI10932,0.25,0
r_93,AI08515,0.25,0
r_656,AI07087,0.2,0
r_89,AI05743,0.2,0
r_224,AI04489,0.2,0
r_2603,AI05301,0.5,1
r_451,AI09267,0.25,0
r_200,AI13214,0.25,0
r_2602,AI14320,0.5,1
r_2940,AI09342,0.5,1
r_594,AI06100,0.25,0
r_656,AI12029,0.25,0
r_89,AI01180,0.25,0
r_2235,AI12760,0.5,1
r_503,AI14063,0.5,1
r_132,AI04430,0.25,0
r_132,AI10363,0.25,0
r_656,AI02168,0.25,0
r_599,AI10885,0.25,0
r_132,AI00605,0.2,0
r_58,AI00238,0.2,0
r_451,AI11233,0.25,0
r_451,AI07923,0.2,0
r_187,AI10342,0.2,0
r_174,AI00693,0.2,0
r_2857,AI05106,0.5,1
r_209,AI02280,0.2,0
r_406,AI13512,0.25,0
r_594,AI07202,0.25,0
r_93,AI14367,0.2,0
r_561,AI00063,0.25,0
r_12,AI00002,0.2,0
r_209,AI08134,0.25,0
r_89,AI00117,0.2,0
r_503,AI02958,0.25,0
r_632,AI01598,0.25,0
r_134,AI04306,0.25,0
r_406,AI01033,0.25,0
r_656,AI12065,0.2,0
r_599,AI05431,0.2,0
r_561,AI08097,0.2,0
r_200,AI01732,0.25,0
r_134,AI09462,0.2,0
r_12,AI09337,0.25,0
r_209,AI09773,0.2,0
r_89,AI10053,0.2,0
r_200,AI09899,0.2,0
r_594,AI03809,0.2,0
r_111,AI11490,0.5,1
r_575,AI09489,0.2,0
r_1568,AI11781,0.5,1
r_539,AI01186,0.25,0
r_451,AI01479,0.2,0
r_632,AI13727,0.2,0
r_200,AI04911,0.2,0
r_656,AI06589,0.25,0
r_346,AI09941,0.25,0
r_632,AI14236,0.25,0
r_575,AI07745,0.25,0
r_160,AI03351,0.2,0
r_346,AI05439,0.2,0
r_566,AI01159,0.25,0
r_93,AI11354,0.2,0
r_174,AI01097,0.25,0
r_594,AI00436,0.5,1
r_588,AI01868,0.2,0
r_111,AI02800,0.2,0
r_375,AI09955,0.2,0
r_1817,AI11490,0.5,1
r_224,AI06010,0.25,0
r_134,AI03484,0.2,0
r_12,AI13084,0.2,0
r_346,AI07718,0.2,0
r_346,AI02040,0.25,0
r_187,AI05566,0.2,0
r_632,AI11858,0.25,0
r_224,AI03994,0.2,0
r_111,AI07473,0.25,0
r_134,AI05482,0.25,0
r_224,AI03217,0.2,0
r_160,AI07103,0.25,0
r_111,AI10880,0.25,0
r_375,AI02856,0.2,0
r_111,AI00793,0.25,0
r_562,AI02510,0.25,0
r_1261,AI04896,0.5,1
r_594,AI04463,0.25,0
r_89,AI05274,0.25,0
r_539,AI05623,0.2,0
r_451,AI09079,0.2,0
r_656,AI13436,0.25,0
r_539,AI01673,0.2,0
r_451,AI11918,0.25,0
r_111,AI07724,0.2,0
r_656,AI05342,0.2,0
r_594,AI01540,0.25,0
r_111,AI11089,0.25,0
r_134,AI03994,0.2,0
r_200,AI05623,0.2,0
r_93,AI13233,0.2,0
r_89,AI11751,0.2,0
r_375,AI04184,0.2,0
r_93,AI01471,0.2,0
r_209,AI06313,0.25,0
r_406,AI12754,0.2,0
r_561,AI08211,0.2,0
r_132,AI03649,0.25,0
r_174,AI03600,0.2,0
r_539,AI00605,0.2,0
r_224,AI10173,0.2,0
r_562,AI07980,0.2,0
r_566,AI07588,0.2,0
r_575,AI05921,0.25,0
r_12,AI03188,0.2,0
r_451,AI02931,0.25,0
r_451,AI12179,0.25,0
r_209,AI13157,0.25,0
r_539,AI05407,0.25,0
r_58,AI04184,0.2,0
r_539,AI11875,0.2,0
r_375,AI01565,0.25,0
r_2284,AI09434,0.5,1
r_2195,AI00045,0.5,1
r_406,AI09929,0.25,0
r_132,AI05407,0.25,0
r_1549,AI04896,0.5,1
r_89,AI12313,0.25,0
r_561,AI00172,0.2,0
r_561,AI03081,0.2,0
r_575,AI09427,0.2,0
r_575,AI11032,0.2,0
r_539,AI11502,0.25,0
r_346,AI04009,0.2,0
r_134,AI11106,0.2,0
r_406,AI01604,0.2,0
r_575,AI10020,0.25,0
r_566,AI07773,0.25,0
r_2857,AI12950,0.5,1
r_111,AI14333,0.2,0
r_561,AI05632,0.25,0
r_561,AI03509,0.2,0
r_187,AI10836,0.2,0
r_200,AI03948,0.25,0
r_594,AI05933,0.25,0
r_224,AI05488,0.2,0
r_224,AI03049,0.25,0
r_200,AI10962,0.2,0
r_93,AI04734,0.2,0
r_503,AI13558,0.2,0
r_132,AI01709,0.2,0
r_93,AI00591,0.25,0
r_632,AI09268,0.2,0
r_89,AI11242,0.25,0
r_187,AI03795,0.25,0
r_187,AI14287,0.2,0
r_209,AI01935,0.2,0
r_224,AI02748,0.2,0
r_89,AI02579,0.25,0
r_632,AI14176,0.25,0
r_174,AI14864,0.2,0
r_224,AI03434,0.25,0
r_93,AI01253,0.25,0
r_209,AI09380,0.2,0
r_111,AI01233,0.25,0
r_2136,AI10434,0.5,1
r_132,AI05163,0.2,0
r_12,AI13824,0.25,0
r_588,AI02856,0.2,0
r_375,AI10809,0.2,0
r_503,AI03038,0.25,0
r_588,AI08844,0.2,0
r_594,AI04190,0.2,0
r_2940,AI00156,0.5,1
r_539,AI06855,0.25,0
r_451,AI08118,0.2,0
r_539,AI02901,0.2,0
r_632,AI03016,0.25,0
r_187,AI06555,0.2,0
r_768,AI09342,0.5,1
r_187,AI14031,0.25,0
r_561,AI07860,0.2,0
r_2869,AI09066,0.5,1
r_566,AI11943,0.2,0
r_539,AI07230,0.5,1
r_561,AI07372,0.25,0
r_346,AI06729,0.25,0
r_93,AI02833,0.25,0
r_174,AI14099,0.25,0
r_187,AI13316,0.25,0
r_406,AI07339,0.25,0
r_89,AI09487,0.2,0
r_134,AI08272,0.25,0
r_346,AI09089,0.25,0
r_93,AI00725,0.2,0
r_209,AI06950,0.25,0
r_594,AI07745,0.25,0
r_599,AI07810,0.25,0
r_406,AI04465,0.25,0
r_12,AI01699,0.2,0
r_111,AI14324,0.2,0
r_134,AI11783,0.2,0
r_588,AI06832,0.5,1
r_575,AI07165,0.2,0
r_588,AI04964,0.25,0
r_2264,AI11490,0.5,1
r_111,AI11588,0.2,0
r_539,AI00822,0.2,0
r_575,AI03934,0.2,0
r_561,AI10302,0.25,0
r_200,AI07278,0.2,0
r_1702,AI08219,0.5,1
r_89,AI12953,0.25,0
r_132,AI12382,0.25,0
r_656,AI03127,0.25,0
r_656,AI14768,0.25,0
r_174,AI03700,0.2,0
r_566,AI03207,0.25,0
r_503,AI02359,0.2,0
r_132,AI07810,0.25,0
r_969,AI03062,0.5,1
r_561,AI11060,0.25,0
r_58,AI07857,0.25,0
r_93,AI08063,0.2,0
r_224,AI07807,0.25,0
r_656,AI01488,0.2,0
r_375,AI11484,0.25,0
r_209,AI13274,0.2,0
r_209,AI09638,0.2,0
r_2857,AI10457,0.5,1
r_12,AI14676,0.2,0
r_566,AI08112,0.2,0
r_134,AI14134,0.25,0
r_599,AI07900,0.2,0
r_58,AI14775,0.25,0
r_575,AI02387,0.2,0
r_209,AI12722,0.25,0
r_2602,AI10768,0.5,1
r_2303,AI08568,0.5,1
r_224,AI01846,0.2,0
r_632,AI10826,0.2,0
r_224,AI00729,0.2,0
r_503,AI05660,0.25,0
r_89,AI10130,0.25,0
r_89,AI13026,0.25,0
r_1952,AI11959,0.5,1
r_561,AI14026,0.2,0
r_451,AI09030,0.25,0
r_174,AI03549,0.2,0
r_12,AI00391,0.2,0
r_346,AI03424,0.25,0
r_200,AI01594,0.25,0
r_12,AI06189,0.2,0
r_174,AI13642,0.2,0
r_566,AI00270,0.2,0
r_93,AI14116,0.2,0
r_134,AI06445,0.25,0
r_561,AI01564,0.25,0
r_89,AI07666,0.25,0
r_588,AI08085,0.2,0
r_346,AI12559,0.2,0
r_756,AI11490,0.5,1
r_375,AI08410,0.2,0
r_539,AI04190,0.2,0
r_93,AI08966,0.25,0
r_346,AI10023,0.2,0
r_224,AI03521,0.2,0
r_539,AI09603,0.25,0
r_93,AI10340,0.25,0
r_656,AI02278,0.2,0
r_111,AI14296,0.2,0
r_132,AI03355,0.25,0
r_406,AI08644,0.25,0
r_134,AI01836,0.2,0
r_2716,AI13162,0.5,1
r_632,AI14167,0.2,0
r_503,AI02114,0.2,0
r_588,AI11246,0.25,0
r_656,AI04228,0.25,0
r_656,AI06296,0.5,1
r_93,AI02378,0.25,0
r_562,AI02567,0.25,0
r_451,AI00761,0.2,0
r_503,AI01124,0.25,0
r_562,AI13670,0.25,0
r_224,AI14067,0.2,0
r_575,AI11904,0.25,0
r_2088,AI12780,0.5,1
r_187,AI00522,0.2,0
r_346,AI10859,0.25,0
r_588,AI01159,0.25,0
r_575,AI02098,0.2,0
r_599,AI11718,0.25,0
r_209,AI07600,0.2,0
r_12,AI07084,0.2,0
r_93,AI14585,0.25,0
r_346,AI07296,0.2,0
r_89,AI02337,0.25,0
r_673,AI10304,0.2,0
r_224,AI03780,0.25,0
r_132,AI10906,0.25,0
r_224,AI02674,0.25,0
r_594,AI04106,0.2,0
r_539,AI02054,0.5,1
r_599,AI01838,0.25,0
r_588,AI07954,0.2,0
r_562,AI03058,0.25,0
r_561,AI06402,0.2,0
r_224,AI05577,0.2,0
r_562,AI01873,0.25,0
r_174,AI09883,0.25,0
r_1702,AI13914,0.5,1
r_562,AI02124,0.25,0
r_132,AI01777,0.2,0
r_503,AI03320,0.2,0
r_375,AI13341,0.25,0
r_111,AI09941,0.25,0
r_93,AI09489,0.2,0
r_132,AI05202,0.2,0
r_187,AI09398,0.25,0
r_160,AI04678,0.2,0
r_187,AI12288,0.2,0
r_566,AI11747,0.2,0
r_134,AI09021,0.25,0
r_209,AI12404,0.25,0
r_209,AI06232,0.2,0
r_632,AI06569,0.2,0
r_89,AI14814,0.2,0
r_187,AI02192,0.2,0
r_588,AI11328,0.2,0
r_200,AI09720,0.2,0
r_1027,AI11490,0.5,1
r_656,AI13475,0.25,0
r_12,AI04900,0.25,0
r_575,AI14957,0.25,0
r_160,AI02562,0.25,0
r_673,AI03725,0.2,0
r_111,AI04738,0.25,0
r_539,AI14997,0.25,0
r_656,AI05388,0.25,0
r_160,AI02467,0.2,0
r_12,AI00484,0.2,0
r_346,AI08342,0.2,0
r_1640,AI08568,0.5,1
r_562,AI14733,0.2,0
r_2602,AI07687,0.5,1
r_134,AI02800,0.2,0
r_160,AI13810,0.2,0
r_375,AI05407,0.25,0
r_673,AI13090,0.25,0
r_12,AI02371,0.2,0
r_561,AI06204,0.2,0
r_132,AI02572,0.2,0
r_132,AI13350,0.25,0
r_656,AI10023,0.2,0
r_187,AI00373,0.2,0
r_12,AI05315,0.2,0
r_451,AI02329,0.25,0
r_561,AI08080,0.25,0
r_89,AI01087,0.2,0
r_2955,AI11725,0.5,1
r_12,AI11483,0.25,0
r_575,AI05236,0.2,0
r_2284,AI06832,0.5,1
r_134,AI04280,0.25,0
r_656,AI03784,0.2,0
r_566,AI12723,0.2,0
r_566,AI07625,0.25,0
r_12,AI13627,0.2,0
r_575,AI04465,0.25,0
r_588,AI13436,0.25,0
r_200,AI04065,0.25,0
r_1702,AI11105,0.5,1
r_588,AI01533,0.2,0
r_375,AI05236,0.2,0
r_200,AI02098,0.2,0
r_224,AI11915,0.2,0
r_599,AI09398,0.25,0
r_187,AI13367,0.25,0
r_599,AI10772,0.2,0
r_562,AI09662,0.2,0
r_656,AI09394,0.2,0
r_89,AI06283,0.2,0
r_160,AI02270,0.2,0
r_134,AI15000,0.2,0
r_134,AI13279,0.2,0
r_12,AI00098,0.2,0
r_656,AI00913,0.25,0
r_209,AI01051,0.25,0
r_375,AI05163,0.2,0
r_656,AI00832,0.2,0
r_562,AI09526,0.25,0
r_594,AI08116,0.2,0
r_406,AI14426,0.25,0
r_566,AI02590,0.25,0
r_656,AI10809,0.2,0
r_111,AI13576,0.25,0
r_174,AI08532,0.2,0
r_346,AI04648,0.25,0
r_134,AI09057,0.25,0
r_681,AI13808,0.5,1
r_588,AI01943,0.25,0
r_187,AI11422,0.25,0
r_406,AI11904,0.25,0
r_132,AI01439,0.25,0
r_406,AI11444,0.25,0
r_209,AI12763,0.25,0
r_12,AI07691,0.2,0
r_89,AI11009,0.25,0
r_89,AI08391,0.25,0
r_588,AI07857,0.25,0
r_224,AI10829,0.25,0
r_632,AI12229,0.2,0
r_575,AI02931,0.25,0
r_632,AI05990,0.2,0
r_632,AI09138,0.2,0
r_451,AI01673,0.2,0
r_12,AI03478,0.2,0
r_783,AI11212,0.5,1
r_656,AI07877,0.2,0
r_346,AI12363,0.25,0
r_174,AI07180,0.2,0
r_406,AI04640,0.2,0
r_656,AI06903,0.2,0
r_174,AI09623,0.25,0
r_561,AI06561,0.25,0
r_346,AI01471,0.2,0
r_174,AI12392,0.2,0
r_375,AI02278,0.2,0
r_187,AI09685,0.25,0
r_111,AI12138,0.25,0
r_160,AI10331,0.25,0
r_451,AI09737,0.2,0
r_134,AI01032,0.2,0
r_134,AI09303,0.25,0
r_160,AI04688,0.2,0
r_599,AI01491,0.25,0
r_58,AI10449,0.25,0
r_561,AI03639,0.25,0
r_224,AI08959,0.25,0
r_632,AI08840,0.25,0
r_93,AI02736,0.2,0
r_599,AI13101,0.25,0
r_375,AI02270,0.2,0
r_134,AI02153,0.2,0
r_575,AI11721,0.2,0
r_566,AI09006,0.25,0
r_2195,AI10422,0.5,1
r_2937,AI10457,0.5,1
r_599,AI03590,0.25,0
r_224,AI14610,0.2,0
r_503,AI12382,0.25,0
r_89,AI01698,0.2,0
r_209,AI04059,0.25,0
r_224,AI08110,0.25,0
r_89,AI13879,0.25,0
r_632,AI09095,0.25,0
r_562,AI00725,0.2,0
r_12,AI01988,0.2,0
r_673,AI12942,0.2,0
r_2724,AI01045,0.5,1
r_656,AI14086,0.2,0
r_656,AI07900,0.2,0
r_12,AI03934,0.2,0
r_346,AI05177,0.5,1
r_806,AI08705,0.5,1
r_1952,AI09637,0.5,1
r_89,AI05883,0.2,0
r_632,AI05177,0.5,1
r_58,AI11902,0.25,0
r_200,AI01814,0.2,0
r_632,AI11484,0.25,0
r_599,AI11485,0.2,0
r_134,AI14104,0.25,0
r_656,AI05458,0.2,0
r_2724,AI00436,0.5,1
r_174,AI09608,0.25,0
r_539,AI08982,0.25,0
r_599,AI01713,0.2,0
r_89,AI01051,0.25,0
r_134,AI05820,0.25,0
r_566,AI11793,0.2,0
r_209,AI03430,0.2,0
r_451,AI14029,0.25,0
r_594,AI07260,0.25,0
r_160,AI08962,0.2,0
r_673,AI10209,0.2,0
r_632,AI05433,0.2,0
r_200,AI06825,0.5,1
r_566,AI09129,0.25,0
r_12,AI10605,0.25,0
r_134,AI07707,0.2,0
r_656,AI00183,0.25,0
r_12,AI12622,0.25,0
r_599,AI14535,0.25,0
r_12,AI06729,0.25,0
r_566,AI11246,0.25,0
r_160,AI01139,0.2,0
r_346,AI11522,0.25,0
r_673,AI03653,0.2,0
r_594,AI01424,0.2,0
r_134,AI07566,0.25,0
r_451,AI08770,0.2,0
r_346,AI03457,0.25,0
r_12,AI10785,0.25,0
r_93,AI04651,0.2,0
r_111,AI04134,0.25,0
r_200,AI06729,0.25,0
r_346,AI01643,0.2,0
r_209,AI13084,0.2,0
r_451,AI00437,0.25,0
r_539,AI07877,0.2,0
r_58,AI04175,0.2,0
r_58,AI02556,0.25,0
r_93,AI12990,0.2,0
r_111,AI09869,0.2,0
r_539,AI00327,0.25,0
r_12,AI12907,0.25,0
r_594,AI08207,0.2,0
r_2940,AI09286,0.5,1
r_132,AI07753,0.2,0
r_503,AI13269,0.2,0
r_562,AI01479,0.2,0
r_594,AI05637,0.2,0
r_539,AI10748,0.2,0
r_562,AI07022,0.2,0
r_566,AI13358,0.25,0
r_599,AI07663,0.25,0
r_89,AI07307,0.2,0
r_93,AI00553,0.2,0
r_2292,AI11755,0.5,1
r_346,AI14471,0.2,0
r_806,AI13914,0.5,1
r_58,AI07032,0.2,0
r_160,AI08508,0.2,0
r_132,AI08410,0.2,0
r_673,AI10550,0.2,0
r_566,AI13458,0.25,0
r_209,AI02213,0.25,0
r_375,AI04550,0.25,0
r_566,AI14471,0.2,0
r_562,AI10305,0.2,0
r_575,AI09761,0.25,0
r_160,AI10272,0.25,0
r_451,AI03818,0.2,0
r_174,AI11485,0.2,0
r_963,AI06825,0.5,1
r_2504,AI00045,0.5,1
r_89,AI03684,0.25,0
r_451,AI12995,0.2,0
r_632,AI09237,0.25,0
r_561,AI00274,0.2,0
r_1197,AI09573,0.5,1
r_187,AI09157,0.2,0
r_1741,AI11122,0.5,1
r_594,AI09054,0.25,0
r_58,AI09383,0.25,0
r_594,AI13260,0.2,0
r_632,AI08533,0.2,0
r_406,AI10330,0.2,0
r_656,AI01500,0.25,0
r_134,AI06010,0.25,0
r_656,AI02904,0.25,0
r_503,AI09216,0.25,0
r_1741,AI01360,0.5,1
r_539,AI13134,0.2,0
r_673,AI13818,0.25,0
r_561,AI08344,0.2,0
r_632,AI05033,0.25,0
r_93,AI10545,0.2,0
r_58,AI03081,0.2,0
r_599,AI01174,0.25,0
r_346,AI09696,0.2,0
r_566,AI02562,0.25,0
r_58,AI03328,0.2,0
r_539,AI07745,0.25,0
r_111,AI08473,0.25,0
r_224,AI12547,0.25,0
r_132,AI06527,0.25,0
r_132,AI07877,0.2,0
r_539,AI03042,0.2,0
r_673,AI10302,0.25,0
r_111,AI09815,0.2,0
r_566,AI02161,0.2,0
r_451,AI10871,0.2,0
r_566,AI03772,0.25,0
r_187,AI12875,0.25,0
r_632,AI05319,0.2,0
r_588,AI11270,0.2,0
r_375,AI03590,0.25,0
r_160,AI12174,0.25,0
r_503,AI08701,0.25,0
r_561,AI09129,0.25,0
r_632,AI03119,0.25,0
r_2088,AI13435,0.5,1
r_187,AI07257,0.2,0
r_58,AI10809,0.2,0
r_375,AI09216,0.25,0
r_561,AI09696,0.2,0
r_503,AI11233,0.25,0
r_599,AI11793,0.2,0
r_375,AI11419,0.25,0
r_503,AI11329,0.25,0
r_375,AI01026,0.2,0
r_12,AI02164,0.25,0
r_12,AI00258,0.2,0
r_539,AI01888,0.2,0
r_656,AI14176,0.25,0
r_656,AI06204,0.2,0
r_12,AI00691,0.25,0
r_346,AI12499,0.25,0
r_187,AI01440,0.25,0
r_111,AI02438,0.2,0
r_406,AI09858,0.2,0
r_1640,AI10238,0.5,1
r_632,AI11748,0.5,1
r_111,AI10173,0.2,0
r_561,AI02630,0.25,0
r_160,AI08568,0.5,1
r_566,AI01565,0.25,0
r_561,AI10715,0.2,0
r_406,AI01821,0.2,0
r_134,AI14041,0.2,0
r_187,AI14335,0.2,0
r_224,AI09824,0.2,0
r_561,AI08351,0.25,0
r_673,AI03549,0.2,0
r_599,AI11506,0.2,0
r_3002,AI00045,0.5,1
r_632,AI12500,0.2,0
r_1417,AI11959,0.5,1
r_539,AI11805,0.25,0
r_562,AI01358,0.25,0
r_93,AI05867,0.2,0
r_673,AI11098,0.25,0
r_588,AI14849,0.25,0
r_2366,AI09342,0.5,1
r_2509,AI01653,0.5,1
r_12,AI03091,0.2,0
r_2667,AI10238,0.5,1
r_12,AI01671,0.2,0
r_375,AI11633,0.2,0
r_562,AI08962,0.2,0
r_2848,AI09637,0.5,1
r_2895,AI00045,0.5,1
r_561,AI14299,0.25,0
r_58,AI02673,0.25,0
r_575,AI05433,0.2,0
r_1231,AI11781,0.5,1
r_187,AI04175,0.2,0
r_599,AI11747,0.2,0
r_588,AI03127,0.25,0
r_503,AI14911,0.2,0
r_562,AI12511,0.25,0
r_561,AI02562,0.25,0
r_174,AI06694,0.5,1
r_632,AI04100,0.25,0
r_2299,AI00045,0.5,1
r_566,AI09701,0.2,0
r_656,AI06938,0.25,0
r_656,AI14402,0.2,0
r_200,AI13777,0.2,0
r_632,AI09408,0.2,0
r_200,AI04695,0.2,0
r_132,AI02474,0.25,0
r_224,AI13067,0.2,0
r_132,AI13495,0.25,0
r_575,AI01085,0.2,0
r_632,AI03641,0.2,0
r_656,AI03934,0.2,0
r_134,AI07503,0.2,0
r_1231,AI09573,0.5,1
r_632,AI06407,0.2,0
r_575,AI06019,0.25,0
r_599,AI02466,0.5,1
r_632,AI09969,0.25,0
r_187,AI07691,0.2,0
r_93,AI14330,0.2,0
r_58,AI05923,0.2,0
r_709,AI01360,0.5,1
r_594,AI03484,0.2,0
r_375,AI09030,0.25,0
r_2173,AI09434,0.5,1
r_89,AI06394,0.2,0
r_89,AI08048,0.25,0
r_174,AI14984,0.2,0
r_111,AI11246,0.25,0
r_132,AI07674,0.25,0
r_134,AI09319,0.2,0
r_346,AI05209,0.25,0
r_134,AI04480,0.2,0
r_996,AI11755,0.5,1
r_451,AI11329,0.25,0
r_594,AI12986,0.25,0
r_656,AI11062,0.2,0
r_12,AI10948,0.25,0
r_451,AI13854,0.25,0
r_2366,AI01360,0.5,1
r_375,AI13443,0.25,0
r_599,AI00974,0.25,0
r_174,AI06561,0.25,0
r_656,AI09839,0.2,0
r_200,AI10397,0.2,0
r_187,AI11784,0.25,0
r_12,AI00129,0.25,0
r_588,AI07980,0.2,0
r_134,AI06153,0.2,0
r_89,AI12842,0.25,0
r_594,AI03449,0.25,0
r_539,AI07473,0.25,0
r_656,AI05534,0.25,0
r_134,AI02558,0.2,0
r_200,AI07410,0.2,0
r_209,AI10468,0.25,0
r_503,AI07855,0.25,0
r_561,AI03934,0.2,0
r_632,AI14558,0.25,0
r_562,AI04819,0.25,0
r_632,AI08755,0.2,0
r_503,AI03127,0.25,0
r_594,AI08265,0.2,0
r_346,AI05458,0.2,0
r_656,AI13629,0.2,0
r_209,AI02371,0.2,0
r_1724,AI09286,0.5,1
r_406,AI03965,0.25,0
r_200,AI00974,0.25,0
r_93,AI14333,0.2,0
r_632,AI01024,0.2,0
r_594,AI04418,0.2,0
r_187,AI02630,0.25,0
r_58,AI03818,0.2,0
r_58,AI14086,0.2,0
r_599,AI14589,0.2,0
r_656,AI09957,0.2,0
r_632,AI00644,0.2,0
r_89,AI07050,0.25,0
r_451,AI14699,0.2,0
r_174,AI07423,0.25,0
r_174,AI01279,0.2,0
r_346,AI11062,0.2,0
r_406,AI04184,0.2,0
r_2504,AI06296,0.5,1
r_375,AI08652,0.25,0
r_187,AI08699,0.25,0
r_656,AI02192,0.2,0
r_503,AI14307,0.25,0
r_111,AI01325,0.25,0
r_58,AI04541,0.2,0
r_132,AI06773,0.2,0
r_562,AI14026,0.2,0
r_503,AI05450,0.2,0
r_346,AI12990,0.2,0
r_174,AI06150,0.2,0
r_503,AI08193,0.25,0
r_561,AI03016,0.25,0
r_200,AI00522,0.2,0
r_209,AI10796,0.25,0
r_656,AI03843,0.25,0
r_2848,AI09066,0.5,1
r_2937,AI09903,0.5,1
r_656,AI04287,0.25,0
r_656,AI10449,0.25,0
r_599,AI06479,0.25,0
r_224,AI13445,0.2,0
r_346,AI03784,0.2,0
r_1549,AI08568,0.5,1
r_132,AI02438,0.2,0
r_2895,AI09342,0.5,1
r_1702,AI00156,0.5,1
r_594,AI03217,0.2,0
r_132,AI02467,0.2,0
r_594,AI01699,0.2,0
r_566,AI10397,0.2,0
r_200,AI10235,0.2,0
r_174,AI07645,0.5,1
r_561,AI14471,0.2,0
r_134,AI14623,0.2,0
r_2857,AI03742,0.5,1
r_503,AI01186,0.25,0
r_451,AI12234,0.25,0
r_132,AI07255,0.2,0
r_209,AI14961,0.2,0
r_632,AI08063,0.2,0
r_89,AI04076,0.25,0
r_1027,AI11959,0.5,1
r_406,AI02212,0.2,0
r_503,AI06709,0.2,0
r_209,AI04017,0.25,0
r_406,AI09685,0.25,0
r_673,AI10187,0.2,0
r_12,AI05724,0.5,1
r_132,AI09995,0.2,0
r_539,AI02482,0.2,0
r_566,AI03559,0.2,0
r_174,AI07553,0.25,0
r_1253,AI11781,0.5,1
r_561,AI01216,0.2,0
r_200,AI03310,0.2,0
r_209,AI06137,0.25,0
r_58,AI03639,0.25,0
r_346,AI05566,0.2,0
r_594,AI10768,0.5,1
r_89,AI04900,0.25,0
r_656,AI07201,0.25,0
r_681,AI03714,0.5,1
r_594,AI06088,0.2,0
r_209,AI12439,0.2,0
r_187,AI14029,0.25,0
r_58,AI11122,0.5,1
r_375,AI05215,0.2,0
r_346,AI06738,0.25,0
r_89,AI07202,0.25,0
r_503,AI00373,0.2,0
r_375,AI00172,0.2,0
r_599,AI08133,0.2,0
r_209,AI05706,0.2,0
r_224,AI11751,0.2,0
r_1961,AI10238,0.5,1
r_12,AI02613,0.25,0
r_187,AI03042,0.2,0
r_451,AI09398,0.25,0
r_561,AI04738,0.25,0
r_12,AI05998,0.2,0
r_134,AI11973,0.2,0
r_134,AI00889,0.2,0
r_503,AI10449,0.25,0
r_632,AI13379,0.2,0
r_12,AI00353,0.25,0
r_599,AI07718,0.2,0
r_656,AI13935,0.2,0
r_132,AI10709,0.25,0
r_792,AI08237,0.5,1
r_673,AI03868,0.25,0
r_588,AI01216,0.2,0
r_12,AI02947,0.25,0
r_451,AI04761,0.2,0
r_656,AI05361,0.2,0
r_174,AI12078,0.25,0
r_375,AI08085,0.2,0
r_93,AI00926,0.25,0
r_200,AI06069,0.2,0
r_111,AI02292,0.2,0
r_632,AI07087,0.2,0
r_673,AI01890,0.25,0
r_594,AI13157,0.25,0
r_174,AI01851,0.25,0
r_58,AI11062,0.2,0
r_2509,AI00436,0.5,1
r_566,AI02270,0.2,0
r_566,AI04702,0.25,0
r_209,AI13500,0.25,0
r_160,AI10767,0.2,0
r_58,AI10534,0.25,0
r_562,AI07745,0.25,0
r_406,AI01194,0.2,0
r_134,AI06553,0.2,0
r_224,AI06780,0.2,0
r_561,AI09355,0.25,0
r_1702,AI11725,0.5,1
r_187,AI03816,0.25,0
r_599,AI14787,0.25,0
r_406,AI13885,0.2,0
r_89,AI00265,0.25,0
r_89,AI03121,0.25,0
r_656,AI11553,0.2,0
r_503,AI06589,0.25,0
r_187,AI12795,0.2,0
r_224,AI14570,0.25,0
r_209,AI09572,0.2,0
r_89,AI11466,0.2,0
r_503,AI05921,0.25,0
r_89,AI04639,0.2,0
r_174,AI09303,0.25,0
r_375,AI13458,0.25,0
r_2869,AI01360,0.5,1
r_209,AI11868,0.25,0
r_406,AI11784,0.25,0
r_599,AI09995,0.2,0
r_503,AI00415,0.2,0
r_2136,AI13061,0.5,1
r_599,AI01117,0.2,0
r_539,AI04622,0.2,0
r_174,AI01127,0.2,0
r_93,AI13576,0.25,0
r_2063,AI03714,0.5,1
r_160,AI12121,0.25,0
r_224,AI14814,0.2,0
r_594,AI14690,0.25,0
r_224,AI00999,0.25,0
r_160,AI02430,0.25,0
r_566,AI12214,0.25,0
r_451,AI09121,0.25,0
r_89,AI12527,0.2,0
r_632,AI14169,0.25,0
r_187,AI08182,0.25,0
r_12,AI13950,0.2,0
r_539,AI07663,0.25,0
r_656,AI11050,0.2,0
r_562,AI10340,0.25,0
r_200,AI14101,0.25,0
r_209,AI00953,0.2,0
r_375,AI04798,0.25,0
r_562,AI09267,0.25,0
r_588,AI06753,0.25,0
r_599,AI01124,0.25,0
r_12,AI14865,0.2,0
r_224,AI14119,0.2,0
r_575,AI03852,0.2,0
r_200,AI10183,0.2,0
r_599,AI14464,0.2,0
r_656,AI04216,0.2,0
r_588,AI03484,0.2,0
r_224,AI03430,0.2,0
r_12,AI13371,0.2,0
r_132,AI13748,0.2,0
r_89,AI04877,0.25,0
r_12,AI07297,0.25,0
r_375,AI13278,0.2,0
r_375,AI11502,0.25,0
r_346,AI10905,0.25,0
r_673,AI11723,0.2,0
r_599,AI09230,0.25,0
r_561,AI09230,0.25,0
r_134,AI07918,0.25,0
r_1741,AI05183,0.5,1
r_599,AI10397,0.2,0
r_656,AI08633,0.25,0
r_673,AI07807,0.25,0
r_200,AI09662,0.2,0
r_594,AI01183,0.25,0
r_187,AI10938,0.2,0
r_451,AI07019,0.2,0
r_375,AI02901,0.2,0
r_375,AI04698,0.2,0
r_93,AI09602,0.25,0
r_160,AI07753,0.2,0
r_111,AI07685,0.25,0
r_132,AI09138,0.2,0
r_187,AI12366,0.2,0
r_566,AI07165,0.2,0
r_200,AI14031,0.25,0
r_588,AI05821,0.25,0
r_187,AI07954,0.2,0
r_174,AI12111,0.25,0
r_93,AI13342,0.2,0
r_209,AI04367,0.25,0
r_111,AI07103,0.25,0
r_200,AI00820,0.25,0
r_561,AI12745,0.25,0
r_375,AI01174,0.25,0
r_451,AI11067,0.2,0
r_503,AI11767,0.2,0
r_93,AI01943,0.25,0
r_561,AI13727,0.2,0
r_632,AI00725,0.2,0
r_58,AI03236,0.2,0
r_406,AI09565,0.25,0
r_111,AI04798,0.25,0
r_58,AI06175,0.25,0
r_89,AI09838,0.25,0
r_768,AI10648,0.5,1
r_632,AI11490,0.5,1
r_224,AI01467,0.2,0
r_134,AI00955,0.25,0
r_132,AI04277,0.2,0
r_451,AI01949,0.25,0
r_209,AI08529,0.25,0
r_160,AI14018,0.2,0
r_539,AI02182,0.2,0
r_632,AI05131,0.2,0
r_224,AI08877,0.2,0
r_406,AI00154,0.25,0
r_566,AI08875,0.2,0
r_575,AI10925,0.2,0
r_451,AI05177,0.5,1
r_406,AI11212,0.5,1
r_562,AI01507,0.2,0
r_503,AI07745,0.25,0
r_594,AI10283,0.25,0
r_200,AI00777,0.2,0
r_375,AI06314,0.2,0
r_539,AI08630,0.25,0
r_111,AI04504,0.25,0
r_566,AI05603,0.25,0
r_93,AI14029,0.25,0
r_561,AI06062,0.2,0
r_12,AI01236,0.2,0
r_160,AI03772,0.25,0
r_562,AI02572,0.2,0
r_656,AI10938,0.2,0
r_12,AI06936,0.2,0
r_200,AI02339,0.2,0
r_93,AI02990,0.25,0
r_187,AI00593,0.25,0
r_12,AI10022,0.25,0
r_174,AI01676,0.2,0
r_93,AI01604,0.2,0
r_89,AI10646,0.2,0
r_2504,AI10648,0.5,1
r_561,AI12521,0.25,0
r_575,AI06949,0.2,0
r_566,AI11950,0.2,0
r_566,AI03358,0.2,0
r_632,AI11061,0.25,0
r_561,AI14535,0.25,0
r_93,AI13340,0.25,0
r_656,AI06780,0.2,0
r_58,AI09232,0.2,0
r_12,AI07687,0.5,1
r_89,AI12337,0.25,0
r_503,AI04931,0.2,0
r_224,AI02921,0.2,0
r_346,AI09807,0.2,0
r_58,AI13214,0.25,0
r_681,AI00886,0.5,1
r_200,AI09518,0.25,0
r_89,AI01032,0.2,0
r_561,AI09121,0.25,0
r_134,AI14392,0.2,0
r_709,AI04200,0.5,1
r_93,AI02424,0.2,0
r_93,AI08195,0.2,0
r_1823,AI05651,0.5,1
r_89,AI06105,0.2,0
r_174,AI13783,0.2,0
r_89,AI09972,0.2,0
r_406,AI08679,0.25,0
r_375,AI04009,0.2,0
r_12,AI01185,0.25,0
r_187,AI01360,0.5,1
r_224,AI08828,0.25,0
r_599,AI00057,0.25,0
r_562,AI09052,0.2,0
r_200,AI05923,0.2,0
r_132,AI01541,0.25,0
r_594,AI10716,0.25,0
r_656,AI12155,0.25,0
r_209,AI02217,0.2,0
r_174,AI04065,0.25,0
r_632,AI03965,0.25,0
r_632,AI13833,0.2,0
r_58,AI13748,0.2,0
r_200,AI10239,0.2,0
r_588,AI03867,0.25,0
r_406,AI02539,0.25,0
r_375,AI08701,0.25,0
r_174,AI13768,0.2,0
r_375,AI10702,0.2,0
r_562,AI03360,0.2,0
r_2953,AI04722,0.5,1
r_12,AI11060,0.25,0
r_209,AI06132,0.2,0
r_174,AI06267,0.2,0
r_599,AI13386,0.25,0
r_594,AI14459,0.2,0
r_209,AI05693,0.25,0
r_2299,AI00007,0.5,1
r_346,AI13872,0.2,0
r_12,AI09501,0.2,0
r_209,AI07334,0.2,0
r_562,AI11747,0.2,0
r_599,AI09614,0.2,0
r_160,AI00057,0.25,0
r_566,AI02975,0.2,0
r_174,AI07713,0.25,0
r_594,AI07600,0.2,0
r_451,AI11502,0.25,0
r_406,AI02359,0.2,0
r_599,AI13000,0.2,0
r_134,AI09453,0.2,0
r_375,AI12745,0.25,0
r_594,AI12408,0.25,0
r_187,AI13736,0.5,1
r_566,AI09779,0.25,0
r_375,AI09544,0.25,0
r_209,AI12818,0.25,0
r_132,AI10748,0.2,0
r_451,AI02584,0.2,0
r_89,AI04467,0.2,0
r_89,AI06503,0.2,0
r_132,AI06589,0.25,0
r_375,AI00116,0.25,0
r_134,AI02371,0.2,0
r_539,AI10587,0.5,1
r_132,AI12073,0.25,0
r_451,AI09489,0.2,0
r_187,AI06949,0.2,0
r_93,AI12234,0.25,0
r_451,AI13340,0.25,0
r_566,AI01216,0.2,0
r_89,AI03225,0.25,0
r_575,AI06234,0.2,0
r_12,AI13965,0.25,0
r_594,AI10919,0.2,0
r_451,AI10826,0.2,0
r_58,AI09518,0.25,0
r_93,AI05183,0.5,1
r_89,AI12950,0.5,1
r_346,AI01228,0.2,0
r_89,AI11007,0.25,0
r_89,AI00761,0.2,0
r_160,AI01673,0.2,0
r_588,AI09089,0.25,0
r_132,AI07296,0.2,0
r_132,AI10340,0.25,0
r_12,AI10457,0.5,1
r_132,AI14658,0.25,0
r_599,AI12706,0.25,0
r_768,AI12760,0.5,1
r_375,AI02189,0.2,0
r_792,AI11959,0.5,1
r_1426,AI10551,0.5,1
r_575,AI09840,0.25,0
r_451,AI06274,0.2,0
r_451,AI01200,0.2,0
r_134,AI12300,0.2,0
r_673,AI04635,0.25,0
r_451,AI08085,0.2,0
r_566,AI09777,0.25,0
r_406,AI03319,0.25,0
r_539,AI02378,0.25,0
r_132,AI10648,0.5,1
r_346,AI11477,0.25,0
r_132,AI09489,0.2,0
r_174,AI12452,0.2,0
r_200,AI08133,0.2,0
r_406,AI08690,0.2,0
r_134,AI11669,0.25,0
r_2489,AI14362,0.5,1
r_562,AI02562,0.25,0
r_588,AI08112,0.2,0
r_588,AI13713,0.25,0
r_224,AI00551,0.2,0
r_209,AI02740,0.25,0
r_160,AI05921,0.25,0
r_93,AI01162,0.2,0
r_539,AI11315,0.2,0
r_566,AI09307,0.25,0
r_673,AI06758,0.2,0
r_566,AI05042,0.2,0
r_58,AI00243,0.25,0
r_451,AI14234,0.2,0
r_599,AI06324,0.2,0
r_594,AI03616,0.25,0
r_12,AI09871,0.2,0
r_451,AI14116,0.2,0
r_588,AI01478,0.25,0
r_451,AI07592,0.25,0
r_575,AI10748,0.2,0
r_566,AI09943,0.2,0
r_2927,AI05651,0.5,1
r_562,AI00822,0.2,0
r_132,AI13399,0.25,0
r_561,AI00553,0.2,0
r_2136,AI09843,0.5,1
r_209,AI09097,0.25,0
r_783,AI09434,0.5,1
r_575,AI08013,0.2,0
r_111,AI07293,0.25,0
r_588,AI02467,0.2,0
r_12,AI03260,0.25,0
r_132,AI09839,0.2,0
r_561,AI02189,0.2,0
r_561,AI07113,0.25,0
r_375,AI11893,0.2,0
r_2235,AI08383,0.5,1
r_187,AI09458,0.2,0
r_187,AI01255,0.2,0
r_375,AI09095,0.25,0
r_575,AI11793,0.2,0
r_539,AI04029,0.25,0
r_566,AI10561,0.25,0
r_160,AI05215,0.2,0
r_93,AI08652,0.25,0
r_187,AI09604,0.2,0
r_200,AI01873,0.25,0
r_224,AI02052,0.2,0
r_406,AI10944,0.25,0
r_561,AI04113,0.2,0
r_375,AI14793,0.25,0
r_174,AI10257,0.25,0
r_451,AI11507,0.25,0
r_134,AI04757,0.2,0
r_12,AI13602,0.2,0
r_12,AI05933,0.25,0
r_111,AI04702,0.25,0
r_375,AI10015,0.25,0
r_594,AI08363,0.2,0
r_58,AI05744,0.2,0
r_562,AI13197,0.25,0
r_58,AI01731,0.2,0
r_451,AI02519,0.2,0
r_89,AI10651,0.2,0
r_12,AI12567,0.25,0
r_200,AI06723,0.2,0
r_89,AI07007,0.25,0
r_346,AI03958,0.2,0
r_134,AI02177,0.25,0
r_588,AI12995,0.2,0
r_12,AI09484,0.2,0
r_806,AI06694,0.5,1
r_406,AI05391,0.2,0
r_174,AI08230,0.25,0
r_224,AI09671,0.25,0
r_346,AI07255,0.2,0
r_599,AI02826,0.25,0
r_599,AI06175,0.25,0
r_200,AI01360,0.5,1
r_673,AI07859,0.25,0
r_406,AI09009,0.25,0
r_375,AI02833,0.25,0
r_594,AI09991,0.25,0
r_503,AI05190,0.2,0
r_503,AI04766,0.25,0
r_209,AI10178,0.25,0
r_187,AI06709,0.2,0
r_632,AI13458,0.25,0
r_594,AI09414,0.25,0
r_561,AI14768,0.25,0
r_111,AI07313,0.25,0
r_89,AI08294,0.25,0
r_594,AI02607,0.2,0
r_632,AI08085,0.2,0
r_406,AI07103,0.25,0
r_575,AI14756,0.25,0
r_58,AI09720,0.2,0
r_2953,AI03654,0.5,1
r_451,AI13872,0.2,0
r_1961,AI07230,0.5,1
r_503,AI08840,0.25,0
r_539,AI02098,0.2,0
r_134,AI02421,0.25,0
r_134,AI13050,0.2,0
r_58,AI05215,0.2,0
r_566,AI01533,0.2,0
r_2284,AI11755,0.5,1
r_111,AI10480,0.2,0
r_406,AI11644,0.25,0
r_346,AI01482,0.2,0
r_451,AI12174,0.25,0
r_566,AI14029,0.25,0
r_673,AI06216,0.2,0
r_575,AI04596,0.25,0
r_89,AI10773,0.25,0
r_132,AI12995,0.2,0
r_406,AI05439,0.2,0
r_562,AI11784,0.25,0
r_406,AI04964,0.25,0
r_562,AI06440,0.2,0
r_12,AI11294,0.2,0
r_93,AI01662,0.25,0
r_575,AI05590,0.2,0
r_673,AI01182,0.25,0
r_187,AI11051,0.25,0
r_406,AI07399,0.2,0
r_160,AI10695,0.2,0
r_12,AI05509,0.2,0
r_89,AI10825,0.2,0
r_375,AI12964,0.25,0
r_562,AI08889,0.2,0
r_566,AI11784,0.25,0
r_134,AI06871,0.2,0
r_594,AI11943,0.2,0
r_406,AI12706,0.25,0
r_1261,AI10422,0.5,1
r_346,AI09815,0.2,0
r_562,AI10906,0.25,0
r_160,AI14481,0.25,0
r_561,AI08257,0.2,0
r_174,AI00744,0.25,0
r_673,AI08247,0.2,0
r_375,AI00431,0.2,0
r_346,AI05578,0.2,0
r_632,AI05754,0.2,0
r_209,AI06938,0.25,0
r_561,AI13872,0.2,0
r_200,AI14390,0.25,0
r_187,AI02098,0.2,0
r_588,AI14339,0.2,0
r_594,AI00125,0.2,0
r_632,AI04695,0.2,0
r_224,AI01180,0.25,0
r_12,AI01989,0.2,0
r_58,AI07016,0.2,0
r_673,AI06414,0.5,1
r_187,AI03189,0.25,0
r_632,AI12839,0.25,0
r_561,AI03818,0.2,0
r_346,AI02519,0.2,0
r_187,AI11620,0.2,0
r_561,AI14116,0.2,0
r_566,AI12995,0.2,0
r_2195,AI08429,0.5,1
r_632,AI01057,0.25,0
r_673,AI05527,0.2,0
r_539,AI07900,0.2,0
r_599,AI01437,0.2,0
r_588,AI08097,0.2,0
r_451,AI11328,0.2,0
r_375,AI09527,0.25,0
r_562,AI11060,0.25,0
r_160,AI06749,0.25,0
r_561,AI00690,0.25,0
r_174,AI10133,0.25,0
r_632,AI06350,0.25,0
r_132,AI08519,0.2,0
r_575,AI05941,0.25,0
r_346,AI06723,0.2,0
r_58,AI00913,0.25,0
r_93,AI04970,0.25,0
r_58,AI09874,0.2,0
r_562,AI00926,0.25,0
r_588,AI02782,0.25,0
r_503,AI03950,0.25,0
r_406,AI07588,0.2,0
r_1551,AI06296,0.5,1
r_599,AI12065,0.2,0
r_1811,AI11781,0.5,1
r_111,AI02584,0.2,0
r_12,AI09012,0.25,0
r_632,AI09655,0.2,0
r_346,AI05468,0.25,0
r_346,AI00692,0.2,0
r_539,AI05632,0.25,0
r_12,AI12237,0.2,0
r_209,AI14094,0.2,0
r_503,AI07446,0.25,0
r_12,AI14258,0.25,0
r_1205,AI14063,0.5,1
r_160,AI06561,0.25,0
r_2848,AI10422,0.5,1
r_111,AI06029,0.2,0
r_599,AI13214,0.25,0
r_2284,AI04896,0.5,1
r_562,AI06709,0.2,0
r_594,AI07638,0.25,0
r_89,AI04730,0.2,0
r_632,AI01478,0.25,0
r_209,AI10917,0.25,0
r_539,AI02278,0.2,0
r_575,AI10472,0.25,0
r_594,AI04533,0.25,0
r_599,AI00116,0.25,0
r_209,AI01766,0.2,0
r_375,AI11490,0.5,1
r_656,AI11915,0.2,0
r_539,AI02965,0.2,0
r_566,AI01598,0.25,0
r_132,AI09603,0.25,0
r_561,AI02782,0.25,0
r_673,AI02475,0.25,0
r_224,AI07585,0.25,0
r_451,AI06879,0.2,0
r_200,AI01479,0.2,0
r_561,AI13679,0.2,0
r_566,AI11858,0.25,0
r_2509,AI02869,0.5,1
r_12,AI06995,0.25,0
r_89,AI11440,0.2,0
r_673,AI08461,0.2,0
r_632,AI01026,0.2,0
r_134,AI06340,0.2,0
r_451,AI11747,0.2,0
r_111,AI11851,0.25,0
r_187,AI14779,0.2,0
r_594,AI04256,0.2,0
r_562,AI11769,0.25,0
r_575,AI14307,0.25,0
r_575,AI08344,0.2,0
r_111,AI14339,0.2,0
r_599,AI05388,0.25,0
r_451,AI11760,0.25,0
r_566,AI11477,0.25,0
r_209,AI08481,0.25,0
r_12,AI02179,0.25,0
r_575,AI06212,0.25,0
r_406,AI12834,0.25,0
r_346,AI02673,0.25,0
r_160,AI10772,0.2,0
r_599,AI04695,0.2,0
r_656,AI07293,0.25,0
r_561,AI14031,0.25,0
r_111,AI14981,0.2,0
r_1702,AI01045,0.5,1
r_111,AI00348,0.25,0
r_160,AI05518,0.2,0
r_451,AI09995,0.2,0
r_539,AI05988,0.2,0
r_224,AI12337,0.25,0
r_111,AI09427,0.2,0
r_451,AI10330,0.2,0
r_209,AI12337,0.25,0
r_12,AI08578,0.2,0
r_539,AI03958,0.2,0
r_160,AI03310,0.2,0
r_406,AI03908,0.2,0
r_12,AI03704,0.2,0
r_451,AI00717,0.25,0
r_562,AI09777,0.25,0
r_209,AI06058,0.2,0
r_93,AI13165,0.2,0
r_594,AI11085,0.25,0
r_346,AI03277,0.2,0
r_160,AI05350,0.25,0
r_451,AI01024,0.2,0
r_594,AI03980,0.25,0
r_599,AI09009,0.25,0
r_224,AI09540,0.2,0
r_656,AI03712,0.25,0
r_632,AI03818,0.2,0
r_132,AI00946,0.25,0
r_111,AI03072,0.5,1
r_209,AI03139,0.25,0
r_12,AI08831,0.25,0
r_174,AI02256,0.2,0
r_224,AI04415,0.2,0
r_93,AI09079,0.2,0
r_673,AI08176,0.2,0
r_209,AI07724,0.2,0
r_200,AI08266,0.25,0
r_451,AI14402,0.2,0
r_503,AI00167,0.25,0
r_599,AI06402,0.2,0
r_174,AI05993,0.25,0
r_2063,AI10768,0.5,1
r_451,AI03322,0.25,0
r_12,AI01107,0.5,1
r_93,AI07606,0.2,0
r_599,AI00604,0.25,0
r_594,AI14208,0.25,0
r_656,AI10822,0.2,0
r_406,AI05594,0.25,0
r_594,AI07007,0.25,0
r_566,AI10404,0.25,0
r_566,AI07855,0.25,0
r_673,AI12691,0.25,0
r_539,AI06738,0.25,0
r_224,AI12770,0.2,0
r_346,AI09858,0.2,0
r_93,AI14031,0.25,0
r_575,AI13512,0.25,0
r_346,AI12112,0.2,0
r_89,AI13472,0.2,0
r_89,AI00468,0.25,0
r_656,AI02474,0.25,0
r_566,AI12447,0.2,0
r_346,AI02988,0.25,0
r_200,AI06703,0.2,0
r_160,AI10704,0.2,0
r_1253,AI04896,0.5,1
r_599,AI07731,0.25,0
r_111,AI09436,0.2,0
r_58,AI05192,0.2,0
r_200,AI08673,0.2,0
r_599,AI03424,0.25,0
r_209,AI02417,0.2,0
r_134,AI12567,0.25,0
r_224,AI04238,0.25,0
r_187,AI06350,0.25,0
r_132,AI08383,0.5,1
r_566,AI14136,0.2,0
r_588,AI14997,0.25,0
r_2235,AI06825,0.5,1
r_12,AI13081,0.2,0
r_375,AI02098,0.2,0
r_200,AI08383,0.5,1
r_187,AI09810,0.2,0
r_588,AI05891,0.25,0
r_566,AI00692,0.2,0
r_673,AI06996,0.25,0
r_566,AI08690,0.2,0
r_566,AI03457,0.25,0
r_375,AI05866,0.25,0
r_375,AI07339,0.25,0
r_346,AI09785,0.2,0
r_599,AI05215,0.2,0
r_187,AI09435,0.25,0
r_588,AI14029,0.25,0
r_174,AI14068,0.25,0
r_656,AI09121,0.25,0
r_539,AI08519,0.2,0
r_187,AI09662,0.2,0
r_111,AI02736,0.2,0
r_89,AI01014,0.2,0
r_2927,AI03714,0.5,1
r_93,AI01786,0.25,0
r_406,AI02054,0.5,1
r_406,AI10346,0.25,0
r_200,AI01162,0.2,0
r_588,AI14471,0.2,0
r_566,AI01482,0.2,0
r_451,AI09240,0.2,0
r_224,AI13062,0.25,0
r_599,AI04181,0.2,0
r_588,AI14528,0.2,0
r_346,AI00063,0.25,0
r_3011,AI06832,0.5,1
r_160,AI07851,0.2,0
r_599,AI04761,0.2,0
r_111,AI11061,0.25,0
r_200,AI04091,0.25,0
r_200,AI09089,0.25,0
r_562,AI01913,0.25,0
r_93,AI09268,0.2,0
r_209,AI14820,0.25,0
r_594,AI14392,0.2,0
r_656,AI07670,0.25,0
r_561,AI00348,0.25,0
r_1811,AI11212,0.5,1
r_209,AI06627,0.5,1
r_160,AI09619,0.2,0
r_187,AI06580,0.2,0
r_632,AI12962,0.2,0
r_656,AI11477,0.25,0
r_2857,AI00886,0.5,1
r_375,AI14031,0.25,0
r_656,AI14307,0.25,0
r_12,AI10936,0.25,0
r_346,AI11950,0.2,0
r_588,AI02958,0.25,0
r_806,AI13435,0.5,1
r_594,AI04086,0.25,0
r_1197,AI11755,0.5,1
r_132,AI04091,0.25,0
r_2303,AI14187,0.5,1
r_12,AI11595,0.25,0
r_1724,AI06825,0.5,1
r_588,AI04611,0.2,0
r_93,AI05923,0.2,0
r_588,AI08647,0.2,0
r_209,AI11899,0.2,0
r_575,AI01437,0.2,0
r_224,AI03155,0.2,0
r_134,AI07882,0.25,0
r_58,AI09943,0.2,0
r_539,AI06832,0.5,1
r_93,AI05620,0.2,0
r_58,AI06449,0.25,0
r_132,AI06407,0.2,0
r_12,AI11866,0.2,0
r_132,AI13269,0.2,0
r_588,AI03146,0.25,0
r_12,AI04506,0.2,0
r_588,AI09398,0.25,0
r_2136,AI13435,0.5,1
r_12,AI01991,0.25,0
r_566,AI03058,0.25,0
r_160,AI02807,0.25,0
r_566,AI07161,0.25,0
r_539,AI04098,0.2,0
r_200,AI02212,0.2,0
r_588,AI03604,0.25,0
r_187,AI12452,0.2,0
r_451,AI13531,0.25,0
r_451,AI11558,0.2,0
r_12,AI14690,0.25,0
r_209,AI11669,0.25,0
r_632,AI04200,0.5,1
r_174,AI14945,0.2,0
r_209,AI11109,0.25,0
r_93,AI10183,0.2,0
r_451,AI01818,0.2,0
r_539,AI04744,0.2,0
r_200,AI03058,0.25,0
r_2155,AI09637,0.5,1
r_503,AI10276,0.25,0
r_566,AI14176,0.25,0
r_1823,AI10768,0.5,1
r_562,AI03667,0.2,0
r_58,AI00365,0.2,0
r_346,AI14787,0.25,0
r_566,AI08097,0.2,0
r_224,AI02979,0.25,0
r_58,AI03784,0.2,0
r_12,AI04074,0.25,0
r_566,AI05891,0.25,0
r_375,AI01491,0.25,0
r_160,AI05391,0.2,0
r_224,AI12404,0.25,0
r_12,AI14515,0.25,0
r_562,AI09394,0.2,0
r_562,AI01471,0.2,0
r_111,AI10508,0.25,0
r_200,AI05236,0.2,0
r_209,AI02732,0.25,0
r_2602,AI12950,0.5,1
r_503,AI09307,0.25,0
r_89,AI09211,0.25,0
r_656,AI06058,0.2,0
r_406,AI12393,0.25,0
r_2937,AI10434,0.5,1
r_89,AI08834,0.2,0
r_134,AI09380,0.2,0
r_174,AI10301,0.25,0
r_58,AI01703,0.2,0
r_539,AI04499,0.25,0
r_187,AI09874,0.2,0
r_2927,AI14770,0.5,1
r_160,AI09489,0.2,0
r_134,AI10427,0.2,0
r_134,AI13682,0.2,0
r_111,AI08297,0.25,0
r_599,AI04222,0.25,0
r_632,AI03649,0.25,0
r_375,AI12069,0.2,0
r_566,AI03424,0.25,0
r_209,AI07568,0.25,0
r_503,AI10932,0.25,0
r_451,AI02344,0.2,0
r_562,AI05131,0.2,0
r_539,AI06723,0.2,0
r_561,AI03595,0.25,0
r_566,AI05426,0.2,0
r_209,AI10619,0.2,0
r_566,AI00124,0.2,0
r_160,AI05566,0.2,0
r_200,AI08706,0.25,0
r_994,AI14362,0.5,1
r_200,AI05578,0.2,0
r_187,AI04277,0.2,0
r_562,AI06712,0.2,0
r_134,AI10622,0.2,0
r_539,AI14653,0.25,0
r_1741,AI11748,0.5,1
r_594,AI03121,0.25,0
r_673,AI06091,0.25,0
r_200,AI04798,0.25,0
r_1417,AI02054,0.5,1
r_58,AI10970,0.2,0
r_566,AI12964,0.25,0
r_93,AI13594,0.25,0
r_588,AI10700,0.25,0
r_187,AI00649,0.2,0
r_566,AI02800,0.2,0
r_566,AI03509,0.2,0
r_632,AI02736,0.2,0
r_562,AI01598,0.25,0
r_58,AI03441,0.2,0
r_346,AI10316,0.2,0
r_224,AI06624,0.2,0
r_187,AI14324,0.2,0
r_160,AI00820,0.25,0
r_599,AI09382,0.25,0
r_656,AI12034,0.25,0
r_134,AI07734,0.25,0
r_200,AI02051,0.25,0
r_132,AI05006,0.2,0
r_209,AI11671,0.2,0
r_539,AI13342,0.2,0
r_575,AI07362,0.2,0
r_346,AI01001,0.2,0
r_599,AI14512,0.2,0
r_575,AI04287,0.25,0
r_160,AI13713,0.25,0
r_2716,AI03742,0.5,1
r_503,AI05534,0.25,0
r_2136,AI11970,0.5,1
r_2857,AI11105,0.5,1
r_406,AI07810,0.25,0
r_160,AI05534,0.25,0
r_224,AI03596,0.2,0
r_566,AI05391,0.2,0
r_406,AI10371,0.25,0
r_58,AI10545,0.2,0
r_539,AI05518,0.2,0
r_561,AI06069,0.2,0
r_656,AI10422,0.5,1
r_58,AI05865,0.25,0
r_132,AI00366,0.25,0
r_160,AI10784,0.25,0
r_134,AI13913,0.2,0
r_200,AI00712,0.25,0
r_346,AI09171,0.25,0
r_12,AI14770,0.5,1
r_58,AI10371,0.25,0
r_89,AI01837,0.25,0
r_134,AI13730,0.2,0
r_594,AI01430,0.25,0
r_93,AI07011,0.2,0
r_346,AI05350,0.25,0
r_673,AI04124,0.25,0
r_566,AI01673,0.2,0
r_632,AI10316,0.2,0
r_93,AI02299,0.25,0
r_451,AI12856,0.2,0
r_58,AI12212,0.2,0
r_58,AI11705,0.2,0
r_89,AI01933,0.2,0
r_599,AI09286,0.5,1
r_209,AI02592,0.2,0
r_451,AI01370,0.25,0
r_160,AI09030,0.25,0
r_174,AI08375,0.25,0
r_12,AI10864,0.2,0
r_58,AI03803,0.25,0
r_673,AI01619,0.2,0
r_89,AI04852,0.25,0
r_406,AI08133,0.2,0
r_224,AI08816,0.2,0
r_174,AI14500,0.25,0
r_111,AI06684,0.2,0
r_174,AI09992,0.25,0
r_632,AI09782,0.25,0
r_575,AI06758,0.2,0
r_58,AI09079,0.2,0
r_539,AI07019,0.2,0
r_187,AI06050,0.2,0
r_224,AI01490,0.25,0
r_346,AI03351,0.2,0
r_656,AI04776,0.25,0
r_111,AI12640,0.2,0
r_58,AI01488,0.2,0
r_132,AI02478,0.25,0
r_599,AI07685,0.25,0
r_599,AI04970,0.25,0
r_806,AI10434,0.5,1
r_89,AI07340,0.25,0
r_134,AI06547,0.25,0
r_594,AI00545,0.2,0
r_111,AI12155,0.25,0
r_539,AI12029,0.25,0
r_174,AI04403,0.2,0
r_12,AI02174,0.25,0
r_12,AI07202,0.25,0
r_134,AI12880,0.2,0
r_89,AI12019,0.25,0
r_562,AI00683,0.2,0
r_160,AI11376,0.2,0
r_503,AI07291,0.2,0
r_1724,AI14187,0.5,1
r_375,AI04819,0.25,0
r_566,AI14801,0.25,0
r_2155,AI11755,0.5,1
r_58,AI06480,0.25,0
r_134,AI12336,0.2,0
r_656,AI01491,0.25,0
r_539,AI02339,0.2,0
r_566,AI02630,0.25,0
r_111,AI03161,0.2,0
r_375,AI03139,0.25,0
r_451,AI02183,0.25,0
r_2955,AI12780,0.5,1
r_2235,AI09573,0.5,1
r_566,AI14426,0.25,0
r_406,AI13269,0.2,0
r_599,AI06684,0.2,0
r_575,AI05066,0.2,0
r_406,AI07900,0.2,0
r_656,AI12839,0.25,0
r_2869,AI03072,0.5,1
r_599,AI04175,0.2,0
r_224,AI01318,0.2,0
r_134,AI02739,0.25,0
r_599,AI03146,0.25,0
r_575,AI02189,0.2,0
r_2953,AI10995,0.5,1
r_58,AI04499,0.25,0
r_632,AI10587,0.5,1
r_160,AI07022,0.2,0
r_134,AI08010,0.25,0
r_224,AI09838,0.25,0
r_2264,AI10587,0.5,1
r_89,AI11109,0.25,0
r_132,AI14881,0.25,0
r_2922,AI11755,0.5,1
r_2927,AI07018,0.5,1
r_539,AI08699,0.25,0
r_632,AI03604,0.25,0
r_599,AI02344,0.2,0
r_12,AI10646,0.2,0
r_174,AI10910,0.25,0
r_200,AI01651,0.25,0
r_406,AI06479,0.25,0
r_632,AI02975,0.2,0
r_58,AI02483,0.2,0
r_346,AI04878,0.2,0
r_93,AI03803,0.25,0
r_224,AI10475,0.2,0
r_134,AI10447,0.25,0
r_346,AI03772,0.25,0
r_503,AI01439,0.25,0
r_174,AI01216,0.2,0
r_575,AI01162,0.2,0
r_1811,AI01360,0.5,1
r_588,AI13679,0.2,0
r_451,AI05361,0.2,0
r_174,AI10505,0.25,0
r_12,AI07970,0.2,0
r_187,AI00926,0.25,0
r_58,AI01732,0.25,0
r_561,AI11471,0.2,0
r_209,AI01732,0.25,0
r_588,AI09095,0.25,0
r_406,AI05129,0.25,0
r_224,AI05589,0.2,0
r_566,AI00166,0.2,0
r_174,AI04757,0.2,0
r_111,AI02452,0.25,0
r_200,AI04749,0.25,0
r_656,AI04270,0.2,0
r_89,AI03279,0.25,0
r_200,AI08097,0.2,0
r_375,AI13379,0.2,0
r_588,AI11062,0.2,0
r_2195,AI05183,0.5,1
r_209,AI06503,0.2,0
r_375,AI09604,0.2,0
r_174,AI02083,0.2,0
r_588,AI04128,0.2,0
r_673,AI12842,0.25,0
r_562,AI02054,0.5,1
r_93,AI00166,0.2,0
r_160,AI10472,0.25,0
r_132,AI08832,0.2,0
r_89,AI02592,0.2,0
r_111,AI11326,0.2,0
r_2303,AI08383,0.5,1
r_375,AI09869,0.2,0
r_406,AI13133,0.2,0
r_132,AI04807,0.2,0
r_561,AI13157,0.25,0
r_93,AI07448,0.25,0
r_2088,AI10434,0.5,1
r_224,AI14320,0.5,1
r_209,AI08098,0.2,0
r_346,AI06811,0.2,0
r_132,AI01850,0.25,0
r_451,AI03127,0.25,0
r_111,AI11643,0.25,0
r_134,AI13887,0.25,0
r_2940,AI04200,0.5,1
r_599,AI05450,0.2,0
r_566,AI12574,0.25,0
r_2922,AI07230,0.5,1
r_58,AI00910,0.25,0
r_89,AI01731,0.2,0
r_375,AI10463,0.25,0
r_58,AI10291,0.25,0
r_58,AI10305,0.2,0
r_539,AI07410,0.2,0
r_224,AI05875,0.25,0
r_375,AI13209,0.25,0
r_224,AI06784,0.25,0
r_503,AI07296,0.2,0
r_632,AI10212,0.25,0
r_134,AI05848,0.25,0
r_58,AI04970,0.25,0
r_224,AI08743,0.2,0
r_58,AI09674,0.25,0
r_588,AI00100,0.2,0
r_375,AI09202,0.25,0
r_174,AI14485,0.2,0
r_89,AI09647,0.25,0
r_539,AI08246,0.25,0
r_575,AI09137,0.25,0
r_375,AI14500,0.25,0
r_539,AI09267,0.25,0
r_3011,AI10422,0.5,1
r_209,AI12239,0.25,0
r_375,AI02263,0.25,0
r_93,AI09476,0.25,0
r_160,AI08458,0.25,0
r_594,AI07691,0.2,0
r_566,AI09380,0.2,0
r_89,AI06803,0.25,0
r_994,AI11781,0.5,1
r_673,AI09088,0.25,0
r_200,AI12643,0.2,0
r_134,AI11440,0.2,0
r_375,AI12015,0.2,0
r_134,AI14816,0.2,0
r_575,AI01763,0.2,0
r_561,AI04222,0.25,0
r_111,AI11705,0.2,0
r_174,AI02560,0.2,0
r_673,AI08399,0.2,0
r_12,AI12987,0.25,0
r_132,AI11001,0.2,0
r_561,AI04184,0.2,0
r_209,AI08519,0.2,0
r_224,AI08479,0.2,0
r_1027,AI14362,0.5,1
r_588,AI02054,0.5,1
r_89,AI03082,0.25,0
r_111,AI08118,0.2,0
r_673,AI03703,0.25,0
r_12,AI10764,0.2,0
r_209,AI09489,0.2,0
r_561,AI04029,0.25,0
r_594,AI03600,0.2,0
r_594,AI05864,0.2,0
r_111,AI13374,0.25,0
r_575,AI01673,0.2,0
r_632,AI11616,0.2,0
r_134,AI09496,0.25,0
r_134,AI01804,0.25,0
r_93,AI13095,0.25,0
r_187,AI01325,0.25,0
r_503,AI00605,0.2,0
r_406,AI11329,0.25,0
r_12,AI12450,0.25,0
r_503,AI14535,0.25,0
r_111,AI01930,0.25,0
r_200,AI10316,0.2,0
r_200,AI02519,0.2,0
r_224,AI10452,0.25,0
r_451,AI08112,0.2,0
r_174,AI05978,0.25,0
r_200,AI07087,0.2,0
r_134,AI04281,0.25,0
r_111,AI02168,0.25,0
r_503,AI06008,0.2,0
r_599,AI12741,0.25,0
r_599,AI11354,0.2,0
r_2602,AI10026,0.5,1
r_2173,AI11490,0.5,1
r_224,AI04111,0.25,0
r_632,AI06903,0.2,0
r_93,AI00183,0.25,0
r_12,AI11817,0.2,0
r_575,AI12640,0.2,0
r_12,AI11438,0.2,0
r_132,AI12229,0.2,0
r_539,AI03965,0.25,0
r_89,AI00272,0.25,0
r_2940,AI11781,0.5,1
r_134,AI00436,0.5,1
r_132,AI03749,0.25,0
r_111,AI11358,0.25,0
r_160,AI11270,0.2,0
r_174,AI01183,0.25,0
r_209,AI10936,0.25,0
r_187,AI03072,0.5,1
r_599,AI01564,0.25,0
r_200,AI00926,0.25,0
r_12,AI02131,0.25,0
r_599,AI00649,0.2,0
r_224,AI12351,0.25,0
r_562,AI14116,0.2,0
r_224,AI04892,0.25,0
r_93,AI09943,0.2,0
r_93,AI12640,0.2,0
r_224,AI05863,0.25,0
r_89,AI13854,0.25,0
r_1724,AI05301,0.5,1
r_561,AI07753,0.2,0
r_575,AI09685,0.25,0
r_174,AI13469,0.2,0
r_58,AI09342,0.5,1
r_200,AI10799,0.25,0
r_200,AI04541,0.2,0
r_599,AI07253,0.2,0
r_93,AI07022,0.2,0
r_200,AI11781,0.5,1
r_58,AI06879,0.2,0
r_111,AI13443,0.25,0
r_656,AI09615,0.25,0
r_224,AI05248,0.2,0
r_539,AI01541,0.25,0
r_656,AI11506,0.2,0
r_375,AI10330,0.2,0
r_594,AI09412,0.2,0
r_134,AI03524,0.2,0
r_160,AI13233,0.2,0
r_160,AI10587,0.5,1
r_93,AI03058,0.25,0
r_12,AI12192,0.25,0
r_174,AI05075,0.2,0
r_566,AI14925,0.25,0
r_2940,AI10238,0.5,1
r_406,AI02792,0.2,0
r_209,AI07193,0.2,0
r_575,AI10439,0.25,0
r_594,AI02034,0.2,0
r_93,AI07414,0.25,0
r_503,AI02792,0.2,0
r_503,AI13748,0.2,0
r_160,AI03139,0.25,0
r_12,AI10995,0.5,1
r_594,AI14577,0.25,0
r_673,AI11119,0.25,0
r_561,AI12962,0.2,0
r_588,AI00616,0.2,0
r_594,AI01777,0.2,0
r_599,AI01949,0.25,0
r_539,AI00007,0.5,1
r_187,AI00044,0.25,0
r_134,AI02052,0.2,0
r_224,AI01777,0.2,0
r_174,AI00385,0.2,0
r_1640,AI09637,0.5,1
r_594,AI02707,0.25,0
r_451,AI11212,0.5,1
r_375,AI12452,0.2,0
r_132,AI06608,0.25,0
r_503,AI07255,0.2,0
r_224,AI14973,0.2,0
r_224,AI04076,0.25,0
r_632,AI10257,0.25,0
r_503,AI11051,0.25,0
r_709,AI10551,0.5,1
r_375,AI11507,0.25,0
r_562,AI04184,0.2,0
r_89,AI07909,0.2,0
r_451,AI04184,0.2,0
r_224,AI08183,0.25,0
r_2292,AI14063,0.5,1
r_346,AI00415,0.2,0
r_561,AI11329,0.25,0
r_187,AI05821,0.25,0
r_451,AI05660,0.25,0
r_594,AI02558,0.2,0
r_656,AI06995,0.25,0
r_111,AI13872,0.2,0
r_375,AI07301,0.2,0
r_12,AI10016,0.25,0
r_561,AI11419,0.25,0
r_594,AI14981,0.2,0
r_132,AI11212,0.5,1
r_174,AI05876,0.2,0
r_561,AI13776,0.25,0
r_588,AI07685,0.25,0
r_134,AI05483,0.2,0
r_346,AI09830,0.25,0
r_503,AI05391,0.2,0
r_93,AI09286,0.5,1
r_160,AI02846,0.2,0
r_12,AI00656,0.25,0
r_632,AI14610,0.2,0
r_792,AI05183,0.5,1
r_575,AI04100,0.25,0
r_539,AI06440,0.2,0
r_575,AI13728,0.2,0
r_406,AI01488,0.2,0
r_111,AI12574,0.25,0
r_566,AI03189,0.25,0
r_539,AI09941,0.25,0
r_12,AI03728,0.2,0
r_160,AI04695,0.2,0
r_503,AI14512,0.2,0
r_673,AI00997,0.25,0
r_12,AI09302,0.2,0
r_594,AI08743,0.2,0
r_561,AI05190,0.2,0
r_174,AI04418,0.2,0
r_58,AI12604,0.25,0
r_346,AI02168,0.25,0
r_111,AI02192,0.2,0
r_174,AI14950,0.2,0
r_209,AI07398,0.2,0
r_89,AI12763,0.25,0
r_561,AI01358,0.25,0
r_187,AI00569,0.25,0
r_187,AI11484,0.25,0
r_187,AI13854,0.25,0
r_656,AI14585,0.25,0
r_503,AI07860,0.2,0
r_200,AI02556,0.25,0
r_599,AI10276,0.25,0
r_346,AI00172,0.2,0
r_111,AI12288,0.2,0
r_503,AI01489,0.25,0
r_562,AI10294,0.25,0
r_673,AI03690,0.25,0
r_673,AI04599,0.25,0
r_561,AI09079,0.2,0
r_134,AI00353,0.25,0
r_673,AI02366,0.2,0
r_656,AI05891,0.25,0
r_58,AI02452,0.25,0
r_406,AI08397,0.2,0
r_160,AI14307,0.25,0
r_575,AI04270,0.2,0
r_187,AI08174,0.2,0
r_575,AI13334,0.2,0
r_132,AI04287,0.25,0
r_503,AI14333,0.2,0
r_89,AI14671,0.25,0
r_406,AI04911,0.2,0
r_594,AI10629,0.2,0
r_632,AI08458,0.25,0
r_187,AI07980,0.2,0
r_89,AI02992,0.2,0
r_224,AI08021,0.2,0
r_187,AI10508,0.25,0
r_93,AI09230,0.25,0
r_562,AI03610,0.2,0
r_134,AI06150,0.2,0
r_58,AI10331,0.25,0
r_174,AI01410,0.25,0
r_174,AI11280,0.25,0
r_406,AI12839,0.25,0
r_539,AI10704,0.2,0
r_346,AI01988,0.2,0
r_575,AI11705,0.2,0
r_209,AI08035,0.2,0
r_562,AI12596,0.25,0
r_93,AI03328,0.2,0
r_111,AI12208,0.2,0
r_209,AI09771,0.25,0
r_93,AI02263,0.25,0
r_539,AI05433,0.2,0
r_346,AI07278,0.2,0
r_594,AI12780,0.5,1
r_2130,AI11212,0.5,1
r_160,AI11784,0.25,0
r_134,AI07506,0.25,0
r_375,AI00225,0.25,0
r_134,AI09212,0.25,0
r_160,AI06580,0.2,0
r_93,AI00020,0.2,0
r_209,AI01671,0.2,0
r_12,AI01179,0.25,0
r_174,AI07336,0.2,0
r_174,AI08350,0.25,0
r_632,AI12600,0.2,0
r_539,AI03770,0.25,0
r_200,AI04833,0.2,0
r_132,AI13727,0.2,0
r_12,AI13260,0.2,0
r_12,AI06416,0.25,0
r_632,AI07291,0.2,0
r_2088,AI11105,0.5,1
r_160,AI06874,0.25,0
r_561,AI10472,0.25,0
r_406,AI08351,0.25,0
r_709,AI00007,0.5,1
r_12,AI09843,0.5,1
r_200,AI12152,0.2,0
r_58,AI03189,0.25,0
r_187,AI08179,0.25,0
r_12,AI01938,0.2,0
r_673,AI05613,0.25,0
r_561,AI05429,0.2,0
r_656,AI14164,0.25,0
r_632,AI08581,0.25,0
r_566,AI06175,0.25,0
r_58,AI12990,0.2,0
r_89,AI04752,0.25,0
r_132,AI09030,0.25,0
r_1568,AI04200,0.5,1
r_200,AI01709,0.2,0
r_451,AI07087,0.2,0
r_588,AI11902,0.25,0
r_93,AI00866,0.2,0
r_406,AI01253,0.25,0
r_346,AI13209,0.25,0
r_58,AI09380,0.2,0
r_2264,AI10648,0.5,1
r_656,AI13908,0.25,0
r_111,AI02510,0.25,0
r_111,AI10799,0.25,0
r_588,AI00305,0.2,0
r_1952,AI05568,0.5,1
r_575,AI12511,0.25,0
r_375,AI09761,0.25,0
r_12,AI02056,0.2,0
r_1952,AI09573,0.5,1
r_1253,AI13736,0.5,1
r_160,AI12179,0.25,0
r_174,AI01222,0.2,0
r_132,AI08297,0.25,0
r_594,AI04452,0.2,0
r_2063,AI08705,0.5,1
r_963,AI11748,0.5,1
r_58,AI03950,0.25,0
r_346,AI10388,0.25,0
r_12,AI08999,0.25,0
r_406,AI14029,0.25,0
r_503,AI10709,0.25,0
r_187,AI07087,0.2,0
r_588,AI01873,0.25,0
r_599,AI05361,0.2,0
r_346,AI07980,0.2,0
r_451,AI00063,0.25,0
r_224,AI09771,0.25,0
r_12,AI13957,0.25,0
r_58,AI11285,0.25,0
r_224,AI03124,0.2,0
r_174,AI11875,0.2,0
r_1823,AI10434,0.5,1
r_562,AI01173,0.25,0
r_174,AI10853,0.25,0
r_503,AI01534,0.25,0
r_174,AI04918,0.25,0
r_12,AI05868,0.25,0
r_209,AI04904,0.2,0
r_12,AI06806,0.2,0
r_160,AI13776,0.25,0
r_111,AI07230,0.5,1
r_224,AI02712,0.25,0
r_224,AI08517,0.2,0
r_599,AI14911,0.2,0
r_539,AI09434,0.5,1
r_2602,AI14781,0.5,1
r_539,AI02931,0.25,0
r_566,AI04734,0.2,0
r_1955,AI10995,0.5,1
r_187,AI09777,0.25,0
r_406,AI12138,0.25,0
r_588,AI02539,0.25,0
r_451,AI12065,0.2,0
r_160,AI09010,0.2,0
r_575,AI12073,0.25,0
r_588,AI07016,0.2,0
r_656,AI12184,0.2,0
r_575,AI06723,0.2,0
r_209,AI06806,0.2,0
r_406,AI06204,0.2,0
r_406,AI06514,0.25,0
r_111,AI06692,0.2,0
r_174,AI06521,0.2,0
r_346,AI10767,0.2,0
r_174,AI01211,0.25,0
r_160,AI09380,0.2,0
r_346,AI09655,0.2,0
r_561,AI10695,0.2,0
r_58,AI01735,0.25,0
r_89,AI13974,0.25,0
r_224,AI09039,0.2,0
r_224,AI05986,0.25,0
r_200,AI14236,0.25,0
r_588,AI08690,0.2,0
r_575,AI04931,0.2,0
r_132,AI13086,0.2,0
r_346,AI01162,0.2,0
r_89,AI02707,0.25,0
r_111,AI07255,0.2,0
r_594,AI04506,0.2,0
r_503,AI01594,0.25,0
r_89,AI11725,0.5,1
r_539,AI02630,0.25,0
r_375,AI03639,0.25,0
r_111,AI08679,0.25,0
r_93,AI09879,0.2,0
r_2602,AI05651,0.5,1
r_594,AI10706,0.25,0
r_224,AI05883,0.2,0
r_93,AI07498,0.25,0
r_451,AI09674,0.25,0
r_160,AI05209,0.25,0
r_2922,AI10238,0.5,1
r_58,AI11748,0.5,1
r_561,AI05534,0.25,0
r_58,AI13493,0.25,0
r_12,AI11713,0.25,0
r_132,AI00166,0.2,0
r_187,AI00770,0.25,0
r_200,AI14500,0.25,0
r_224,AI01087,0.2,0
r_539,AI09121,0.25,0
r_224,AI08831,0.25,0
r_1154,AI05177,0.5,1
r_187,AI11918,0.25,0
r_599,AI10648,0.5,1
r_346,AI07032,0.2,0
r_562,AI11444,0.25,0
r_588,AI14927,0.2,0
r_451,AI09899,0.2,0
r_134,AI11567,0.25,0
r_406,AI13197,0.25,0
r_599,AI05534,0.25,0
r_346,AI13754,0.25,0
r_132,AI13209,0.25,0
r_539,AI06530,0.25,0
r_656,AI07400,0.2,0
r_375,AI11901,0.25,0
r_12,AI03430,0.2,0
r_406,AI11827,0.25,0
r_134,AI04068,0.25,0
r_673,AI06767,0.2,0
r_111,AI13095,0.25,0
r_93,AI00288,0.2,0
r_451,AI12981,0.2,0
r_539,AI10480,0.2,0
r_346,AI04766,0.25,0
r_566,AI13810,0.2,0
r_656,AI01011,0.25,0
r_2927,AI03742,0.5,1
r_451,AI05425,0.2,0
r_132,AI08844,0.2,0
r_539,AI12371,0.25,0
r_209,AI09043,0.2,0
r_503,AI12424,0.2,0
r_93,AI10906,0.25,0
r_89,AI10468,0.25,0
r_375,AI13475,0.25,0
r_58,AI05177,0.5,1
r_111,AI06877,0.2,0
r_160,AI13443,0.25,0
r_58,AI07423,0.25,0
r_132,AI14333,0.2,0
r_673,AI11521,0.2,0
r_503,AI07087,0.2,0
r_673,AI14654,0.25,0
r_346,AI10212,0.25,0
r_132,AI06833,0.25,0
r_111,AI11558,0.2,0
r_58,AI04702,0.25,0
r_134,AI00545,0.2,0
r_58,AI07860,0.2,0
r_1058,AI03072,0.5,1
r_346,AI13095,0.25,0
r_58,AI11525,0.25,0
r_134,AI13734,0.25,0
r_200,AI04734,0.2,0
r_566,AI14756,0.25,0
r_346,AI08013,0.2,0
r_58,AI01594,0.25,0
r_599,AI14335,0.2,0
r_599,AI14352,0.25,0
r_134,AI00049,0.2,0
r_224,AI04722,0.5,1
r_632,AI09994,0.25,0
r_1551,AI11959,0.5,1
r_503,AI01026,0.2,0
r_224,AI05873,0.25,0
r_134,AI03502,0.25,0
r_187,AI09761,0.25,0
r_451,AI01033,0.25,0
r_346,AI07832,0.25,0
r_12,AI09643,0.25,0
r_3011,AI11212,0.5,1
r_89,AI01469,0.25,0
r_111,AI04345,0.25,0
r_89,AI07513,0.2,0
r_200,AI00238,0.2,0
r_134,AI01238,0.25,0
r_599,AI14333,0.2,0
r_575,AI11028,0.2,0
r_503,AI07156,0.25,0
r_599,AI06903,0.2,0
r_200,AI01500,0.25,0
r_566,AI10958,0.2,0
r_2940,AI04896,0.5,1
r_451,AI10784,0.25,0
r_632,AI02183,0.25,0
r_174,AI08735,0.2,0
r_346,AI09342,0.5,1
r_588,AI00974,0.25,0
r_160,AI04896,0.5,1
r_575,AI01062,0.2,0
r_561,AI01969,0.2,0
r_224,AI04909,0.25,0
r_599,AI11212,0.5,1
r_562,AI05376,0.25,0
r_632,AI06008,0.2,0
r_503,AI05433,0.2,0
r_134,AI10769,0.25,0
r_673,AI00337,0.25,0
r_539,AI11633,0.2,0
r_200,AI02736,0.2,0
r_451,AI07625,0.25,0
r_93,AI10080,0.2,0
r_594,AI03728,0.2,0
r_160,AI07810,0.25,0
r_599,AI05192,0.2,0
r_346,AI05948,0.25,0
r_12,AI13279,0.2,0
r_503,AI04678,0.2,0
r_562,AI14464,0.2,0
r_451,AI01541,0.25,0
r_575,AI07113,0.25,0
r_58,AI04009,0.2,0
r_89,AI09258,0.2,0
r_174,AI00733,0.25,0
r_89,AI06932,0.25,0
r_1955,AI14649,0.5,1
r_89,AI04280,0.25,0
r_406,AI13935,0.2,0
r_406,AI10233,0.25,0
r_539,AI13233,0.2,0
r_134,AI13490,0.2,0
r_200,AI13318,0.25,0
r_224,AI07049,0.25,0
r_503,AI06729,0.25,0
r_451,AI10422,0.5,1
r_599,AI12152,0.2,0
r_632,AI01479,0.2,0
r_200,AI08278,0.25,0
r_187,AI14061,0.2,0
r_174,AI08080,0.25,0
r_539,AI11484,0.25,0
r_539,AI10905,0.25,0
r_451,AI08699,0.25,0
r_111,AI10829,0.25,0
r_58,AI07165,0.2,0
r_111,AI11154,0.25,0
r_224,AI04757,0.2,0
r_656,AI00431,0.2,0
r_1058,AI06825,0.5,1
r_209,AI08834,0.2,0
r_58,AI10715,0.2,0
r_588,AI11620,0.2,0
r_451,AI06874,0.25,0
r_566,AI08644,0.25,0
r_539,AI09717,0.2,0
r_451,AI12964,0.25,0
r_406,AI02900,0.25,0
r_375,AI11525,0.25,0
r_575,AI05923,0.2,0
r_561,AI10551,0.5,1
r_93,AI08018,0.2,0
r_632,AI08515,0.25,0
r_566,AI04550,0.25,0
r_451,AI12288,0.2,0
r_58,AI06749,0.25,0
r_132,AI02678,0.25,0
r_561,AI10305,0.2,0
r_673,AI02644,0.2,0
r_224,AI12880,0.2,0
r_1828,AI08568,0.5,1
r_406,AI06938,0.25,0
r_375,AI10508,0.25,0
r_503,AI04738,0.25,0
r_134,AI05052,0.2,0
r_111,AI06855,0.25,0
r_656,AI04550,0.25,0
r_58,AI09058,0.25,0
r_132,AI12384,0.25,0
r_209,AI13489,0.2,0
r_673,AI12442,0.2,0
r_673,AI00111,0.25,0
r_346,AI02098,0.2,0
r_656,AI10621,0.25,0
r_224,AI07340,0.25,0
r_656,AI02359,0.2,0
r_89,AI06004,0.25,0
r_594,AI01837,0.25,0
r_132,AI03772,0.25,0
r_89,AI00691,0.25,0
r_588,AI14801,0.25,0
r_599,AI12784,0.2,0
r_2489,AI10648,0.5,1
r_594,AI08401,0.2,0
r_1702,AI14320,0.5,1
r_111,AI12875,0.25,0
r_200,AI02040,0.25,0
r_93,AI12706,0.25,0
r_656,AI11326,0.2,0
r_58,AI11001,0.2,0
r_134,AI10904,0.25,0
r_346,AI09230,0.25,0
r_1231,AI05177,0.5,1
r_224,AI11742,0.2,0
r_539,AI03155,0.2,0
r_588,AI12112,0.2,0
r_566,AI14793,0.25,0
r_566,AI07400,0.2,0
r_58,AI09896,0.25,0
r_539,AI07253,0.2,0
r_562,AI01387,0.2,0
r_656,AI09006,0.25,0
r_575,AI02578,0.2,0
r_561,AI07423,0.25,0
r_503,AI10859,0.25,0
r_588,AI13754,0.25,0
r_160,AI12795,0.2,0
r_160,AI07253,0.2,0
r_599,AI10315,0.2,0
r_588,AI09955,0.2,0
r_599,AI01643,0.2,0
r_503,AI11061,0.25,0
r_562,AI03509,0.2,0
r_539,AI00690,0.25,0
r_89,AI01934,0.2,0
r_599,AI09720,0.2,0
r_561,AI14987,0.25,0
r_134,AI13762,0.25,0
r_209,AI06509,0.25,0
r_224,AI05968,0.2,0
r_209,AI05402,0.2,0
r_451,AI11410,0.25,0
r_174,AI05527,0.2,0
r_656,AI08458,0.25,0
r_588,AI09489,0.2,0
r_12,AI08110,0.25,0
r_187,AI14169,0.25,0
r_2724,AI07910,0.5,1
r_132,AI09899,0.2,0
r_132,AI03358,0.2,0
r_451,AI06561,0.25,0
r_588,AI09637,0.5,1
r_200,AI01011,0.25,0
r_209,AI14973,0.2,0
r_174,AI02972,0.25,0
r_594,AI05653,0.25,0
r_187,AI03319,0.25,0
r_451,AI06479,0.25,0
r_2895,AI09573,0.5,1
r_566,AI03843,0.25,0
r_1417,AI08383,0.5,1
r_632,AI12723,0.2,0
r_93,AI08025,0.2,0
r_599,AI14116,0.2,0
r_160,AI07731,0.25,0
r_594,AI05345,0.25,0
r_562,AI07446,0.25,0
r_111,AI14589,0.2,0
r_1952,AI02466,0.5,1
r_451,AI11522,0.25,0
r_562,AI11705,0.2,0
r_588,AI09603,0.25,0
r_111,AI07253,0.2,0
r_503,AI02344,0.2,0
r_566,AI01873,0.25,0
r_566,AI09079,0.2,0
r_346,AI01139,0.2,0
r_575,AI11001,0.2,0
r_656,AI02182,0.2,0
r_160,AI04200,0.5,1
r_588,AI03424,0.25,0
r_132,AI02483,0.2,0
r_632,AI03950,0.25,0
r_588,AI01086,0.2,0
r_2922,AI10587,0.5,1
r_406,AI00020,0.2,0
r_224,AI08461,0.2,0
r_575,AI05425,0.2,0
r_594,AI02421,0.25,0
r_1702,AI11104,0.5,1
r_451,AI10024,0.25,0
r_224,AI14670,0.2,0
r_562,AI00761,0.2,0
r_12,AI09789,0.2,0
r_656,AI08195,0.2,0
r_58,AI06230,0.25,0
r_575,AI13367,0.25,0
r_503,AI10363,0.25,0
r_160,AI06601,0.25,0
r_160,AI00867,0.2,0
r_594,AI11009,0.25,0
r_503,AI09674,0.25,0
r_174,AI01086,0.2,0
r_2063,AI08219,0.5,1
r_575,AI12490,0.25,0
r_200,AI10822,0.2,0
r_111,AI13086,0.2,0
r_200,AI14658,0.25,0
r_566,AI04270,0.2,0
r_209,AI12422,0.25,0
r_451,AI13473,0.2,0
r_200,AI13367,0.25,0
r_632,AI08351,0.25,0
r_111,AI00270,0.2,0
r_160,AI08297,0.25,0
r_503,AI08118,0.2,0
r_160,AI02826,0.25,0
r_561,AI00270,0.2,0
r_561,AI08770,0.2,0
r_89,AI14039,0.2,0
r_132,AI04181,0.2,0
r_89,AI01367,0.2,0
r_599,AI07410,0.2,0
r_594,AI12409,0.2,0
r_756,AI09286,0.5,1
r_160,AI09233,0.25,0
r_451,AI10551,0.5,1
r_89,AI05893,0.25,0
r_539,AI11154,0.25,0
r_375,AI02782,0.25,0
r_599,AI00867,0.2,0
r_134,AI05691,0.2,0
r_656,AI12382,0.25,0
r_2489,AI11748,0.5,1
r_93,AI03649,0.25,0
r_200,AI09202,0.25,0
r_451,AI11326,0.2,0
r_209,AI08816,0.2,0
r_132,AI06874,0.25,0
r_1773,AI11959,0.5,1
r_594,AI14911,0.2,0
r_187,AI00690,0.25,0
r_174,AI14856,0.25,0
r_969,AI00273,0.5,1
r_375,AI09603,0.25,0
r_160,AI06936,0.2,0
r_224,AI13248,0.25,0
r_632,AI11525,0.25,0
r_93,AI11748,0.5,1
r_132,AI01886,0.25,0
r_58,AI10859,0.25,0
r_58,AI07555,0.2,0
r_994,AI00156,0.5,1
r_132,AI13101,0.25,0
r_200,AI12868,0.2,0
r_451,AI11712,0.2,0
r_111,AI01665,0.25,0
r_2848,AI02466,0.5,1
r_200,AI12604,0.25,0
r_588,AI01387,0.2,0
r_58,AI07851,0.2,0
r_224,AI04379,0.2,0
r_566,AI09383,0.25,0
r_174,AI00796,0.25,0
r_132,AI10970,0.2,0
r_566,AI07103,0.25,0
r_224,AI07007,0.25,0
r_134,AI02431,0.2,0
r_89,AI02979,0.25,0
r_539,AI09030,0.25,0
r_134,AI04633,0.2,0
r_451,AI03934,0.2,0
r_406,AI09995,0.2,0
r_503,AI01062,0.2,0
r_503,AI12237,0.2,0
r_58,AI14751,0.2,0
r_200,AI01943,0.25,0
r_673,AI05742,0.25,0
r_187,AI07674,0.25,0
r_539,AI09307,0.25,0
r_224,AI00353,0.25,0
r_134,AI04877,0.25,0
r_58,AI00208,0.2,0
r_594,AI04471,0.2,0
r_406,AI13165,0.2,0
r_539,AI13885,0.2,0
r_599,AI13356,0.2,0
r_632,AI02021,0.25,0
r_594,AI09771,0.25,0
r_187,AI14086,0.2,0
r_209,AI04611,0.2,0
r_174,AI00696,0.25,0
r_12,AI04100,0.25,0
r_132,AI13758,0.25,0
r_111,AI14733,0.2,0
r_111,AI08354,0.25,0
r_89,AI06893,0.25,0
r_89,AI00064,0.25,0
r_160,AI12424,0.2,0
r_503,AI07663,0.25,0
r_406,AI01283,0.2,0
r_599,AI06879,0.2,0
r_224,AI12152,0.2,0
r_673,AI10535,0.2,0
r_2940,AI02466,0.5,1
r_12,AI02567,0.25,0
r_160,AI02359,0.2,0
r_93,AI00063,0.25,0
r_562,AI03016,0.25,0
r_174,AI14654,0.25,0
r_200,AI05635,0.2,0
r_566,AI04201,0.2,0
r_111,AI06171,0.2,0
r_58,AI00288,0.2,0
r_93,AI00402,0.2,0
r_200,AI12371,0.25,0
r_111,AI02578,0.2,0
r_2088,AI12950,0.5,1
r_588,AI00238,0.2,0
r_406,AI09171,0.25,0
r_599,AI02578,0.2,0
r_599,AI01358,0.25,0
r_451,AI00007,0.5,1
r_539,AI00167,0.25,0
r_93,AI12715,0.25,0
r_599,AI11484,0.25,0
r_209,AI00972,0.25,0
r_187,AI01631,0.2,0
r_599,AI06811,0.2,0
r_224,AI03594,0.25,0
r_406,AI14987,0.25,0
r_656,AI09953,0.25,0
r_134,AI14361,0.2,0
r_673,AI08919,0.25,0
r_594,AI07958,0.2,0
r_89,AI12923,0.2,0
r_575,AI04833,0.2,0
r_375,AI04761,0.2,0
r_561,AI14151,0.25,0
r_632,AI01117,0.2,0
r_566,AI00288,0.2,0
r_346,AI06514,0.25,0
r_575,AI08819,0.2,0
r_594,AI06503,0.2,0
r_2063,AI01474,0.5,1
r_656,AI01673,0.2,0
r_599,AI12000,0.25,0
r_375,AI13619,0.25,0
r_561,AI10970,0.2,0
r_575,AI10173,0.2,0
r_346,AI04270,0.2,0
r_58,AI02430,0.25,0
r_224,AI06078,0.25,0
r_58,AI04911,0.2,0
r_111,AI13342,0.2,0
r_406,AI12640,0.2,0
r_539,AI10767,0.2,0
r_566,AI01786,0.25,0
r_566,AI06274,0.2,0
r_656,AI04247,0.25,0
r_200,AI14471,0.2,0
r_632,AI05603,0.25,0
r_566,AI06561,0.25,0
r_187,AI02359,0.2,0
r_134,AI09050,0.25,0
r_566,AI13341,0.25,0
r_200,AI11760,0.25,0
r_2292,AI09573,0.5,1
r_187,AI08993,0.2,0
r_406,AI02350,0.25,0
r_673,AI13917,0.25,0
r_406,AI04091,0.25,0
r_111,AI02673,0.25,0
r_58,AI03762,0.25,0
r_599,AI01057,0.25,0
r_134,AI11899,0.2,0
r_132,AI09785,0.2,0
r_111,AI03772,0.25,0
r_224,AI08999,0.25,0
r_93,AI14187,0.5,1
r_451,AI04041,0.2,0
r_566,AI06715,0.2,0
r_174,AI00219,0.2,0
r_132,AI00156,0.5,1
r_89,AI12214,0.25,0
r_12,AI11041,0.2,0
r_132,AI06921,0.2,0
r_134,AI14676,0.2,0
r_134,AI07745,0.25,0
r_599,AI02378,0.25,0
r_132,AI08397,0.2,0
r_132,AI07230,0.5,1
r_111,AI06480,0.25,0
r_539,AI12643,0.2,0
r_632,AI02057,0.25,0
r_566,AI06869,0.25,0
r_174,AI12468,0.25,0
r_561,AI14029,0.25,0
r_561,AI08429,0.5,1
r_656,AI05923,0.2,0
r_575,AI03634,0.25,0
r_1261,AI05568,0.5,1
r_187,AI05754,0.2,0
r_224,AI02800,0.2,0
r_503,AI14849,0.25,0
r_200,AI10212,0.25,0
r_539,AI14136,0.2,0
r_599,AI14254,0.2,0
r_134,AI10629,0.2,0
r_132,AI01051,0.25,0
r_224,AI10081,0.25,0
r_599,AI01175,0.2,0
r_539,AI01283,0.2,0
r_224,AI11683,0.2,0
r_209,AI09316,0.2,0
r_632,AI11843,0.25,0
r_346,AI14445,0.2,0
r_673,AI10069,0.25,0
r_632,AI14445,0.2,0
r_575,AI01930,0.25,0
r_503,AI04994,0.2,0
r_134,AI04066,0.2,0
r_58,AI02550,0.25,0
r_539,AI03649,0.25,0
r_134,AI13713,0.25,0
r_346,AI09899,0.2,0
r_12,AI07358,0.25,0
r_451,AI03795,0.25,0
r_174,AI02114,0.2,0
r_89,AI02467,0.2,0
r_174,AI02366,0.2,0
r_503,AI08083,0.2,0
r_994,AI14063,0.5,1
r_656,AI14927,0.2,0
r_12,AI00545,0.2,0
r_632,AI13777,0.2,0
r_561,AI05594,0.25,0
r_539,AI13086,0.2,0
r_12,AI05986,0.25,0
r_562,AI08581,0.25,0
r_2366,AI06825,0.5,1
r_209,AI11582,0.25,0
r_111,AI11448,0.25,0
r_588,AI09619,0.2,0
r_346,AI10276,0.25,0
r_209,AI00753,0.2,0
r_632,AI11918,0.25,0
r_632,AI02826,0.25,0
r_224,AI09012,0.25,0
r_632,AI10276,0.25,0
r_673,AI03044,0.5,1
r_562,AI10404,0.25,0
r_346,AI11072,0.25,0
r_566,AI08533,0.2,0
r_566,AI09526,0.25,0
r_632,AI09717,0.2,0
r_132,AI12125,0.25,0
r_562,AI14169,0.25,0
r_575,AI01368,0.2,0
r_673,AI07512,0.2,0
r_200,AI08519,0.2,0
r_209,AI13602,0.2,0
r_200,AI14792,0.2,0
r_539,AI05163,0.2,0
r_58,AI05148,0.2,0
r_174,AI04024,0.2,0
r_111,AI12604,0.25,0
r_539,AI04277,0.2,0
r_134,AI05693,0.25,0
r_187,AI14981,0.2,0
r_575,AI12000,0.25,0
r_539,AI06709,0.2,0
r_451,AI08473,0.25,0
r_134,AI06569,0.2,0
r_93,AI10720,0.25,0
r_346,AI05033,0.25,0
r_187,AI14528,0.2,0
r_93,AI00305,0.2,0
r_2937,AI04722,0.5,1
r_111,AI01777,0.2,0
r_562,AI13785,0.2,0
r_224,AI05860,0.25,0
r_160,AI06877,0.2,0
r_588,AI07255,0.2,0
r_375,AI12596,0.25,0
r_594,AI08354,0.25,0
r_209,AI05740,0.25,0
r_89,AI13748,0.2,0
r_346,AI05192,0.2,0
r_575,AI12288,0.2,0
r_594,AI07798,0.2,0
r_346,AI11843,0.25,0
r_575,AI04128,0.2,0
r_561,AI11444,0.25,0
r_561,AI03995,0.2,0
r_599,AI13157,0.25,0
r_2063,AI14781,0.5,1
r_1741,AI13736,0.5,1
r_375,AI03843,0.25,0
r_12,AI12502,0.2,0
r_209,AI06350,0.25,0
r_539,AI00604,0.25,0
r_539,AI02675,0.2,0
r_375,AI12416,0.25,0
r_134,AI07021,0.2,0
r_93,AI05689,0.2,0
r_575,AI09457,0.25,0
r_561,AI00990,0.25,0
r_673,AI03560,0.2,0
r_451,AI04430,0.25,0
r_503,AI12784,0.2,0
r_224,AI05632,0.25,0
r_134,AI13371,0.2,0
r_594,AI02899,0.25,0
r_375,AI02192,0.2,0
r_209,AI13350,0.25,0
r_1724,AI11755,0.5,1
r_89,AI13625,0.25,0
r_594,AI06694,0.5,1
r_160,AI01228,0.2,0
r_111,AI14500,0.25,0
r_93,AI04911,0.2,0
r_656,AI06474,0.2,0
r_673,AI08740,0.2,0
r_134,AI06078,0.25,0
r_12,AI02929,0.2,0
r_588,AI06162,0.2,0
r_346,AI03803,0.25,0
r_89,AI08116,0.2,0
r_1741,AI09573,0.5,1
r_209,AI06738,0.25,0
r_709,AI14187,0.5,1
r_160,AI14961,0.2,0
r_134,AI12220,0.25,0
r_160,AI13475,0.25,0
r_187,AI01001,0.2,0
r_160,AI02965,0.2,0
r_375,AI00007,0.5,1
r_132,AI06440,0.2,0
r_12,AI12072,0.2,0
r_160,AI05807,0.2,0
r_200,AI08233,0.2,0
r_539,AI01838,0.25,0
r_134,AI04397,0.25,0
r_588,AI06212,0.25,0
r_187,AI12362,0.2,0
r_134,AI13677,0.25,0
r_594,AI02174,0.25,0
r_134,AI08693,0.2,0
r_160,AI08984,0.2,0
r_451,AI09089,0.25,0
r_111,AI05534,0.25,0
r_174,AI01369,0.5,1
r_406,AI13776,0.25,0
r_406,AI03236,0.2,0
r_346,AI04695,0.2,0
r_346,AI14390,0.25,0
r_375,AI05450,0.2,0
r_673,AI13788,0.2,0
r_594,AI08874,0.2,0
r_451,AI03411,0.25,0
r_575,AI07820,0.25,0
r_539,AI07954,0.2,0
r_451,AI03009,0.2,0
r_656,AI01988,0.2,0
r_174,AI02162,0.5,1
r_562,AI09157,0.2,0
r_963,AI10238,0.5,1
r_12,AI11725,0.5,1
r_673,AI11876,0.2,0
r_12,AI12472,0.2,0
r_594,AI13911,0.25,0
r_93,AI05468,0.25,0
r_503,AI13209,0.25,0
r_562,AI09957,0.2,0
r_656,AI10238,0.5,1
r_160,AI13493,0.25,0
r_93,AI11569,0.25,0
r_594,AI05632,0.25,0
r_160,AI03146,0.25,0
r_58,AI13379,0.2,0
r_111,AI05365,0.25,0
r_2173,AI09637,0.5,1
r_187,AI05361,0.2,0
r_111,AI04201,0.2,0
r_346,AI09565,0.25,0
r_134,AI14061,0.2,0
r_406,AI09372,0.2,0
r_132,AI06530,0.25,0
r_200,AI04018,0.25,0
r_89,AI11730,0.25,0
r_539,AI06308,0.2,0
r_111,AI06569,0.2,0
r_539,AI10463,0.25,0
r_58,AI12995,0.2,0
r_224,AI03106,0.2,0
r_12,AI04533,0.25,0
r_89,AI09346,0.25,0
r_406,AI12015,0.2,0
r_132,AI01665,0.25,0
r_111,AI05439,0.2,0
r_561,AI05202,0.2,0
r_93,AI11643,0.25,0
r_594,AI04280,0.25,0
r_588,AI10760,0.2,0
r_58,AI13334,0.2,0
r_346,AI08278,0.25,0
r_160,AI09566,0.2,0
r_93,AI05209,0.25,0
r_561,AI06050,0.2,0
r_599,AI04766,0.25,0
r_566,AI10272,0.25,0
r_200,AI03610,0.2,0
r_111,AI03042,0.2,0
r_93,AI11843,0.25,0
r_93,AI01985,0.25,0
r_187,AI13558,0.2,0
r_375,AI02483,0.2,0
r_89,AI04716,0.2,0
r_562,AI11986,0.2,0
r_451,AI05202,0.2,0
r_503,AI08966,0.25,0
r_451,AI11246,0.25,0
r_594,AI00142,0.2,0
r_673,AI07686,0.2,0
r_58,AI04550,0.25,0
r_575,AI14787,0.25,0
r_58,AI12745,0.25,0
r_451,AI04122,0.2,0
r_406,AI14352,0.25,0
r_209,AI11093,0.2,0
r_89,AI03287,0.25,0
r_451,AI12868,0.2,0
r_806,AI05612,0.5,1
r_783,AI10587,0.5,1
r_673,AI10617,0.25,0
r_594,AI14863,0.25,0
r_632,AI14517,0.25,0
r_58,AI13386,0.25,0
r_160,AI08013,0.2,0
r_656,AI08966,0.25,0
r_503,AI05342,0.2,0
r_375,AI14699,0.2,0
r_599,AI10235,0.2,0
r_12,AI01836,0.2,0
r_89,AI07048,0.2,0
r_134,AI08605,0.25,0
r_58,AI13777,0.2,0
r_562,AI12930,0.25,0
r_89,AI02067,0.2,0
r_200,AI01117,0.2,0
r_89,AI12006,0.25,0
r_224,AI13893,0.25,0
r_406,AI08966,0.25,0
r_575,AI05534,0.25,0
r_566,AI02900,0.25,0
r_451,AI04807,0.2,0
r_134,AI04012,0.2,0
r_503,AI13854,0.25,0
r_111,AI04695,0.2,0
r_1773,AI10422,0.5,1
r_375,AI06709,0.2,0
r_224,AI03615,0.2,0
r_1741,AI09066,0.5,1
r_187,AI07336,0.2,0
r_656,AI09427,0.2,0
r_160,AI14775,0.25,0
r_656,AI00690,0.25,0
r_346,AI04105,0.2,0
r_562,AI05129,0.25,0
r_160,AI04970,0.25,0
r_132,AI01488,0.2,0
r_174,AI08604,0.2,0
r_594,AI09876,0.25,0
r_200,AI03762,0.25,0
r_566,AI08652,0.25,0
r_375,AI10346,0.25,0
r_632,AI02161,0.2,0
r_539,AI09157,0.2,0
r_406,AI13908,0.25,0
r_575,AI06069,0.2,0
r_539,AI09894,0.2,0
r_632,AI00447,0.2,0
r_594,AI10698,0.25,0
r_160,AI06995,0.25,0
r_406,AI08844,0.2,0
r_451,AI10760,0.2,0
r_562,AI05471,0.25,0
r_503,AI04184,0.2,0
r_673,AI01682,0.25,0
r_599,AI05631,0.2,0
r_132,AI04761,0.2,0
r_93,AI10828,0.2,0
r_539,AI05183,0.5,1
r_3002,AI11755,0.5,1
r_111,AI02965,0.2,0
r_132,AI09627,0.25,0
r_575,AI14746,0.25,0
r_375,AI07087,0.2,0
r_209,AI03791,0.2,0
r_632,AI00822,0.2,0
r_12,AI05792,0.2,0
r_187,AI05801,0.25,0
r_89,AI10540,0.25,0
r_575,AI14140,0.25,0
r_539,AI07156,0.25,0
r_562,AI13885,0.2,0
r_561,AI02021,0.25,0
r_673,AI12860,0.2,0
r_503,AI07825,0.25,0
r_2848,AI08383,0.5,1
r_200,AI08007,0.25,0
r_200,AI01024,0.2,0
r_632,AI09604,0.2,0
r_58,AI06780,0.2,0
r_451,AI02800,0.2,0
r_160,AI13594,0.25,0
r_200,AI10291,0.25,0
r_209,AI01893,0.2,0
r_994,AI11122,0.5,1
r_346,AI01431,0.2,0
r_588,AI10784,0.25,0
r_200,AI12121,0.25,0
r_1817,AI13736,0.5,1
r_89,AI05062,0.25,0
r_566,AI05594,0.25,0
r_209,AI09303,0.25,0
r_594,AI11471,0.2,0
r_224,AI11867,0.25,0
r_12,AI00910,0.25,0
r_12,AI12637,0.25,0
r_93,AI13321,0.25,0
r_12,AI04013,0.25,0
r_224,AI09789,0.2,0
r_566,AI05631,0.2,0
r_451,AI14720,0.25,0
r_93,AI11522,0.25,0
r_503,AI11644,0.25,0
r_209,AI03596,0.2,0
r_588,AI14362,0.5,1
r_1828,AI11490,0.5,1
r_599,AI09458,0.2,0
r_134,AI07407,0.25,0
r_12,AI08956,0.25,0
r_562,AI11851,0.25,0
r_160,AI09436,0.2,0
r_132,AI07150,0.2,0
r_632,AI02280,0.2,0
r_93,AI03483,0.25,0
r_174,AI00907,0.25,0
r_346,AI00431,0.2,0
r_375,AI07291,0.2,0
r_503,AI09712,0.25,0
r_160,AI06314,0.2,0
r_503,AI13643,0.2,0
r_93,AI14220,0.25,0
r_575,AI14600,0.25,0
r_632,AI05772,0.25,0
r_562,AI02102,0.2,0
r_673,AI06068,0.25,0
r_132,AI11028,0.2,0
r_93,AI04222,0.25,0
r_656,AI09436,0.2,0
r_111,AI01737,0.2,0
r_632,AI01565,0.25,0
r_561,AI01159,0.25,0
r_599,AI14140,0.25,0
r_673,AI05397,0.25,0
r_503,AI12723,0.2,0
r_346,AI08339,0.25,0
r_406,AI11471,0.2,0
r_1261,AI11490,0.5,1
r_2848,AI06296,0.5,1
r_406,AI01709,0.2,0
r_575,AI01969,0.2,0
r_599,AI08351,0.25,0
r_12,AI09489,0.2,0
r_187,AI13358,0.25,0
r_406,AI11525,0.25,0
r_89,AI12072,0.2,0
r_58,AI09408,0.2,0
r_566,AI02898,0.25,0
r_12,AI01061,0.25,0
r_561,AI02452,0.25,0
r_1058,AI09637,0.5,1
r_561,AI00519,0.25,0
r_588,AI13736,0.5,1
r_594,AI10885,0.25,0
r_562,AI06903,0.2,0
r_503,AI01175,0.2,0
r_588,AI00167,0.25,0
r_588,AI05236,0.2,0
r_1790,AI05612,0.5,1
r_756,AI13736,0.5,1
r_89,AI13927,0.2,0
r_187,AI12212,0.2,0
r_12,AI08834,0.2,0
r_209,AI00439,0.25,0
r_209,AI01989,0.2,0
r_1568,AI05301,0.5,1
r_160,AI01850,0.25,0
r_89,AI02616,0.2,0
r_561,AI01818,0.2,0
r_451,AI11358,0.25,0
r_160,AI01431,0.2,0
r_599,AI06440,0.2,0
r_111,AI11769,0.25,0
r_58,AI14169,0.25,0
r_174,AI00140,0.25,0
r_209,AI12351,0.25,0
r_2292,AI05568,0.5,1
r_12,AI11009,0.25,0
r_375,AI08844,0.2,0
r_134,AI08265,0.2,0
r_451,AI08342,0.2,0
r_174,AI03217,0.2,0
r_673,AI08488,0.2,0
r_539,AI00649,0.2,0
r_594,AI06105,0.2,0
r_58,AI13350,0.25,0
r_58,AI07731,0.25,0
r_132,AI08571,0.2,0
r_375,AI01662,0.25,0
r_575,AI00044,0.25,0
r_632,AI06555,0.2,0
r_132,AI11368,0.2,0
r_89,AI03718,0.2,0
r_58,AI01174,0.25,0
r_451,AI00591,0.25,0
r_209,AI02570,0.2,0
r_594,AI05045,0.25,0
r_12,AI01790,0.2,0
r_224,AI12009,0.25,0
r_12,AI07206,0.25,0
r_503,AI12745,0.25,0
r_58,AI03072,0.5,1
r_89,AI01232,0.2,0
r_12,AI09574,0.25,0
r_12,AI01536,0.25,0
r_3002,AI02054,0.5,1
r_594,AI11734,0.25,0
r_160,AI03236,0.2,0
r_768,AI08383,0.5,1
r_174,AI05810,0.2,0
r_187,AI10371,0.25,0
r_111,AI00327,0.25,0
r_375,AI14220,0.25,0
r_209,AI03757,0.2,0
r_599,AI13443,0.25,0
r_566,AI06995,0.25,0
r_599,AI06601,0.25,0
r_174,AI02377,0.2,0
r_12,AI12547,0.25,0
r_93,AI07877,0.2,0
r_562,AI08440,0.2,0
r_346,AI10709,0.25,0
r_111,AI01763,0.2,0
r_209,AI01846,0.2,0
r_451,AI11893,0.2,0
r_566,AI03641,0.2,0
r_12,AI05493,0.2,0
r_656,AI12069,0.2,0
r_632,AI13342,0.2,0
r_656,AI06555,0.2,0
r_111,AI00225,0.25,0
r_588,AI08099,0.25,0
r_575,AI13623,0.2,0
r_111,AI09355,0.25,0
r_575,AI04672,0.25,0
r_575,AI08889,0.2,0
r_451,AI08025,0.2,0
r_562,AI09171,0.25,0
r_209,AI01445,0.25,0
r_89,AI14782,0.25,0
r_58,AI09929,0.25,0
r_566,AI00225,0.25,0
r_561,AI08007,0.25,0
r_561,AI06580,0.2,0
r_346,AI12914,0.2,0
r_111,AI12184,0.2,0
r_58,AI07253,0.2,0
r_632,AI04833,0.2,0
r_503,AI12112,0.2,0
r_594,AI02321,0.2,0
r_12,AI10757,0.2,0
r_594,AI08058,0.25,0
r_575,AI06561,0.25,0
r_160,AI13386,0.25,0
r_111,AI07980,0.2,0
r_174,AI13967,0.25,0
r_575,AI12015,0.2,0
r_2303,AI14362,0.5,1
r_599,AI00020,0.2,0
r_673,AI01305,0.2,0
r_209,AI14650,0.25,0
r_160,AI11233,0.25,0
r_562,AI02144,0.25,0
r_12,AI13042,0.25,0
r_187,AI00747,0.2,0
r_632,AI10905,0.25,0
r_673,AI13612,0.2,0
r_375,AI01255,0.2,0
r_174,AI01441,0.2,0
r_89,AI10098,0.25,0
r_594,AI01368,0.2,0
r_160,AI01057,0.25,0
r_132,AI11315,0.2,0
r_346,AI09804,0.25,0
r_451,AI02378,0.25,0
r_594,AI13500,0.25,0
r_187,AI05033,0.25,0
r_346,AI05821,0.25,0
r_174,AI07755,0.2,0
r_375,AI01085,0.2,0
r_375,AI11918,0.25,0
r_599,AI11233,0.25,0
r_111,AI00365,0.2,0
r_209,AI10479,0.25,0
r_174,AI08136,0.2,0
r_406,AI09490,0.2,0
r_1568,AI00045,0.5,1
r_134,AI05923,0.2,0
r_539,AI11061,0.25,0
r_160,AI05590,0.2,0
r_575,AI08487,0.2,0
r_187,AI14101,0.25,0
r_160,AI12447,0.2,0
r_200,AI12754,0.2,0
r_562,AI09232,0.2,0
r_2303,AI00007,0.5,1
r_562,AI09137,0.25,0
r_588,AI10342,0.2,0
r_111,AI09804,0.25,0
r_1531,AI12950,0.5,1
r_656,AI13367,0.25,0
r_89,AI09671,0.25,0
r_599,AI13374,0.25,0
r_561,AI00793,0.25,0
r_132,AI11246,0.25,0
r_2955,AI05758,0.5,1
r_12,AI14671,0.25,0
r_673,AI08175,0.5,1
r_406,AI13255,0.25,0
r_200,AI08832,0.2,0
r_599,AI05867,0.2,0
r_209,AI01751,0.2,0
r_93,AI04678,0.2,0
r_12,AI01780,0.25,0
r_561,AI05481,0.2,0
r_89,AI02956,0.25,0
r_599,AI07255,0.2,0
r_132,AI01186,0.25,0
r_134,AI12726,0.25,0
r_594,AI07830,0.2,0
r_588,AI06811,0.2,0
r_200,AI09840,0.25,0
r_503,AI11365,0.2,0
r_406,AI07362,0.2,0
r_406,AI01850,0.25,0
r_566,AI06180,0.2,0
r_375,AI08487,0.2,0
r_200,AI00616,0.2,0
r_200,AI10449,0.25,0
r_160,AI10561,0.25,0
r_1724,AI00007,0.5,1
r_656,AI06874,0.25,0
r_575,AI03531,0.25,0
r_406,AI10080,0.2,0
r_224,AI12408,0.25,0
r_503,AI04878,0.2,0
r_561,AI12053,0.2,0
r_656,AI13086,0.2,0
r_566,AI07758,0.25,0
r_561,AI04181,0.2,0
r_160,AI05192,0.2,0
r_599,AI08755,0.2,0
r_2927,AI11725,0.5,1
r_503,AI00946,0.25,0
r_224,AI02056,0.2,0
r_599,AI00050,0.2,0
r_160,AI09434,0.5,1
r_632,AI00116,0.25,0
r_562,AI14573,0.2,0
r_58,AI05573,0.25,0
r_224,AI12024,0.2,0
r_174,AI11621,0.25,0
r_200,AI05012,0.2,0
r_406,AI13810,0.2,0
r_160,AI11747,0.2,0
r_200,AI05254,0.25,0
r_1154,AI11781,0.5,1
r_58,AI01186,0.25,0
r_632,AI00910,0.25,0
r_562,AI12138,0.25,0
r_160,AI08174,0.2,0
r_346,AI06274,0.2,0
r_503,AI03146,0.25,0
r_656,AI03120,0.2,0
r_58,AI12237,0.2,0
r_134,AI06161,0.25,0
r_174,AI08247,0.2,0
r_89,AI04884,0.25,0
r_599,AI08508,0.2,0
r_561,AI03867,0.25,0
r_539,AI10439,0.25,0
r_200,AI00183,0.25,0
r_503,AI13629,0.2,0
r_160,AI08112,0.2,0
r_58,AI12926,0.25,0
r_503,AI02452,0.25,0
r_89,AI00751,0.2,0
r_187,AI03457,0.25,0
r_12,AI00952,0.25,0
r_561,AI05866,0.25,0
r_2173,AI02466,0.5,1
r_12,AI12024,0.2,0
r_539,AI11558,0.2,0
r_632,AI11508,0.25,0
r_539,AI12688,0.25,0
r_599,AI10173,0.2,0
r_134,AI13915,0.25,0
r_561,AI01943,0.25,0
r_566,AI14600,0.25,0
r_1417,AI11748,0.5,1
r_160,AI10301,0.25,0
r_93,AI13157,0.25,0
r_599,AI03582,0.2,0
r_588,AI09137,0.25,0
r_503,AI10463,0.25,0
r_594,AI12973,0.25,0
r_58,AI05458,0.2,0
r_594,AI10179,0.2,0
r_599,AI11072,0.25,0
r_93,AI05603,0.25,0
r_209,AI06511,0.25,0
r_89,AI05493,0.2,0
r_588,AI00593,0.25,0
r_160,AI07473,0.25,0
r_451,AI05376,0.25,0
r_1197,AI10422,0.5,1
r_89,AI05792,0.2,0
r_588,AI04175,0.2,0
r_566,AI07463,0.25,0
r_375,AI04611,0.2,0
r_562,AI14495,0.2,0
r_566,AI00020,0.2,0
r_12,AI04884,0.25,0
r_588,AI05568,0.5,1
r_539,AI08097,0.2,0
r_503,AI07327,0.2,0
r_174,AI10166,0.2,0
r_134,AI09272,0.25,0
r_12,AI13526,0.25,0
r_375,AI09398,0.25,0
r_503,AI04648,0.25,0
r_58,AI00166,0.2,0
r_632,AI05450,0.2,0
r_632,AI14801,0.25,0
r_656,AI10932,0.25,0
r_562,AI03009,0.2,0
r_1774,AI02869,0.5,1
r_562,AI00913,0.25,0
r_93,AI09880,0.25,0
r_503,AI00717,0.25,0
r_451,AI00082,0.25,0
r_561,AI13379,0.2,0
r_566,AI11062,0.2,0
r_224,AI09478,0.2,0
r_562,AI02556,0.25,0
r_12,AI04880,0.2,0
r_562,AI13000,0.2,0
r_561,AI09671,0.25,0
r_575,AI12643,0.2,0
r_588,AI13255,0.25,0
r_2937,AI01770,0.5,1
r_224,AI01581,0.2,0
r_58,AI05635,0.2,0
r_58,AI11793,0.2,0
r_58,AI03016,0.25,0
r_1811,AI14362,0.5,1
r_673,AI00924,0.25,0
r_209,AI02421,0.25,0
r_451,AI14714,0.2,0
r_503,AI14303,0.25,0
r_594,AI09489,0.2,0
r_174,AI09861,0.2,0
r_594,AI02630,0.25,0
r_224,AI04900,0.25,0
r_2235,AI05568,0.5,1
r_562,AI04766,0.25,0
r_160,AI11730,0.25,0
r_656,AI05066,0.2,0
r_200,AI00194,0.25,0
r_93,AI08182,0.25,0
r_594,AI12212,0.2,0
r_200,AI13399,0.25,0
r_588,AI12760,0.5,1
r_539,AI05425,0.2,0
r_174,AI05746,0.25,0
r_562,AI06530,0.25,0
r_174,AI09565,0.25,0
r_806,AI11104,0.5,1
r_656,AI11507,0.25,0
r_134,AI03155,0.2,0
r_588,AI00579,0.2,0
r_539,AI05006,0.2,0
r_588,AI11376,0.2,0
r_160,AI06712,0.2,0
r_111,AI09566,0.2,0
r_132,AI03484,0.2,0
r_594,AI07755,0.2,0
r_174,AI11664,0.2,0
r_1549,AI11122,0.5,1
r_174,AI07737,0.25,0
r_58,AI07313,0.25,0
r_375,AI13576,0.25,0
r_451,AI09696,0.2,0
r_1231,AI04896,0.5,1
r_561,AI02900,0.25,0
r_503,AI08755,0.2,0
r_160,AI14946,0.25,0
r_588,AI02144,0.25,0
r_632,AI05941,0.25,0
r_160,AI08889,0.2,0
r_562,AI03816,0.25,0
r_451,AI10322,0.25,0
r_2509,AI05724,0.5,1
r_656,AI06508,0.2,0
r_89,AI08993,0.2,0
r_588,AI06709,0.2,0
r_406,AI13095,0.25,0
r_174,AI04363,0.25,0
r_575,AI09526,0.25,0
r_2602,AI09843,0.5,1
r_406,AI09157,0.2,0
r_594,AI14457,0.2,0
r_566,AI09566,0.2,0
r_200,AI05819,0.2,0
r_562,AI13903,0.25,0
r_539,AI11901,0.25,0
r_111,AI12532,0.2,0
r_503,AI08440,0.2,0
r_346,AI06162,0.2,0
r_632,AI13594,0.25,0
r_174,AI08192,0.2,0
r_588,AI14299,0.25,0
r_111,AI08080,0.25,0
r_673,AI01839,0.25,0
r_346,AI06090,0.2,0
r_187,AI03139,0.25,0
r_160,AI08099,0.25,0
r_174,AI05278,0.2,0
r_2195,AI10551,0.5,1
r_562,AI08571,0.2,0
r_599,AI05941,0.25,0
r_132,AI06258,0.25,0
r_2953,AI06694,0.5,1
r_1774,AI12281,0.5,1
r_187,AI05177,0.5,1
r_134,AI04132,0.25,0
r_200,AI11060,0.25,0
r_375,AI05429,0.2,0
r_594,AI11845,0.2,0
r_187,AI13645,0.2,0
r_656,AI10784,0.25,0
r_503,AI14528,0.2,0
r_375,AI11784,0.25,0
r_132,AI12803,0.25,0
r_406,AI02630,0.25,0
r_375,AI04483,0.2,0
r_12,AI06547,0.25,0
r_58,AI08980,0.25,0
r_12,AI09549,0.25,0
r_1741,AI06825,0.5,1
r_209,AI08537,0.25,0
r_451,AI04113,0.2,0
r_187,AI07011,0.2,0
r_656,AI13095,0.25,0
r_89,AI00142,0.2,0
r_200,AI08112,0.2,0
r_503,AI14610,0.2,0
r_588,AI13209,0.25,0
r_599,AI13016,0.2,0
r_209,AI14287,0.2,0
r_406,AI06180,0.2,0
r_111,AI11315,0.2,0
r_132,AI11484,0.25,0
r_673,AI09354,0.25,0
r_632,AI06029,0.2,0
r_200,AI00082,0.25,0
r_503,AI13619,0.25,0
r_346,AI08266,0.25,0
r_656,AI04201,0.2,0
r_132,AI14600,0.25,0
r_375,AI01162,0.2,0
r_174,AI01709,0.2,0
r_599,AI06911,0.25,0
r_539,AI03448,0.25,0
r_1426,AI05177,0.5,1
r_673,AI14273,0.5,1
r_656,AI14471,0.2,0
r_575,AI04771,0.2,0
r_375,AI09565,0.25,0
r_406,AI14925,0.25,0
r_346,AI09662,0.2,0
r_588,AI12787,0.25,0
r_224,AI06153,0.2,0
r_673,AI00617,0.2,0
r_632,AI13016,0.2,0
r_58,AI14335,0.2,0
r_224,AI12637,0.25,0
r_224,AI07824,0.25,0
r_132,AI06692,0.2,0
r_160,AI07463,0.25,0
r_58,AI04270,0.2,0
r_588,AI14464,0.2,0
r_503,AI14957,0.25,0
r_656,AI06200,0.2,0
r_503,AI07670,0.25,0
r_224,AI05382,0.2,0
r_599,AI01478,0.25,0
r_451,AI07855,0.25,0
r_539,AI10700,0.25,0
r_200,AI06090,0.2,0
r_656,AI08770,0.2,0
r_58,AI00116,0.25,0
r_599,AI01139,0.2,0
r_134,AI05589,0.2,0
r_346,AI05508,0.25,0
r_58,AI09602,0.25,0
r_599,AI08344,0.2,0
r_224,AI02616,0.2,0
r_58,AI11776,0.25,0
r_160,AI08982,0.25,0
r_132,AI12152,0.2,0
r_224,AI05922,0.2,0
r_673,AI05024,0.25,0
r_599,AI14187,0.5,1
r_12,AI04542,0.2,0
r_673,AI05580,0.25,0
r_224,AI05913,0.25,0
r_89,AI10568,0.25,0
r_174,AI09590,0.25,0
r_174,AI00861,0.2,0
r_93,AI09995,0.2,0
r_209,AI10768,0.5,1
r_58,AI08790,0.2,0
r_656,AI03992,0.25,0
r_209,AI14320,0.5,1
r_599,AI04648,0.25,0
r_599,AI12688,0.25,0
r_594,AI03641,0.2,0
r_673,AI03916,0.2,0
r_539,AI06029,0.2,0
r_12,AI14386,0.2,0
r_89,AI09540,0.2,0
r_561,AI12382,0.25,0
r_594,AI11754,0.2,0
r_224,AI12313,0.25,0
r_160,AI11776,0.25,0
r_200,AI06234,0.2,0
r_93,AI12237,0.2,0
r_160,AI13101,0.25,0
r_561,AI11718,0.25,0
r_406,AI10826,0.2,0
r_594,AI07607,0.2,0
r_89,AI04556,0.2,0
r_673,AI05978,0.25,0
r_224,AI00609,0.2,0
r_673,AI11376,0.2,0
r_599,AI14481,0.25,0
r_160,AI00116,0.25,0
r_160,AI13854,0.25,0
r_224,AI11009,0.25,0
r_375,AI12825,0.2,0
r_187,AI07181,0.25,0
r_673,AI06192,0.2,0
r_406,AI08410,0.2,0
r_594,AI09039,0.2,0
r_1426,AI09637,0.5,1
r_681,AI12281,0.5,1
r_503,AI06555,0.2,0
r_1952,AI14362,0.5,1
r_209,AI05045,0.25,0
r_160,AI09267,0.25,0
r_632,AI02901,0.2,0
r_451,AI12760,0.5,1
r_2857,AI02869,0.5,1
r_562,AI08982,0.25,0
r_539,AI12706,0.25,0
r_200,AI04648,0.25,0
r_58,AI12961,0.25,0
r_200,AI10020,0.25,0
r_209,AI09054,0.25,0
r_187,AI02780,0.2,0
r_160,AI12754,0.2,0
r_566,AI05129,0.25,0
r_89,AI12391,0.25,0
r_632,AI00816,0.25,0
r_2869,AI11748,0.5,1
r_561,AI09710,0.2,0
r_134,AI03437,0.2,0
r_588,AI05407,0.25,0
r_134,AI12487,0.2,0
r_406,AI05073,0.2,0
r_539,AI13165,0.2,0
r_594,AI11625,0.2,0
r_656,AI00126,0.2,0
r_2955,AI01770,0.5,1
r_132,AI05568,0.5,1
r_588,AI03058,0.25,0
r_562,AI10080,0.2,0
r_673,AI08428,0.2,0
r_561,AI05206,0.2,0
r_632,AI13028,0.2,0
r_599,AI12363,0.25,0
r_224,AI12439,0.2,0
r_562,AI10545,0.2,0
r_969,AI01369,0.5,1
r_451,AI11060,0.25,0
r_632,AI06062,0.2,0
r_200,AI01001,0.2,0
r_187,AI09095,0.25,0
r_503,AI10020,0.25,0
r_406,AI12787,0.25,0
r_566,AI01431,0.2,0
r_503,AI11858,0.25,0
r_562,AI04009,0.2,0
r_132,AI06995,0.25,0
r_594,AI09890,0.2,0
r_561,AI09307,0.25,0
r_594,AI09643,0.25,0
r_566,AI07810,0.25,0
r_561,AI01534,0.25,0
r_561,AI09777,0.25,0
r_539,AI14666,0.25,0
r_12,AI14215,0.2,0
r_632,AI00683,0.2,0
r_93,AI09804,0.25,0
r_561,AI08633,0.25,0
r_134,AI00422,0.25,0
r_224,AI11191,0.2,0
r_209,AI00886,0.5,1
r_111,AI06758,0.2,0
r_599,AI13028,0.2,0
r_503,AI09372,0.2,0
r_632,AI05426,0.2,0
r_539,AI00990,0.25,0
r_594,AI03791,0.2,0
r_209,AI13173,0.2,0
r_209,AI10716,0.25,0
r_93,AI14512,0.2,0
r_209,AI14119,0.2,0
r_503,AI03852,0.2,0
r_406,AI10173,0.2,0
r_200,AI10404,0.25,0
r_561,AI13209,0.25,0
r_566,AI13297,0.25,0
r_806,AI07687,0.5,1
r_562,AI11805,0.25,0
r_200,AI12164,0.2,0
r_12,AI08959,0.25,0
r_656,AI12384,0.25,0
r_588,AI03092,0.2,0
r_187,AI01175,0.2,0
r_132,AI01988,0.2,0
r_599,AI12382,0.25,0
r_375,AI08533,0.2,0
r_89,AI07585,0.25,0
r_375,AI00649,0.2,0
r_346,AI00683,0.2,0
r_132,AI06069,0.2,0
r_58,AI08182,0.25,0
r_209,AI00193,0.25,0
r_187,AI09602,0.25,0
r_406,AI11893,0.2,0
r_111,AI12803,0.25,0
r_562,AI00402,0.2,0
r_58,AI04578,0.2,0
r_673,AI02560,0.2,0
r_134,AI09170,0.2,0
r_656,AI13810,0.2,0
r_566,AI08804,0.25,0
r_132,AI03277,0.2,0
r_632,AI02192,0.2,0
r_1531,AI05724,0.5,1
r_2489,AI00007,0.5,1
r_594,AI14645,0.2,0
r_209,AI10458,0.2,0
r_93,AI12784,0.2,0
r_111,AI04436,0.2,0
r_111,AI05131,0.2,0
r_160,AI00044,0.25,0
r_562,AI10859,0.25,0
r_451,AI09006,0.25,0
r_89,AI10185,0.2,0
r_451,AI00464,0.25,0
r_1261,AI09066,0.5,1
r_375,AI11062,0.2,0
r_346,AI04994,0.2,0
r_451,AI11506,0.2,0
r_575,AI13255,0.25,0
r_12,AI05052,0.2,0
r_1551,AI06832,0.5,1
r_451,AI00100,0.2,0
r_375,AI13133,0.2,0
r_375,AI00327,0.25,0
r_562,AI09202,0.25,0
r_89,AI08035,0.2,0
r_1549,AI09342,0.5,1
r_200,AI09710,0.2,0
r_346,AI07825,0.25,0
r_209,AI02547,0.25,0
r_2724,AI13061,0.5,1
r_632,AI05206,0.2,0
r_632,AI12262,0.2,0
r_566,AI13133,0.2,0
r_375,AI03296,0.25,0
r_224,AI06527,0.25,0
r_451,AI04287,0.25,0
r_656,AI11904,0.25,0
r_1961,AI10587,0.5,1
r_209,AI09170,0.2,0
r_539,AI13670,0.25,0
r_375,AI14720,0.25,0
r_174,AI03955,0.25,0
r_594,AI00976,0.2,0
r_562,AI12574,0.25,0
r_588,AI03934,0.2,0
r_224,AI06944,0.5,1
r_562,AI02051,0.25,0
r_12,AI06915,0.2,0
r_588,AI05620,0.2,0
r_93,AI10301,0.25,0
r_562,AI12155,0.25,0
r_93,AI08297,0.25,0
r_375,AI07980,0.2,0
r_2292,AI10422,0.5,1
r_599,AI08875,0.2,0
r_12,AI02034,0.2,0
r_200,AI05831,0.25,0
r_656,AI02051,0.25,0
r_632,AI07103,0.25,0
r_224,AI08401,0.2,0
r_224,AI14440,0.2,0
r_562,AI04734,0.2,0
r_566,AI03016,0.25,0
r_673,AI14850,0.25,0
r_174,AI13779,0.2,0
r_632,AI11028,0.2,0
r_588,AI12914,0.2,0
r_588,AI11533,0.2,0
r_375,AI00402,0.2,0
r_224,AI11741,0.25,0
r_346,AI06530,0.25,0
r_539,AI13810,0.2,0
r_656,AI04878,0.2,0
r_89,AI09084,0.25,0
r_594,AI06932,0.25,0
r_2927,AI06694,0.5,1
r_406,AI02654,0.25,0
r_111,AI11843,0.25,0
r_89,AI06088,0.2,0
r_187,AI08410,0.2,0
r_111,AI12834,0.25,0
r_134,AI04471,0.2,0
r_209,AI05893,0.25,0
r_209,AI04402,0.2,0
r_2130,AI11122,0.5,1
r_160,AI04430,0.25,0
r_632,AI05801,0.25,0
r_673,AI04503,0.25,0
r_561,AI01117,0.2,0
r_111,AI08233,0.2,0
r_1154,AI05568,0.5,1
r_539,AI09009,0.25,0
r_632,AI13134,0.2,0
r_632,AI07327,0.2,0
r_566,AI10331,0.25,0
r_132,AI05941,0.25,0
r_2667,AI09573,0.5,1
r_346,AI06877,0.2,0
r_132,AI08257,0.2,0
r_89,AI10636,0.2,0
r_346,AI14961,0.2,0
r_58,AI06474,0.2,0
r_451,AI11805,0.25,0
r_375,AI01057,0.25,0
r_89,AI11045,0.25,0
r_89,AI01312,0.25,0
r_1205,AI01360,0.5,1
r_566,AI11583,0.25,0
r_539,AI10235,0.2,0
r_566,AI12850,0.25,0
r_594,AI14841,0.25,0
r_1197,AI09066,0.5,1
r_561,AI04970,0.25,0
r_1568,AI10422,0.5,1
r_187,AI01703,0.2,0
r_1027,AI08237,0.5,1
r_562,AI01594,0.25,0
r_134,AI10716,0.25,0
r_562,AI08118,0.2,0
r_132,AI03155,0.2,0
r_594,AI13918,0.25,0
r_673,AI01125,0.25,0
r_111,AI14756,0.25,0
r_89,AI11845,0.2,0
r_632,AI06204,0.2,0
r_174,AI06136,0.25,0
r_594,AI14438,0.25,0
r_673,AI01292,0.2,0
r_963,AI08383,0.5,1
r_346,AI06200,0.2,0
r_656,AI02673,0.25,0
r_575,AI04222,0.25,0
r_12,AI13162,0.5,1
r_562,AI08669,0.25,0
r_375,AI14324,0.2,0
r_561,AI01437,0.2,0
r_209,AI12562,0.25,0
r_539,AI00926,0.25,0
r_575,AI05129,0.25,0
r_2303,AI05183,0.5,1
r_134,AI08481,0.25,0
r_160,AI03355,0.25,0
r_2155,AI08429,0.5,1
r_539,AI09614,0.2,0
r_132,AI07815,0.25,0
r_187,AI01124,0.25,0
r_681,AI01770,0.5,1
r_375,AI12371,0.25,0
r_224,AI11290,0.25,0
r_209,AI05913,0.25,0
r_632,AI03320,0.2,0
r_111,AI10449,0.25,0
r_2927,AI13447,0.5,1
r_93,AI01478,0.25,0
r_12,AI06986,0.25,0
r_599,AI08083,0.2,0
r_346,AI11943,0.2,0
r_111,AI00020,0.2,0
r_12,AI12130,0.2,0
r_111,AI07339,0.25,0
r_200,AI05350,0.25,0
r_224,AI11595,0.25,0
r_174,AI13788,0.2,0
r_12,AI04088,0.25,0
r_375,AI12766,0.2,0
r_599,AI10024,0.25,0
r_503,AI14714,0.2,0
r_2603,AI02466,0.5,1
r_224,AI14781,0.5,1
r_575,AI08962,0.2,0
r_783,AI06296,0.5,1
r_111,AI05429,0.2,0
r_375,AI11793,0.2,0
r_594,AI06150,0.2,0
r_132,AI07825,0.25,0
r_594,AI04466,0.2,0
r_89,AI00401,0.2,0
r_89,AI11257,0.2,0
r_209,AI01368,0.2,0
r_209,AI11845,0.2,0
r_1640,AI04200,0.5,1
r_375,AI07604,0.25,0
r_160,AI14589,0.2,0
r_209,AI04463,0.25,0
r_134,AI03488,0.2,0
r_58,AI07753,0.2,0
r_209,AI01315,0.2,0
r_12,AI08054,0.2,0
r_2292,AI09066,0.5,1
r_566,AI08647,0.2,0
r_588,AI12229,0.2,0
r_89,AI08777,0.25,0
r_406,AI01631,0.2,0
r_599,AI10371,0.25,0
r_132,AI12366,0.2,0
r_93,AI10168,0.25,0
r_132,AI02898,0.25,0
r_346,AI11755,0.5,1
r_503,AI14402,0.2,0
r_451,AI06156,0.2,0
r_575,AI13594,0.25,0
r_406,AI10784,0.25,0
r_406,AI06811,0.2,0
r_632,AI05202,0.2,0
r_187,AI00348,0.25,0
r_209,AI09412,0.2,0
r_2299,AI06825,0.5,1
r_1773,AI01360,0.5,1
r_566,AI09240,0.2,0
r_89,AI11295,0.2,0
r_134,AI11026,0.2,0
r_174,AI11662,0.2,0
r_93,AI14386,0.2,0
r_599,AI05831,0.25,0
r_134,AI02417,0.2,0
r_132,AI12077,0.25,0
r_224,AI10178,0.25,0
r_375,AI01790,0.2,0
r_346,AI05623,0.2,0
r_93,AI10767,0.2,0
r_160,AI03092,0.2,0
r_58,AI01778,0.2,0
r_132,AI12981,0.2,0
r_451,AI05429,0.2,0
r_160,AI12590,0.25,0
r_539,AI01981,0.2,0
r_561,AI12029,0.25,0
r_200,AI12021,0.25,0
r_673,AI00727,0.2,0
r_174,AI14756,0.25,0
r_594,AI01482,0.2,0
r_2366,AI08237,0.5,1
r_134,AI13845,0.2,0
r_93,AI01735,0.25,0
r_575,AI03358,0.2,0
r_134,AI12907,0.25,0
r_588,AI10709,0.25,0
r_174,AI08302,0.2,0
r_673,AI04068,0.25,0
r_503,AI06171,0.2,0
r_451,AI06429,0.25,0
r_224,AI02073,0.2,0
r_406,AI01051,0.25,0
r_503,AI00156,0.5,1
r_58,AI03411,0.25,0
r_174,AI03027,0.2,0
r_588,AI08962,0.2,0
r_111,AI06234,0.2,0
r_200,AI01033,0.25,0
r_575,AI03595,0.25,0
r_134,AI01445,0.25,0
r_58,AI13679,0.2,0
r_346,AI10439,0.25,0
r_2303,AI06296,0.5,1
r_406,AI14140,0.25,0
r_58,AI03772,0.25,0
r_375,AI00579,0.2,0
r_561,AI10880,0.25,0
r_134,AI09302,0.2,0
r_632,AI02452,0.25,0
r_1253,AI09573,0.5,1
r_406,AI09701,0.2,0
r_562,AI08182,0.25,0
r_224,AI03473,0.2,0
r_503,AI05481,0.2,0
r_12,AI00331,0.2,0
r_224,AI01030,0.25,0
r_2927,AI14649,0.5,1
r_89,AI12383,0.25,0
r_224,AI11155,0.2,0
r_200,AI01981,0.2,0
r_406,AI06995,0.25,0
r_451,AI01471,0.2,0
r_209,AI14183,0.25,0
r_594,AI09521,0.25,0
r_562,AI02800,0.2,0
r_224,AI13356,0.2,0
r_588,AI09669,0.2,0
r_200,AI07336,0.2,0
r_111,AI01735,0.25,0
r_632,AI09022,0.2,0
r_594,AI08021,0.2,0
r_160,AI04679,0.25,0
r_224,AI06679,0.2,0
r_160,AI10276,0.25,0
r_12,AI01481,0.2,0
r_200,AI11588,0.2,0
r_599,AI03992,0.25,0
r_224,AI13870,0.2,0
r_93,AI09966,0.25,0
r_187,AI04672,0.25,0
r_174,AI14992,0.25,0
r_346,AI01024,0.2,0
r_89,AI04068,0.25,0
r_588,AI09929,0.25,0
r_346,AI11485,0.2,0
r_89,AI04611,0.2,0
r_200,AI02114,0.2,0
r_209,AI01911,0.25,0
r_561,AI06082,0.2,0
r_209,AI10004,0.25,0
r_224,AI03479,0.25,0
r_111,AI00116,0.25,0
r_174,AI09387,0.25,0
r_588,AI05566,0.2,0
r_93,AI01533,0.2,0
r_562,AI06107,0.25,0
r_594,AI04221,0.25,0
r_209,AI05863,0.25,0
r_58,AI14437,0.2,0
r_160,AI09969,0.25,0
r_673,AI13921,0.25,0
r_594,AI02391,0.2,0
r_93,AI04436,0.2,0
r_89,AI03524,0.2,0
r_539,AI05338,0.25,0
r_200,AI14063,0.5,1
r_134,AI12304,0.25,0
r_174,AI12029,0.25,0
r_451,AI10542,0.2,0
r_12,AI01798,0.2,0
r_406,AI09894,0.2,0
r_539,AI09966,0.25,0
r_656,AI11902,0.25,0
r_89,AI05786,0.25,0
r_346,AI01534,0.25,0
r_224,AI07042,0.2,0
r_588,AI06204,0.2,0
r_174,AI13923,0.2,0
r_160,AI12981,0.2,0
r_632,AI03816,0.25,0
r_2927,AI13435,0.5,1
r_656,AI09896,0.25,0
r_673,AI02687,0.25,0
r_200,AI03712,0.25,0
r_451,AI01763,0.2,0
r_132,AI01868,0.2,0
r_599,AI14234,0.2,0
r_224,AI07552,0.25,0
r_599,AI14573,0.2,0
r_200,AI07022,0.2,0
r_539,AI09079,0.2,0
r_174,AI04527,0.25,0
r_89,AI14902,0.2,0
r_575,AI13903,0.25,0
r_12,AI00422,0.25,0
r_575,AI14471,0.2,0
r_2922,AI11781,0.5,1
r_575,AI03639,0.25,0
r_134,AI08021,0.2,0
r_93,AI11915,0.2,0
r_187,AI12234,0.25,0
r_346,AI14775,0.25,0
r_89,AI06157,0.2,0
r_200,AI07429,0.25,0
r_503,AI03076,0.2,0
r_209,AI14637,0.25,0
r_673,AI10940,0.5,1
r_656,AI01719,0.25,0
r_599,AI07278,0.2,0
r_594,AI13489,0.2,0
r_209,AI05758,0.5,1
r_93,AI08278,0.25,0
r_89,AI06986,0.25,0
r_632,AI01109,0.25,0
r_566,AI11805,0.25,0
r_12,AI04033,0.2,0
r_134,AI00121,0.2,0
r_561,AI04766,0.25,0
r_562,AI08519,0.2,0
r_160,AI07773,0.25,0
r_58,AI09712,0.25,0
r_562,AI12371,0.25,0
r_588,AI08782,0.2,0
r_200,AI10700,0.25,0
r_346,AI14441,0.25,0
r_375,AI06082,0.2,0
r_174,AI11134,0.2,0
r_224,AI05351,0.2,0
r_12,AI14331,0.2,0
r_200,AI13748,0.2,0
r_187,AI13342,0.2,0
r_200,AI11329,0.25,0
r_562,AI12825,0.2,0
r_209,AI03521,0.2,0
r_89,AI12091,0.25,0
r_89,AI10081,0.25,0
r_89,AI03757,0.2,0
r_2155,AI05177,0.5,1
r_111,AI09066,0.5,1
r_12,AI06067,0.2,0
r_375,AI12697,0.25,0
r_89,AI04379,0.2,0
r_656,AI06407,0.2,0
r_89,AI10785,0.25,0
r_224,AI00553,0.2,0
r_89,AI04633,0.2,0
r_111,AI02344,0.2,0
r_12,AI07638,0.25,0
r_111,AI11122,0.5,1
r_673,AI08028,0.25,0
r_503,AI14116,0.2,0
r_632,AI00770,0.25,0
r_187,AI14136,0.2,0
r_93,AI11767,0.2,0
r_224,AI04542,0.2,0
r_134,AI13169,0.25,0
r_566,AI08126,0.25,0
r_187,AI08782,0.2,0
r_594,AI06819,0.25,0
r_561,AI06090,0.2,0
r_209,AI07049,0.25,0
r_588,AI11028,0.2,0
r_656,AI14464,0.2,0
r_451,AI00569,0.25,0
r_58,AI07150,0.2,0
r_346,AI06869,0.25,0
r_673,AI11994,0.2,0
r_200,AI07513,0.2,0
r_187,AI07103,0.25,0
r_346,AI05148,0.2,0
r_575,AI12386,0.25,0
r_187,AI07857,0.25,0
r_89,AI06304,0.25,0
r_451,AI04578,0.2,0
r_1952,AI08568,0.5,1
r_89,AI00976,0.2,0
r_756,AI10422,0.5,1
r_160,AI09240,0.2,0
r_209,AI07910,0.5,1
r_12,AI05621,0.25,0
r_599,AI10938,0.2,0
r_134,AI02467,0.2,0
r_562,AI08211,0.2,0
r_632,AI07498,0.25,0
r_89,AI10437,0.2,0
r_187,AI07851,0.2,0
r_209,AI11811,0.25,0
r_160,AI09544,0.25,0
r_575,AI04994,0.2,0
r_132,AI12184,0.2,0
r_451,AI08804,0.25,0
r_594,AI14531,0.25,0
r_594,AI01722,0.2,0
r_588,AI04541,0.2,0
r_451,AI11643,0.25,0
r_224,AI10646,0.2,0
r_89,AI01364,0.25,0
r_632,AI13531,0.25,0
r_2063,AI01107,0.5,1
r_539,AI09737,0.2,0
r_200,AI11533,0.2,0
r_346,AI03816,0.25,0
r_632,AI11603,0.25,0
r_406,AI09006,0.25,0
r_588,AI12825,0.2,0
r_209,AI07587,0.2,0
r_673,AI00124,0.2,0
r_12,AI14269,0.2,0
r_562,AI01719,0.25,0
r_656,AI10270,0.2,0
r_1817,AI05177,0.5,1
r_594,AI03101,0.25,0
r_134,AI03121,0.25,0
r_503,AI04596,0.25,0
r_406,AI13878,0.25,0
r_58,AI09830,0.25,0
r_346,AI04065,0.25,0
r_562,AI00616,0.2,0
r_566,AI00793,0.25,0
r_588,AI05197,0.25,0
r_346,AI06402,0.2,0
r_451,AI06029,0.2,0
r_632,AI11718,0.25,0
r_451,AI00816,0.25,0
r_224,AI14841,0.25,0
r_209,AI07050,0.25,0
r_111,AI01703,0.2,0
r_561,AI08875,0.2,0
r_93,AI09129,0.25,0
r_656,AI14101,0.25,0
r_89,AI06231,0.25,0
r_160,AI11326,0.2,0
r_2927,AI07687,0.5,1
r_632,AI14911,0.2,0
r_566,AI12174,0.25,0
r_2366,AI05301,0.5,1
r_160,AI08993,0.2,0
r_599,AI07758,0.25,0
r_575,AI07513,0.2,0
r_224,AI13026,0.25,0
r_575,AI12214,0.25,0
r_566,AI02654,0.25,0
r_12,AI10050,0.2,0
r_58,AI07810,0.25,0
r_588,AI06833,0.25,0
r_451,AI00712,0.25,0
r_451,AI07934,0.2,0
r_224,AI12950,0.5,1
r_346,AI08755,0.2,0
r_599,AI11032,0.2,0
r_562,AI09994,0.25,0
r_132,AI10346,0.25,0
r_134,AI05345,0.25,0
r_200,AI03770,0.25,0
r_656,AI01985,0.25,0
r_134,AI03641,0.2,0
r_224,AI03524,0.2,0
r_566,AI14061,0.2,0
r_1817,AI04200,0.5,1
r_594,AI06784,0.25,0
r_632,AI00124,0.2,0
r_588,AI11477,0.25,0
r_1774,AI14649,0.5,1
r_132,AI01594,0.25,0
r_451,AI00194,0.25,0
r_187,AI14562,0.2,0
r_132,AI05192,0.2,0
r_89,AI10885,0.25,0
r_187,AI09121,0.25,0
r_1417,AI06832,0.5,1
r_588,AI04181,0.2,0
r_503,AI03169,0.25,0
r_89,AI14061,0.2,0
r_539,AI08633,0.25,0
r_58,AI11444,0.25,0
r_632,AI10235,0.2,0
r_539,AI11090,0.25,0
r_588,AI12029,0.25,0
r_209,AI12010,0.2,0
r_539,AI01109,0.25,0
r_503,AI07399,0.2,0
r_132,AI08962,0.2,0
r_209,AI04119,0.2,0
r_1955,AI11725,0.5,1
r_111,AI03770,0.25,0
r_656,AI01818,0.2,0
r_406,AI11285,0.25,0
r_503,AI14330,0.2,0
r_89,AI04185,0.25,0
r_132,AI11062,0.2,0
r_673,AI04536,0.2,0
r_375,AI07372,0.25,0
r_375,AI04222,0.25,0
r_632,AI04247,0.25,0
r_224,AI13748,0.2,0
r_93,AI08126,0.25,0
r_451,AI10809,0.2,0
r_561,AI07301,0.2,0
r_406,AI10463,0.25,0
r_132,AI02124,0.25,0
r_599,AI09408,0.2,0
r_656,AI08383,0.5,1
r_599,AI09671,0.25,0
r_160,AI11502,0.25,0
r_200,AI01868,0.2,0
r_134,AI14092,0.25,0
r_451,AI02510,0.25,0
r_187,AI13436,0.25,0
r_375,AI10305,0.2,0
r_2927,AI05106,0.5,1
r_111,AI11051,0.25,0
r_224,AI00820,0.25,0
r_200,AI10439,0.25,0
r_346,AI02567,0.25,0
r_160,AI01162,0.2,0
r_599,AI00253,0.2,0
r_346,AI09307,0.25,0
r_132,AI14957,0.25,0
r_209,AI11294,0.2,0
r_200,AI13373,0.25,0
r_503,AI00616,0.2,0
r_375,AI14471,0.2,0
r_224,AI07563,0.25,0
r_2638,AI09637,0.5,1
r_111,AI10551,0.5,1
r_406,AI00605,0.2,0
r_58,AI03820,0.25,0
r_566,AI06811,0.2,0
r_588,AI07758,0.25,0
r_451,AI11365,0.2,0
r_594,AI10796,0.25,0
r_12,AI11970,0.5,1
r_588,AI11569,0.25,0
r_224,AI14774,0.2,0
r_89,AI14459,0.2,0
r_656,AI07638,0.25,0
r_200,AI09777,0.25,0
r_346,AI10561,0.25,0
r_599,AI14653,0.25,0
r_134,AI07308,0.2,0
r_160,AI07339,0.25,0
r_209,AI01973,0.2,0
r_451,AI06569,0.2,0
r_132,AI06180,0.2,0
r_599,AI13758,0.25,0
r_566,AI13184,0.25,0
r_561,AI02833,0.25,0
r_200,AI01488,0.2,0
r_224,AI14438,0.25,0
r_224,AI04132,0.25,0
r_406,AI05772,0.25,0
r_2063,AI01770,0.5,1
r_174,AI03232,0.2,0
r_187,AI06461,0.2,0
r_673,AI02131,0.25,0
r_160,AI09839,0.2,0
r_58,AI05891,0.25,0
r_599,AI01001,0.2,0
r_599,AI03649,0.25,0
r_656,AI02418,0.2,0
r_209,AI12980,0.25,0
r_575,AI02654,0.25,0
r_89,AI06871,0.2,0
r_673,AI10715,0.2,0
r_209,AI05248,0.2,0
r_174,AI10297,0.2,0
r_375,AI14101,0.25,0
r_132,AI00373,0.2,0
r_1702,AI07687,0.5,1
r_89,AI13687,0.25,0
r_1551,AI09434,0.5,1
r_599,AI11522,0.25,0
r_160,AI13495,0.25,0
r_132,AI00183,0.25,0
r_588,AI13399,0.25,0
r_224,AI10456,0.2,0
r_1961,AI02466,0.5,1
r_566,AI04200,0.5,1
r_503,AI09810,0.2,0
r_588,AI11507,0.25,0
r_346,AI02904,0.25,0
r_132,AI01387,0.2,0
r_134,AI09933,0.2,0
r_224,AI07626,0.25,0
r_539,AI05342,0.2,0
r_12,AI10825,0.2,0
r_1549,AI10238,0.5,1
r_346,AI00553,0.2,0
r_200,AI02390,0.25,0
r_575,AI09941,0.25,0
r_12,AI10080,0.2,0
r_346,AI03161,0.2,0
r_160,AI02378,0.25,0
r_561,AI00437,0.25,0
r_561,AI09995,0.2,0
r_406,AI00007,0.5,1
r_632,AI03803,0.25,0
r_134,AI12987,0.25,0
r_599,AI03787,0.25,0
r_346,AI04679,0.25,0
r_160,AI05866,0.25,0
r_588,AI11067,0.2,0
r_134,AI13633,0.2,0
r_656,AI07588,0.2,0
r_632,AI11620,0.2,0
r_562,AI07934,0.2,0
r_406,AI12930,0.25,0
r_224,AI02701,0.2,0
r_562,AI03484,0.2,0
r_174,AI03777,0.25,0
r_200,AI09966,0.25,0
r_539,AI10363,0.25,0
r_346,AI06874,0.25,0
r_599,AI07753,0.2,0
r_451,AI08997,0.25,0
r_451,AI00057,0.25,0
r_132,AI08473,0.25,0
r_539,AI05439,0.2,0
r_224,AI14865,0.2,0
r_224,AI01179,0.25,0
r_209,AI11006,0.25,0
r_200,AI03784,0.2,0
r_375,AI07429,0.25,0
r_346,AI01175,0.2,0
r_2937,AI03654,0.5,1
r_89,AI03616,0.25,0
r_451,AI08782,0.2,0
r_132,AI11506,0.2,0
r_224,AI03666,0.2,0
r_673,AI13260,0.2,0
r_200,AI01283,0.2,0
r_588,AI06869,0.25,0
r_2299,AI14063,0.5,1
r_224,AI11639,0.2,0
r_93,AI03038,0.25,0
r_187,AI04327,0.25,0
r_200,AI07156,0.25,0
r_575,AI10621,0.25,0
r_632,AI14151,0.25,0
r_209,AI07799,0.2,0
r_673,AI02856,0.2,0
r_594,AI11695,0.2,0
r_111,AI04065,0.25,0
r_93,AI10244,0.2,0
r_134,AI02577,0.25,0
r_132,AI08633,0.25,0
r_174,AI00170,0.25,0
r_561,AI01673,0.2,0
r_503,AI09858,0.2,0
r_1261,AI10551,0.5,1
r_503,AI12490,0.25,0
r_632,AI01011,0.25,0
r_375,AI00050,0.2,0
r_599,AI09839,0.2,0
r_111,AI02942,0.25,0
r_1058,AI04200,0.5,1
r_575,AI07301,0.2,0
r_200,AI06515,0.25,0
r_2235,AI10238,0.5,1
r_134,AI08278,0.25,0
r_209,AI03994,0.2,0
r_160,AI10720,0.25,0
r_160,AI08399,0.2,0
r_632,AI13885,0.2,0
r_562,AI03595,0.25,0
r_539,AI02299,0.25,0
r_160,AI12574,0.25,0
r_575,AI07907,0.2,0
r_134,AI06289,0.2,0
r_209,AI09960,0.2,0
r_562,AI10422,0.5,1
r_187,AI05012,0.2,0
r_575,AI00057,0.25,0
r_2489,AI02054,0.5,1
r_566,AI11285,0.25,0
r_224,AI13361,0.2,0
r_187,AI00725,0.2,0
r_200,AI05772,0.25,0
r_111,AI12499,0.25,0
r_588,AI05831,0.25,0
r_2955,AI12281,0.5,1
r_209,AI10869,0.2,0
r_224,AI05637,0.2,0
r_160,AI04578,0.2,0
r_111,AI14925,0.25,0
r_451,AI01703,0.2,0
r_209,AI12645,0.25,0
r_134,AI10732,0.25,0
r_562,AI08647,0.2,0
r_562,AI04270,0.2,0
r_224,AI06169,0.2,0
r_2173,AI04200,0.5,1
r_1261,AI05177,0.5,1
r_111,AI12697,0.25,0
r_539,AI14658,0.25,0
r_562,AI12179,0.25,0
r_673,AI00050,0.2,0
r_58,AI06821,0.25,0
r_503,AI09785,0.2,0
r_224,AI14978,0.2,0
r_561,AI00644,0.2,0
r_673,AI00945,0.25,0
r_575,AI05772,0.25,0
r_673,AI06943,0.2,0
r_594,AI14074,0.2,0
r_174,AI03221,0.25,0
r_174,AI05175,0.2,0
r_224,AI08171,0.25,0
r_656,AI08266,0.25,0
r_562,AI07838,0.25,0
r_134,AI11222,0.25,0
r_632,AI01439,0.25,0
r_566,AI07670,0.25,0
r_58,AI08770,0.2,0
r_134,AI00580,0.25,0
r_375,AI00447,0.2,0
r_561,AI04749,0.25,0
r_224,AI04367,0.25,0
r_632,AI10173,0.2,0
r_594,AI13184,0.25,0
r_89,AI05820,0.25,0
r_134,AI03594,0.25,0
r_375,AI12590,0.25,0
r_566,AI08819,0.2,0
r_187,AI07522,0.25,0
r_209,AI12537,0.2,0
r_588,AI14911,0.2,0
r_174,AI08019,0.2,0
r_58,AI03712,0.25,0
r_562,AI00415,0.2,0
r_656,AI12363,0.25,0
r_12,AI03440,0.25,0
r_111,AI04483,0.2,0
r_111,AI14699,0.2,0
r_160,AI10305,0.2,0
r_93,AI04672,0.25,0
r_1724,AI11781,0.5,1
r_561,AI09009,0.25,0
r_132,AI11600,0.2,0
r_632,AI10422,0.5,1
r_599,AI09268,0.2,0
r_599,AI14220,0.25,0
r_12,AI14183,0.25,0
r_588,AI02515,0.2,0
r_1551,AI11490,0.5,1
r_539,AI13679,0.2,0
r_209,AI00216,0.2,0
r_111,AI08633,0.25,0
r_375,AI03236,0.2,0
r_200,AI04896,0.5,1
r_561,AI03038,0.25,0
r_174,AI10209,0.2,0
r_160,AI13619,0.25,0
r_12,AI01837,0.25,0
r_599,AI07553,0.25,0
r_209,AI06610,0.25,0
r_503,AI13713,0.25,0
r_346,AI01790,0.2,0
r_756,AI02054,0.5,1
r_562,AI05066,0.2,0
r_503,AI12605,0.25,0
r_566,AI14374,0.2,0
r_566,AI01564,0.25,0
r_12,AI13324,0.2,0
r_451,AI14187,0.5,1
r_346,AI06194,0.2,0
r_209,AI01364,0.25,0
r_656,AI09216,0.25,0
r_561,AI01981,0.2,0
r_562,AI05206,0.2,0
r_375,AI14961,0.2,0
r_1811,AI10587,0.5,1
r_224,AI06986,0.25,0
r_963,AI14187,0.5,1
r_406,AI01325,0.25,0
r_200,AI02183,0.25,0
r_12,AI03203,0.2,0
r_451,AI05433,0.2,0
r_673,AI09871,0.2,0
r_89,AI08768,0.25,0
r_451,AI03189,0.25,0
r_134,AI06157,0.2,0
r_561,AI11190,0.25,0
r_451,AI00793,0.25,0
r_12,AI11471,0.2,0
r_656,AI07313,0.25,0
r_632,AI06050,0.2,0
r_656,AI11001,0.2,0
r_174,AI10955,0.2,0
r_134,AI09991,0.25,0
r_566,AI09953,0.25,0
r_656,AI03169,0.25,0
r_594,AI13061,0.5,1
r_200,AI07745,0.25,0
r_111,AI12350,0.25,0
r_632,AI07606,0.2,0
r_12,AI11851,0.25,0
r_111,AI08266,0.25,0
r_209,AI11754,0.2,0
r_575,AI03948,0.25,0
r_224,AI01232,0.2,0
r_209,AI07588,0.2,0
r_594,AI05493,0.2,0
r_561,AI06715,0.2,0
r_451,AI06514,0.25,0
r_632,AI11776,0.25,0
r_588,AI07161,0.25,0
r_562,AI10932,0.25,0
r_132,AI06729,0.25,0
r_160,AI10958,0.2,0
r_673,AI08181,0.2,0
r_111,AI08257,0.2,0
r_134,AI14195,0.25,0
r_89,AI01166,0.25,0
r_12,AI09133,0.2,0
r_2509,AI13162,0.5,1
r_93,AI12112,0.2,0
r_575,AI04738,0.25,0
r_89,AI14172,0.2,0
r_562,AI06292,0.2,0
r_174,AI13701,0.2,0
r_709,AI00156,0.5,1
r_2284,AI08568,0.5,1
r_656,AI10701,0.2,0
r_1724,AI08237,0.5,1
r_451,AI07103,0.25,0
r_89,AI12682,0.2,0
r_12,AI10094,0.25,0
r_561,AI03203,0.2,0
r_1790,AI13435,0.5,1
r_451,AI01588,0.25,0
r_1154,AI07230,0.5,1
r_451,AI11985,0.25,0
r_93,AI10784,0.25,0
r_209,AI06153,0.2,0
r_346,AI01850,0.25,0
r_132,AI13777,0.2,0
r_89,AI03148,0.25,0
r_111,AI06136,0.25,0
r_174,AI04246,0.25,0
r_994,AI10238,0.5,1
r_174,AI14335,0.2,0
r_346,AI04550,0.25,0
r_575,AI13810,0.2,0
r_89,AI08956,0.25,0
r_134,AI07946,0.2,0
r_575,AI13645,0.2,0
r_588,AI01233,0.25,0
r_111,AI08755,0.2,0
r_160,AI03641,0.2,0
r_503,AI14299,0.25,0
r_89,AI13914,0.5,1
r_599,AI01673,0.2,0
r_709,AI13736,0.5,1
r_93,AI13619,0.25,0
r_406,AI13606,0.25,0
r_12,AI03714,0.5,1
r_58,AI02572,0.2,0
r_451,AI10545,0.2,0
r_673,AI03331,0.25,0
r_224,AI03714,0.5,1
r_562,AI06832,0.5,1
r_673,AI01185,0.25,0
r_346,AI14792,0.2,0
r_588,AI14388,0.25,0
r_209,AI13597,0.25,0
r_673,AI09185,0.25,0
r_111,AI12981,0.2,0
r_134,AI03225,0.25,0
r_134,AI01156,0.2,0
r_406,AI03355,0.25,0
r_594,AI06770,0.25,0
r_673,AI09727,0.25,0
r_963,AI10587,0.5,1
r_111,AI14558,0.25,0
r_209,AI13359,0.25,0
r_134,AI09843,0.5,1
r_2955,AI10434,0.5,1
r_1817,AI14187,0.5,1
r_160,AI02900,0.25,0
r_451,AI08673,0.2,0
r_134,AI10869,0.2,0
r_406,AI01044,0.2,0
r_656,AI00230,0.2,0
r_594,AI04984,0.25,0
r_561,AI05131,0.2,0
r_632,AI08018,0.2,0
r_632,AI14655,0.25,0
r_539,AI03355,0.25,0
r_561,AI09134,0.25,0
r_588,AI11326,0.2,0
r_562,AI11793,0.2,0
r_111,AI08182,0.25,0
r_134,AI06219,0.25,0
r_539,AI00579,0.2,0
r_656,AI08083,0.2,0
r_562,AI01024,0.2,0
r_134,AI06008,0.2,0
r_503,AI11351,0.25,0
r_561,AI07220,0.25,0
r_58,AI01478,0.25,0
r_539,AI14254,0.2,0
r_451,AI13000,0.2,0
r_1640,AI10422,0.5,1
r_134,AI00142,0.2,0
r_160,AI01566,0.2,0
r_632,AI09685,0.25,0
r_406,AI05508,0.25,0
r_594,AI12537,0.2,0
r_134,AI09572,0.2,0
r_160,AI14714,0.2,0
r_200,AI04504,0.25,0
r_89,AI05032,0.2,0
r_346,AI02067,0.2,0
r_561,AI07011,0.2,0
r_2155,AI13736,0.5,1
r_594,AI08007,0.25,0
r_89,AI04823,0.25,0
r_673,AI00861,0.2,0
r_451,AI04994,0.2,0
r_451,AI11270,0.2,0
r_588,AI12416,0.25,0
r_562,AI07293,0.25,0
r_174,AI11890,0.25,0
r_200,AI13606,0.25,0
r_632,AI09372,0.2,0
r_375,AI01598,0.25,0
r_599,AI13278,0.2,0
r_200,AI07855,0.25,0
r_174,AI00992,0.25,0
r_656,AI03457,0.25,0
r_160,AI00974,0.25,0
r_406,AI09815,0.2,0
r_93,AI03120,0.2,0
r_209,AI02914,0.25,0
r_539,AI06350,0.25,0
r_111,AI10836,0.2,0
r_566,AI09272,0.25,0
r_346,AI08790,0.2,0
r_209,AI13704,0.2,0
r_224,AI02956,0.25,0
r_1955,AI12950,0.5,1
r_539,AI01778,0.2,0
r_599,AI03076,0.2,0
r_673,AI14582,0.2,0
r_200,AI04200,0.5,1
r_599,AI05573,0.25,0
r_174,AI00979,0.2,0
r_132,AI08531,0.2,0
r_562,AI12125,0.25,0
r_451,AI12208,0.2,0
r_160,AI12760,0.5,1
r_561,AI09955,0.2,0
r_2195,AI14063,0.5,1
r_2130,AI09434,0.5,1
r_111,AI01109,0.25,0
r_561,AI04678,0.2,0
r_58,AI10472,0.25,0
r_566,AI06773,0.2,0
r_89,AI12217,0.25,0
r_174,AI00111,0.25,0
r_58,AI09382,0.25,0
r_111,AI08875,0.2,0
r_12,AI06449,0.25,0
r_594,AI00064,0.25,0
r_562,AI08354,0.25,0
r_575,AI05631,0.2,0
r_599,AI04622,0.2,0
r_58,AI00519,0.25,0
r_93,AI11647,0.25,0
r_89,AI12151,0.2,0
r_12,AI01777,0.2,0
r_187,AI02807,0.25,0
r_632,AI10159,0.2,0
r_209,AI13644,0.2,0
r_561,AI13475,0.25,0
r_160,AI01491,0.25,0
r_224,AI02630,0.25,0
r_406,AI03161,0.2,0
r_562,AI14238,0.25,0
r_561,AI12559,0.2,0
r_656,AI04622,0.2,0
r_134,AI01180,0.25,0
r_594,AI11685,0.25,0
r_566,AI03544,0.25,0
r_224,AI02885,0.2,0
r_89,AI14457,0.2,0
r_594,AI11197,0.25,0
r_89,AI07593,0.2,0
r_783,AI06825,0.5,1
r_224,AI03568,0.2,0
r_132,AI07718,0.2,0
r_111,AI10871,0.2,0
r_134,AI13597,0.25,0
r_562,AI09619,0.2,0
r_673,AI02955,0.25,0
r_187,AI01096,0.2,0
r_588,AI07825,0.25,0
r_132,AI03448,0.25,0
r_566,AI04029,0.25,0
r_2303,AI11781,0.5,1
r_209,AI06221,0.25,0
r_594,AI00099,0.25,0
r_406,AI05215,0.2,0
r_575,AI02051,0.25,0
r_656,AI12393,0.25,0
r_209,AI14438,0.25,0
r_187,AI12182,0.2,0
r_346,AI00579,0.2,0
r_632,AI07578,0.2,0
r_588,AI08282,0.2,0
r_160,AI04734,0.2,0
r_174,AI05291,0.2,0
r_375,AI05865,0.25,0
r_93,AI07301,0.2,0
r_89,AI03203,0.2,0
r_58,AI05439,0.2,0
r_539,AI12914,0.2,0
r_58,AI08085,0.2,0
r_224,AI04119,0.2,0
r_224,AI03334,0.2,0
r_561,AI12834,0.25,0
r_224,AI01085,0.2,0
r_656,AI08063,0.2,0
r_224,AI11943,0.2,0
r_132,AI10183,0.2,0
r_632,AI12643,0.2,0
r_594,AI13713,0.25,0
r_656,AI10772,0.2,0
r_58,AI13356,0.2,0
r_539,AI05431,0.2,0
r_588,AI04749,0.25,0
r_134,AI12294,0.25,0
r_632,AI00777,0.2,0
r_93,AI03310,0.2,0
r_111,AI10822,0.2,0
r_375,AI01439,0.25,0
r_160,AI09941,0.25,0
r_160,AI12643,0.2,0
r_562,AI10748,0.2,0
r_132,AI11410,0.25,0
r_566,AI08487,0.2,0
r_174,AI00307,0.25,0
r_2063,AI11970,0.5,1
r_375,AI05921,0.25,0
r_200,AI11328,0.2,0
r_451,AI01139,0.2,0
r_2303,AI11748,0.5,1
r_375,AI05365,0.25,0
r_375,AI08690,0.2,0
r_656,AI01631,0.2,0
r_656,AI10302,0.25,0
r_503,AI01598,0.25,0
r_58,AI03424,0.25,0
r_503,AI06527,0.25,0
r_539,AI03328,0.2,0
r_93,AI01913,0.25,0
r_588,AI00464,0.25,0
r_503,AI01500,0.25,0
r_132,AI10962,0.2,0
r_346,AI10542,0.2,0
r_224,AI03324,0.25,0
r_566,AI10979,0.25,0
r_209,AI14863,0.25,0
r_12,AI04413,0.25,0
r_681,AI07018,0.5,1
r_575,AI11351,0.25,0
r_375,AI10340,0.25,0
r_134,AI01242,0.25,0
r_174,AI08228,0.25,0
r_375,AI08351,0.25,0
r_174,AI07700,0.2,0
r_561,AI14720,0.25,0
r_58,AI06461,0.2,0
r_187,AI03119,0.25,0
r_132,AI11767,0.2,0
r_12,AI10098,0.25,0
r_503,AI01850,0.25,0
r_224,AI07666,0.25,0
r_132,AI08085,0.2,0
r_406,AI14169,0.25,0
r_566,AI10551,0.5,1
r_3002,AI09066,0.5,1
r_187,AI04541,0.2,0
r_575,AI00156,0.5,1
r_539,AI04611,0.2,0
r_200,AI01139,0.2,0
r_539,AI08007,0.25,0
r_562,AI02438,0.2,0
r_656,AI10233,0.25,0
r_187,AI07753,0.2,0
r_200,AI12384,0.25,0
r_134,AI05382,0.2,0
r_346,AI12741,0.25,0
r_111,AI03081,0.2,0
r_503,AI06479,0.25,0
r_209,AI12212,0.2,0
r_200,AI00817,0.25,0
r_503,AI08112,0.2,0
r_89,AI04046,0.2,0
r_12,AI04466,0.2,0
r_594,AI14610,0.2,0
r_134,AI14267,0.2,0
r_566,AI09840,0.25,0
r_89,AI04298,0.25,0
r_12,AI01451,0.25,0
r_562,AI03424,0.25,0
r_562,AI14787,0.25,0
r_12,AI09475,0.2,0
r_588,AI08297,0.25,0
r_566,AI06601,0.25,0
r_451,AI03119,0.25,0
r_594,AI09773,0.2,0
r_599,AI07257,0.2,0
r_503,AI11484,0.25,0
r_12,AI13023,0.2,0
r_996,AI02054,0.5,1
r_200,AI07832,0.25,0
r_375,AI14386,0.2,0
r_539,AI10944,0.25,0
r_160,AI13903,0.25,0
r_134,AI00265,0.25,0
r_539,AI11270,0.2,0
r_561,AI04190,0.2,0
r_656,AI01186,0.25,0
r_451,AI01713,0.2,0
r_375,AI10371,0.25,0
r_200,AI11507,0.25,0
r_1197,AI07230,0.5,1
r_562,AI00274,0.2,0
r_12,AI08590,0.25,0
r_187,AI11072,0.25,0
r_160,AI09121,0.25,0
r_588,AI03852,0.2,0
r_93,AI05423,0.2,0
r_174,AI01620,0.25,0
r_656,AI14335,0.2,0
r_632,AI13495,0.25,0
r_575,AI14517,0.25,0
r_132,AI06363,0.2,0
r_187,AI06758,0.2,0
r_599,AI10822,0.2,0
r_632,AI14031,0.25,0
r_187,AI13833,0.2,0
r_539,AI08085,0.2,0
r_174,AI04553,0.25,0
r_209,AI07807,0.25,0
r_200,AI09995,0.2,0
r_12,AI04397,0.25,0
r_673,AI03133,0.25,0
r_58,AI14176,0.25,0
r_200,AI07900,0.2,0
r_224,AI11257,0.2,0
r_187,AI14453,0.2,0
r_451,AI14086,0.2,0
r_2195,AI02466,0.5,1
r_539,AI13833,0.2,0
r_187,AI14925,0.25,0
r_588,AI00270,0.2,0
r_209,AI14522,0.25,0
r_375,AI11805,0.25,0
r_224,AI00785,0.2,0
r_673,AI12220,0.25,0
r_594,AI07364,0.25,0
r_656,AI07498,0.25,0
r_134,AI04608,0.2,0
r_58,AI03119,0.25,0
r_632,AI03411,0.25,0
r_561,AI01044,0.2,0
r_594,AI09456,0.2,0
r_132,AI14299,0.25,0
r_187,AI12850,0.25,0
r_566,AI10235,0.2,0
r_575,AI12600,0.2,0
r_375,AI05799,0.25,0
r_134,AI08007,0.25,0
r_588,AI01139,0.2,0
r_451,AI13016,0.2,0
r_93,AI01033,0.25,0
r_111,AI09149,0.25,0
r_132,AI08630,0.25,0
r_12,AI13807,0.25,0
r_200,AI00166,0.2,0
r_451,AI09457,0.25,0
r_132,AI13728,0.2,0
r_566,AI14437,0.2,0
r_209,AI08777,0.25,0
r_134,AI05864,0.2,0
r_209,AI02648,0.25,0
r_209,AI10540,0.25,0
r_111,AI05361,0.2,0
r_134,AI12333,0.25,0
r_93,AI12077,0.25,0
r_561,AI13845,0.2,0
r_1961,AI11755,0.5,1
r_2940,AI12760,0.5,1
r_539,AI04041,0.2,0
r_539,AI10859,0.25,0
r_451,AI10905,0.25,0
r_93,AI04611,0.2,0
r_539,AI06712,0.2,0
r_58,AI08458,0.25,0
r_375,AI13728,0.2,0
r_12,AI03916,0.2,0
r_187,AI09089,0.25,0
r_12,AI04153,0.25,0
r_160,AI02144,0.25,0
r_561,AI01888,0.2,0
r_561,AI09216,0.25,0
r_588,AI12077,0.25,0
r_566,AI14140,0.25,0
r_12,AI11184,0.2,0
r_406,AI14686,0.2,0
r_134,AI03011,0.2,0
r_575,AI04228,0.25,0
r_58,AI03358,0.2,0
r_93,AI06162,0.2,0
r_346,AI03151,0.25,0
r_224,AI07724,0.2,0
r_451,AI01913,0.25,0
r_561,AI14220,0.25,0
r_187,AI12424,0.2,0
r_375,AI10714,0.25,0
r_451,AI09710,0.2,0
r_132,AI06580,0.2,0
r_111,AI02550,0.25,0
r_594,AI06511,0.25,0
r_93,AI07907,0.2,0
r_132,AI14169,0.25,0
r_561,AI02856,0.2,0
r_187,AI14589,0.2,0
r_209,AI00609,0.2,0
r_93,AI05948,0.25,0
r_224,AI03090,0.2,0
r_12,AI08877,0.2,0
r_132,AI00402,0.2,0
r_562,AI05866,0.25,0
r_134,AI06443,0.25,0
r_588,AI09022,0.2,0
r_575,AI09372,0.2,0
r_1549,AI08383,0.5,1
r_539,AI05301,0.5,1
r_187,AI04499,0.25,0
r_503,AI03139,0.25,0
r_200,AI10322,0.25,0
r_12,AI14060,0.25,0
r_174,AI04717,0.2,0
r_375,AI01139,0.2,0
r_346,AI02280,0.2,0
r_200,AI10709,0.25,0
r_588,AI00820,0.25,0
r_599,AI10422,0.5,1
r_375,AI01482,0.2,0
r_561,AI09565,0.25,0
r_575,AI14441,0.25,0
r_2869,AI10648,0.5,1
r_132,AI00569,0.25,0
r_89,AI09489,0.2,0
r_562,AI11647,0.25,0
r_224,AI01475,0.25,0
r_187,AI08780,0.25,0
r_575,AI10315,0.2,0
r_673,AI00821,0.25,0
r_174,AI04044,0.25,0
r_93,AI09526,0.25,0
r_89,AI05923,0.2,0
r_132,AI02040,0.25,0
r_406,AI07923,0.2,0
r_187,AI14445,0.2,0
r_756,AI04200,0.5,1
r_209,AI14300,0.2,0
r_451,AI09286,0.5,1
r_539,AI01479,0.2,0
r_594,AI07724,0.2,0
r_209,AI11226,0.2,0
r_406,AI05620,0.2,0
r_503,AI00553,0.2,0
r_209,AI02935,0.2,0
r_174,AI13632,0.25,0
r_200,AI11326,0.2,0
r_111,AI03582,0.2,0
r_346,AI07201,0.25,0
r_1952,AI07230,0.5,1
r_209,AI00652,0.25,0
r_406,AI07414,0.25,0
r_224,AI04059,0.25,0
r_132,AI03757,0.2,0
r_451,AI05355,0.2,0
r_93,AI13885,0.2,0
r_12,AI13157,0.25,0
r_632,AI01233,0.25,0
r_111,AI01873,0.25,0
r_2857,AI07687,0.5,1
r_224,AI00031,0.2,0
r_406,AI14517,0.25,0
r_209,AI06067,0.2,0
r_375,AI11875,0.2,0
r_134,AI12279,0.2,0
r_2937,AI05884,0.5,1
r_566,AI08571,0.2,0
r_12,AI02152,0.25,0
r_561,AI12184,0.2,0
r_588,AI01588,0.25,0
r_599,AI07011,0.2,0
r_406,AI09216,0.25,0
r_451,AI09268,0.2,0
r_346,AI02510,0.25,0
r_656,AI09879,0.2,0
r_132,AI05921,0.25,0
r_656,AI05042,0.2,0
r_588,AI01253,0.25,0
r_656,AI01325,0.25,0
r_594,AI11851,0.25,0
r_224,AI02516,0.25,0
r_93,AI00994,0.2,0
r_209,AI13631,0.25,0
r_503,AI11067,0.2,0
r_2857,AI13914,0.5,1
r_2173,AI11781,0.5,1
r_599,AI01479,0.2,0
r_2088,AI05651,0.5,1
r_1568,AI09066,0.5,1
r_2173,AI10587,0.5,1
r_406,AI06703,0.2,0
r_224,AI02444,0.25,0
r_632,AI12029,0.25,0
r_599,AI07923,0.2,0
r_1154,AI04896,0.5,1
r_575,AI11647,0.25,0
r_375,AI02975,0.2,0
r_89,AI11915,0.2,0
r_562,AI07522,0.25,0
r_566,AI11985,0.25,0
r_588,AI08182,0.25,0
r_599,AI04430,0.25,0
r_93,AI14481,0.25,0
r_134,AI05766,0.25,0
r_58,AI04200,0.5,1
r_566,AI02780,0.2,0
r_111,AI04184,0.2,0
r_599,AI12174,0.25,0
r_575,AI02904,0.25,0
r_174,AI11043,0.2,0
r_12,AI09548,0.2,0
r_566,AI09267,0.25,0
r_406,AI12715,0.25,0
r_224,AI11933,0.2,0
r_58,AI13728,0.2,0
r_503,AI09175,0.25,0
r_224,AI00331,0.2,0
r_632,AI14402,0.2,0
r_187,AI11805,0.25,0
r_209,AI01552,0.25,0
r_406,AI08755,0.2,0
r_187,AI02430,0.25,0
r_132,AI13386,0.25,0
r_375,AI08755,0.2,0
r_594,AI05968,0.2,0
r_632,AI01643,0.2,0
r_132,AI08875,0.2,0
r_632,AI02567,0.25,0
r_224,AI04143,0.25,0
r_346,AI03072,0.5,1
r_375,AI04931,0.2,0
r_224,AI09572,0.2,0
r_599,AI13810,0.2,0
r_503,AI14946,0.25,0
r_2603,AI03072,0.5,1
r_575,AI10235,0.2,0
r_503,AI11620,0.2,0
r_111,AI07498,0.25,0
r_132,AI09957,0.2,0
r_1952,AI12760,0.5,1
r_561,AI04695,0.2,0
r_2195,AI08568,0.5,1
r_566,AI13908,0.25,0
r_451,AI06780,0.2,0
r_375,AI12803,0.25,0
r_594,AI13559,0.2,0
r_503,AI03531,0.25,0
r_756,AI02466,0.5,1
r_134,AI08959,0.25,0
r_406,AI08148,0.2,0
r_561,AI06758,0.2,0
r_132,AI09874,0.2,0
r_375,AI09518,0.25,0
r_134,AI11369,0.25,0
r_588,AI02519,0.2,0
r_111,AI03795,0.25,0
r_174,AI00263,0.25,0
r_174,AI08105,0.2,0
r_2848,AI11781,0.5,1
r_588,AI05319,0.2,0
r_174,AI00273,0.5,1
r_93,AI00579,0.2,0
r_346,AI04541,0.2,0
r_89,AI05589,0.2,0
r_224,AI04480,0.2,0
r_503,AI10760,0.2,0
r_539,AI01057,0.25,0
r_1817,AI09342,0.5,1
r_588,AI10979,0.25,0
r_503,AI02904,0.25,0
r_160,AI14437,0.2,0
r_588,AI08780,0.25,0
r_406,AI10720,0.25,0
r_1741,AI10587,0.5,1
r_656,AI10545,0.2,0
r_406,AI03787,0.25,0
r_160,AI10829,0.25,0
r_599,AI00167,0.25,0
r_89,AI06364,0.2,0
r_111,AI05867,0.2,0
r_566,AI12319,0.2,0
r_160,AI01737,0.2,0
r_187,AI11633,0.2,0
r_588,AI10331,0.25,0
r_1702,AI10995,0.5,1
r_174,AI03933,0.2,0
r_1773,AI06825,0.5,1
r_562,AI11760,0.25,0
r_93,AI02067,0.2,0
r_200,AI10015,0.25,0
r_2602,AI05758,0.5,1
r_132,AI12288,0.2,0
r_599,AI09233,0.25,0
r_375,AI09777,0.25,0
r_503,AI13334,0.2,0
r_134,AI07307,0.2,0
r_200,AI00415,0.2,0
r_656,AI13443,0.25,0
r_566,AI10159,0.2,0
r_575,AI11987,0.2,0
r_346,AI10809,0.2,0
r_562,AI04065,0.25,0
r_451,AI04562,0.2,0
r_561,AI12499,0.25,0
r_187,AI08581,0.25,0
r_599,AI08780,0.25,0
r_12,AI07566,0.25,0
r_599,AI11748,0.5,1
r_588,AI06589,0.25,0
r_346,AI12500,0.2,0
r_209,AI00775,0.2,0
r_503,AI07011,0.2,0
r_406,AI04744,0.2,0
r_134,AI14577,0.25,0
r_375,AI14063,0.5,1
r_656,AI02387,0.2,0
r_160,AI03033,0.2,0
r_375,AI10020,0.25,0
r_12,AI14959,0.2,0
r_93,AI14779,0.2,0
r_562,AI07498,0.25,0
r_111,AI14136,0.2,0
r_346,AI13679,0.2,0
r_406,AI09267,0.25,0
r_2940,AI10648,0.5,1
r_566,AI11439,0.25,0
r_1774,AI07018,0.5,1
r_134,AI02707,0.25,0
r_174,AI12956,0.2,0
r_93,AI03889,0.25,0
r_562,AI12715,0.25,0
r_89,AI12567,0.25,0
r_200,AI13350,0.25,0
r_111,AI04126,0.2,0
r_134,AI06304,0.25,0
r_12,AI12562,0.25,0
r_539,AI03082,0.25,0
r_134,AI11867,0.25,0
r_588,AI00761,0.2,0
r_134,AI06676,0.25,0
r_451,AI09714,0.2,0
r_406,AI14787,0.25,0
r_346,AI05450,0.2,0
r_566,AI12697,0.25,0
r_594,AI06364,0.2,0
r_12,AI07697,0.25,0
r_209,AI13067,0.2,0
r_58,AI09604,0.2,0
r_134,AI05986,0.25,0
r_451,AI05332,0.2,0
r_503,AI14917,0.25,0
r_200,AI06479,0.25,0
r_656,AI03058,0.25,0
r_132,AI06029,0.2,0
r_406,AI10302,0.25,0
r_111,AI02904,0.25,0
r_451,AI14295,0.2,0
r_200,AI09994,0.25,0
r_2602,AI12780,0.5,1
r_58,AI00154,0.25,0
r_93,AI04766,0.25,0
r_562,AI03139,0.25,0
r_632,AI01162,0.2,0
r_503,AI11485,0.2,0
r_93,AI01588,0.25,0
r_588,AI00431,0.2,0
r_599,AI09879,0.2,0
r_89,AI08097,0.2,0
r_656,AI13133,0.2,0
r_1058,AI10238,0.5,1
r_503,AI02567,0.25,0
r_375,AI10958,0.2,0
r_174,AI14802,0.25,0
r_346,AI09637,0.5,1
r_561,AI02192,0.2,0
r_132,AI04578,0.2,0
r_503,AI10183,0.2,0
r_566,AI08844,0.2,0
r_503,AI09383,0.25,0
r_503,AI13233,0.2,0
r_93,AI07463,0.25,0
r_132,AI06090,0.2,0
r_375,AI08581,0.25,0
r_224,AI00219,0.2,0
r_451,AI13679,0.2,0
r_200,AI04029,0.25,0
r_562,AI01001,0.2,0
r_575,AI07952,0.2,0
r_562,AI00044,0.25,0
r_209,AI09133,0.2,0
r_588,AI00194,0.25,0
r_224,AI02740,0.25,0
r_656,AI11918,0.25,0
r_1253,AI09342,0.5,1
r_160,AI12184,0.2,0
r_451,AI09272,0.25,0
r_673,AI14714,0.2,0
r_134,AI01183,0.25,0
r_561,AI03757,0.2,0
r_132,AI11950,0.2,0
r_632,AI10542,0.2,0
r_134,AI01896,0.2,0
r_200,AI01233,0.25,0
r_632,AI12760,0.5,1
r_200,AI06508,0.2,0
r_588,AI14018,0.2,0
r_656,AI11351,0.25,0
r_575,AI04134,0.25,0
r_12,AI14708,0.25,0
r_160,AI09880,0.25,0
r_12,AI05592,0.25,0
r_375,AI04622,0.2,0
r_673,AI05545,0.2,0
r_209,AI08291,0.2,0
r_451,AI00522,0.2,0
r_673,AI02513,0.25,0
r_209,AI11841,0.2,0
r_134,AI06439,0.2,0
r_132,AI07588,0.2,0
r_160,AI06762,0.2,0
r_673,AI04590,0.2,0
r_539,AI09355,0.25,0
r_963,AI11212,0.5,1
r_1961,AI14063,0.5,1
r_673,AI03952,0.2,0
r_588,AI04562,0.2,0
r_200,AI06646,0.2,0
r_93,AI07592,0.25,0
r_673,AI05810,0.2,0
r_566,AI04833,0.2,0
r_2927,AI10026,0.5,1
r_375,AI07207,0.25,0
r_566,AI05531,0.25,0
r_174,AI06888,0.2,0
r_89,AI10846,0.25,0
r_93,AI12926,0.25,0
r_132,AI02556,0.25,0
r_1531,AI05651,0.5,1
r_656,AI04499,0.25,0
r_594,AI11209,0.25,0
r_209,AI10886,0.2,0
r_209,AI00691,0.25,0
r_594,AI11510,0.25,0
r_209,AI08982,0.25,0
r_209,AI02833,0.25,0
r_599,AI12452,0.2,0
r_111,AI02990,0.25,0
r_632,AI14666,0.25,0
r_406,AI12029,0.25,0
r_93,AI14714,0.2,0
r_12,AI05889,0.25,0
r_566,AI01437,0.2,0
r_132,AI03852,0.2,0
r_588,AI08063,0.2,0
r_160,AI13374,0.25,0
r_209,AI00999,0.25,0
r_89,AI04492,0.25,0
r_599,AI10322,0.25,0
r_111,AI03208,0.25,0
r_93,AI05190,0.2,0
r_2953,AI13162,0.5,1
r_594,AI04159,0.2,0
r_594,AI13279,0.2,0
r_575,AI05568,0.5,1
r_561,AI09380,0.2,0
r_375,AI12393,0.25,0
r_594,AI12313,0.25,0
r_58,AI02378,0.25,0
r_58,AI14997,0.25,0
r_562,AI04222,0.25,0
r_994,AI00045,0.5,1
r_111,AI01437,0.2,0
r_174,AI08138,0.2,0
r_134,AI12212,0.2,0
r_2489,AI12760,0.5,1
r_12,AI12351,0.25,0
r_1773,AI02054,0.5,1
r_12,AI01779,0.2,0
r_160,AI09286,0.5,1
r_562,AI12499,0.25,0
r_451,AI10962,0.2,0
r_575,AI09149,0.25,0
r_2504,AI09342,0.5,1
r_451,AI12029,0.25,0
r_566,AI10168,0.25,0
r_599,AI05187,0.25,0
r_132,AI00305,0.2,0
r_375,AI14957,0.25,0
r_93,AI12596,0.25,0
r_406,AI04878,0.2,0
r_673,AI06028,0.25,0
r_632,AI10704,0.2,0
r_93,AI14864,0.2,0
r_673,AI05291,0.2,0
r_58,AI11328,0.2,0
r_594,AI10098,0.25,0
r_656,AI06729,0.25,0
r_539,AI08182,0.25,0
r_89,AI01030,0.25,0
r_111,AI00519,0.25,0
r_632,AI10820,0.25,0
r_111,AI07257,0.2,0
r_406,AI00208,0.2,0
r_451,AI07860,0.2,0
r_89,AI02800,0.2,0
r_132,AI07773,0.25,0
r_566,AI04504,0.25,0
r_187,AI06082,0.2,0
r_588,AI07674,0.25,0
r_594,AI07503,0.2,0
r_89,AI01040,0.25,0
r_451,AI03058,0.25,0
r_575,AI09637,0.5,1
r_632,AI06514,0.25,0
r_12,AI10004,0.25,0
r_224,AI03807,0.2,0
r_200,AI00020,0.2,0
r_599,AI11089,0.25,0
r_503,AI06825,0.5,1
r_132,AI11067,0.2,0
r_562,AI01821,0.2,0
r_160,AI01124,0.25,0
r_89,AI07638,0.25,0
r_89,AI14654,0.25,0
r_656,AI09526,0.25,0
r_588,AI12350,0.25,0
r_58,AI12834,0.25,0
r_632,AI11902,0.25,0
r_134,AI03426,0.25,0
r_566,AI02754,0.25,0
r_539,AI02161,0.2,0
r_561,AI03887,0.2,0
r_12,AI10651,0.2,0
r_89,AI04563,0.25,0
r_134,AI14845,0.2,0
r_224,AI10358,0.25,0
r_200,AI07423,0.25,0
r_134,AI14215,0.2,0
r_406,AI08266,0.25,0
r_58,AI06201,0.25,0
r_209,AI11507,0.25,0
r_375,AI09052,0.2,0
r_539,AI05821,0.25,0
r_406,AI14792,0.2,0
r_346,AI14714,0.2,0
r_174,AI05231,0.2,0
r_503,AI12927,0.25,0
r_503,AI06530,0.25,0
r_561,AI14136,0.2,0
r_451,AI07663,0.25,0
r_134,AI05749,0.25,0
r_346,AI11851,0.25,0
r_375,AI04228,0.25,0
r_134,AI06782,0.25,0
r_89,AI09644,0.25,0
r_12,AI07593,0.2,0
r_632,AI05129,0.25,0
r_375,AI06156,0.2,0
r_561,AI08112,0.2,0
r_561,AI07685,0.25,0
r_673,AI12958,0.2,0
r_451,AI08083,0.2,0
r_111,AI07907,0.2,0
r_451,AI00050,0.2,0
r_187,AI11712,0.2,0
r_209,AI03225,0.25,0
r_224,AI00652,0.25,0
r_132,AI07923,0.2,0
r_224,AI09555,0.25,0
r_346,AI11270,0.2,0
r_93,AI09565,0.25,0
r_111,AI06069,0.2,0
r_503,AI11507,0.25,0
r_588,AI09995,0.2,0
r_200,AI04550,0.25,0
r_346,AI10822,0.2,0
r_406,AI00057,0.25,0
r_539,AI05508,0.25,0
r_187,AI01534,0.25,0
r_503,AI09089,0.25,0
r_375,AI05635,0.2,0
r_673,AI01574,0.2,0
r_200,AI01534,0.25,0
r_134,AI13329,0.25,0
r_160,AI08875,0.2,0
r_503,AI03787,0.25,0
r_594,AI06950,0.25,0
r_561,AI14779,0.2,0
r_111,AI08819,0.2,0
r_406,AI09761,0.25,0
r_346,AI10159,0.2,0
r_12,AI01424,0.2,0
r_200,AI08531,0.2,0
r_539,AI14295,0.2,0
r_673,AI09610,0.25,0
r_160,AI01565,0.25,0
r_111,AI14167,0.2,0
r_561,AI13278,0.2,0
r_224,AI05612,0.5,1
r_503,AI05744,0.2,0
r_375,AI14234,0.2,0
r_588,AI10820,0.25,0
r_588,AI04100,0.25,0
r_58,AI07339,0.25,0
r_594,AI09937,0.25,0
r_588,AI04550,0.25,0
r_58,AI12015,0.2,0
r_224,AI09549,0.25,0
r_200,AI06204,0.2,0
r_451,AI06200,0.2,0
r_575,AI06429,0.25,0
r_594,AI05520,0.2,0
r_562,AI00519,0.25,0
r_632,AI07923,0.2,0
r_1774,AI14770,0.5,1
r_406,AI13493,0.25,0
r_599,AI06993,0.2,0
r_346,AI12229,0.2,0
r_111,AI13269,0.2,0
r_539,AI09066,0.5,1
r_503,AI14733,0.2,0
r_134,AI13173,0.2,0
r_451,AI03772,0.25,0
r_539,AI11089,0.25,0
r_503,AI02800,0.2,0
r_111,AI01598,0.25,0
r_594,AI09644,0.25,0
r_588,AI09009,0.25,0
r_187,AI11781,0.5,1
r_134,AI10695,0.2,0
r_174,AI01247,0.25,0
r_566,AI06019,0.25,0
r_111,AI10294,0.25,0
r_406,AI11365,0.2,0
r_93,AI08099,0.25,0
r_111,AI04611,0.2,0
r_224,AI12151,0.2,0
r_539,AI06180,0.2,0
r_594,AI01179,0.25,0
r_209,AI14092,0.25,0
r_632,AI01253,0.25,0
r_89,AI10016,0.25,0
r_12,AI14074,0.2,0
r_1702,AI06944,0.5,1
r_132,AI05807,0.2,0
r_503,AI02654,0.25,0
r_539,AI05865,0.25,0
r_562,AI02515,0.2,0
r_134,AI11209,0.25,0
r_224,AI05653,0.25,0
r_539,AI11072,0.25,0
r_132,AI14234,0.2,0
r_561,AI12605,0.25,0
r_562,AI14254,0.2,0
r_562,AI08473,0.25,0
r_174,AI09183,0.2,0
r_3011,AI13736,0.5,1
r_89,AI07021,0.2,0
r_656,AI08211,0.2,0
r_134,AI09304,0.25,0
r_566,AI13758,0.25,0
r_12,AI01697,0.25,0
r_575,AI13576,0.25,0
r_2509,AI07687,0.5,1
r_539,AI12393,0.25,0
r_209,AI11085,0.25,0
r_93,AI04776,0.25,0
r_58,AI03908,0.2,0
r_673,AI08843,0.25,0
r_1955,AI14924,0.5,1
r_134,AI05868,0.25,0
r_599,AI13777,0.2,0
r_134,AI01081,0.25,0
r_200,AI14589,0.2,0
r_566,AI14101,0.25,0
r_406,AI10352,0.25,0
r_632,AI09804,0.25,0
r_594,AI12279,0.2,0
r_451,AI04222,0.25,0
r_539,AI10979,0.25,0
r_209,AI07592,0.25,0
r_346,AI08831,0.25,0
r_375,AI14746,0.25,0
r_375,AI03604,0.25,0
r_346,AI03749,0.25,0
r_134,AI08401,0.2,0
r_200,AI13754,0.25,0
r_375,AI08257,0.2,0
r_588,AI09129,0.25,0
r_93,AI06514,0.25,0
r_561,AI01703,0.2,0
r_174,AI02403,0.2,0
r_594,AI10612,0.2,0
r_346,AI03590,0.25,0
r_93,AI03296,0.25,0
r_594,AI12980,0.25,0
r_806,AI13061,0.5,1
r_562,AI10439,0.25,0
r_503,AI14751,0.2,0
r_209,AI14277,0.25,0
r_375,AI08531,0.2,0
r_632,AI05407,0.25,0
r_451,AI02339,0.2,0
r_346,AI05332,0.2,0
r_2136,AI01474,0.5,1
r_656,AI03319,0.25,0
r_562,AI09880,0.25,0
r_346,AI14116,0.2,0
r_346,AI04201,0.2,0
r_673,AI14049,0.5,1
r_134,AI05045,0.25,0
r_575,AI00437,0.25,0
r_160,AI10159,0.2,0
r_594,AI02467,0.2,0
r_575,AI02299,0.25,0
r_594,AI12768,0.25,0
r_599,AI12362,0.2,0
r_2667,AI07230,0.5,1
r_594,AI02503,0.2,0
r_187,AI03236,0.2,0
r_594,AI00953,0.2,0
r_3011,AI11781,0.5,1
r_93,AI09427,0.2,0
r_375,AI07553,0.25,0
r_594,AI09133,0.2,0
r_174,AI01329,0.25,0
r_588,AI04640,0.2,0
r_406,AI06212,0.25,0
r_111,AI08410,0.2,0
r_209,AI10501,0.25,0
r_503,AI12856,0.2,0
r_503,AI09436,0.2,0
r_406,AI11755,0.5,1
r_503,AI04611,0.2,0
r_174,AI09741,0.2,0
r_89,AI08098,0.2,0
r_575,AI09566,0.2,0
r_160,AI13436,0.25,0
r_93,AI03795,0.25,0
r_503,AI12839,0.25,0
r_160,AI05183,0.5,1
r_406,AI08083,0.2,0
r_1724,AI14063,0.5,1
r_632,AI10404,0.25,0
r_673,AI06259,0.25,0
r_451,AI00604,0.25,0
r_224,AI01935,0.2,0
r_93,AI09058,0.25,0
r_588,AI01886,0.25,0
r_599,AI07291,0.2,0
r_539,AI08819,0.2,0
r_3011,AI11959,0.5,1
r_187,AI14367,0.2,0
r_224,AI01766,0.2,0
r_594,AI14928,0.2,0
r_58,AI14720,0.25,0
r_575,AI10352,0.25,0
r_575,AI10701,0.2,0
r_561,AI02098,0.2,0
r_12,AI01368,0.2,0
r_58,AI03092,0.2,0
r_503,AI08429,0.5,1
r_1741,AI12760,0.5,1
r_561,AI04098,0.2,0
r_539,AI00225,0.25,0
r_187,AI14573,0.2,0
r_93,AI03948,0.25,0
r_562,AI09192,0.2,0
r_132,AI04113,0.2,0
r_89,AI10869,0.2,0
r_12,AI13350,0.25,0
r_224,AI07215,0.25,0
r_160,AI13985,0.25,0
r_566,AI07949,0.25,0
r_588,AI07423,0.25,0
r_406,AI11712,0.2,0
r_200,AI08440,0.2,0
r_209,AI03637,0.2,0
r_224,AI10732,0.25,0
r_539,AI02550,0.25,0
r_209,AI01874,0.2,0
r_575,AI02021,0.25,0
r_200,AI04786,0.25,0
r_594,AI11241,0.25,0
r_160,AI12875,0.25,0
r_111,AI06296,0.5,1
r_375,AI09615,0.25,0
r_575,AI12596,0.25,0
r_187,AI13133,0.2,0
r_673,AI04426,0.25,0
r_566,AI07753,0.2,0
r_89,AI12780,0.5,1
r_451,AI01175,0.2,0
r_2088,AI00886,0.5,1
r_160,AI10919,0.2,0
r_594,AI04088,0.25,0
r_346,AI12697,0.25,0
r_575,AI12590,0.25,0
r_187,AI13493,0.25,0
r_187,AI01564,0.25,0
r_599,AI08246,0.25,0
r_160,AI03867,0.25,0
r_1817,AI05301,0.5,1
r_187,AI00692,0.2,0
r_134,AI00816,0.25,0
r_594,AI09676,0.25,0
r_346,AI10932,0.25,0
r_375,AI07498,0.25,0
r_2940,AI11959,0.5,1
r_588,AI06195,0.25,0
r_187,AI13197,0.25,0
r_111,AI10363,0.25,0
r_632,AI08633,0.25,0
r_656,AI00522,0.2,0
r_134,AI08791,0.25,0
r_111,AI01117,0.2,0
r_134,AI06394,0.2,0
r_346,AI14299,0.25,0
r_58,AI00644,0.2,0
r_111,AI05062,0.25,0
r_134,AI13228,0.25,0
r_599,AI13367,0.25,0
r_111,AI07372,0.25,0
r_200,AI06162,0.2,0
r_111,AI05301,0.5,1
r_224,AI04506,0.2,0
r_174,AI08252,0.25,0
r_406,AI02390,0.25,0
r_346,AI02054,0.5,1
r_346,AI14585,0.25,0
r_451,AI03965,0.25,0
r_89,AI14981,0.2,0
r_12,AI10869,0.2,0
r_134,AI09936,0.25,0
r_111,AI07832,0.25,0
r_209,AI07261,0.25,0
r_539,AI11776,0.25,0
r_575,AI04761,0.2,0
r_12,AI03920,0.2,0
r_1261,AI04200,0.5,1
r_209,AI10283,0.25,0
r_599,AI08706,0.25,0
r_969,AI02849,0.5,1
r_346,AI10529,0.2,0
r_209,AI05597,0.25,0
r_594,AI07138,0.2,0
r_588,AI05631,0.2,0
r_346,AI14426,0.25,0
r_93,AI13748,0.2,0
r_93,AI09435,0.25,0
r_503,AI02067,0.2,0
r_174,AI03866,0.25,0
r_12,AI10077,0.25,0
r_656,AI04327,0.25,0
r_346,AI10760,0.2,0
r_575,AI09355,0.25,0
r_451,AI00373,0.2,0
r_111,AI01216,0.2,0
r_224,AI02391,0.2,0
r_134,AI01107,0.5,1
r_224,AI11964,0.25,0
r_632,AI14481,0.25,0
r_187,AI03818,0.2,0
r_132,AI08133,0.2,0
r_673,AI11850,0.25,0
r_681,AI10768,0.5,1
r_209,AI05309,0.2,0
r_132,AI09267,0.25,0
r_996,AI08237,0.5,1
r_375,AI08568,0.5,1
r_12,AI04986,0.2,0
r_451,AI08397,0.2,0
r_562,AI11730,0.25,0
r_224,AI10030,0.25,0
r_594,AI03082,0.25,0
r_89,AI07984,0.2,0
r_224,AI09810,0.2,0
r_588,AI12745,0.25,0
r_200,AI12393,0.25,0
r_12,AI08476,0.2,0
r_160,AI07604,0.25,0
r_209,AI05129,0.25,0
r_575,AI09810,0.2,0
r_561,AI04698,0.2,0
r_503,AI01604,0.2,0
r_599,AI08571,0.2,0
r_1817,AI09286,0.5,1
r_806,AI05884,0.5,1
r_134,AI06789,0.2,0
r_93,AI00569,0.25,0
r_632,AI01255,0.2,0
r_200,AI02901,0.2,0
r_174,AI13730,0.2,0
r_599,AI03604,0.25,0
r_406,AI11647,0.25,0
r_2136,AI07910,0.5,1
r_996,AI05301,0.5,1
r_673,AI01599,0.2,0
r_89,AI11817,0.2,0
r_594,AI13644,0.2,0
r_588,AI13872,0.2,0
r_12,AI07734,0.25,0
r_224,AI07549,0.25,0
r_160,AI11471,0.2,0
r_656,AI10404,0.25,0
r_346,AI12706,0.25,0
r_588,AI09840,0.25,0
r_160,AI03158,0.25,0
r_594,AI08578,0.2,0
r_632,AI05481,0.2,0
r_673,AI02514,0.25,0
r_375,AI14917,0.25,0
r_346,AI06555,0.2,0
r_209,AI05592,0.25,0
r_187,AI10301,0.25,0
r_588,AI05006,0.2,0
r_575,AI02780,0.2,0
r_673,AI10853,0.25,0
r_160,AI04126,0.2,0
r_187,AI11747,0.2,0
r_599,AI06712,0.2,0
r_2667,AI09286,0.5,1
r_1231,AI05183,0.5,1
r_561,AI03355,0.25,0
r_406,AI13016,0.2,0
r_2716,AI05612,0.5,1
r_93,AI09390,0.2,0
r_111,AI01838,0.25,0
r_575,AI07201,0.25,0
r_375,AI06175,0.25,0
r_174,AI13877,0.25,0
r_562,AI13886,0.25,0
r_594,AI13730,0.2,0
r_561,AI00431,0.2,0
r_89,AI10179,0.2,0
r_783,AI14362,0.5,1
r_632,AI13728,0.2,0
r_111,AI10748,0.2,0
r_656,AI01440,0.25,0
r_1253,AI10238,0.5,1
r_224,AI13918,0.25,0
r_503,AI03867,0.25,0
r_451,AI02673,0.25,0
r_562,AI13473,0.2,0
r_12,AI05949,0.2,0
r_200,AI14946,0.25,0
r_588,AI13379,0.2,0
r_224,AI01844,0.25,0
r_134,AI14144,0.2,0
r_594,AI14820,0.25,0
r_562,AI07181,0.25,0
r_539,AI11705,0.2,0
r_575,AI08993,0.2,0
r_12,AI01653,0.5,1
r_632,AI11769,0.25,0
r_209,AI13416,0.2,0
r_134,AI02503,0.2,0
r_346,AI05236,0.2,0
r_632,AI14036,0.2,0
r_89,AI06132,0.2,0
r_539,AI12416,0.25,0
r_111,AI11233,0.25,0
r_174,AI11729,0.25,0
r_134,AI03331,0.25,0
r_406,AI11901,0.25,0
r_132,AI06212,0.25,0
r_93,AI13318,0.25,0
r_566,AI14167,0.2,0
r_673,AI03378,0.2,0
r_375,AI09602,0.25,0
r_1773,AI09434,0.5,1
r_200,AI02988,0.25,0
r_1817,AI08568,0.5,1
r_111,AI12152,0.2,0
r_656,AI02299,0.25,0
r_756,AI11122,0.5,1
r_2638,AI07230,0.5,1
r_12,AI02748,0.2,0
r_160,AI04786,0.25,0
r_2937,AI05651,0.5,1
r_224,AI07637,0.2,0
r_406,AI02833,0.25,0
r_561,AI07638,0.25,0
r_132,AI14849,0.25,0
r_2173,AI11122,0.5,1
r_599,AI12053,0.2,0
r_656,AI00253,0.2,0
r_174,AI01387,0.2,0
r_93,AI05342,0.2,0
r_187,AI07820,0.25,0
r_588,AI09268,0.2,0
r_89,AI01540,0.25,0
r_594,AI04518,0.2,0
r_451,AI14512,0.2,0
r_451,AI01387,0.2,0
r_160,AI02556,0.25,0
r_346,AI06480,0.25,0
r_406,AI09202,0.25,0
r_673,AI02886,0.2,0
r_599,AI07113,0.25,0
r_406,AI03887,0.2,0
r_594,AI06350,0.25,0
r_111,AI05481,0.2,0
r_451,AI00002,0.2,0
r_89,AI00664,0.25,0
r_594,AI03488,0.2,0
r_575,AI03009,0.2,0
r_594,AI02464,0.25,0
r_187,AI08515,0.25,0
r_575,AI06324,0.2,0
r_346,AI13854,0.25,0
r_187,AI03965,0.25,0
r_2937,AI06944,0.5,1
r_406,AI13340,0.25,0
r_539,AI04216,0.2,0
r_566,AI06555,0.2,0
r_503,AI10340,0.25,0
r_132,AI04562,0.2,0
r_89,AI11582,0.25,0
r_58,AI02584,0.2,0
r_503,AI07900,0.2,0
r_562,AI14594,0.25,0
r_503,AI02021,0.25,0
r_1790,AI13914,0.5,1
r_160,AI06589,0.25,0
r_1261,AI06832,0.5,1
r_594,AI00972,0.25,0
r_134,AI07257,0.2,0
r_539,AI11485,0.2,0
r_539,AI14287,0.2,0
r_588,AI12962,0.2,0
r_12,AI01183,0.25,0
r_174,AI05893,0.25,0
r_132,AI03076,0.2,0
r_187,AI14333,0.2,0
r_375,AI14464,0.2,0
r_539,AI10784,0.25,0
r_1811,AI09637,0.5,1
r_89,AI10457,0.5,1
r_1231,AI14187,0.5,1
r_588,AI02556,0.25,0
r_346,AI08440,0.2,0
r_632,AI00288,0.2,0
r_174,AI01096,0.2,0
r_656,AI08148,0.2,0
r_134,AI14455,0.2,0
r_58,AI12447,0.2,0
r_656,AI03595,0.25,0
r_160,AI08669,0.25,0
r_594,AI13887,0.25,0
r_209,AI05995,0.2,0
r_160,AI08278,0.25,0
r_375,AI14558,0.25,0
r_656,AI13885,0.2,0
r_132,AI11751,0.2,0
r_503,AI09079,0.2,0
r_562,AI04436,0.2,0
r_566,AI14733,0.2,0
r_503,AI01732,0.25,0
r_599,AI02144,0.25,0
r_89,AI06569,0.2,0
r_566,AI00994,0.2,0
r_111,AI14751,0.2,0
r_539,AI13367,0.25,0
r_2366,AI10648,0.5,1
r_209,AI06301,0.25,0
r_346,AI06684,0.2,0
r_89,AI12645,0.25,0
r_1741,AI08568,0.5,1
r_209,AI14816,0.2,0
r_200,AI12784,0.2,0
r_632,AI01930,0.25,0
r_451,AI02792,0.2,0
r_224,AI06166,0.2,0
r_503,AI09390,0.2,0
r_451,AI08966,0.25,0
r_632,AI05355,0.2,0
r_89,AI08791,0.25,0
r_12,AI06212,0.25,0
r_594,AI07513,0.2,0
r_594,AI03585,0.25,0
r_134,AI13559,0.2,0
r_594,AI01364,0.25,0
r_89,AI07700,0.2,0
r_12,AI10897,0.2,0
r_187,AI02280,0.2,0
r_561,AI09527,0.25,0
r_599,AI03358,0.2,0
r_111,AI01051,0.25,0
r_209,AI12986,0.25,0
r_12,AI00468,0.25,0
r_209,AI14224,0.25,0
r_599,AI13776,0.25,0
r_375,AI08233,0.2,0
r_111,AI00305,0.2,0
r_346,AI03712,0.25,0
r_588,AI11793,0.2,0
r_93,AI06832,0.5,1
r_539,AI05426,0.2,0
r_594,AI07591,0.2,0
r_599,AI03772,0.25,0
r_632,AI03072,0.5,1
r_575,AI04776,0.25,0
r_209,AI12880,0.2,0
r_58,AI14594,0.25,0
r_406,AI14720,0.25,0
r_346,AI12237,0.2,0
r_160,AI09957,0.2,0
r_594,AI12936,0.25,0
r_451,AI06143,0.2,0
r_224,AI06065,0.2,0
r_406,AI07934,0.2,0
r_58,AI08755,0.2,0
r_58,AI03934,0.2,0
r_134,AI02426,0.25,0
r_2173,AI00156,0.5,1
r_588,AI01778,0.2,0
r_160,AI13269,0.2,0
r_1058,AI08237,0.5,1
r_566,AI14594,0.25,0
r_566,AI09696,0.2,0
r_656,AI13000,0.2,0
r_187,AI08652,0.25,0
r_561,AI09627,0.25,0
r_134,AI01424,0.2,0
r_58,AI12532,0.2,0
r_209,AI09084,0.25,0
r_187,AI06180,0.2,0
r_209,AI07918,0.25,0
r_224,AI10948,0.25,0
r_599,AI12825,0.2,0
r_12,AI06054,0.2,0
r_89,AI03791,0.2,0
r_224,AI01445,0.25,0
r_2292,AI00156,0.5,1
r_12,AI02968,0.2,0
r_539,AI14299,0.25,0
r_160,AI14086,0.2,0
r_111,AI12868,0.2,0
r_375,AI02620,0.25,0
r_12,AI01664,0.2,0
r_160,AI02977,0.25,0
r_503,AI10809,0.2,0
r_503,AI09874,0.2,0
r_132,AI01026,0.2,0
r_134,AI12149,0.25,0
r_12,AI00785,0.2,0
r_451,AI08007,0.25,0
r_503,AI05423,0.2,0
r_160,AI03852,0.2,0
r_561,AI04126,0.2,0
r_566,AI12961,0.25,0
r_224,AI00272,0.25,0
r_594,AI01356,0.25,0
r_566,AI12590,0.25,0
r_187,AI00020,0.2,0
r_174,AI01727,0.25,0
r_632,AI09390,0.2,0
r_209,AI08392,0.25,0
r_375,AI13255,0.25,0
r_632,AI00020,0.2,0
r_134,AI09810,0.2,0
r_200,AI00116,0.25,0
r_174,AI11355,0.2,0
r_2173,AI02054,0.5,1
r_503,AI05590,0.2,0
r_406,AI11422,0.25,0
r_406,AI12927,0.25,0
r_174,AI04905,0.25,0
r_599,AI06029,0.2,0
r_58,AI04688,0.2,0
r_12,AI14902,0.2,0
r_562,AI04262,0.2,0
r_89,AI02153,0.2,0
r_132,AI13886,0.25,0
r_632,AI14528,0.2,0
r_451,AI14585,0.25,0
r_575,AI09785,0.2,0
r_134,AI12285,0.25,0
r_588,AI14220,0.25,0
r_89,AI11866,0.2,0
r_132,AI02482,0.2,0
r_58,AI13713,0.25,0
r_539,AI10906,0.25,0
r_406,AI01651,0.25,0
r_599,AI11315,0.2,0
r_174,AI11891,0.25,0
r_174,AI13592,0.2,0
r_200,AI08339,0.25,0
r_93,AI05709,0.25,0
r_200,AI11439,0.25,0
r_2299,AI14362,0.5,1
r_134,AI00648,0.2,0
r_806,AI03714,0.5,1
r_160,AI01001,0.2,0
r_994,AI02466,0.5,1
r_599,AI07103,0.25,0
r_200,AI07011,0.2,0
r_575,AI14339,0.2,0
r_575,AI05766,0.25,0
r_1058,AI05177,0.5,1
r_503,AI05635,0.2,0
r_200,AI03843,0.25,0
r_134,AI06023,0.25,0
r_89,AI14195,0.25,0
r_160,AI03757,0.2,0
r_187,AI02942,0.25,0
r_375,AI01838,0.25,0
r_89,AI14645,0.2,0
r_575,AI10826,0.2,0
r_200,AI06692,0.2,0
r_174,AI04705,0.25,0
r_406,AI05941,0.25,0
r_160,AI08699,0.25,0
r_632,AI09880,0.25,0
r_575,AI09655,0.2,0
r_562,AI14793,0.25,0
r_111,AI03127,0.25,0
r_656,AI14573,0.2,0
r_562,AI14362,0.5,1
r_134,AI08149,0.2,0
r_406,AI07201,0.25,0
r_58,AI08652,0.25,0
r_2716,AI01474,0.5,1
r_200,AI12697,0.25,0
r_93,AI07820,0.25,0
r_89,AI07042,0.2,0
r_187,AI00415,0.2,0
r_132,AI11422,0.25,0
r_562,AI02329,0.25,0
r_187,AI00867,0.2,0
r_575,AI09518,0.25,0
r_200,AI00253,0.2,0
r_187,AI04098,0.2,0
r_209,AI06054,0.2,0
r_996,AI10551,0.5,1
r_174,AI08914,0.2,0
r_575,AI08782,0.2,0
r_58,AI06050,0.2,0
r_375,AI02846,0.2,0
r_594,AI04892,0.25,0
r_224,AI08295,0.25,0
r_406,AI04200,0.5,1
r_111,AI04270,0.2,0
r_200,AI00867,0.2,0
r_503,AI03208,0.25,0
r_599,AI13903,0.25,0
r_132,AI09237,0.25,0
r_93,AI06784,0.25,0
r_174,AI14025,0.25,0
r_111,AI14026,0.2,0
r_994,AI05568,0.5,1
r_200,AI06136,0.25,0
r_89,AI15000,0.2,0
r_93,AI06530,0.25,0
r_673,AI04045,0.2,0
r_406,AI04270,0.2,0
r_451,AI02424,0.2,0
r_406,AI02562,0.25,0
r_588,AI01439,0.25,0
r_599,AI09267,0.25,0
r_562,AI04695,0.2,0
r_132,AI08581,0.25,0
r_406,AI12371,0.25,0
r_375,AI10534,0.25,0
r_994,AI14187,0.5,1
r_93,AI11285,0.25,0
r_406,AI04970,0.25,0
r_132,AI00822,0.2,0
r_111,AI09232,0.2,0
r_561,AI04651,0.2,0
r_656,AI14720,0.25,0
r_451,AI07825,0.25,0
r_346,AI09408,0.2,0
r_224,AI06839,0.25,0
r_599,AI00605,0.2,0
r_160,AI13278,0.2,0
r_132,AI13356,0.2,0
r_375,AI00194,0.25,0
r_575,AI02418,0.2,0
r_134,AI12950,0.5,1
r_346,AI13255,0.25,0
r_2922,AI05183,0.5,1
r_406,AI07877,0.2,0
r_656,AI08440,0.2,0
r_673,AI03996,0.2,0
r_346,AI09953,0.25,0
r_561,AI02901,0.2,0
r_594,AI06449,0.25,0
r_111,AI00167,0.25,0
r_681,AI01107,0.5,1
r_375,AI08112,0.2,0
r_561,AI05948,0.25,0
r_224,AI10909,0.25,0
r_599,AI03639,0.25,0
r_632,AI08804,0.25,0
r_588,AI10529,0.2,0
r_12,AI04190,0.2,0
r_566,AI10238,0.5,1
r_1741,AI00156,0.5,1
r_134,AI05968,0.2,0
r_89,AI09773,0.2,0
r_2603,AI05177,0.5,1
r_89,AI04256,0.2,0
r_594,AI00723,0.2,0
r_209,AI07042,0.2,0
r_539,AI06938,0.25,0
r_111,AI09896,0.25,0
r_200,AI05433,0.2,0
r_58,AI07230,0.5,1
r_209,AI09304,0.25,0
r_599,AI06090,0.2,0
r_375,AI10715,0.2,0
r_575,AI06712,0.2,0
r_89,AI14269,0.2,0
r_539,AI09233,0.25,0
r_224,AI03916,0.2,0
r_2869,AI00045,0.5,1
r_200,AI09685,0.25,0
r_588,AI02990,0.25,0
r_561,AI01368,0.2,0
r_132,AI04009,0.2,0
r_89,AI09253,0.2,0
r_588,AI08100,0.25,0
r_594,AI13258,0.2,0
r_93,AI06314,0.2,0
r_406,AI03360,0.2,0
r_1790,AI13447,0.5,1
r_134,AI06739,0.25,0
r_594,AI10030,0.25,0
r_594,AI02461,0.2,0
r_89,AI12280,0.25,0
r_632,AI06195,0.25,0
r_588,AI11730,0.25,0
r_539,AI11351,0.25,0
r_503,AI02519,0.2,0
r_375,AI05006,0.2,0
r_187,AI09489,0.2,0
r_132,AI08440,0.2,0
r_375,AI13670,0.25,0
r_599,AI07513,0.2,0
r_2895,AI05301,0.5,1
r_111,AI02051,0.25,0
r_632,AI07810,0.25,0
r_346,AI01488,0.2,0
r_656,AI04018,0.25,0
r_588,AI13101,0.25,0
r_58,AI11315,0.2,0
r_12,AI03249,0.25,0
r_209,AI00551,0.2,0
r_209,AI06500,0.25,0
r_656,AI05632,0.25,0
r_160,AI06440,0.2,0
r_209,AI09267,0.25,0
r_451,AI10244,0.2,0
r_174,AI04120,0.25,0
r_134,AI14774,0.2,0
r_89,AI05052,0.2,0
r_132,AI08429,0.5,1
r_768,AI05177,0.5,1
r_89,AI11851,0.25,0
r_174,AI05863,0.25,0
r_503,AI10388,0.25,0
r_566,AI10340,0.25,0
r_2667,AI08429,0.5,1
r_111,AI14648,0.2,0
r_58,AI02990,0.25,0
r_200,AI03867,0.25,0
r_588,AI02572,0.2,0
r_599,AI13184,0.25,0
r_174,AI12053,0.2,0
r_632,AI07113,0.25,0
r_58,AI10704,0.2,0
r_566,AI12848,0.2,0
r_1640,AI01360,0.5,1
r_2955,AI11104,0.5,1
r_375,AI05129,0.25,0
r_160,AI10944,0.25,0
r_209,AI04721,0.25,0
r_160,AI06407,0.2,0
r_187,AI01665,0.25,0
r_209,AI06819,0.25,0
r_561,AI02792,0.2,0
r_375,AI10784,0.25,0
r_375,AI06580,0.2,0
r_93,AI08770,0.2,0
r_174,AI01737,0.2,0
r_594,AI02231,0.25,0
r_599,AI04201,0.2,0
r_224,AI14997,0.25,0
r_594,AI11048,0.2,0
r_12,AI01242,0.25,0
r_134,AI13356,0.2,0
r_132,AI02161,0.2,0
r_12,AI08937,0.2,0
r_566,AI10316,0.2,0
r_594,AI05577,0.2,0
r_200,AI06855,0.25,0
r_406,AI14437,0.2,0
r_594,AI07307,0.2,0
r_224,AI14782,0.25,0
r_93,AI12574,0.25,0
r_656,AI09815,0.2,0
r_132,AI00867,0.2,0
r_632,AI12490,0.25,0
r_200,AI07820,0.25,0
r_160,AI07150,0.2,0
r_132,AI05531,0.25,0
r_451,AI03887,0.2,0
r_656,AI07685,0.25,0
r_200,AI03441,0.2,0
r_346,AI03509,0.2,0
r_451,AI06195,0.25,0
r_503,AI07400,0.2,0
r_562,AI12926,0.25,0
r_539,AI11028,0.2,0
r_503,AI02098,0.2,0
r_111,AI08278,0.25,0
r_132,AI04041,0.2,0
r_12,AI13964,0.25,0
r_451,AI13903,0.25,0
r_656,AI12766,0.2,0
r_174,AI05751,0.25,0
r_632,AI08571,0.2,0
r_224,AI01872,0.2,0
r_406,AI14063,0.5,1
r_111,AI07851,0.2,0
r_588,AI02478,0.25,0
r_561,AI07498,0.25,0
r_566,AI01387,0.2,0
r_111,AI06314,0.2,0
r_406,AI10542,0.2,0
r_561,AI11365,0.2,0
r_89,AI07799,0.2,0
r_375,AI12077,0.25,0
r_132,AI07103,0.25,0
r_451,AI02550,0.25,0
r_673,AI04314,0.25,0
r_566,AI04134,0.25,0
r_89,AI10698,0.25,0
r_174,AI10475,0.2,0
r_111,AI02067,0.2,0
r_503,AI01482,0.2,0
r_566,AI12069,0.2,0
r_406,AI02161,0.2,0
r_160,AI02901,0.2,0
r_200,AI07257,0.2,0
r_562,AI04640,0.2,0
r_93,AI14792,0.2,0
r_575,AI12065,0.2,0
r_588,AI11644,0.25,0
r_2857,AI05758,0.5,1
r_160,AI11485,0.2,0
r_224,AI04098,0.2,0
r_224,AI13184,0.25,0
r_209,AI08888,0.25,0
r_132,AI07423,0.25,0
r_89,AI10234,0.25,0
r_209,AI14654,0.25,0
r_673,AI06150,0.2,0
r_561,AI04679,0.25,0
r_12,AI03148,0.25,0
r_1197,AI00007,0.5,1
r_12,AI14649,0.5,1
r_656,AI02800,0.2,0
r_2195,AI14362,0.5,1
r_174,AI11688,0.25,0
r_93,AI14849,0.25,0
r_200,AI14026,0.2,0
r_346,AI14495,0.2,0
r_599,AI14779,0.2,0
r_2303,AI09286,0.5,1
r_709,AI11959,0.5,1
r_375,AI08195,0.2,0
r_160,AI11986,0.2,0
r_2922,AI09066,0.5,1
r_562,AI08282,0.2,0
r_406,AI13854,0.25,0
r_89,AI13100,0.25,0
r_599,AI14917,0.25,0
r_451,AI06580,0.2,0
r_632,AI09874,0.2,0
r_132,AI14512,0.2,0
r_12,AI05706,0.2,0
r_209,AI06780,0.2,0
r_134,AI11851,0.25,0
r_187,AI06308,0.2,0
r_503,AI06195,0.25,0
r_132,AI13233,0.2,0
r_566,AI04776,0.25,0
r_375,AI12914,0.2,0
r_406,AI00183,0.25,0
r_224,AI06915,0.2,0
r_562,AI07674,0.25,0
r_1773,AI05183,0.5,1
r_375,AI06811,0.2,0
r_89,AI06596,0.25,0
r_451,AI08297,0.25,0
r_200,AI06811,0.2,0
r_1961,AI13736,0.5,1
r_346,AI09398,0.25,0
r_406,AI14026,0.2,0
r_346,AI13736,0.5,1
r_594,AI04013,0.25,0
r_58,AI06561,0.25,0
r_346,AI12532,0.2,0
r_599,AI02562,0.25,0
r_12,AI02570,0.2,0
r_209,AI06184,0.25,0
r_562,AI05480,0.2,0
r_575,AI10695,0.2,0
r_200,AI12706,0.25,0
r_561,AI13341,0.25,0
r_174,AI12219,0.2,0
r_58,AI12839,0.25,0
r_561,AI07087,0.2,0
r_656,AI07399,0.2,0
r_575,AI01888,0.2,0
r_174,AI05127,0.2,0
r_224,AI07745,0.25,0
r_200,AI04041,0.2,0
r_632,AI12787,0.25,0
r_160,AI09879,0.2,0
r_656,AI10799,0.25,0
r_200,AI14562,0.2,0
r_562,AI08083,0.2,0
r_12,AI11106,0.2,0
r_200,AI01838,0.25,0
r_562,AI01439,0.25,0
r_12,AI14371,0.2,0
r_224,AI04074,0.25,0
r_561,AI08487,0.2,0
r_599,AI08669,0.25,0
r_346,AI04971,0.2,0
r_2264,AI11212,0.5,1
r_187,AI01194,0.2,0
r_160,AI09994,0.25,0
r_539,AI00761,0.2,0
r_575,AI06508,0.2,0
r_134,AI06088,0.2,0
r_58,AI10346,0.25,0
r_89,AI04059,0.25,0
r_673,AI02162,0.5,1
r_111,AI02780,0.2,0
r_1828,AI00045,0.5,1
r_93,AI01325,0.25,0
r_346,AI06201,0.25,0
r_406,AI14018,0.2,0
r_132,AI11901,0.25,0
r_673,AI11888,0.25,0
r_134,AI00694,0.25,0
r_632,AI12795,0.2,0
r_562,AI14528,0.2,0
r_200,AI01159,0.25,0
r_12,AI00580,0.25,0
r_406,AI11769,0.25,0
r_174,AI05560,0.25,0
r_200,AI09880,0.25,0
r_562,AI04749,0.25,0
r_2857,AI04722,0.5,1
r_111,AI02430,0.25,0
r_224,AI05582,0.25,0
r_632,AI06480,0.25,0
r_93,AI10331,0.25,0
r_588,AI03784,0.2,0
r_562,AI10551,0.5,1
r_346,AI00747,0.2,0
r_588,AI07399,0.2,0
r_160,AI03712,0.25,0
r_89,AI07588,0.2,0
r_406,AI07952,0.2,0
r_12,AI05653,0.25,0
r_599,AI00816,0.25,0
r_673,AI10012,0.25,0
r_594,AI06873,0.2,0
r_174,AI01281,0.2,0
r_575,AI12803,0.25,0
r_134,AI04756,0.2,0
r_562,AI12590,0.25,0
r_2284,AI04200,0.5,1
r_134,AI11281,0.2,0
r_656,AI09268,0.2,0
r_93,AI02057,0.25,0
r_539,AI08100,0.25,0
r_2716,AI00436,0.5,1
r_160,AI06204,0.2,0
r_2940,AI05177,0.5,1
r_375,AI07220,0.25,0
r_588,AI10828,0.2,0
r_89,AI06449,0.25,0
r_89,AI02914,0.25,0
r_539,AI13558,0.2,0
r_594,AI08054,0.2,0
r_575,AI06821,0.25,0
r_174,AI13505,0.25,0
r_224,AI11694,0.25,0
r_561,AI03082,0.25,0
r_451,AI14464,0.2,0
r_160,AI10257,0.25,0
r_93,AI10516,0.2,0
r_58,AI11477,0.25,0
r_673,AI11369,0.25,0
r_12,AI09170,0.2,0
r_209,AI05371,0.2,0
r_575,AI00910,0.25,0
r_575,AI14655,0.25,0
r_12,AI07726,0.2,0
r_89,AI06313,0.25,0
r_346,AI10748,0.2,0
r_451,AI01051,0.25,0
r_58,AI11326,0.2,0
r_632,AI05301,0.5,1
r_200,AI06175,0.25,0
r_632,AI02833,0.25,0
r_594,AI07656,0.2,0
r_134,AI10363,0.25,0
r_346,AI01159,0.25,0
r_2927,AI03574,0.5,1
r_562,AI03189,0.25,0
r_12,AI02052,0.2,0
r_200,AI12214,0.25,0
r_224,AI01524,0.25,0
r_200,AI13903,0.25,0
r_503,AI14961,0.2,0
r_187,AI08148,0.2,0
r_160,AI07087,0.2,0
r_632,AI03296,0.25,0
r_89,AI12192,0.25,0
r_561,AI07670,0.25,0
r_160,AI04931,0.2,0
r_451,AI06753,0.25,0
r_200,AI01589,0.2,0
r_93,AI14562,0.2,0
r_12,AI02707,0.25,0
r_58,AI07336,0.2,0
r_1955,AI09903,0.5,1
r_503,AI05471,0.25,0
r_58,AI10551,0.5,1
r_562,AI01360,0.5,1
r_539,AI01440,0.25,0
r_58,AI10772,0.2,0
r_406,AI08007,0.25,0
r_566,AI13473,0.2,0
r_111,AI10388,0.25,0
r_134,AI11695,0.2,0
r_594,AI01860,0.2,0
r_673,AI04613,0.2,0
r_2504,AI08568,0.5,1
r_451,AI02102,0.2,0
r_93,AI07857,0.25,0
r_111,AI03803,0.25,0
r_111,AI02846,0.2,0
r_89,AI10732,0.25,0
r_562,AI09810,0.2,0
r_224,AI00140,0.25,0
r_2195,AI06825,0.5,1
r_599,AI14585,0.25,0
r_503,AI14164,0.25,0
r_209,AI02865,0.25,0
r_566,AI00712,0.25,0
r_89,AI01061,0.25,0
r_12,AI01168,0.25,0
r_406,AI02550,0.25,0
r_12,AI07699,0.2,0
r_575,AI08790,0.2,0
r_93,AI03277,0.2,0
r_160,AI07423,0.25,0
r_632,AI10743,0.2,0
r_375,AI10944,0.25,0
r_375,AI13233,0.2,0
r_406,AI12783,0.25,0
r_224,AI06058,0.2,0
r_93,AI12384,0.25,0
r_673,AI02961,0.2,0
r_588,AI01283,0.2,0
r_599,AI10301,0.25,0
r_58,AI08875,0.2,0
r_209,AI13445,0.2,0
r_224,AI01991,0.25,0
r_561,AI06480,0.25,0
r_200,AI05006,0.2,0
r_224,AI01632,0.25,0
r_12,AI01367,0.2,0
r_566,AI07638,0.25,0
r_1253,AI11748,0.5,1
r_224,AI04066,0.2,0
r_594,AI07504,0.25,0
r_89,AI00595,0.2,0
r_134,AI14607,0.2,0
r_187,AI12839,0.25,0
r_561,AI00810,0.2,0
r_187,AI12741,0.25,0
r_93,AI01886,0.25,0
r_224,AI13636,0.2,0
r_346,AI13386,0.25,0
r_111,AI13165,0.2,0
r_134,AI12122,0.25,0
r_566,AI10829,0.25,0
r_451,AI01651,0.25,0
r_346,AI05425,0.2,0
r_89,AI04367,0.25,0
r_58,AI08126,0.25,0
r_561,AI06729,0.25,0
r_12,AI14094,0.2,0
r_539,AI01062,0.2,0
r_111,AI01949,0.25,0
r_224,AI13822,0.25,0
r_575,AI02942,0.25,0
r_209,AI05884,0.5,1
r_93,AI08410,0.2,0
r_200,AI08211,0.2,0
r_224,AI11734,0.25,0
r_174,AI07894,0.2,0
r_346,AI05202,0.2,0
r_132,AI01598,0.25,0
r_209,AI13825,0.25,0
r_562,AI09565,0.25,0
r_539,AI07103,0.25,0
r_200,AI09566,0.2,0
r_594,AI00493,0.25,0
r_187,AI10809,0.2,0
r_575,AI06555,0.2,0
r_575,AI09858,0.2,0
r_503,AI07032,0.2,0
r_561,AI04786,0.25,0
r_451,AI14136,0.2,0
r_200,AI00946,0.25,0
r_224,AI13495,0.25,0
r_566,AI05819,0.2,0
r_375,AI02567,0.25,0
r_632,AI05342,0.2,0
r_575,AI09216,0.25,0
r_539,AI03203,0.2,0
r_224,AI01976,0.2,0
r_566,AI09268,0.2,0
r_89,AI01315,0.2,0
r_200,AI07663,0.25,0
r_594,AI13969,0.25,0
r_599,AI10463,0.25,0
r_1640,AI04896,0.5,1
r_134,AI01874,0.2,0
r_673,AI11648,0.2,0
r_575,AI13016,0.2,0
r_132,AI12386,0.25,0
r_539,AI13095,0.25,0
r_561,AI10621,0.25,0
r_632,AI06692,0.2,0
r_406,AI06527,0.25,0
r_224,AI00656,0.25,0
r_160,AI01440,0.25,0
r_346,AI02144,0.25,0
r_673,AI08413,0.25,0
r_224,AI04730,0.2,0
r_160,AI05148,0.2,0
r_575,AI06474,0.2,0
r_187,AI04771,0.2,0
r_406,AI02452,0.25,0
r_375,AI08984,0.2,0
r_632,AI06440,0.2,0
r_673,AI11062,0.2,0
r_224,AI09343,0.25,0
r_187,AI07161,0.25,0
r_12,AI00233,0.25,0
r_209,AI09810,0.2,0
r_562,AI07414,0.25,0
r_673,AI05908,0.2,0
r_375,AI11032,0.2,0
r_346,AI10020,0.25,0
r_187,AI07362,0.2,0
r_561,AI10322,0.25,0
r_632,AI04651,0.2,0
r_93,AI04287,0.25,0
r_503,AI11246,0.25,0
r_346,AI10340,0.25,0
r_58,AI01085,0.2,0
r_346,AI05709,0.25,0
r_12,AI01467,0.2,0
r_588,AI14390,0.25,0
r_89,AI14215,0.2,0
r_134,AI10672,0.25,0
r_160,AI02466,0.5,1
r_224,AI10568,0.25,0
r_406,AI11485,0.2,0
r_451,AI02233,0.2,0
r_561,AI03749,0.25,0
r_174,AI11352,0.2,0
r_783,AI12760,0.5,1
r_58,AI02898,0.25,0
r_656,AI13399,0.25,0
r_599,AI13318,0.25,0
r_539,AI07429,0.25,0
r_200,AI14140,0.25,0
r_1823,AI05884,0.5,1
r_346,AI06879,0.2,0
r_599,AI07313,0.25,0
r_187,AI03934,0.2,0
r_209,AI07340,0.25,0
r_539,AI11354,0.2,0
r_566,AI03127,0.25,0
r_539,AI05129,0.25,0
r_562,AI11875,0.2,0
r_375,AI03408,0.25,0
r_561,AI09267,0.25,0
r_58,AI09442,0.25,0
r_12,AI13849,0.25,0
r_561,AI12760,0.5,1
r_562,AI07296,0.2,0
r_160,AI14864,0.2,0
r_562,AI11484,0.25,0
r_594,AI09357,0.2,0
r_160,AI04465,0.25,0
r_566,AI14339,0.2,0
r_451,AI01117,0.2,0
r_93,AI09355,0.25,0
r_209,AI09302,0.2,0
r_503,AI03795,0.25,0
r_406,AI10516,0.2,0
r_2509,AI06694,0.5,1
r_160,AI08519,0.2,0
r_160,AI14733,0.2,0
r_375,AI05573,0.25,0
r_2937,AI10768,0.5,1
r_575,AI13464,0.2,0
r_539,AI14500,0.25,0
r_200,AI00990,0.25,0
r_111,AI06773,0.2,0
r_994,AI09342,0.5,1
r_594,AI03052,0.2,0
r_451,AI10836,0.2,0
r_566,AI00816,0.25,0
r_89,AI06553,0.2,0
r_539,AI12490,0.25,0
r_224,AI09183,0.2,0
r_2299,AI08568,0.5,1
r_1640,AI00156,0.5,1
r_594,AI11964,0.25,0
r_656,AI09383,0.25,0
r_346,AI10404,0.25,0
r_599,AI14997,0.25,0
r_93,AI01479,0.2,0
r_503,AI01255,0.2,0
r_346,AI07498,0.25,0
r_588,AI13512,0.25,0
r_174,AI05888,0.2,0
r_539,AI14648,0.2,0
r_503,AI07161,0.25,0
r_200,AI08980,0.25,0
r_187,AI08080,0.25,0
r_503,AI06029,0.2,0
r_575,AI07423,0.25,0
r_174,AI12273,0.25,0
r_174,AI12842,0.25,0
r_656,AI03038,0.25,0
r_588,AI03590,0.25,0
r_562,AI11893,0.2,0
r_566,AI08085,0.2,0
r_806,AI01045,0.5,1
r_160,AI03759,0.2,0
r_132,AI00616,0.2,0
r_134,AI11259,0.25,0
r_346,AI09030,0.25,0
r_58,AI01159,0.25,0
r_2602,AI07018,0.5,1
r_503,AI03772,0.25,0
r_200,AI13157,0.25,0
r_632,AI00063,0.25,0
r_406,AI05148,0.2,0
r_187,AI12688,0.25,0
r_58,AI05033,0.25,0
r_89,AI06365,0.2,0
r_566,AI10371,0.25,0
r_111,AI14464,0.2,0
r_89,AI10826,0.2,0
r_12,AI09100,0.2,0
r_224,AI06283,0.2,0
r_599,AI09785,0.2,0
r_346,AI05190,0.2,0
r_174,AI11350,0.25,0
r_632,AI14864,0.2,0
r_451,AI03757,0.2,0
r_1828,AI10587,0.5,1
r_503,AI04807,0.2,0
r_93,AI05376,0.25,0
r_111,AI12914,0.2,0
r_134,AI01531,0.25,0
r_594,AI11980,0.2,0
r_599,AI04270,0.2,0
r_566,AI02329,0.25,0
r_134,AI05792,0.2,0
r_134,AI13644,0.2,0
r_588,AI01360,0.5,1
r_89,AI09170,0.2,0
r_561,AI13386,0.25,0
r_1549,AI13736,0.5,1
r_134,AI09386,0.2,0
r_575,AI06175,0.25,0
r_599,AI05190,0.2,0
r_406,AI07753,0.2,0
r_224,AI04046,0.2,0
r_566,AI13754,0.25,0
r_3011,AI08568,0.5,1
r_224,AI13785,0.2,0
r_406,AI10020,0.25,0
r_503,AI08266,0.25,0
r_575,AI03320,0.2,0
r_209,AI10785,0.25,0
r_12,AI06897,0.2,0
r_134,AI10876,0.25,0
r_12,AI07745,0.25,0
r_58,AI10363,0.25,0
r_132,AI12350,0.25,0
r_200,AI04105,0.2,0
r_594,AI08048,0.25,0
r_681,AI10457,0.5,1
r_575,AI04766,0.25,0
r_451,AI00365,0.2,0
r_200,AI09869,0.2,0
r_632,AI13273,0.2,0
r_187,AI14997,0.25,0
r_12,AI02616,0.2,0
r_1197,AI11748,0.5,1
r_89,AI03916,0.2,0
r_996,AI00007,0.5,1
r_599,AI00866,0.2,0
r_132,AI13531,0.25,0
r_89,AI11536,0.2,0
r_575,AI01482,0.2,0
r_1568,AI11748,0.5,1
r_132,AI08100,0.25,0
r_2088,AI10995,0.5,1
r_89,AI04109,0.2,0
r_93,AI14296,0.2,0
r_12,AI13822,0.25,0
r_2848,AI10587,0.5,1
r_656,AI14589,0.2,0
r_599,AI05108,0.2,0
r_375,AI01631,0.2,0
r_656,AI06230,0.25,0
r_451,AI11448,0.25,0
r_375,AI02144,0.25,0
r_187,AI12319,0.2,0
r_200,AI05807,0.2,0
r_594,AI05589,0.2,0
r_89,AI00251,0.2,0
r_134,AI01972,0.25,0
r_588,AI03948,0.25,0
r_588,AI14917,0.25,0
r_346,AI13000,0.2,0
r_160,AI06555,0.2,0
r_1823,AI10026,0.5,1
r_503,AI11904,0.25,0
r_200,AI02990,0.25,0
r_111,AI13399,0.25,0
r_224,AI09933,0.2,0
r_562,AI01713,0.2,0
r_93,AI06821,0.25,0
r_656,AI10905,0.25,0
r_224,AI14323,0.25,0
r_1817,AI08429,0.5,1
r_451,AI11315,0.2,0
r_406,AI03009,0.2,0
r_594,AI06212,0.25,0
r_346,AI03641,0.2,0
r_566,AI00604,0.25,0
r_562,AI06461,0.2,0
r_1811,AI08383,0.5,1
r_346,AI04931,0.2,0
r_3011,AI10648,0.5,1
r_673,AI06016,0.2,0
r_561,AI10291,0.25,0
r_132,AI14441,0.25,0
r_58,AI08007,0.25,0
r_187,AI04970,0.25,0
r_575,AI04971,0.2,0
r_346,AI11028,0.2,0
r_561,AI12500,0.2,0
r_346,AI12155,0.25,0
r_561,AI01387,0.2,0
r_599,AI03448,0.25,0
r_134,AI06301,0.25,0
r_200,AI09408,0.2,0
r_566,AI11647,0.25,0
r_224,AI07663,0.25,0
r_656,AI13785,0.2,0
r_160,AI08831,0.25,0
r_224,AI08207,0.2,0
r_375,AI10545,0.2,0
r_656,AI11721,0.2,0
r_539,AI00820,0.25,0
r_132,AI01778,0.2,0
r_89,AI09933,0.2,0
r_575,AI02988,0.25,0
r_209,AI13279,0.2,0
r_58,AI06479,0.25,0
r_93,AI05660,0.25,0
r_132,AI10480,0.2,0
r_93,AI07685,0.25,0
r_375,AI14658,0.25,0
r_12,AI10081,0.25,0
r_174,AI12424,0.2,0
r_594,AI01185,0.25,0
r_209,AI01249,0.25,0
r_588,AI10080,0.2,0
r_174,AI12203,0.2,0
r_111,AI07402,0.2,0
r_673,AI03647,0.2,0
r_187,AI01139,0.2,0
r_93,AI08819,0.2,0
r_89,AI09808,0.2,0
r_58,AI02189,0.2,0
r_632,AI05183,0.5,1
r_375,AI13197,0.25,0
r_200,AI10836,0.2,0
r_209,AI06059,0.2,0
r_111,AI10919,0.2,0
r_89,AI09544,0.25,0
r_160,AI14176,0.25,0
r_160,AI01533,0.2,0
r_561,AI00816,0.25,0
r_134,AI11644,0.25,0
r_561,AI00007,0.5,1
r_224,AI14911,0.2,0
r_566,AI03958,0.2,0
r_58,AI06180,0.2,0
r_561,AI14330,0.2,0
r_588,AI11748,0.5,1
r_681,AI05106,0.5,1
r_58,AI04964,0.25,0
r_160,AI04611,0.2,0
r_134,AI14820,0.25,0
r_89,AI01185,0.25,0
r_451,AI07278,0.2,0
r_588,AI01534,0.25,0
r_375,AI00082,0.25,0
r_174,AI14795,0.2,0
r_588,AI09785,0.2,0
r_599,AI12839,0.25,0
r_224,AI07726,0.2,0
r_12,AI02648,0.25,0
r_111,AI05831,0.25,0
r_566,AI10587,0.5,1
r_656,AI09941,0.25,0
r_539,AI08669,0.25,0
r_406,AI05866,0.25,0
r_566,AI13086,0.2,0
r_2953,AI07018,0.5,1
r_346,AI09761,0.25,0
r_224,AI13974,0.25,0
r_174,AI14879,0.2,0
r_656,AI05821,0.25,0
r_132,AI08342,0.2,0
r_656,AI06749,0.25,0
r_160,AI11748,0.5,1
r_561,AI08118,0.2,0
r_93,AI09669,0.2,0
r_187,AI04122,0.2,0
r_89,AI04757,0.2,0
r_562,AI09089,0.25,0
r_89,AI01828,0.2,0
r_132,AI09894,0.2,0
r_93,AI11060,0.25,0
r_89,AI05691,0.2,0
r_12,AI12235,0.25,0
r_132,AI07498,0.25,0
r_539,AI05573,0.25,0
r_58,AI05361,0.2,0
r_132,AI14481,0.25,0
r_111,AI03531,0.25,0
r_209,AI01540,0.25,0
r_346,AI01818,0.2,0
r_12,AI10427,0.2,0
r_160,AI13379,0.2,0
r_346,AI00124,0.2,0
r_12,AI07626,0.25,0
r_111,AI00990,0.25,0
r_406,AI08182,0.25,0
r_594,AI10917,0.25,0
r_224,AI05309,0.2,0
r_132,AI04098,0.2,0
r_132,AI03525,0.25,0
r_2130,AI11959,0.5,1
r_406,AI05361,0.2,0
r_375,AI03634,0.25,0
r_111,AI13512,0.25,0
r_783,AI10551,0.5,1
r_224,AI09357,0.2,0
r_963,AI11781,0.5,1
r_656,AI00208,0.2,0
r_632,AI00274,0.2,0
r_562,AI06773,0.2,0
r_561,AI08193,0.25,0
r_224,AI00659,0.2,0
r_451,AI11419,0.25,0
r_451,AI03042,0.2,0
r_58,AI12930,0.25,0
r_599,AI03127,0.25,0
r_12,AI10191,0.2,0
r_588,AI12384,0.25,0
r_174,AI12742,0.25,0
r_187,AI07278,0.2,0
r_134,AI07799,0.2,0
r_566,AI07877,0.2,0
r_632,AI07473,0.25,0
r_673,AI11352,0.2,0
r_174,AI09564,0.25,0
r_503,AI05948,0.25,0
r_132,AI10587,0.5,1
r_566,AI09894,0.2,0
r_594,AI06018,0.25,0
r_599,AI03082,0.25,0
r_562,AI05338,0.25,0
r_209,AI07755,0.2,0
r_575,AI07103,0.25,0
r_503,AI09355,0.25,0
r_134,AI02131,0.25,0
r_12,AI03155,0.2,0
r_575,AI11419,0.25,0
r_656,AI09874,0.2,0
r_656,AI10342,0.2,0
r_594,AI14855,0.2,0
r_806,AI14320,0.5,1
r_503,AI05425,0.2,0
r_1231,AI03072,0.5,1
r_224,AI07949,0.25,0
r_224,AI13173,0.2,0
r_656,AI02280,0.2,0
r_209,AI11939,0.25,0
r_346,AI08533,0.2,0
r_111,AI10463,0.25,0
r_562,AI03081,0.2,0
r_200,AI09712,0.25,0
r_12,AI05976,0.25,0
r_566,AI11901,0.25,0
r_599,AI00044,0.25,0
r_656,AI12926,0.25,0
r_566,AI09879,0.2,0
r_963,AI03072,0.5,1
r_406,AI14402,0.2,0
r_2638,AI02466,0.5,1
r_539,AI02826,0.25,0
r_209,AI08207,0.2,0
r_503,AI09701,0.2,0
r_134,AI02570,0.2,0
r_111,AI10938,0.2,0
r_160,AI08487,0.2,0
r_224,AI09544,0.25,0
r_594,AI03331,0.25,0
r_200,AI06107,0.25,0
r_656,AI11358,0.25,0
r_93,AI09566,0.2,0
r_575,AI03092,0.2,0
r_134,AI00193,0.25,0
r_134,AI02179,0.25,0
r_562,AI05355,0.2,0
r_575,AI04648,0.25,0
r_200,AI05469,0.25,0
r_673,AI12928,0.25,0
r_132,AI04190,0.2,0
r_187,AI06561,0.25,0
r_406,AI03950,0.25,0
r_346,AI07293,0.25,0
r_503,AI04214,0.2,0
r_12,AI05884,0.5,1
r_594,AI01422,0.2,0
r_575,AI10932,0.25,0
r_594,AI14320,0.5,1
r_503,AI04277,0.2,0
r_451,AI02040,0.25,0
r_575,AI10661,0.25,0
r_209,AI10434,0.5,1
r_89,AI09824,0.2,0
r_224,AI04221,0.25,0
r_539,AI09782,0.25,0
r_111,AI01139,0.2,0
r_656,AI14775,0.25,0
r_599,AI06308,0.2,0
r_174,AI05985,0.2,0
r_566,AI03009,0.2,0
r_599,AI00172,0.2,0
r_588,AI04678,0.2,0
r_187,AI08875,0.2,0
r_346,AI07900,0.2,0
r_160,AI02931,0.25,0
r_174,AI01865,0.5,1
r_1811,AI09573,0.5,1
r_562,AI12424,0.2,0
r_539,AI14031,0.25,0
r_566,AI08297,0.25,0
r_209,AI12220,0.25,0
r_375,AI04640,0.2,0
r_2504,AI10551,0.5,1
r_375,AI04749,0.25,0
r_451,AI09966,0.25,0
r_187,AI13209,0.25,0
r_566,AI06200,0.2,0
r_174,AI10410,0.2,0
r_561,AI14917,0.25,0
r_174,AI02687,0.25,0
r_406,AI01360,0.5,1
r_132,AI09527,0.25,0
r_58,AI09489,0.2,0
r_632,AI08354,0.25,0
r_2195,AI09573,0.5,1
r_561,AI01566,0.2,0
r_588,AI12600,0.2,0
r_566,AI02483,0.2,0
r_58,AI14333,0.2,0
r_12,AI13656,0.25,0
r_561,AI11767,0.2,0
r_503,AI04971,0.2,0
r_209,AI11714,0.25,0
r_406,AI12319,0.2,0
r_2509,AI08219,0.5,1
r_174,AI04662,0.2,0
r_451,AI14535,0.25,0
r_566,AI03531,0.25,0
r_134,AI09370,0.2,0
r_375,AI00644,0.2,0
r_160,AI05450,0.2,0
r_562,AI10322,0.25,0
r_346,AI05215,0.2,0
r_539,AI13619,0.25,0
r_539,AI02114,0.2,0
r_566,AI14362,0.5,1
r_632,AI06274,0.2,0
r_2857,AI14649,0.5,1
r_93,AI09685,0.25,0
r_12,AI09091,0.25,0
r_200,AI07230,0.5,1
r_539,AI09398,0.25,0
r_594,AI10332,0.25,0
r_375,AI08282,0.2,0
r_209,AI05848,0.25,0
r_187,AI14164,0.25,0
r_224,AI00976,0.2,0
r_132,AI03203,0.2,0
r_346,AI07663,0.25,0
r_562,AI04807,0.2,0
r_224,AI09931,0.2,0
r_594,AI14269,0.2,0
r_200,AI05471,0.25,0
r_656,AI02430,0.25,0
r_132,AI14558,0.25,0
r_58,AI14528,0.2,0
r_562,AI12787,0.25,0
r_346,AI14362,0.5,1
r_174,AI04633,0.2,0
r_588,AI13643,0.2,0
r_200,AI09171,0.25,0
r_561,AI03843,0.25,0
r_12,AI13356,0.2,0
r_187,AI06911,0.25,0
r_539,AI13845,0.2,0
r_58,AI10212,0.25,0
r_346,AI09192,0.2,0
r_566,AI12766,0.2,0
r_375,AI11368,0.2,0
r_599,AI00270,0.2,0
r_209,AI00499,0.25,0
r_503,AI02678,0.25,0
r_200,AI06143,0.2,0
r_200,AI03818,0.2,0
r_111,AI06058,0.2,0
r_346,AI12125,0.25,0
r_209,AI09708,0.2,0
r_134,AI12833,0.25,0
r_406,AI03296,0.25,0
r_566,AI10621,0.25,0
r_187,AI00910,0.25,0
r_539,AI02344,0.2,0
r_134,AI12686,0.25,0
r_375,AI03948,0.25,0
r_58,AI03310,0.2,0
r_346,AI13297,0.25,0
r_566,AI09874,0.2,0
r_562,AI14751,0.2,0
r_2927,AI00156,0.5,1
r_503,AI06019,0.25,0
r_224,AI09602,0.25,0
r_174,AI08036,0.2,0
r_174,AI05131,0.2,0
r_174,AI12926,0.25,0
r_209,AI14361,0.2,0
r_566,AI05206,0.2,0
r_134,AI12422,0.25,0
r_594,AI07410,0.2,0
r_2264,AI06832,0.5,1
r_588,AI01786,0.25,0
r_346,AI04744,0.2,0
r_346,AI12995,0.2,0
r_566,AI06589,0.25,0
r_160,AI03277,0.2,0
r_632,AI12034,0.25,0
r_134,AI11915,0.2,0
r_12,AI05122,0.25,0
r_375,AI06136,0.25,0
r_209,AI07827,0.25,0
r_539,AI08266,0.25,0
r_562,AI13854,0.25,0
r_566,AI12184,0.2,0
r_673,AI10245,0.25,0
r_562,AI14714,0.2,0
r_632,AI05821,0.25,0
r_599,AI03033,0.2,0
r_346,AI12424,0.2,0
r_134,AI10740,0.25,0
r_406,AI05867,0.2,0
r_209,AI04613,0.2,0
r_1551,AI14063,0.5,1
r_632,AI01534,0.25,0
r_375,AI01735,0.25,0
r_200,AI14927,0.2,0
r_594,AI14441,0.25,0
r_209,AI12009,0.25,0
r_588,AI03759,0.2,0
r_562,AI07724,0.2,0
r_681,AI03574,0.5,1
r_132,AI12559,0.2,0
r_561,AI09010,0.2,0
r_1231,AI09434,0.5,1
r_346,AI12961,0.25,0
r_575,AI10958,0.2,0
r_174,AI10401,0.25,0
r_566,AI10799,0.25,0
r_406,AI08568,0.5,1
r_451,AI08179,0.25,0
r_93,AI02678,0.25,0
r_346,AI07604,0.25,0
r_89,AI08650,0.2,0
r_588,AI04596,0.25,0
r_539,AI11506,0.2,0
r_58,AI06692,0.2,0
r_575,AI10305,0.2,0
r_632,AI11365,0.2,0
r_93,AI07423,0.25,0
r_566,AI13233,0.2,0
r_89,AI09357,0.2,0
r_132,AI09526,0.25,0
r_224,AI06293,0.25,0
r_93,AI11558,0.2,0
r_561,AI01913,0.25,0
r_561,AI07103,0.25,0
r_566,AI02988,0.25,0
r_160,AI06684,0.2,0
r_111,AI05236,0.2,0
r_588,AI09526,0.25,0
r_200,AI14388,0.25,0
r_58,AI12697,0.25,0
r_132,AI08487,0.2,0
r_632,AI06684,0.2,0
r_224,AI01780,0.25,0
r_1568,AI05568,0.5,1
r_673,AI05893,0.25,0
r_562,AI06555,0.2,0
r_200,AI09354,0.25,0
r_93,AI09066,0.5,1
r_503,AI05439,0.2,0
r_451,AI03610,0.2,0
r_375,AI01228,0.2,0
r_562,AI11858,0.25,0
r_187,AI07293,0.25,0
r_1952,AI14187,0.5,1
r_539,AI13512,0.25,0
r_134,AI13911,0.25,0
r_187,AI12371,0.25,0
r_89,AI09921,0.2,0
r_93,AI11246,0.25,0
r_58,AI04190,0.2,0
r_539,AI06580,0.2,0
r_187,AI03509,0.2,0
r_174,AI04989,0.2,0
r_562,AI00431,0.2,0
r_93,AI07855,0.25,0
r_575,AI09880,0.25,0
r_174,AI11475,0.25,0
r_187,AI05197,0.25,0
r_561,AI12350,0.25,0
r_2173,AI05183,0.5,1
r_566,AI07498,0.25,0
r_656,AI09095,0.25,0
r_12,AI11168,0.25,0
r_561,AI14653,0.25,0
r_12,AI03780,0.25,0
r_575,AI07016,0.2,0
r_539,AI01719,0.25,0
r_346,AI14367,0.2,0
r_134,AI09570,0.25,0
r_562,AI07400,0.2,0
r_599,AI08980,0.25,0
r_1828,AI02054,0.5,1
r_224,AI13416,0.2,0
r_89,AI12472,0.2,0
r_969,AI03044,0.5,1
r_656,AI12164,0.2,0
r_561,AI04327,0.25,0
r_174,AI02892,0.25,0
r_656,AI12643,0.2,0
r_503,AI00994,0.2,0
r_187,AI09175,0.25,0
r_224,AI11625,0.2,0
r_346,AI05431,0.2,0
r_503,AI06692,0.2,0
r_588,AI11588,0.2,0
r_12,AI01874,0.2,0
r_599,AI10919,0.2,0
r_89,AI07626,0.25,0
r_111,AI10080,0.2,0
r_632,AI11154,0.25,0
r_588,AI01471,0.2,0
r_89,AI13849,0.25,0
r_346,AI04465,0.25,0
r_209,AI01731,0.2,0
r_588,AI09192,0.2,0
r_632,AI00126,0.2,0
r_187,AI07855,0.25,0
r_200,AI04430,0.25,0
r_2716,AI10026,0.5,1
r_539,AI10829,0.25,0
r_594,AI04238,0.25,0
r_224,AI11209,0.25,0
r_12,AI11171,0.25,0
r_209,AI13042,0.25,0
r_2716,AI05884,0.5,1
r_89,AI12404,0.25,0
r_209,AI04306,0.25,0
r_111,AI02182,0.2,0
r_200,AI05429,0.2,0
r_2940,AI08429,0.5,1
r_996,AI03072,0.5,1
r_93,AI09052,0.2,0
r_174,AI12816,0.2,0
r_209,AI05873,0.25,0
r_174,AI03184,0.2,0
r_566,AI11028,0.2,0
r_539,AI08179,0.25,0
r_160,AI13209,0.25,0
r_673,AI14864,0.2,0
r_224,AI11811,0.25,0
r_12,AI01547,0.2,0
r_539,AI03310,0.2,0
r_566,AI08916,0.25,0
r_346,AI10315,0.2,0
r_93,AI07745,0.25,0
r_656,AI14426,0.25,0
r_132,AI13095,0.25,0
r_346,AI00990,0.25,0
r_187,AI14535,0.25,0
r_406,AI09896,0.25,0
r_594,AI07707,0.2,0
r_562,AI01565,0.25,0
r_566,AI02578,0.2,0
r_187,AI03544,0.25,0
r_2195,AI11755,0.5,1
r_566,AI05209,0.25,0
r_200,AI05566,0.2,0
r_503,AI10570,0.2,0
r_160,AI07165,0.2,0
r_132,AI06877,0.2,0
r_89,AI02174,0.25,0
r_503,AI10880,0.25,0
r_209,AI10757,0.2,0
r_174,AI13148,0.25,0
r_375,AI04672,0.25,0
r_174,AI00389,0.2,0
r_12,AI12513,0.25,0
r_566,AI01969,0.2,0
r_174,AI04994,0.2,0
r_12,AI07949,0.25,0
r_503,AI00007,0.5,1
r_451,AI02675,0.2,0
r_562,AI10885,0.25,0
r_224,AI05949,0.2,0
r_1417,AI10238,0.5,1
r_209,AI02391,0.2,0
r_58,AI00124,0.2,0
r_588,AI10772,0.2,0
r_200,AI03169,0.25,0
r_12,AI12404,0.25,0
r_2937,AI14649,0.5,1
r_561,AI02567,0.25,0
r_187,AI07423,0.25,0
r_562,AI06308,0.2,0
r_174,AI13466,0.25,0
r_1823,AI09843,0.5,1
r_89,AI11936,0.2,0
r_575,AI02212,0.2,0
r_93,AI03582,0.2,0
r_599,AI05183,0.5,1
r_12,AI14176,0.25,0
r_93,AI03887,0.2,0
r_209,AI06082,0.2,0
r_375,AI02539,0.25,0
r_111,AI11001,0.2,0
r_200,AI09573,0.5,1
r_89,AI09890,0.2,0
r_599,AI09010,0.2,0
r_134,AI08143,0.25,0
r_224,AI01671,0.2,0
r_539,AI04833,0.2,0
r_346,AI07724,0.2,0
r_58,AI14029,0.25,0
r_451,AI13345,0.25,0
r_3002,AI01360,0.5,1
r_160,AI09230,0.25,0
r_561,AI07253,0.2,0
r_632,AI08962,0.2,0
r_1197,AI08568,0.5,1
r_594,AI04986,0.2,0
r_562,AI10677,0.25,0
r_451,AI08531,0.2,0
r_12,AI01445,0.25,0
r_111,AI05620,0.2,0
r_132,AI12499,0.25,0
r_406,AI09230,0.25,0
r_134,AI08834,0.2,0
r_134,AI01084,0.25,0
r_224,AI00562,0.2,0
r_566,AI04222,0.25,0
r_2063,AI07018,0.5,1
r_2602,AI01474,0.5,1
r_562,AI04648,0.25,0
r_346,AI02418,0.2,0
r_632,AI01325,0.25,0
r_174,AI13327,0.25,0
r_346,AI07855,0.25,0
r_224,AI01504,0.25,0
r_632,AI05573,0.25,0
r_89,AI01844,0.25,0
r_12,AI13012,0.25,0
r_594,AI01552,0.25,0
r_599,AI06314,0.2,0
r_566,AI12640,0.2,0
r_406,AI04651,0.2,0
r_174,AI04389,0.2,0
r_209,AI14943,0.25,0
r_503,AI12015,0.2,0
r_58,AI03076,0.2,0
r_174,AI12345,0.2,0
r_12,AI09708,0.2,0
r_209,AI11269,0.25,0
r_539,AI01985,0.25,0
r_346,AI02556,0.25,0
r_132,AI01255,0.2,0
r_575,AI09779,0.25,0
r_599,AI14528,0.2,0
r_224,AI02037,0.25,0
r_1790,AI01474,0.5,1
r_539,AI07606,0.2,0
r_132,AI03120,0.2,0
r_346,AI05568,0.5,1
r_134,AI04033,0.2,0
r_89,AI08693,0.2,0
r_200,AI07453,0.25,0
r_566,AI03762,0.25,0
r_656,AI03995,0.2,0
r_594,AI08834,0.2,0
r_451,AI09526,0.25,0
r_174,AI02382,0.2,0
r_93,AI07230,0.5,1
r_224,AI02761,0.25,0
r_200,AI04465,0.25,0
r_346,AI05831,0.25,0
r_2955,AI03654,0.5,1
r_562,AI01814,0.2,0
r_588,AI01969,0.2,0
r_2130,AI10422,0.5,1
r_58,AI04749,0.25,0
r_1426,AI06832,0.5,1
r_562,AI04786,0.25,0
r_200,AI12605,0.25,0
r_673,AI05996,0.25,0
r_451,AI13209,0.25,0
r_12,AI00031,0.2,0
r_346,AI05594,0.25,0
r_599,AI04896,0.5,1
r_656,AI07255,0.2,0
r_656,AI10257,0.25,0
r_673,AI14475,0.5,1
r_187,AI08061,0.2,0
r_588,AI05108,0.2,0
r_174,AI00405,0.2,0
r_566,AI12053,0.2,0
r_632,AI07011,0.2,0
r_503,AI01431,0.2,0
r_594,AI11093,0.2,0
r_561,AI06194,0.2,0
r_160,AI08266,0.25,0
r_111,AI09604,0.2,0
r_539,AI06921,0.2,0
r_656,AI14957,0.25,0
r_93,AI10212,0.25,0
r_503,AI01665,0.25,0
r_209,AI10456,0.2,0
r_132,AI02958,0.25,0
r_132,AI13713,0.25,0
r_174,AI01032,0.2,0
r_12,AI05754,0.2,0
r_346,AI09717,0.2,0
r_187,AI06869,0.25,0
r_561,AI06180,0.2,0
r_588,AI14441,0.25,0
r_994,AI04896,0.5,1
r_539,AI01886,0.25,0
r_673,AI00037,0.2,0
r_406,AI12981,0.2,0
r_89,AI14371,0.2,0
r_132,AI06136,0.25,0
r_224,AI04888,0.2,0
r_539,AI12754,0.2,0
r_406,AI01507,0.2,0
r_673,AI06246,0.25,0
r_160,AI08148,0.2,0
r_561,AI00253,0.2,0
r_200,AI13345,0.25,0
r_375,AI05923,0.2,0
r_209,AI07434,0.2,0
r_575,AI03887,0.2,0
r_561,AI02958,0.25,0
r_89,AI12833,0.25,0
r_656,AI06175,0.25,0
r_160,AI10480,0.2,0
r_1790,AI11725,0.5,1
r_160,AI05342,0.2,0
r_174,AI04620,0.2,0
r_111,AI03749,0.25,0
r_89,AI01384,0.2,0
r_406,AI14236,0.25,0
r_632,AI02620,0.25,0
r_503,AI06561,0.25,0
r_632,AI08399,0.2,0
r_561,AI12990,0.2,0
r_346,AI03208,0.25,0
r_575,AI11525,0.25,0
r_406,AI00457,0.2,0
r_561,AI04931,0.2,0
r_2284,AI06825,0.5,1
r_346,AI07372,0.25,0
r_187,AI03483,0.25,0
r_792,AI09637,0.5,1
r_209,AI12770,0.2,0
r_58,AI09810,0.2,0
r_503,AI08237,0.5,1
r_406,AI14362,0.5,1
r_89,AI14258,0.25,0
r_562,AI10209,0.2,0
r_134,AI04143,0.25,0
r_174,AI14610,0.2,0
r_588,AI12875,0.25,0
r_89,AI13913,0.2,0
r_503,AI06723,0.2,0
r_375,AI10587,0.5,1
r_187,AI13255,0.25,0
r_187,AI01057,0.25,0
r_89,AI12276,0.2,0
r_451,AI06082,0.2,0
r_375,AI00457,0.2,0
r_539,AI09058,0.25,0
r_562,AI06949,0.2,0
r_160,AI08351,0.25,0
r_12,AI09442,0.25,0
r_566,AI02675,0.2,0
r_632,AI07255,0.2,0
r_12,AI10143,0.2,0
r_89,AI08824,0.25,0
r_681,AI12780,0.5,1
r_174,AI13021,0.2,0
r_673,AI09803,0.25,0
r_58,AI10820,0.25,0
r_134,AI08044,0.25,0
r_575,AI00230,0.2,0
r_187,AI08037,0.2,0
r_111,AI07578,0.2,0
r_132,AI02192,0.2,0
r_562,AI08063,0.2,0
r_174,AI04819,0.25,0
r_375,AI14792,0.2,0
r_224,AI10876,0.25,0
r_58,AI14512,0.2,0
r_451,AI00124,0.2,0
r_209,AI05621,0.25,0
r_209,AI09340,0.2,0
r_2922,AI10648,0.5,1
r_174,AI08391,0.25,0
r_174,AI13606,0.25,0
r_174,AI00945,0.25,0
r_2489,AI14063,0.5,1
r_2299,AI09434,0.5,1
r_2195,AI11781,0.5,1
r_132,AI11154,0.25,0
r_594,AI08816,0.2,0
r_503,AI04688,0.2,0
r_224,AI13146,0.25,0
r_656,AI01096,0.2,0
r_656,AI09662,0.2,0
r_93,AI03236,0.2,0
r_12,AI08058,0.25,0
r_93,AI12875,0.25,0
r_132,AI11365,0.2,0
r_451,AI11484,0.25,0
r_89,AI03090,0.2,0
r_93,AI13854,0.25,0
r_1417,AI12760,0.5,1
r_406,AI05799,0.25,0
r_503,AI06274,0.2,0
r_562,AI12605,0.25,0
r_89,AI00659,0.2,0
r_111,AI02931,0.25,0
r_200,AI02189,0.2,0
r_111,AI06082,0.2,0
r_566,AI06949,0.2,0
r_588,AI02474,0.25,0
r_224,AI06150,0.2,0
r_539,AI09662,0.2,0
r_451,AI14756,0.25,0
r_132,AI01437,0.2,0
r_594,AI03575,0.2,0
r_132,AI13278,0.2,0
r_200,AI08966,0.25,0
r_451,AI09655,0.2,0
r_561,AI13885,0.2,0
r_134,AI03930,0.25,0
r_12,AI00603,0.25,0
r_346,AI01117,0.2,0
r_2937,AI11725,0.5,1
r_134,AI04834,0.25,0
r_2195,AI06832,0.5,1
r_561,AI01109,0.25,0
r_187,AI09240,0.2,0
r_93,AI06903,0.2,0
r_187,AI04247,0.25,0
r_594,AI03489,0.2,0
r_200,AI13728,0.2,0
r_561,AI00649,0.2,0
r_1568,AI07230,0.5,1
r_200,AI11915,0.2,0
r_561,AI14594,0.25,0
r_89,AI11811,0.25,0
r_134,AI01969,0.2,0
r_594,AI11932,0.2,0
r_132,AI06308,0.2,0
r_134,AI02729,0.2,0
r_209,AI09903,0.5,1
r_12,AI10452,0.25,0
r_134,AI04078,0.25,0
r_12,AI12880,0.2,0
r_562,AI12229,0.2,0
r_89,AI04888,0.2,0
r_111,AI13197,0.25,0
r_632,AI01943,0.25,0
r_93,AI11985,0.25,0
r_594,AI14517,0.25,0
r_451,AI14296,0.2,0
r_632,AI00793,0.25,0
r_12,AI02753,0.2,0
r_346,AI11705,0.2,0
r_594,AI14061,0.2,0
r_561,AI06938,0.25,0
r_451,AI12521,0.25,0
r_561,AI13340,0.25,0
r_575,AI11644,0.25,0
r_673,AI11034,0.2,0
r_111,AI10962,0.2,0
r_111,AI05426,0.2,0
r_406,AI08515,0.25,0
r_346,AI00793,0.25,0
r_599,AI12868,0.2,0
r_539,AI11769,0.25,0
r_224,AI03821,0.25,0
r_539,AI02144,0.25,0
r_89,AI12962,0.2,0
r_656,AI07660,0.25,0
r_200,AI06608,0.25,0
r_1154,AI11122,0.5,1
r_503,AI12000,0.25,0
r_89,AI12294,0.25,0
r_58,AI00761,0.2,0
r_539,AI13273,0.2,0
r_200,AI04469,0.25,0
r_656,AI12500,0.2,0
r_1828,AI11748,0.5,1
r_89,AI11970,0.5,1
r_632,AI04270,0.2,0
r_539,AI08297,0.25,0
r_588,AI07414,0.25,0
r_588,AI05209,0.25,0
r_224,AI03905,0.2,0
r_561,AI03058,0.25,0
r_594,AI13879,0.25,0
r_187,AI05338,0.25,0
r_346,AI06833,0.25,0
r_174,AI02412,0.25,0
r_673,AI03027,0.2,0
r_12,AI10185,0.2,0
r_174,AI02641,0.25,0
r_451,AI03441,0.2,0
r_632,AI08297,0.25,0
r_561,AI13095,0.25,0
r_224,AI10080,0.2,0
r_12,AI07587,0.2,0
r_111,AI06363,0.2,0
r_632,AI04009,0.2,0
r_451,AI12490,0.25,0
r_406,AI05332,0.2,0
r_632,AI12384,0.25,0
r_375,AI05342,0.2,0
r_632,AI05073,0.2,0
r_1811,AI10238,0.5,1
r_588,AI10570,0.2,0
r_632,AI10463,0.25,0
r_599,AI08174,0.2,0
r_539,AI11207,0.25,0
r_89,AI03585,0.25,0
r_375,AI14801,0.25,0
r_561,AI04744,0.2,0
r_111,AI12382,0.25,0
r_2292,AI06825,0.5,1
r_673,AI13918,0.25,0
r_132,AI14026,0.2,0
r_12,AI09544,0.25,0
r_12,AI08097,0.2,0
r_12,AI13730,0.2,0
r_200,AI07293,0.25,0
r_111,AI11328,0.2,0
r_209,AI06365,0.2,0
r_588,AI08257,0.2,0
r_561,AI14362,0.5,1
r_561,AI10371,0.25,0
r_599,AI09272,0.25,0
r_132,AI12784,0.2,0
r_93,AI08997,0.25,0
r_656,AI10695,0.2,0
r_561,AI05635,0.2,0
r_451,AI09355,0.25,0
r_174,AI07635,0.25,0
r_561,AI14307,0.25,0
r_111,AI09192,0.2,0
r_224,AI01358,0.25,0
r_673,AI10505,0.25,0
r_58,AI06855,0.25,0
r_346,AI11533,0.2,0
r_566,AI01703,0.2,0
r_632,AI02562,0.25,0
r_93,AI02550,0.25,0
r_562,AI03310,0.2,0
r_539,AI09830,0.25,0
r_346,AI11368,0.2,0
r_451,AI12125,0.25,0
r_673,AI14375,0.25,0
r_111,AI11354,0.2,0
r_174,AI03223,0.2,0
r_575,AI00793,0.25,0
r_209,AI11900,0.25,0
r_2667,AI10422,0.5,1
r_224,AI09159,0.2,0
r_566,AI02114,0.2,0
r_588,AI12152,0.2,0
r_174,AI02958,0.25,0
r_632,AI08440,0.2,0
r_209,AI14978,0.2,0
r_588,AI07011,0.2,0
r_594,AI05786,0.25,0
r_93,AI03816,0.25,0
r_346,AI03950,0.25,0
r_132,AI11843,0.25,0
r_93,AI00415,0.2,0
r_561,AI04287,0.25,0
r_451,AI11901,0.25,0
r_575,AI02040,0.25,0
r_174,AI00561,0.2,0
r_632,AI12930,0.25,0
r_209,AI14208,0.25,0
r_656,AI07161,0.25,0
r_1154,AI09637,0.5,1
r_200,AI08351,0.25,0
r_539,AI03544,0.25,0
r_111,AI14018,0.2,0
r_673,AI06618,0.2,0
r_451,AI00817,0.25,0
r_575,AI10388,0.25,0
r_632,AI07691,0.2,0
r_632,AI02438,0.2,0
r_200,AI13558,0.2,0
r_451,AI12787,0.25,0
r_2937,AI01107,0.5,1
r_58,AI10439,0.25,0
r_187,AI04833,0.2,0
r_451,AI09408,0.2,0
r_375,AI11001,0.2,0
r_200,AI09079,0.2,0
r_58,AI02942,0.25,0
r_599,AI01488,0.2,0
r_561,AI02515,0.2,0
r_375,AI09138,0.2,0
r_406,AI04190,0.2,0
r_132,AI11620,0.2,0
r_187,AI06058,0.2,0
r_632,AI03949,0.25,0
r_594,AI03568,0.2,0
r_451,AI05941,0.25,0
r_200,AI04222,0.25,0
r_174,AI13692,0.25,0
r_160,AI06811,0.2,0
r_451,AI06238,0.25,0
r_1811,AI05301,0.5,1
r_160,AI05867,0.2,0
r_575,AI05867,0.2,0
r_406,AI08633,0.25,0
r_132,AI04771,0.2,0
r_656,AI01255,0.2,0
r_209,AI11742,0.2,0
r_200,AI02630,0.25,0
r_160,AI02343,0.25,0
r_132,AI03320,0.2,0
r_200,AI06738,0.25,0
r_2509,AI12281,0.5,1
r_406,AI10439,0.25,0
r_224,AI11259,0.25,0
r_539,AI02780,0.2,0
r_632,AI13903,0.25,0
r_134,AI03270,0.25,0
r_93,AI10551,0.5,1
r_174,AI09806,0.2,0
r_539,AI03667,0.2,0
r_58,AI14801,0.25,0
r_562,AI06082,0.2,0
r_224,AI09843,0.5,1
r_599,AI04541,0.2,0
r_134,AI07049,0.25,0
r_2869,AI12760,0.5,1
r_599,AI12856,0.2,0
r_134,AI04852,0.25,0
r_93,AI09655,0.2,0
r_588,AI02299,0.25,0
r_375,AI04738,0.25,0
r_539,AI01631,0.2,0
r_200,AI05425,0.2,0
r_58,AI10302,0.25,0
r_174,AI11205,0.2,0
r_160,AI11569,0.25,0
r_566,AI10183,0.2,0
r_2937,AI01653,0.5,1
r_673,AI06796,0.2,0
r_566,AI00402,0.2,0
r_503,AI11647,0.25,0
r_174,AI04390,0.25,0
r_111,AI08706,0.25,0
r_58,AI00683,0.2,0
r_224,AI13760,0.25,0
r_632,AI11985,0.25,0
r_209,AI05875,0.25,0
r_200,AI12452,0.2,0
r_187,AI05469,0.25,0
r_539,AI13157,0.25,0
r_451,AI02780,0.2,0
r_503,AI00822,0.2,0
r_588,AI08083,0.2,0
r_406,AI14453,0.2,0
r_93,AI01930,0.25,0
r_174,AI13678,0.2,0
r_632,AI09427,0.2,0
r_93,AI01491,0.25,0
r_200,AI08429,0.5,1
r_588,AI11905,0.25,0
r_2869,AI09573,0.5,1
r_451,AI04648,0.25,0
r_561,AI14658,0.25,0
r_451,AI00230,0.2,0
r_406,AI07016,0.2,0
r_632,AI13318,0.25,0
r_111,AI13016,0.2,0
r_562,AI05831,0.25,0
r_575,AI09573,0.5,1
r_346,AI14562,0.2,0
r_594,AI09647,0.25,0
r_566,AI09807,0.2,0
r_174,AI08565,0.25,0
r_200,AI08831,0.25,0
r_134,AI04506,0.2,0
r_346,AI08644,0.25,0
r_89,AI00098,0.2,0
r_996,AI11781,0.5,1
r_656,AI11616,0.2,0
r_599,AI08647,0.2,0
r_673,AI11596,0.25,0
r_561,AI10209,0.2,0
r_451,AI01062,0.2,0
r_599,AI09171,0.25,0
r_111,AI00082,0.25,0
r_375,AI07165,0.2,0
r_539,AI12511,0.25,0
r_656,AI14031,0.25,0
r_200,AI00553,0.2,0
r_132,AI00974,0.25,0
r_224,AI08810,0.2,0
r_375,AI03749,0.25,0
r_503,AI08889,0.2,0
r_93,AI04430,0.25,0
r_588,AI13184,0.25,0
r_1702,AI10434,0.5,1
r_599,AI04911,0.2,0
r_673,AI11041,0.2,0
r_575,AI09398,0.25,0
r_566,AI01044,0.2,0
r_200,AI04776,0.25,0
r_2509,AI05884,0.5,1
r_451,AI14779,0.2,0
r_346,AI13367,0.25,0
r_209,AI08824,0.25,0
r_111,AI00725,0.2,0
r_566,AI08755,0.2,0
r_89,AI12149,0.25,0
r_58,AI01517,0.2,0
r_451,AI02161,0.2,0
r_209,AI10567,0.2,0
r_588,AI01988,0.2,0
r_375,AI05338,0.25,0
r_562,AI10302,0.25,0
r_12,AI09577,0.2,0
r_599,AI13619,0.25,0
r_406,AI13233,0.2,0
r_132,AI14610,0.2,0
r_160,AI06508,0.2,0
r_89,AI10881,0.25,0
r_134,AI05612,0.5,1
r_451,AI09720,0.2,0
r_209,AI01358,0.25,0
r_89,AI01836,0.2,0
r_224,AI13639,0.25,0
r_561,AI01500,0.25,0
r_566,AI07019,0.2,0
r_503,AI01588,0.25,0
r_562,AI05481,0.2,0
r_566,AI08061,0.2,0
r_575,AI12766,0.2,0
r_562,AI10944,0.25,0
r_200,AI06050,0.2,0
r_187,AI05439,0.2,0
r_599,AI08633,0.25,0
r_58,AI14925,0.25,0
r_2602,AI13808,0.5,1
r_224,AI07984,0.2,0
r_539,AI03949,0.25,0
r_93,AI10239,0.2,0
r_575,AI06350,0.25,0
r_561,AI05439,0.2,0
r_503,AI10661,0.25,0
r_594,AI01032,0.2,0
r_1568,AI02054,0.5,1
r_58,AI09701,0.2,0
r_174,AI12784,0.2,0
r_187,AI12643,0.2,0
r_575,AI05578,0.2,0
r_673,AI11664,0.2,0
r_561,AI13342,0.2,0
r_632,AI13197,0.25,0
r_575,AI06274,0.2,0
r_588,AI13356,0.2,0
r_673,AI06883,0.25,0
r_132,AI01985,0.25,0
r_2284,AI00156,0.5,1
r_93,AI01564,0.25,0
r_681,AI07910,0.5,1
r_132,AI13623,0.2,0
r_451,AI14367,0.2,0
r_599,AI01255,0.2,0
r_209,AI03905,0.2,0
r_132,AI03509,0.2,0
r_673,AI04256,0.2,0
r_89,AI13526,0.25,0
r_562,AI09858,0.2,0
r_375,AI00124,0.2,0
r_346,AI09669,0.2,0
r_224,AI11521,0.2,0
r_209,AI14039,0.2,0
r_111,AI02102,0.2,0
r_562,AI14187,0.5,1
r_346,AI11207,0.25,0
r_451,AI03590,0.25,0
r_224,AI03488,0.2,0
r_111,AI08699,0.25,0
r_632,AI05458,0.2,0
r_562,AI06402,0.2,0
r_12,AI00753,0.2,0
r_594,AI14183,0.25,0
r_209,AI02078,0.2,0
r_375,AI12164,0.2,0
r_12,AI12281,0.5,1
r_1205,AI09286,0.5,1
r_2922,AI01360,0.5,1
r_2638,AI11748,0.5,1
r_58,AI14303,0.25,0
r_594,AI09336,0.2,0
r_451,AI08211,0.2,0
r_224,AI06257,0.2,0
r_406,AI11032,0.2,0
r_375,AI00616,0.2,0
r_209,AI10876,0.25,0
r_93,AI02782,0.25,0
r_375,AI05508,0.25,0
r_12,AI10310,0.25,0
r_174,AI04150,0.25,0
r_561,AI03042,0.2,0
r_632,AI03208,0.25,0
r_451,AI05388,0.25,0
r_2848,AI11490,0.5,1
r_963,AI05568,0.5,1
r_134,AI03030,0.25,0
r_406,AI12914,0.2,0
r_132,AI08354,0.25,0
r_599,AI09237,0.25,0
r_656,AI06195,0.25,0
r_12,AI12884,0.25,0
r_134,AI08496,0.25,0
r_58,AI03127,0.25,0
r_451,AI05508,0.25,0
r_134,AI03785,0.2,0
r_588,AI11893,0.2,0
r_224,AI12884,0.25,0
r_599,AI08699,0.25,0
r_656,AI14287,0.2,0
r_174,AI09448,0.25,0
r_89,AI14676,0.2,0
r_588,AI12179,0.25,0
r_89,AI00484,0.2,0
r_561,AI00167,0.25,0
r_406,AI14500,0.25,0
r_12,AI01704,0.25,0
r_224,AI05062,0.25,0
r_160,AI07907,0.2,0
r_594,AI09272,0.25,0
r_575,AI00172,0.2,0
r_134,AI02761,0.25,0
r_200,AI13512,0.25,0
r_187,AI03009,0.2,0
r_451,AI12073,0.25,0
r_406,AI01566,0.2,0
r_562,AI07087,0.2,0
r_200,AI10621,0.25,0
r_134,AI09346,0.25,0
r_575,AI14779,0.2,0
r_89,AI12907,0.25,0
r_200,AI13000,0.2,0
r_451,AI02539,0.25,0
r_2136,AI03654,0.5,1
r_632,AI12278,0.2,0
r_209,AI01475,0.25,0
r_58,AI05342,0.2,0
r_160,AI05631,0.2,0
r_632,AI07463,0.25,0
r_12,AI05817,0.2,0
r_2155,AI03072,0.5,1
r_451,AI08351,0.25,0
r_12,AI05875,0.25,0
r_89,AI13825,0.25,0
r_2953,AI05724,0.5,1
r_93,AI01431,0.2,0
r_566,AI04100,0.25,0
r_566,AI05573,0.25,0
r_575,AI10760,0.2,0
r_588,AI02339,0.2,0
r_375,AI07453,0.25,0
r_594,AI09903,0.5,1
r_132,AI07907,0.2,0
r_93,AI00002,0.2,0
r_375,AI08211,0.2,0
r_174,AI13264,0.2,0
r_2489,AI09286,0.5,1
r_709,AI06832,0.5,1
r_200,AI06749,0.25,0
r_451,AI12605,0.25,0
r_89,AI05546,0.2,0
r_451,AI08399,0.2,0
r_174,AI08347,0.25,0
r_575,AI11843,0.25,0
r_451,AI06324,0.2,0
r_2724,AI06944,0.5,1
r_174,AI13443,0.25,0
r_224,AI12923,0.2,0
r_561,AI10023,0.2,0
r_132,AI01057,0.25,0
r_209,AI00031,0.2,0
r_406,AI12590,0.25,0
r_12,AI04948,0.2,0
r_632,AI05578,0.2,0
r_599,AI06212,0.25,0
r_58,AI02192,0.2,0
r_599,AI04994,0.2,0
r_2937,AI00436,0.5,1
r_503,AI06090,0.2,0
r_599,AI07578,0.2,0
r_89,AI00553,0.2,0
r_209,AI13184,0.25,0
r_566,AI14018,0.2,0
r_346,AI01713,0.2,0
r_346,AI04611,0.2,0
r_539,AI02189,0.2,0
r_132,AI02584,0.2,0
r_134,AI04716,0.2,0
r_12,AI10358,0.25,0
r_561,AI04483,0.2,0
r_209,AI13435,0.5,1
r_346,AI12605,0.25,0
r_12,AI14845,0.2,0
r_594,AI09194,0.25,0
r_588,AI06136,0.25,0
r_588,AI05865,0.25,0
r_200,AI06601,0.25,0
r_1568,AI09434,0.5,1
r_12,AI04913,0.25,0
r_187,AI13340,0.25,0
r_1197,AI10238,0.5,1
r_562,AI11072,0.25,0
r_656,AI04113,0.2,0
r_160,AI09237,0.25,0
r_594,AI08453,0.25,0
r_594,AI13246,0.2,0
r_160,AI02780,0.2,0
r_132,AI07087,0.2,0
r_111,AI09720,0.2,0
r_599,AI10661,0.25,0
r_134,AI10053,0.2,0
r_160,AI12848,0.2,0
r_632,AI07980,0.2,0
r_134,AI14997,0.25,0
r_58,AI02482,0.2,0
r_58,AI04648,0.25,0
r_561,AI00604,0.25,0
r_93,AI05042,0.2,0
r_561,AI09839,0.2,0
r_346,AI11484,0.25,0
r_224,AI09030,0.25,0
r_539,AI07670,0.25,0
r_224,AI01061,0.25,0
r_451,AI08266,0.25,0
r_134,AI12447,0.2,0
r_187,AI08237,0.5,1
r_12,AI04852,0.25,0
r_588,AI13727,0.2,0
r_209,AI02956,0.25,0
r_187,AI13379,0.2,0
r_209,AI02929,0.2,0
r_588,AI03207,0.25,0
r_58,AI10330,0.2,0
r_12,AI09050,0.25,0
r_134,AI10077,0.25,0
r_594,AI14961,0.2,0
r_209,AI14981,0.2,0
r_224,AI00436,0.5,1
r_187,AI09171,0.25,0
r_503,AI02898,0.25,0
r_134,AI01367,0.2,0
r_134,AI12152,0.2,0
r_2264,AI11959,0.5,1
r_134,AI13704,0.2,0
r_12,AI10283,0.25,0
r_451,AI03908,0.2,0
r_594,AI03991,0.2,0
r_656,AI07269,0.25,0
r_111,AI07448,0.25,0
r_111,AI02478,0.25,0
r_3002,AI00156,0.5,1
r_539,AI03525,0.25,0
r_89,AI13081,0.2,0
r_375,AI12875,0.25,0
r_539,AI12839,0.25,0
r_187,AI11915,0.2,0
r_406,AI10545,0.2,0
r_451,AI05578,0.2,0
r_566,AI06350,0.25,0
r_346,AI11001,0.2,0
r_594,AI01893,0.2,0
r_1417,AI00156,0.5,1
r_132,AI13935,0.2,0
r_406,AI05923,0.2,0
r_451,AI12532,0.2,0
r_58,AI04100,0.25,0
r_134,AI02224,0.25,0
r_539,AI14362,0.5,1
r_160,AI10322,0.25,0
r_174,AI13607,0.2,0
r_12,AI14457,0.2,0
r_562,AI08193,0.25,0
r_12,AI10008,0.25,0
r_132,AI05508,0.25,0
r_93,AI11712,0.2,0
r_673,AI12784,0.2,0
r_632,AI01850,0.25,0
r_451,AI09941,0.25,0
r_539,AI12990,0.2,0
r_575,AI03457,0.25,0
r_187,AI02263,0.25,0
r_174,AI12296,0.2,0
r_1961,AI08429,0.5,1
r_539,AI07815,0.25,0
r_594,AI11866,0.2,0
r_575,AI05361,0.2,0
r_160,AI00866,0.2,0
r_632,AI12382,0.25,0
r_174,AI03506,0.2,0
r_575,AI12424,0.2,0
r_89,AI06023,0.25,0
r_451,AI09717,0.2,0
r_224,AI10773,0.25,0
r_346,AI06143,0.2,0
r_375,AI07923,0.2,0
r_209,AI14610,0.2,0
r_594,AI06500,0.25,0
r_632,AI02510,0.25,0
r_575,AI11062,0.2,0
r_1640,AI05568,0.5,1
r_2953,AI13914,0.5,1
r_406,AI05450,0.2,0
r_224,AI14060,0.25,0
r_134,AI03618,0.25,0
r_539,AI01821,0.2,0
r_599,AI02482,0.2,0
r_375,AI12237,0.2,0
r_2927,AI14320,0.5,1
r_224,AI07257,0.2,0
r_209,AI05889,0.25,0
r_562,AI02263,0.25,0
r_451,AI06712,0.2,0
r_575,AI00045,0.5,1
r_632,AI08342,0.2,0
r_566,AI07423,0.25,0
r_58,AI14981,0.2,0
r_187,AI02988,0.25,0
r_12,AI01524,0.25,0
r_224,AI08791,0.25,0
r_89,AI04033,0.2,0
r_503,AI13000,0.2,0
r_996,AI02466,0.5,1
r_2504,AI06825,0.5,1
r_187,AI03355,0.25,0
r_599,AI14864,0.2,0
r_346,AI02678,0.25,0
r_1027,AI11122,0.5,1
r_174,AI05864,0.2,0
r_451,AI01631,0.2,0
r_224,AI05592,0.25,0
r_93,AI07313,0.25,0
r_224,AI12276,0.2,0
r_599,AI10272,0.25,0
r_111,AI12962,0.2,0
r_58,AI04738,0.25,0
r_575,AI12452,0.2,0
r_375,AI01943,0.25,0
r_200,AI00007,0.5,1
r_12,AI10856,0.2,0
r_132,AI12214,0.25,0
r_561,AI03958,0.2,0
r_2292,AI04200,0.5,1
r_503,AI03484,0.2,0
r_174,AI02838,0.2,0
r_539,AI05319,0.2,0
r_594,AI11507,0.25,0
r_224,AI07607,0.2,0
r_594,AI02753,0.2,0
r_160,AI00591,0.25,0
r_451,AI14864,0.2,0
r_2088,AI13914,0.5,1
r_160,AI09458,0.2,0
r_89,AI07452,0.2,0
r_209,AI01384,0.2,0
r_375,AI13679,0.2,0
r_566,AI02792,0.2,0
r_575,AI13754,0.25,0
r_588,AI08473,0.25,0
r_566,AI08770,0.2,0
r_2173,AI10238,0.5,1
r_503,AI08508,0.2,0
r_187,AI05206,0.2,0
r_134,AI05608,0.2,0
r_89,AI05400,0.25,0
r_451,AI12386,0.25,0
r_200,AI01541,0.25,0
r_12,AI11300,0.2,0
r_406,AI06729,0.25,0
r_503,AI11477,0.25,0
r_224,AI05122,0.25,0
r_58,AI06715,0.2,0
r_58,AI09398,0.25,0
r_224,AI10129,0.25,0
r_594,AI06298,0.25,0
r_200,AI14987,0.25,0
r_632,AI08701,0.25,0
r_375,AI02965,0.2,0
r_561,AI09685,0.25,0
r_200,AI09779,0.25,0
r_89,AI01671,0.2,0
r_58,AI08440,0.2,0
r_111,AI05923,0.2,0
r_187,AI05807,0.2,0
r_187,AI03448,0.25,0
r_89,AI09133,0.2,0
r_209,AI01790,0.2,0
r_346,AI02387,0.2,0
r_224,AI07280,0.25,0
r_539,AI01731,0.2,0
r_132,AI07745,0.25,0
r_58,AI09240,0.2,0
r_562,AI08237,0.5,1
r_673,AI05198,0.25,0
r_58,AI14881,0.25,0
r_375,AI06062,0.2,0
r_673,AI09252,0.2,0
r_224,AI02067,0.2,0
r_111,AI05798,0.25,0
r_599,AI03092,0.2,0
r_93,AI08644,0.25,0
r_134,AI10026,0.5,1
r_656,AI11479,0.25,0
r_209,AI13329,0.25,0
r_187,AI14386,0.2,0
r_562,AI02418,0.2,0
r_187,AI01913,0.25,0
r_503,AI02578,0.2,0
r_134,AI13260,0.2,0
r_187,AI13345,0.25,0
r_632,AI00867,0.2,0
r_656,AI04596,0.25,0
r_200,AI06832,0.5,1
r_209,AI01581,0.2,0
r_451,AI00649,0.2,0
r_594,AI13445,0.2,0
r_58,AI01598,0.25,0
r_562,AI03072,0.5,1
r_561,AI08997,0.25,0
r_575,AI14666,0.25,0
r_89,AI09572,0.2,0
r_673,AI12078,0.25,0
r_561,AI01186,0.25,0
r_134,AI09098,0.2,0
r_134,AI05740,0.25,0
r_539,AI05192,0.2,0
r_160,AI09457,0.25,0
r_346,AI09006,0.25,0
r_503,AI01949,0.25,0
r_200,AI10979,0.25,0
r_209,AI02707,0.25,0
r_12,AI01180,0.25,0
r_562,AI06029,0.2,0
r_594,AI03155,0.2,0
r_12,AI01531,0.25,0
r_375,AI07032,0.2,0
r_539,AI11915,0.2,0
r_632,AI14714,0.2,0
r_406,AI07156,0.25,0
r_588,AI05425,0.2,0
r_1955,AI05106,0.5,1
r_594,AI02687,0.25,0
r_134,AI13274,0.2,0
r_134,AI05756,0.25,0
r_656,AI08679,0.25,0
r_58,AI06758,0.2,0
r_134,AI02899,0.25,0
r_132,AI04126,0.2,0
r_632,AI00305,0.2,0
r_594,AI06679,0.2,0
r_134,AI06915,0.2,0
r_1154,AI14063,0.5,1
r_58,AI12164,0.2,0
r_160,AI05236,0.2,0
r_375,AI12382,0.25,0
r_575,AI01124,0.25,0
r_681,AI08705,0.5,1
r_673,AI01032,0.2,0
r_209,AI12502,0.2,0
r_566,AI01566,0.2,0
r_375,AI08278,0.25,0
r_594,AI05939,0.25,0
r_346,AI12386,0.25,0
r_89,AI10948,0.25,0
r_2667,AI03072,0.5,1
r_160,AI10570,0.2,0
r_2603,AI00045,0.5,1
r_58,AI01437,0.2,0
r_673,AI09163,0.2,0
r_562,AI13016,0.2,0
r_575,AI12532,0.2,0
r_561,AI01665,0.25,0
r_503,AI13727,0.2,0
r_111,AI03867,0.25,0
r_134,AI07410,0.2,0
r_503,AI06480,0.25,0
r_200,AI13356,0.2,0
r_111,AI02792,0.2,0
r_346,AI06773,0.2,0
r_594,AI05483,0.2,0
r_58,AI09957,0.2,0
r_1790,AI14649,0.5,1
r_963,AI14362,0.5,1
r_594,AI03049,0.25,0
r_539,AI09696,0.2,0
r_132,AI09457,0.25,0
r_111,AI03158,0.25,0
r_111,AI09655,0.2,0
r_209,AI11866,0.2,0
r_187,AI06855,0.25,0
r_200,AI09307,0.25,0
r_1261,AI11748,0.5,1
r_58,AI05365,0.25,0
r_200,AI03081,0.2,0
r_594,AI11226,0.2,0
r_996,AI09637,0.5,1
r_806,AI06944,0.5,1
r_503,AI07625,0.25,0
r_132,AI07336,0.2,0
r_58,AI06402,0.2,0
r_562,AI04971,0.2,0
r_566,AI11485,0.2,0
r_561,AI07463,0.25,0
r_12,AI09194,0.25,0
r_2136,AI13914,0.5,1
r_594,AI08877,0.2,0
r_539,AI10545,0.2,0
r_58,AI07513,0.2,0
r_93,AI11760,0.25,0
r_566,AI05709,0.25,0
r_594,AI10672,0.25,0
r_58,AI07372,0.25,0
r_224,AI08188,0.2,0
r_599,AI11553,0.2,0
r_599,AI12034,0.25,0
r_132,AI12182,0.2,0
r_539,AI03948,0.25,0
r_594,AI05438,0.2,0
r_160,AI09953,0.25,0
r_575,AI09619,0.2,0
r_656,AI01431,0.2,0
r_656,AI04749,0.25,0
r_566,AI01033,0.25,0
r_58,AI07606,0.2,0
r_562,AI01949,0.25,0
r_111,AI12319,0.2,0
r_132,AI09230,0.25,0
r_451,AI08706,0.25,0
r_503,AI02807,0.25,0
r_451,AI05988,0.2,0
r_89,AI00729,0.2,0
r_134,AI03821,0.25,0
r_132,AI13345,0.25,0
r_503,AI03360,0.2,0
r_566,AI02826,0.25,0
r_89,AI02574,0.2,0
r_134,AI01976,0.2,0
r_58,AI10294,0.25,0
r_375,AI10695,0.2,0
r_575,AI02620,0.25,0
r_375,AI11101,0.25,0
r_562,AI11062,0.2,0
r_575,AI03351,0.2,0
r_588,AI05192,0.2,0
r_2504,AI07230,0.5,1
r_2235,AI11490,0.5,1
r_561,AI13645,0.2,0
r_134,AI13763,0.25,0
r_346,AI01491,0.25,0
r_89,AI08883,0.2,0
r_503,AI04997,0.2,0
r_632,AI14733,0.2,0
r_588,AI01489,0.25,0
r_209,AI06784,0.25,0
r_12,AI01844,0.25,0
r_58,AI04041,0.2,0
r_187,AI07113,0.25,0
r_594,AI05420,0.2,0
r_187,AI08083,0.2,0
r_451,AI01482,0.2,0
r_599,AI11067,0.2,0
r_673,AI06430,0.25,0
r_588,AI12574,0.25,0
r_566,AI05471,0.25,0
r_160,AI03934,0.2,0
r_12,AI09566,0.2,0
r_562,AI07949,0.25,0
r_12,AI04367,0.25,0
r_588,AI09839,0.2,0
r_375,AI02350,0.25,0
r_187,AI10970,0.2,0
r_187,AI05534,0.25,0
r_632,AI04504,0.25,0
r_575,AI08351,0.25,0
r_12,AI02956,0.25,0
r_346,AI11448,0.25,0
r_656,AI03852,0.2,0
r_134,AI12591,0.25,0
r_656,AI13903,0.25,0
r_406,AI04105,0.2,0
r_566,AI11776,0.25,0
r_503,AI02482,0.2,0
r_375,AI03818,0.2,0
r_2716,AI00886,0.5,1
r_594,AI06527,0.25,0
r_566,AI07032,0.2,0
r_200,AI13670,0.25,0
r_346,AI05660,0.25,0
r_93,AI01814,0.2,0
r_346,AI13594,0.25,0
r_89,AI01631,0.2,0
r_187,AI04128,0.2,0
r_2088,AI06627,0.5,1
r_406,AI09720,0.2,0
r_58,AI05766,0.25,0
r_632,AI01719,0.25,0
r_187,AI12015,0.2,0
r_451,AI08571,0.2,0
r_406,AI13157,0.25,0
r_160,AI09272,0.25,0
r_599,AI09573,0.5,1
r_2088,AI00156,0.5,1
r_575,AI14594,0.25,0
r_566,AI03236,0.2,0
r_588,AI14295,0.2,0
r_187,AI14961,0.2,0
r_656,AI03803,0.25,0
r_632,AI02931,0.25,0
r_588,AI01370,0.25,0
r_134,AI08048,0.25,0
r_588,AI05923,0.2,0
r_2937,AI11970,0.5,1
r_1774,AI13162,0.5,1
r_111,AI01589,0.2,0
r_503,AI05807,0.2,0
r_575,AI01604,0.2,0
r_561,AI07327,0.2,0
r_562,AI03320,0.2,0
r_594,AI11259,0.25,0
r_89,AI14067,0.2,0
r_200,AI08148,0.2,0
r_111,AI06514,0.25,0
r_89,AI13734,0.25,0
r_594,AI06676,0.25,0
r_575,AI09267,0.25,0
r_632,AI11583,0.25,0
r_562,AI09839,0.2,0
r_134,AI04198,0.25,0
r_1549,AI06832,0.5,1
r_160,AI00692,0.2,0
r_224,AI14482,0.25,0
r_632,AI07339,0.25,0
r_187,AI04262,0.2,0
r_58,AI09761,0.25,0
r_111,AI10015,0.25,0
r_12,AI10996,0.25,0
r_209,AI12006,0.25,0
r_594,AI10769,0.25,0
r_539,AI07825,0.25,0
r_566,AI09839,0.2,0
r_160,AI03749,0.25,0
r_12,AI14570,0.25,0
r_451,AI06230,0.25,0
r_134,AI11007,0.25,0
r_111,AI08993,0.2,0
r_406,AI11533,0.2,0
r_224,AI05129,0.25,0
r_599,AI06921,0.2,0
r_451,AI01517,0.2,0
r_406,AI00243,0.25,0
r_89,AI06298,0.25,0
r_594,AI11933,0.2,0
r_346,AI02021,0.25,0
r_93,AI07724,0.2,0
r_451,AI06308,0.2,0
r_174,AI12912,0.25,0
r_656,AI05635,0.2,0
r_575,AI06608,0.25,0
r_187,AI12834,0.25,0
r_594,AI12130,0.2,0
r_89,AI07268,0.25,0
r_346,AI04483,0.2,0
r_632,AI05190,0.2,0
r_134,AI06599,0.25,0
r_132,AI00116,0.25,0
r_656,AI05433,0.2,0
r_599,AI02478,0.25,0
r_656,AI12927,0.25,0
r_200,AI08864,0.25,0
r_174,AI00116,0.25,0
r_539,AI06703,0.2,0
r_561,AI07838,0.25,0
r_599,AI07949,0.25,0
r_1773,AI03072,0.5,1
r_2857,AI03714,0.5,1
r_599,AI00230,0.2,0
r_562,AI13399,0.25,0
r_132,AI06784,0.25,0
r_89,AI01310,0.2,0
r_134,AI08183,0.25,0
r_594,AI10427,0.2,0
r_673,AI03816,0.25,0
r_566,AI05744,0.2,0
r_451,AI14925,0.25,0
r_160,AI03908,0.2,0
r_792,AI05177,0.5,1
r_58,AI05129,0.25,0
r_160,AI11479,0.25,0
r_539,AI07293,0.25,0
r_132,AI10701,0.2,0
r_539,AI14063,0.5,1
r_160,AI12416,0.25,0
r_539,AI08282,0.2,0
r_561,AI07691,0.2,0
r_632,AI05988,0.2,0
r_160,AI07278,0.2,0
r_160,AI03207,0.25,0
r_632,AI04702,0.25,0
r_969,AI12037,0.5,1
r_599,AI08118,0.2,0
r_134,AI12622,0.25,0
r_2857,AI11725,0.5,1
r_539,AI14339,0.2,0
r_575,AI10743,0.2,0
r_566,AI05468,0.25,0
r_2922,AI12760,0.5,1
r_594,AI02037,0.25,0
r_93,AI05174,0.2,0
r_346,AI10799,0.25,0
r_375,AI06449,0.25,0
r_562,AI01981,0.2,0
r_656,AI09149,0.25,0
r_160,AI06050,0.2,0
r_209,AI13621,0.25,0
r_406,AI11490,0.5,1
r_1205,AI06832,0.5,1
r_132,AI09342,0.5,1
r_792,AI09573,0.5,1
r_562,AI10720,0.25,0
r_209,AI14323,0.25,0
r_656,AI09966,0.25,0
r_200,AI11718,0.25,0
r_562,AI12839,0.25,0
r_111,AI01850,0.25,0
r_2173,AI14063,0.5,1
r_451,AI10302,0.25,0
r_174,AI01517,0.2,0
r_599,AI03889,0.25,0
r_12,AI12526,0.25,0
r_539,AI12741,0.25,0
r_539,AI10183,0.2,0
r_566,AI12234,0.25,0
r_375,AI11776,0.25,0
r_209,AI05400,0.25,0
r_1774,AI10026,0.5,1
r_561,AI11827,0.25,0
r_539,AI05391,0.2,0
r_594,AI11639,0.2,0
r_12,AI13762,0.25,0
r_160,AI07825,0.25,0
r_575,AI04550,0.25,0
r_599,AI10925,0.2,0
r_12,AI05753,0.25,0
r_575,AI11718,0.25,0
r_632,AI13000,0.2,0
r_224,AI10434,0.5,1
r_539,AI05534,0.25,0
r_12,AI13621,0.25,0
r_58,AI14471,0.2,0
r_1790,AI11104,0.5,1
r_1231,AI02054,0.5,1
r_346,AI01886,0.25,0
r_588,AI03649,0.25,0
r_594,AI07825,0.25,0
r_224,AI11369,0.25,0
r_406,AI03949,0.25,0
r_58,AI12125,0.25,0
r_566,AI08706,0.25,0
r_783,AI11122,0.5,1
r_58,AI13316,0.25,0
r_174,AI11571,0.2,0
r_346,AI12278,0.2,0
r_12,AI07161,0.25,0
r_2869,AI11959,0.5,1
r_562,AI11644,0.25,0
r_174,AI01627,0.2,0
r_503,AI13475,0.25,0
r_174,AI09621,0.2,0
r_594,AI11294,0.2,0
r_174,AI05518,0.2,0
r_588,AI14151,0.25,0
r_375,AI10404,0.25,0
r_346,AI08515,0.25,0
r_111,AI13464,0.2,0
r_673,AI07081,0.2,0
r_594,AI00265,0.25,0
r_406,AI04175,0.2,0
r_200,AI04807,0.2,0
r_58,AI08100,0.25,0
r_599,AI10695,0.2,0
r_111,AI02590,0.25,0
r_89,AI08955,0.25,0
r_2130,AI11755,0.5,1
r_58,AI11827,0.25,0
r_209,AI07452,0.2,0
r_89,AI08183,0.25,0
r_594,AI01804,0.25,0
r_594,AI02067,0.2,0
r_2638,AI05177,0.5,1
r_575,AI14437,0.2,0
r_594,AI12907,0.25,0
r_200,AI14787,0.25,0
r_12,AI01973,0.2,0
r_599,AI01360,0.5,1
r_2195,AI05301,0.5,1
r_1790,AI00436,0.5,1
r_375,AI00712,0.25,0
r_111,AI09879,0.2,0
r_562,AI09527,0.25,0
r_562,AI11358,0.25,0
r_160,AI11721,0.2,0
r_2603,AI00156,0.5,1
r_174,AI00842,0.25,0
r_575,AI10704,0.2,0
r_160,AI08633,0.25,0
r_375,AI03770,0.25,0
r_58,AI09966,0.25,0
r_132,AI10209,0.2,0
r_224,AI07709,0.2,0
r_12,AI07504,0.25,0
r_93,AI14881,0.25,0
r_575,AI08831,0.25,0
r_539,AI06019,0.25,0
r_503,AI10480,0.2,0
r_132,AI01588,0.25,0
r_134,AI09433,0.2,0
r_134,AI07563,0.25,0
r_406,AI03483,0.25,0
r_969,AI14475,0.5,1
r_224,AI05135,0.25,0
r_561,AI08581,0.25,0
r_174,AI01236,0.2,0
r_111,AI03820,0.25,0
r_566,AI07832,0.25,0
r_656,AI14981,0.2,0
r_346,AI08568,0.5,1
r_375,AI00373,0.2,0
r_539,AI09138,0.2,0
r_1823,AI06694,0.5,1
r_134,AI11184,0.2,0
r_566,AI03759,0.2,0
r_566,AI07952,0.2,0
r_209,AI10909,0.25,0
r_566,AI09232,0.2,0
r_2235,AI00156,0.5,1
r_160,AI00569,0.25,0
r_561,AI06201,0.25,0
r_12,AI09288,0.25,0
r_599,AI12990,0.2,0
r_375,AI14330,0.2,0
r_346,AI09955,0.2,0
r_111,AI13495,0.25,0
r_132,AI05590,0.2,0
r_599,AI05566,0.2,0
r_224,AI05402,0.2,0
r_89,AI14612,0.25,0
r_2857,AI01770,0.5,1
r_406,AI09615,0.25,0
r_575,AI00820,0.25,0
r_160,AI09737,0.2,0
r_346,AI02424,0.2,0
r_89,AI12281,0.5,1
r_89,AI05488,0.2,0
r_451,AI05183,0.5,1
r_58,AI01194,0.2,0
r_375,AI06069,0.2,0
r_132,AI00253,0.2,0
r_89,AI01069,0.2,0
r_375,AI13886,0.25,0
r_346,AI00225,0.25,0
r_89,AI09340,0.2,0
r_93,AI05033,0.25,0
r_575,AI01440,0.25,0
r_1741,AI10238,0.5,1
r_111,AI02567,0.25,0
r_451,AI02270,0.2,0
r_174,AI10535,0.2,0
r_561,AI01589,0.2,0
r_756,AI10587,0.5,1
r_187,AI01062,0.2,0
r_58,AI10701,0.2,0
r_594,AI13762,0.25,0
r_575,AI06833,0.25,0
r_539,AI08351,0.25,0
r_575,AI07980,0.2,0
r_200,AI03119,0.25,0
r_174,AI01421,0.25,0
r_12,AI11933,0.2,0
r_2848,AI11122,0.5,1
r_209,AI04190,0.2,0
r_58,AI04562,0.2,0
r_375,AI13028,0.2,0
r_406,AI04262,0.2,0
r_561,AI14238,0.25,0
r_93,AI14911,0.2,0
r_656,AI07019,0.2,0
r_656,AI02678,0.25,0
r_594,AI09463,0.25,0
r_1154,AI09286,0.5,1
r_503,AI01719,0.25,0
r_174,AI09743,0.2,0
r_996,AI08429,0.5,1
r_599,AI06508,0.2,0
r_209,AI10702,0.2,0
r_209,AI10363,0.25,0
r_2602,AI10457,0.5,1
r_346,AI14031,0.25,0
r_594,AI07280,0.25,0
r_89,AI00219,0.2,0
r_93,AI11410,0.25,0
r_599,AI07327,0.2,0
r_209,AI13146,0.25,0
r_1568,AI09286,0.5,1
r_209,AI04123,0.25,0
r_575,AI12981,0.2,0
r_200,AI09129,0.25,0
r_656,AI12787,0.25,0
r_561,AI04734,0.2,0
r_187,AI01086,0.2,0
r_160,AI12962,0.2,0
r_562,AI04698,0.2,0
r_134,AI00761,0.2,0
r_709,AI00045,0.5,1
r_561,AI10784,0.25,0
r_656,AI02292,0.2,0
r_451,AI01001,0.2,0
r_375,AI05301,0.5,1
r_1531,AI05106,0.5,1
r_12,AI02865,0.25,0
r_561,AI09030,0.25,0
r_89,AI02648,0.25,0
r_209,AI03239,0.25,0
r_111,AI13000,0.2,0
r_539,AI13458,0.25,0
r_224,AI09737,0.2,0
r_451,AI10938,0.2,0
r_209,AI04098,0.2,0
r_89,AI11925,0.2,0
r_673,AI14927,0.2,0
r_160,AI03360,0.2,0
r_599,AI12803,0.25,0
r_588,AI02792,0.2,0
r_599,AI07638,0.25,0
r_174,AI12376,0.25,0
r_632,AI01716,0.25,0
r_160,AI06069,0.2,0
r_58,AI13373,0.25,0
r_132,AI07663,0.25,0
r_375,AI14187,0.5,1
r_160,AI11507,0.25,0
r_200,AI12138,0.25,0
r_224,AI09170,0.2,0
r_588,AI05573,0.25,0
r_132,AI08831,0.25,0
r_406,AI07555,0.2,0
r_575,AI05042,0.2,0
r_174,AI09252,0.2,0
r_562,AI12697,0.25,0
r_588,AI14063,0.5,1
r_12,AI08168,0.25,0
r_632,AI10661,0.25,0
r_406,AI02898,0.25,0
r_566,AI00044,0.25,0
r_656,AI07934,0.2,0
r_575,AI09712,0.25,0
r_406,AI14864,0.2,0
r_174,AI03676,0.2,0
r_224,AI06313,0.25,0
r_200,AI06156,0.2,0
r_566,AI13576,0.25,0
r_632,AI07553,0.25,0
r_673,AI00733,0.25,0
r_12,AI12337,0.25,0
r_539,AI06780,0.2,0
r_656,AI11718,0.25,0
r_561,AI12371,0.25,0
r_187,AI09573,0.5,1
r_12,AI01069,0.2,0
r_134,AI01536,0.25,0
r_2869,AI08237,0.5,1
r_562,AI07399,0.2,0
r_111,AI13475,0.25,0
r_1154,AI11755,0.5,1
r_224,AI02833,0.25,0
r_209,AI12151,0.2,0
r_632,AI04596,0.25,0
r_134,AI09351,0.2,0
r_632,AI13475,0.25,0
r_375,AI13629,0.2,0
r_12,AI09848,0.25,0
r_503,AI01565,0.25,0
r_656,AI02782,0.25,0
r_673,AI09256,0.25,0
r_539,AI07446,0.25,0
r_224,AI13797,0.2,0
r_187,AI12152,0.2,0
r_594,AI06301,0.25,0
r_406,AI02438,0.2,0
r_561,AI07156,0.25,0
r_12,AI08183,0.25,0
r_561,AI05012,0.2,0
r_451,AI11943,0.2,0
r_224,AI09521,0.25,0
r_1811,AI05183,0.5,1
r_566,AI12112,0.2,0
r_599,AI11448,0.25,0
r_503,AI05062,0.25,0
r_503,AI13576,0.25,0
r_561,AI11776,0.25,0
r_539,AI02800,0.2,0
r_58,AI07907,0.2,0
r_134,AI03552,0.25,0
r_656,AI05423,0.2,0
r_539,AI02567,0.25,0
r_588,AI14330,0.2,0
r_599,AI01186,0.25,0
r_174,AI01752,0.25,0
r_451,AI02299,0.25,0
r_346,AI02278,0.2,0
r_656,AI02270,0.2,0
r_2130,AI00045,0.5,1
r_89,AI03704,0.2,0
r_539,AI14594,0.25,0
r_200,AI14303,0.25,0
r_200,AI11751,0.2,0
r_632,AI12596,0.25,0
r_132,AI08148,0.2,0
r_132,AI07724,0.2,0
r_575,AI03081,0.2,0
r_58,AI08571,0.2,0
r_134,AI04986,0.2,0
r_187,AI00457,0.2,0
r_132,AI00644,0.2,0
r_200,AI00832,0.2,0
r_594,AI13510,0.2,0
r_2063,AI13435,0.5,1
r_588,AI06062,0.2,0
r_224,AI07358,0.25,0
r_160,AI04436,0.2,0
r_632,AI04113,0.2,0
r_89,AI06189,0.2,0
r_503,AI10979,0.25,0
r_566,AI13134,0.2,0
r_588,AI02965,0.2,0
r_599,AI11851,0.25,0
r_656,AI03525,0.25,0
r_58,AI08297,0.25,0
r_451,AI10404,0.25,0
r_2509,AI05758,0.5,1
r_994,AI05183,0.5,1
r_656,AI10661,0.25,0
r_783,AI11490,0.5,1
r_58,AI14061,0.2,0
r_594,AI07730,0.2,0
r_224,AI09638,0.2,0
r_2136,AI03714,0.5,1
r_346,AI03169,0.25,0
r_160,AI07718,0.2,0
r_132,AI01159,0.25,0
r_451,AI08080,0.25,0
r_89,AI07830,0.2,0
r_562,AI06729,0.25,0
r_200,AI02562,0.25,0
r_539,AI01173,0.25,0
r_209,AI10846,0.25,0
r_224,AI09647,0.25,0
r_503,AI03033,0.2,0
r_93,AI13754,0.25,0
r_93,AI05192,0.2,0
r_632,AI10784,0.25,0
r_375,AI14029,0.25,0
r_594,AI05798,0.25,0
r_575,AI02567,0.25,0
r_12,AI01232,0.2,0
r_12,AI04123,0.25,0
r_224,AI09871,0.2,0
r_2136,AI07018,0.5,1
r_12,AI02630,0.25,0
r_89,AI09370,0.2,0
r_209,AI12643,0.2,0
r_632,AI12741,0.25,0
r_58,AI13016,0.2,0
r_209,AI12923,0.2,0
r_575,AI09066,0.5,1
r_575,AI13133,0.2,0
r_12,AI04847,0.25,0
r_93,AI00464,0.25,0
r_346,AI09022,0.2,0
r_209,AI09574,0.25,0
r_89,AI14774,0.2,0
r_1817,AI10551,0.5,1
r_709,AI08568,0.5,1
r_562,AI05566,0.2,0
r_451,AI09436,0.2,0
r_451,AI07336,0.2,0
r_1702,AI06627,0.5,1
r_588,AI14981,0.2,0
r_174,AI00289,0.25,0
r_599,AI04469,0.25,0
r_134,AI09475,0.2,0
r_588,AI00007,0.5,1
r_93,AI02754,0.25,0
r_673,AI07275,0.25,0
r_594,AI05351,0.2,0
r_503,AI01873,0.25,0
r_632,AI12745,0.25,0
r_187,AI12766,0.2,0
r_562,AI07857,0.25,0
r_2136,AI02869,0.5,1
r_12,AI12333,0.25,0
r_12,AI04109,0.2,0
r_224,AI12303,0.25,0
r_406,AI09058,0.25,0
r_656,AI09602,0.25,0
r_111,AI08519,0.2,0
r_346,AI09685,0.25,0
r_375,AI11358,0.25,0
r_200,AI05620,0.2,0
r_160,AI03151,0.25,0
r_1952,AI02054,0.5,1
r_963,AI10422,0.5,1
r_2724,AI13914,0.5,1
r_406,AI10885,0.25,0
r_187,AI12447,0.2,0
r_174,AI03331,0.25,0
r_174,AI00480,0.25,0
r_160,AI01589,0.2,0
r_346,AI06258,0.25,0
r_12,AI09903,0.5,1
r_346,AI08257,0.2,0
r_209,AI01356,0.25,0
r_209,AI12932,0.2,0
r_224,AI10995,0.5,1
r_575,AI12745,0.25,0
r_346,AI08351,0.25,0
r_132,AI07954,0.2,0
r_566,AI01124,0.25,0
r_160,AI01598,0.25,0
r_187,AI04578,0.2,0
r_58,AI00464,0.25,0
r_93,AI08984,0.2,0
r_594,AI06219,0.25,0
r_12,AI04613,0.2,0
r_375,AI03949,0.25,0
r_656,AI13233,0.2,0
r_209,AI14570,0.25,0
r_575,AI10183,0.2,0
r_994,AI10648,0.5,1
r_539,AI11904,0.25,0
r_406,AI14558,0.25,0
r_451,AI07399,0.2,0
r_2136,AI05651,0.5,1
r_1205,AI11748,0.5,1
r_89,AI12643,0.2,0
r_93,AI03092,0.2,0
r_599,AI02977,0.25,0
r_594,AI12526,0.25,0
r_134,AI00219,0.2,0
r_132,AI01368,0.2,0
r_111,AI08832,0.2,0
r_134,AI05922,0.2,0
r_93,AI14254,0.2,0
r_224,AI01972,0.25,0
r_224,AI10702,0.2,0
r_656,AI02958,0.25,0
r_594,AI05400,0.25,0
r_209,AI05949,0.2,0
r_209,AI11725,0.5,1
r_111,AI06938,0.25,0
r_132,AI12715,0.25,0
r_588,AI10695,0.2,0
r_575,AI03484,0.2,0
r_111,AI12850,0.25,0
r_346,AI11875,0.2,0
r_451,AI14558,0.25,0
r_1551,AI08383,0.5,1
r_111,AI14720,0.25,0
r_1961,AI09573,0.5,1
r_132,AI10238,0.5,1
r_575,AI02424,0.2,0
r_575,AI14864,0.2,0
r_174,AI09185,0.25,0
r_187,AI09307,0.25,0
r_134,AI07452,0.2,0
r_1426,AI05183,0.5,1
r_594,AI10350,0.2,0
r_656,AI11644,0.25,0
r_2638,AI00007,0.5,1
r_539,AI00002,0.2,0
r_89,AI01766,0.2,0
r_93,AI11090,0.25,0
r_575,AI07857,0.25,0
r_1741,AI10422,0.5,1
r_656,AI13736,0.5,1
r_588,AI01024,0.2,0
r_2927,AI13914,0.5,1
r_174,AI01298,0.25,0
r_588,AI11061,0.25,0
r_174,AI04041,0.2,0
r_12,AI12953,0.25,0
r_89,AI09380,0.2,0
r_209,AI10447,0.25,0
r_224,AI03707,0.2,0
r_594,AI04480,0.2,0
r_599,AI07555,0.2,0
r_588,AI07820,0.25,0
r_451,AI11647,0.25,0
r_200,AI09544,0.25,0
r_588,AI02898,0.25,0
r_111,AI06712,0.2,0
r_89,AI05976,0.25,0
r_224,AI12281,0.5,1
r_561,AI03092,0.2,0
r_588,AI04216,0.2,0
r_594,AI00945,0.25,0
r_588,AI00437,0.25,0
r_588,AI10826,0.2,0
r_93,AI07578,0.2,0
r_575,AI09286,0.5,1
r_224,AI01732,0.25,0
r_566,AI09134,0.25,0
r_566,AI02567,0.25,0
r_12,AI10173,0.2,0
r_566,AI12962,0.2,0
r_406,AI08025,0.2,0
r_539,AI09202,0.25,0
r_594,AI07663,0.25,0
r_588,AI02452,0.25,0
r_134,AI08705,0.5,1
r_346,AI09232,0.2,0
r_562,AI10648,0.5,1
r_451,AI01026,0.2,0
r_681,AI13447,0.5,1
r_562,AI07731,0.25,0
r_632,AI03843,0.25,0
r_12,AI10629,0.2,0
r_1549,AI06296,0.5,1
r_209,AI00117,0.2,0
r_656,AI05689,0.2,0
r_160,AI02782,0.25,0
r_575,AI04911,0.2,0
r_673,AI12015,0.2,0
r_2155,AI14187,0.5,1
r_12,AI05171,0.25,0
r_599,AI03208,0.25,0
r_1817,AI01360,0.5,1
r_561,AI12077,0.25,0
r_451,AI06749,0.25,0
r_346,AI08112,0.2,0
r_575,AI08531,0.2,0
r_599,AI01471,0.2,0
r_132,AI02578,0.2,0
r_632,AI09121,0.25,0
r_209,AI10081,0.25,0
r_451,AI14307,0.25,0
r_200,AI14254,0.2,0
r_632,AI12825,0.2,0
r_673,AI14045,0.2,0
r_599,AI03296,0.25,0
r_134,AI13854,0.25,0
r_12,AI11841,0.2,0
r_134,AI14328,0.2,0
r_2264,AI04896,0.5,1
r_1261,AI09637,0.5,1
r_632,AI14388,0.25,0
r_174,AI04008,0.2,0
r_160,AI14061,0.2,0
r_89,AI02213,0.25,0
r_132,AI01662,0.25,0
r_561,AI14169,0.25,0
r_111,AI10235,0.2,0
r_599,AI11090,0.25,0
r_187,AI11001,0.2,0
r_12,AI06439,0.2,0
r_594,AI11242,0.25,0
r_346,AI03992,0.25,0
r_566,AI09941,0.25,0
r_187,AI08984,0.2,0
r_134,AI10636,0.2,0
r_599,AI06869,0.25,0
r_594,AI10815,0.25,0
r_93,AI02590,0.25,0
r_451,AI02904,0.25,0
r_2130,AI10587,0.5,1
r_561,AI02478,0.25,0
r_503,AI05319,0.2,0
r_406,AI11354,0.2,0
r_561,AI14287,0.2,0
r_406,AI05187,0.25,0
r_209,AI12682,0.2,0
r_451,AI08354,0.25,0
r_756,AI08568,0.5,1
r_1823,AI13061,0.5,1
r_539,AI14573,0.2,0
r_656,AI09372,0.2,0
r_224,AI06806,0.2,0
r_451,AI10906,0.25,0
r_200,AI12927,0.25,0
r_451,AI07670,0.25,0
r_12,AI06679,0.2,0
r_209,AI12447,0.2,0
r_562,AI01777,0.2,0
r_160,AI09637,0.5,1
r_132,AI12363,0.25,0
r_566,AI01228,0.2,0
r_89,AI08982,0.25,0
r_160,AI10422,0.5,1
r_375,AI13758,0.25,0
r_503,AI05177,0.5,1
r_160,AI01594,0.25,0
r_673,AI05303,0.2,0
r_561,AI09929,0.25,0
r_160,AI00832,0.2,0
r_375,AI06780,0.2,0
r_594,AI10486,0.25,0
r_2603,AI10422,0.5,1
r_200,AI02900,0.25,0
r_375,AI01969,0.2,0
r_111,AI01370,0.25,0
r_562,AI05006,0.2,0
r_174,AI00844,0.25,0
r_656,AI09737,0.2,0
r_209,AI07089,0.25,0
r_93,AI02124,0.25,0
r_562,AI00591,0.25,0
r_632,AI05012,0.2,0
r_632,AI08112,0.2,0
r_575,AI10944,0.25,0
r_89,AI00499,0.25,0
r_224,AI09264,0.25,0
r_562,AI14653,0.25,0
r_503,AI09006,0.25,0
r_406,AI01981,0.2,0
r_503,AI11893,0.2,0
r_58,AI13278,0.2,0
r_209,AI08652,0.25,0
r_575,AI06903,0.2,0
r_134,AI05546,0.2,0
r_375,AI04098,0.2,0
r_575,AI09899,0.2,0
r_575,AI11072,0.25,0
r_566,AI13318,0.25,0
r_160,AI05319,0.2,0
r_12,AI11639,0.2,0
r_561,AI13086,0.2,0
r_93,AI03358,0.2,0
r_566,AI08344,0.2,0
r_575,AI02515,0.2,0
r_209,AI08256,0.2,0
r_187,AI01604,0.2,0
r_2063,AI09903,0.5,1
r_174,AI06439,0.2,0
r_209,AI06694,0.5,1
r_160,AI12208,0.2,0
r_451,AI13776,0.25,0
r_93,AI14390,0.25,0
r_12,AI02280,0.2,0
r_561,AI14655,0.25,0
r_58,AI00373,0.2,0
r_539,AI13399,0.25,0
r_566,AI06527,0.25,0
r_111,AI01868,0.2,0
r_209,AI02464,0.25,0
r_224,AI00923,0.25,0
r_346,AI02754,0.25,0
r_200,AI05590,0.2,0
r_562,AI01440,0.25,0
r_599,AI07952,0.2,0
r_132,AI01478,0.25,0
r_1955,AI10457,0.5,1
r_599,AI14648,0.2,0
r_594,AI14466,0.2,0
r_632,AI03531,0.25,0
r_406,AI02965,0.2,0
r_200,AI12229,0.2,0
r_656,AI06569,0.2,0
r_451,AI06440,0.2,0
r_673,AI12677,0.2,0
r_562,AI09712,0.25,0
r_93,AI06692,0.2,0
r_599,AI09565,0.25,0
r_2940,AI11212,0.5,1
r_673,AI09164,0.25,0
r_12,AI00551,0.2,0
r_599,AI03151,0.25,0
r_375,AI01001,0.2,0
r_594,AI07700,0.2,0
r_588,AI05365,0.25,0
r_588,AI04134,0.25,0
r_539,AI07372,0.25,0
r_174,AI08329,0.25,0
r_134,AI04556,0.2,0
r_632,AI03092,0.2,0
r_160,AI06921,0.2,0
r_656,AI11843,0.25,0
r_160,AI14558,0.25,0
r_375,AI09009,0.25,0
r_575,AI11755,0.5,1
r_632,AI08508,0.2,0
r_2130,AI11490,0.5,1
r_406,AI08519,0.2,0
r_539,AI01325,0.25,0
r_224,AI10319,0.25,0
r_588,AI10270,0.2,0
r_632,AI06601,0.25,0
r_160,AI09785,0.2,0
r_346,AI03320,0.2,0
r_174,AI05599,0.25,0
r_561,AI09717,0.2,0
r_575,AI12208,0.2,0
r_594,AI13621,0.25,0
r_406,AI02278,0.2,0
r_174,AI09009,0.25,0
r_575,AI07336,0.2,0
r_200,AI01631,0.2,0
r_58,AI05568,0.5,1
r_209,AI01991,0.25,0
r_224,AI09288,0.25,0
r_200,AI02846,0.2,0
r_562,AI08644,0.25,0
r_566,AI02124,0.25,0
r_561,AI05458,0.2,0
r_187,AI09216,0.25,0
r_656,AI11089,0.25,0
r_599,AI07402,0.2,0
r_174,AI04347,0.25,0
r_503,AI01507,0.2,0
r_134,AI03667,0.2,0
r_594,AI01732,0.25,0
r_89,AI05949,0.2,0
r_588,AI00225,0.25,0
r_187,AI12868,0.2,0
r_89,AI10695,0.2,0
r_561,AI09408,0.2,0
r_566,AI03408,0.25,0
r_594,AI04633,0.2,0
r_160,AI10809,0.2,0
r_656,AI00519,0.25,0
r_599,AI05177,0.5,1
r_575,AI00447,0.2,0
r_375,AI10661,0.25,0
r_93,AI08397,0.2,0
r_632,AI11943,0.2,0
r_673,AI07471,0.25,0
r_134,AI07699,0.2,0
r_575,AI08770,0.2,0
r_160,AI04596,0.25,0
r_58,AI03120,0.2,0
r_187,AI03950,0.25,0
r_12,AI09015,0.2,0
r_1549,AI11959,0.5,1
r_566,AI08864,0.25,0
r_588,AI02466,0.5,1
r_89,AI05509,0.2,0
r_451,AI05033,0.25,0
r_89,AI05122,0.25,0
r_174,AI12231,0.25,0
r_160,AI10905,0.25,0
r_599,AI08013,0.2,0
r_1568,AI10551,0.5,1
r_134,AI14981,0.2,0
r_2667,AI13736,0.5,1
r_132,AI03441,0.2,0
r_132,AI09240,0.2,0
r_561,AI10760,0.2,0
r_451,AI03762,0.25,0
r_209,AI10996,0.25,0
r_588,AI03358,0.2,0
r_111,AI11620,0.2,0
r_93,AI05148,0.2,0
r_12,AI07921,0.25,0
r_187,AI00085,0.2,0
r_58,AI12760,0.5,1
r_89,AI01653,0.5,1
r_632,AI14386,0.2,0
r_346,AI05163,0.2,0
r_2937,AI12950,0.5,1
r_575,AI14714,0.2,0
r_224,AI11851,0.25,0
r_594,AI01780,0.25,0
r_562,AI01778,0.2,0
r_561,AI00817,0.25,0
r_562,AI07670,0.25,0
r_200,AI02270,0.2,0
r_187,AI05891,0.25,0
r_2857,AI09843,0.5,1
r_58,AI10080,0.2,0
r_1774,AI07910,0.5,1
r_375,AI12179,0.25,0
r_160,AI01437,0.2,0
r_174,AI01750,0.25,0
r_632,AI06646,0.2,0
r_599,AI14061,0.2,0
r_566,AI09192,0.2,0
r_134,AI07340,0.25,0
r_174,AI13683,0.2,0
r_503,AI01821,0.2,0
r_111,AI04970,0.25,0
r_1549,AI06825,0.5,1
r_594,AI09264,0.25,0
r_406,AI01943,0.25,0
r_89,AI10191,0.2,0
r_209,AI01798,0.2,0
r_174,AI01837,0.25,0
r_561,AI00100,0.2,0
r_209,AI08590,0.25,0
r_89,AI14455,0.2,0
r_375,AI04970,0.25,0
r_174,AI07660,0.25,0
r_656,AI13878,0.25,0
r_160,AI03119,0.25,0
r_575,AI01096,0.2,0
r_562,AI06204,0.2,0
r_346,AI03009,0.2,0
r_562,AI13367,0.25,0
r_187,AI05209,0.25,0
r_209,AI08959,0.25,0
r_209,AI05786,0.25,0
r_673,AI13490,0.2,0
r_209,AI06867,0.25,0
r_406,AI11508,0.25,0
r_2955,AI10768,0.5,1
r_93,AI14234,0.2,0
r_588,AI03757,0.2,0
r_539,AI04214,0.2,0
r_134,AI07285,0.2,0
r_111,AI10276,0.25,0
r_566,AI13379,0.2,0
r_566,AI14946,0.25,0
r_575,AI00270,0.2,0
r_562,AI14426,0.25,0
r_768,AI14187,0.5,1
r_93,AI08399,0.2,0
r_594,AI10829,0.25,0
r_209,AI10026,0.5,1
r_539,AI06877,0.2,0
r_132,AI11032,0.2,0
r_656,AI10925,0.2,0
r_594,AI07818,0.25,0
r_539,AI02345,0.25,0
r_594,AI02366,0.2,0
r_594,AI04710,0.25,0
r_599,AI08770,0.2,0
r_1774,AI03714,0.5,1
r_561,AI07402,0.2,0
r_406,AI07864,0.2,0
r_12,AI07591,0.2,0
r_346,AI07113,0.25,0
r_111,AI03033,0.2,0
r_561,AI12288,0.2,0
r_599,AI04499,0.25,0
r_12,AI14067,0.2,0
r_58,AI14167,0.2,0
r_89,AI06058,0.2,0
r_673,AI11574,0.25,0
r_12,AI02521,0.25,0
r_224,AI08937,0.2,0
r_224,AI10936,0.25,0
r_503,AI00816,0.25,0
r_93,AI12164,0.2,0
r_132,AI12164,0.2,0
r_187,AI01821,0.2,0
r_575,AI00644,0.2,0
r_93,AI14164,0.25,0
r_1955,AI06944,0.5,1
r_346,AI14517,0.25,0
r_209,AI08756,0.25,0
r_632,AI11419,0.25,0
r_200,AI03072,0.5,1
r_93,AI14167,0.2,0
r_209,AI01312,0.25,0
r_174,AI05085,0.25,0
r_599,AI12319,0.2,0
r_2366,AI02466,0.5,1
r_12,AI10829,0.25,0
r_346,AI05338,0.25,0
r_375,AI01709,0.2,0
r_12,AI09054,0.25,0
r_89,AI06257,0.2,0
r_224,AI08370,0.2,0
r_561,AI02278,0.2,0
r_2955,AI14924,0.5,1
r_673,AI03121,0.25,0
r_89,AI01825,0.2,0
r_562,AI06715,0.2,0
r_209,AI04518,0.2,0
r_134,AI14060,0.25,0
r_656,AI08982,0.25,0
r_594,AI05998,0.2,0
r_200,AI05332,0.2,0
r_132,AI02931,0.25,0
r_2922,AI00045,0.5,1
r_12,AI10534,0.25,0
r_174,AI04068,0.25,0
r_656,AI03355,0.25,0
r_594,AI00775,0.2,0
r_12,AI01552,0.25,0
r_594,AI14195,0.25,0
r_58,AI03155,0.2,0
r_406,AI08246,0.25,0
r_174,AI06239,0.5,1
r_594,AI12527,0.2,0
r_406,AI11506,0.2,0
r_209,AI14060,0.25,0
r_375,AI00519,0.25,0
r_58,AI11901,0.25,0
r_2173,AI06832,0.5,1
r_2724,AI13435,0.5,1
r_134,AI07909,0.2,0
r_58,AI08864,0.25,0
r_89,AI08000,0.2,0
r_200,AI13134,0.2,0
r_346,AI05754,0.2,0
r_187,AI10621,0.25,0
r_673,AI07968,0.25,0
r_209,AI03334,0.2,0
r_632,AI00172,0.2,0
r_375,AI08519,0.2,0
r_160,AI03042,0.2,0
r_209,AI12294,0.25,0
r_375,AI14295,0.2,0
r_160,AI09899,0.2,0
r_93,AI03351,0.2,0
r_792,AI05301,0.5,1
r_187,AI09943,0.2,0
r_2857,AI13061,0.5,1
r_632,AI04798,0.25,0
r_89,AI07358,0.25,0
r_451,AI01228,0.2,0
r_632,AI12179,0.25,0
r_594,AI10978,0.25,0
r_1205,AI03072,0.5,1
r_451,AI08195,0.2,0
r_566,AI13475,0.25,0
r_588,AI07745,0.25,0
r_451,AI10799,0.25,0
r_134,AI12005,0.25,0
r_58,AI12914,0.2,0
r_594,AI08171,0.25,0
r_375,AI03058,0.25,0
r_594,AI05651,0.5,1
r_599,AI00348,0.25,0
r_588,AI09232,0.2,0
r_588,AI08037,0.2,0
r_594,AI00148,0.2,0
r_1961,AI11781,0.5,1
r_187,AI08278,0.25,0
r_673,AI05728,0.25,0
r_375,AI12065,0.2,0
r_588,AI03310,0.2,0
r_656,AI14234,0.2,0
r_224,AI05723,0.2,0
r_406,AI06429,0.25,0
r_2235,AI06296,0.5,1
r_134,AI04492,0.25,0
r_451,AI03169,0.25,0
r_451,AI05709,0.25,0
r_93,AI07161,0.25,0
r_111,AI00553,0.2,0
r_539,AI01565,0.25,0
r_406,AI06274,0.2,0
r_566,AI08410,0.2,0
r_2716,AI08219,0.5,1
r_58,AI12784,0.2,0
r_503,AI06855,0.25,0
r_406,AI12152,0.2,0
r_575,AI05177,0.5,1
r_599,AI00274,0.2,0
r_632,AI06461,0.2,0
r_160,AI11987,0.2,0
r_566,AI03296,0.25,0
r_969,AI03837,0.5,1
r_2292,AI11212,0.5,1
r_451,AI10587,0.5,1
r_58,AI07604,0.25,0
r_187,AI03610,0.2,0
r_451,AI08508,0.2,0
r_594,AI11803,0.25,0
r_599,AI08519,0.2,0
r_594,AI13653,0.25,0
r_160,AI11090,0.25,0
r_93,AI01716,0.25,0
r_594,AI14440,0.2,0
r_200,AI10305,0.2,0
r_174,AI02690,0.2,0
r_575,AI02572,0.2,0
r_375,AI01370,0.25,0
r_209,AI07238,0.2,0
r_562,AI02833,0.25,0
r_594,AI09508,0.25,0
r_224,AI09133,0.2,0
r_632,AI04216,0.2,0
r_12,AI14041,0.2,0
r_375,AI01086,0.2,0
r_209,AI05345,0.25,0
r_562,AI13845,0.2,0
r_1027,AI09342,0.5,1
r_2927,AI09903,0.5,1
r_632,AI11730,0.25,0
r_406,AI07429,0.25,0
r_562,AI12766,0.2,0
r_375,AI10322,0.25,0
r_134,AI14961,0.2,0
r_375,AI09714,0.2,0
r_561,AI06234,0.2,0
r_588,AI13374,0.25,0
r_134,AI00508,0.2,0
r_375,AI07513,0.2,0
r_160,AI05801,0.25,0
r_656,AI00926,0.25,0
r_12,AI06058,0.2,0
r_111,AI07864,0.2,0
r_1551,AI10551,0.5,1
r_346,AI01173,0.25,0
r_2235,AI11122,0.5,1
r_451,AI01981,0.2,0
r_599,AI00100,0.2,0
r_451,AI11439,0.25,0
r_588,AI07022,0.2,0
r_2284,AI14063,0.5,1
r_599,AI07032,0.2,0
r_566,AI08193,0.25,0
r_12,AI11104,0.5,1
r_209,AI09501,0.2,0
r_12,AI13887,0.25,0
r_673,AI03600,0.2,0
r_134,AI05146,0.2,0
r_594,AI08295,0.25,0
r_673,AI12237,0.2,0
r_575,AI00822,0.2,0
r_406,AI00167,0.25,0
r_539,AI03559,0.2,0
r_539,AI05148,0.2,0
r_562,AI00690,0.25,0
r_673,AI12345,0.2,0
r_111,AI09807,0.2,0
r_566,AI06515,0.25,0
r_451,AI13493,0.25,0
r_1724,AI02054,0.5,1
r_134,AI10764,0.2,0
r_224,AI13763,0.25,0
r_561,AI07718,0.2,0
r_89,AI00562,0.2,0
r_656,AI06601,0.25,0
r_599,AI07934,0.2,0
r_1955,AI05884,0.5,1
r_594,AI08883,0.2,0
r_503,AI10919,0.2,0
r_503,AI05254,0.25,0
r_406,AI11242,0.25,0
r_132,AI11730,0.25,0
r_346,AI05301,0.5,1
r_566,AI02168,0.25,0
r_174,AI03351,0.2,0
r_632,AI03757,0.2,0
r_93,AI09457,0.25,0
r_111,AI11902,0.25,0
r_594,AI01991,0.25,0
r_200,AI11851,0.25,0
r_346,AI06171,0.2,0
r_566,AI02378,0.25,0
r_160,AI11647,0.25,0
r_111,AI08193,0.25,0
r_673,AI11049,0.2,0
r_209,AI02337,0.25,0
r_594,AI12214,0.25,0
r_539,AI03784,0.2,0
r_58,AI12643,0.2,0
r_2088,AI10457,0.5,1
r_503,AI01159,0.25,0
r_134,AI07638,0.25,0
r_806,AI01107,0.5,1
r_58,AI14295,0.2,0
r_12,AI12571,0.25,0
r_539,AI13576,0.25,0
r_187,AI07660,0.25,0
r_503,AI10743,0.2,0
r_594,AI11006,0.25,0
r_561,AI11508,0.25,0
r_12,AI07434,0.2,0
r_346,AI12350,0.25,0
r_599,AI12179,0.25,0
r_632,AI04970,0.25,0
r_187,AI09436,0.2,0
r_561,AI10748,0.2,0
r_209,AI08517,0.2,0
r_2603,AI14063,0.5,1
r_187,AI10322,0.25,0
r_575,AI09079,0.2,0
r_346,AI06855,0.25,0
r_575,AI09129,0.25,0
r_562,AI13728,0.2,0
r_503,AI10906,0.25,0
r_562,AI04175,0.2,0
r_160,AI08257,0.2,0
r_89,AI04127,0.2,0
r_346,AI11901,0.25,0
r_599,AI06561,0.25,0
r_12,AI10904,0.25,0
r_599,AI03038,0.25,0
r_594,AI09386,0.2,0
r_12,AI09340,0.2,0
r_224,AI09084,0.25,0
r_566,AI02958,0.25,0
r_224,AI13845,0.2,0
r_588,AI02350,0.25,0
r_134,AI11197,0.25,0
r_224,AI11106,0.2,0
r_503,AI12053,0.2,0
r_594,AI05592,0.25,0
r_346,AI14335,0.2,0
r_673,AI14918,0.25,0
r_209,AI03011,0.2,0
r_2088,AI00436,0.5,1
r_588,AI13373,0.25,0
r_566,AI12856,0.2,0
r_187,AI05388,0.25,0
r_594,AI03807,0.2,0
r_406,AI07032,0.2,0
r_1417,AI08568,0.5,1
r_111,AI01651,0.25,0
r_200,AI03328,0.2,0
r_632,AI06712,0.2,0
r_503,AI09010,0.2,0
r_132,AI11793,0.2,0
r_111,AI03058,0.25,0
r_656,AI06715,0.2,0
r_562,AI00832,0.2,0
r_224,AI14690,0.25,0
r_562,AI08531,0.2,0
r_566,AI10760,0.2,0
r_673,AI04553,0.25,0
r_451,AI12262,0.2,0
r_566,AI09627,0.25,0
r_111,AI09880,0.25,0
r_566,AI12077,0.25,0
r_673,AI02258,0.2,0
r_2603,AI10648,0.5,1
r_58,AI00085,0.2,0
r_224,AI06694,0.5,1
r_406,AI09712,0.25,0
r_160,AI01439,0.25,0
r_187,AI10695,0.2,0
r_561,AI07731,0.25,0
r_12,AI04402,0.2,0
r_1961,AI08383,0.5,1
r_89,AI04463,0.25,0
r_1961,AI06832,0.5,1
r_503,AI04734,0.2,0
r_599,AI14666,0.25,0
r_375,AI02280,0.2,0
r_2088,AI05106,0.5,1
r_632,AI01500,0.25,0
r_599,AI06874,0.25,0
r_632,AI07758,0.25,0
r_346,AI08832,0.2,0
r_89,AI07277,0.2,0
r_673,AI13779,0.2,0
r_12,AI11972,0.25,0
r_1205,AI05301,0.5,1
r_174,AI13851,0.2,0
r_561,AI08174,0.2,0
r_503,AI13399,0.25,0
r_132,AI07011,0.2,0
r_89,AI11471,0.2,0
r_12,AI00272,0.25,0
r_200,AI02590,0.25,0
r_673,AI11362,0.2,0
r_224,AI12217,0.25,0
r_451,AI11485,0.2,0
r_656,AI13531,0.25,0
r_134,AI13848,0.2,0
r_632,AI10529,0.2,0
r_562,AI01233,0.25,0
r_1197,AI02466,0.5,1
r_132,AI08945,0.25,0
r_1741,AI04896,0.5,1
r_187,AI01818,0.2,0
r_656,AI02898,0.25,0
r_209,AI14371,0.2,0
r_575,AI01713,0.2,0
r_503,AI05131,0.2,0
r_594,AI09574,0.25,0
r_89,AI11300,0.2,0
r_209,AI14645,0.2,0
r_89,AI08010,0.25,0
r_132,AI02102,0.2,0
r_406,AI08647,0.2,0
r_562,AI11122,0.5,1
r_224,AI12149,0.25,0
r_209,AI05943,0.25,0
r_89,AI12333,0.25,0
r_1823,AI10457,0.5,1
r_588,AI14164,0.25,0
r_174,AI06414,0.5,1
r_656,AI06877,0.2,0
r_632,AI12164,0.2,0
r_575,AI09383,0.25,0
r_160,AI11490,0.5,1
r_174,AI12554,0.2,0
r_132,AI07820,0.25,0
r_224,AI02337,0.25,0
r_132,AI12834,0.25,0
r_187,AI10704,0.2,0
r_187,AI14018,0.2,0
r_224,AI03934,0.2,0
r_160,AI10906,0.25,0
r_599,AI00085,0.2,0
r_174,AI13995,0.2,0
r_174,AI01169,0.25,0
r_111,AI10621,0.25,0
r_111,AI08581,0.25,0
r_346,AI01985,0.25,0
r_2927,AI00886,0.5,1
r_2063,AI01045,0.5,1
r_346,AI12073,0.25,0
r_111,AI13028,0.2,0
r_224,AI13792,0.2,0
r_2927,AI05612,0.5,1
r_132,AI08344,0.2,0
r_594,AI08135,0.2,0
r_134,AI14053,0.2,0
r_562,AI09058,0.25,0
r_200,AI06324,0.2,0
r_588,AI03772,0.25,0
r_1154,AI08383,0.5,1
r_566,AI05183,0.5,1
r_599,AI06162,0.2,0
r_588,AI08508,0.2,0
r_503,AI02572,0.2,0
r_12,AI03889,0.25,0
r_111,AI09671,0.25,0
r_111,AI08351,0.25,0
r_375,AI06479,0.25,0
r_575,AI08342,0.2,0
r_566,AI10276,0.25,0
r_93,AI08487,0.2,0
r_562,AI12112,0.2,0
r_594,AI08006,0.25,0
r_160,AI12237,0.2,0
r_89,AI06780,0.2,0
r_566,AI01368,0.2,0
r_200,AI07588,0.2,0
r_503,AI08875,0.2,0
r_209,AI01403,0.2,0
r_561,AI12065,0.2,0
r_132,AI08195,0.2,0
r_200,AI00822,0.2,0
r_174,AI10792,0.25,0
r_503,AI11603,0.25,0
r_134,AI06364,0.2,0
r_93,AI06580,0.2,0
r_89,AI02783,0.2,0
r_160,AI07414,0.25,0
r_224,AI09489,0.2,0
r_451,AI03784,0.2,0
r_566,AI11001,0.2,0
r_451,AI14238,0.25,0
r_561,AI10330,0.2,0
r_673,AI00055,0.25,0
r_588,AI12766,0.2,0
r_575,AI00761,0.2,0
r_111,AI03155,0.2,0
r_406,AI04766,0.25,0
r_111,AI10570,0.2,0
r_134,AI08956,0.25,0
r_599,AI03995,0.2,0
r_224,AI13574,0.25,0
r_346,AI12783,0.25,0
r_575,AI12447,0.2,0
r_562,AI11365,0.2,0
r_594,AI13763,0.25,0
r_588,AI14779,0.2,0
r_174,AI06169,0.2,0
r_406,AI09527,0.25,0
r_12,AI10917,0.25,0
r_224,AI01825,0.2,0
r_451,AI02826,0.25,0
r_656,AI03559,0.2,0
r_375,AI01011,0.25,0
r_406,AI14164,0.25,0
r_599,AI06234,0.2,0
r_187,AI05799,0.25,0
r_599,AI01024,0.2,0
r_93,AI05623,0.2,0
r_673,AI09478,0.2,0
r_503,AI06749,0.25,0
r_575,AI11959,0.5,1
r_132,AI05319,0.2,0
r_58,AI12868,0.2,0
r_594,AI03667,0.2,0
r_346,AI08770,0.2,0
r_406,AI07423,0.25,0
r_132,AI10826,0.2,0
r_562,AI13341,0.25,0
r_111,AI00605,0.2,0
r_187,AI08945,0.25,0
r_134,AI10862,0.25,0
r_89,AI08652,0.25,0
r_160,AI08966,0.25,0
r_406,AI06175,0.25,0
r_539,AI08831,0.25,0
r_539,AI07453,0.25,0
r_12,AI11242,0.25,0
r_562,AI08984,0.2,0
r_134,AI08643,0.2,0
r_561,AI05342,0.2,0
r_346,AI07934,0.2,0
r_160,AI03328,0.2,0
r_594,AI01061,0.25,0
r_132,AI12424,0.2,0
r_783,AI10648,0.5,1
r_134,AI05510,0.2,0
r_160,AI10820,0.25,0
r_200,AI02678,0.25,0
r_134,AI04611,0.2,0
r_12,AI12722,0.25,0
r_187,AI11410,0.25,0
r_594,AI13811,0.25,0
r_594,AI13350,0.25,0
r_224,AI14671,0.25,0
r_632,AI14063,0.5,1
r_406,AI12053,0.2,0
r_209,AI00603,0.25,0
r_594,AI02131,0.25,0
r_58,AI08112,0.2,0
r_503,AI03843,0.25,0
r_58,AI09603,0.25,0
r_174,AI14155,0.25,0
r_58,AI08984,0.2,0
r_406,AI02736,0.2,0
r_594,AI13100,0.25,0
r_132,AI01673,0.2,0
r_58,AI14026,0.2,0
r_375,AI09874,0.2,0
r_575,AI00402,0.2,0
r_1231,AI04200,0.5,1
r_599,AI00415,0.2,0
r_209,AI02617,0.25,0
r_89,AI10050,0.2,0
r_58,AI10023,0.2,0
r_2136,AI11725,0.5,1
r_681,AI14924,0.5,1
r_406,AI13845,0.2,0
r_209,AI10672,0.25,0
r_134,AI07798,0.2,0
r_174,AI02712,0.25,0
r_575,AI04201,0.2,0
r_187,AI04436,0.2,0
r_503,AI08782,0.2,0
r_594,AI11669,0.25,0
r_200,AI14167,0.2,0
r_562,AI10276,0.25,0
r_588,AI09121,0.25,0
r_656,AI02510,0.25,0
r_588,AI04327,0.25,0
r_588,AI00373,0.2,0
r_89,AI01798,0.2,0
r_209,AI00966,0.25,0
r_451,AI08126,0.25,0
r_375,AI03595,0.25,0
r_1774,AI04722,0.5,1
r_134,AI04521,0.25,0
r_89,AI06547,0.25,0
r_93,AI04971,0.2,0
r_93,AI13316,0.25,0
r_93,AI12229,0.2,0
r_346,AI09720,0.2,0
r_539,AI07923,0.2,0
r_575,AI14169,0.25,0
r_539,AI06050,0.2,0
r_132,AI09655,0.2,0
r_89,AI10605,0.25,0
r_187,AI05481,0.2,0
r_174,AI10745,0.2,0
r_375,AI01325,0.25,0
r_656,AI09138,0.2,0
r_12,AI04639,0.2,0
r_132,AI05431,0.2,0
r_1828,AI09342,0.5,1
r_93,AI14445,0.2,0
r_2235,AI08237,0.5,1
r_562,AI11600,0.2,0
r_224,AI01806,0.2,0
r_111,AI05187,0.25,0
r_2603,AI01360,0.5,1
r_503,AI05209,0.25,0
r_160,AI02567,0.25,0
r_561,AI01886,0.25,0
r_93,AI05458,0.2,0
r_632,AI08257,0.2,0
r_503,AI10958,0.2,0
r_632,AI10944,0.25,0
r_594,AI03226,0.2,0
r_673,AI11977,0.5,1
r_89,AI02464,0.25,0
r_224,AI02558,0.2,0
r_566,AI08630,0.25,0
r_58,AI14481,0.25,0
r_594,AI09267,0.25,0
r_89,AI14277,0.25,0
r_209,AI06599,0.25,0
r_58,AI06082,0.2,0
r_2922,AI11122,0.5,1
r_224,AI03052,0.2,0
r_224,AI01424,0.2,0
r_375,AI04327,0.25,0
r_406,AI09674,0.25,0
r_200,AI03448,0.25,0
r_451,AI09230,0.25,0
r_346,AI00464,0.25,0
r_792,AI00007,0.5,1
r_566,AI01360,0.5,1
r_89,AI11085,0.25,0
r_575,AI10346,0.25,0
r_594,AI04847,0.25,0
r_451,AI14610,0.2,0
r_562,AI08097,0.2,0
r_575,AI00085,0.2,0
r_588,AI00770,0.25,0
r_200,AI08100,0.25,0
r_503,AI12229,0.2,0
r_656,AI03544,0.25,0
r_575,AI02833,0.25,0
r_187,AI09526,0.25,0
r_111,AI08246,0.25,0
r_566,AI03950,0.25,0
r_200,AI10545,0.2,0
r_174,AI13065,0.25,0
r_134,AI06686,0.2,0
r_503,AI14287,0.2,0
r_406,AI07513,0.2,0
r_632,AI02977,0.25,0
r_375,AI07011,0.2,0
r_375,AI11747,0.2,0
r_174,AI02314,0.25,0
r_132,AI10871,0.2,0
r_566,AI07372,0.25,0
r_209,AI09098,0.2,0
r_451,AI01085,0.2,0
r_406,AI08997,0.25,0
r_561,AI02183,0.25,0
r_89,AI06806,0.2,0
r_594,AI14650,0.25,0
r_632,AI06363,0.2,0
r_1952,AI08383,0.5,1
r_503,AI14471,0.2,0
r_594,AI02224,0.25,0
r_12,AI11381,0.2,0
r_575,AI09382,0.25,0
r_111,AI06274,0.2,0
r_134,AI09643,0.25,0
r_93,AI11721,0.2,0
r_132,AI05425,0.2,0
r_539,AI04175,0.2,0
r_594,AI01943,0.25,0
r_2136,AI04722,0.5,1
r_566,AI01283,0.2,0
r_200,AI03531,0.25,0
r_575,AI07498,0.25,0
r_200,AI06195,0.25,0
r_406,AI06258,0.25,0
r_562,AI02675,0.2,0
r_594,AI02921,0.2,0
r_132,AI09714,0.2,0
r_566,AI05187,0.25,0
r_58,AI04098,0.2,0
r_594,AI08517,0.2,0
r_375,AI09382,0.25,0
r_599,AI09899,0.2,0
r_451,AI09615,0.25,0
r_503,AI12850,0.25,0
r_451,AI07952,0.2,0
r_656,AI08790,0.2,0
r_406,AI12511,0.25,0
r_561,AI05033,0.25,0
r_594,AI09789,0.2,0
r_209,AI07566,0.25,0
r_93,AI14495,0.2,0
r_111,AI05254,0.25,0
r_200,AI10516,0.2,0
r_187,AI01943,0.25,0
r_209,AI09274,0.25,0
r_12,AI06459,0.25,0
r_673,AI13741,0.25,0
r_562,AI02387,0.2,0
r_539,AI01489,0.25,0
r_588,AI11050,0.2,0
r_632,AI09233,0.25,0
r_58,AI04122,0.2,0
r_200,AI02826,0.25,0
r_632,AI11101,0.25,0
r_632,AI06738,0.25,0
r_93,AI11422,0.25,0
r_673,AI00796,0.25,0
r_174,AI07323,0.25,0
r_209,AI07215,0.25,0
r_656,AI04430,0.25,0
r_406,AI04287,0.25,0
r_111,AI10212,0.25,0
r_89,AI01804,0.25,0
r_566,AI07201,0.25,0
r_561,AI04622,0.2,0
r_451,AI05689,0.2,0
r_132,AI05177,0.5,1
r_575,AI05355,0.2,0
r_656,AI09489,0.2,0
r_451,AI06784,0.25,0
r_632,AI00747,0.2,0
r_503,AI03820,0.25,0
r_599,AI03770,0.25,0
r_451,AI13985,0.25,0
r_132,AI04122,0.2,0
r_58,AI14234,0.2,0
r_575,AI11902,0.25,0
r_673,AI11902,0.25,0
r_539,AI14236,0.25,0
r_346,AI02212,0.2,0
r_566,AI09614,0.2,0
r_58,AI09737,0.2,0
r_656,AI02124,0.25,0
r_187,AI00243,0.25,0
r_594,AI07637,0.2,0
r_575,AI00274,0.2,0
r_375,AI11061,0.25,0
r_200,AI14911,0.2,0
r_224,AI14459,0.2,0
r_566,AI10906,0.25,0
r_632,AI06136,0.25,0
r_58,AI13872,0.2,0
r_406,AI00238,0.2,0
r_346,AI07820,0.25,0
r_594,AI06059,0.2,0
r_174,AI03960,0.2,0
r_406,AI11101,0.25,0
r_594,AI10081,0.25,0
r_89,AI14208,0.25,0
r_111,AI14658,0.25,0
r_503,AI06238,0.25,0
r_346,AI10342,0.2,0
r_656,AI05033,0.25,0
r_588,AI09830,0.25,0
r_561,AI02620,0.25,0
r_406,AI02807,0.25,0
r_406,AI10472,0.25,0
r_575,AI01588,0.25,0
r_134,AI08295,0.25,0
r_969,AI14519,0.5,1
r_58,AI03484,0.2,0
r_562,AI11326,0.2,0
r_132,AI07181,0.25,0
r_1702,AI10026,0.5,1
r_566,AI05350,0.25,0
r_346,AI07161,0.25,0
r_132,AI06058,0.2,0
r_224,AI08143,0.25,0
r_224,AI08331,0.2,0
r_406,AI00373,0.2,0
r_12,AI01238,0.25,0
r_566,AI07815,0.25,0
r_111,AI12783,0.25,0
r_375,AI01719,0.25,0
r_673,AI08255,0.25,0
r_2063,AI03654,0.5,1
r_588,AI07522,0.25,0
r_406,AI06589,0.25,0
r_224,AI06893,0.25,0
r_575,AI04247,0.25,0
r_539,AI14517,0.25,0
r_1417,AI06296,0.5,1
r_561,AI08397,0.2,0
r_224,AI07434,0.2,0
r_406,AI00761,0.2,0
r_160,AI02630,0.25,0
r_93,AI02519,0.2,0
r_561,AI08339,0.25,0
r_160,AI09573,0.5,1
r_375,AI07857,0.25,0
r_1823,AI04722,0.5,1
r_132,AI00464,0.25,0
r_89,AI11006,0.25,0
r_599,AI09669,0.2,0
r_406,AI00230,0.2,0
r_451,AI00777,0.2,0
r_594,AI04059,0.25,0
r_58,AI05660,0.25,0
r_134,AI12351,0.25,0
r_566,AI08080,0.25,0
r_792,AI09066,0.5,1
r_346,AI08410,0.2,0
r_588,AI14167,0.2,0
r_406,AI09526,0.25,0
r_209,AI07666,0.25,0
r_209,AI01318,0.2,0
r_160,AI11089,0.25,0
r_224,AI05758,0.5,1
r_224,AI00810,0.2,0
r_93,AI10701,0.2,0
r_599,AI14388,0.25,0
r_375,AI12362,0.2,0
r_12,AI03785,0.2,0
r_375,AI10700,0.25,0
r_58,AI12077,0.25,0
r_599,AI11943,0.2,0
r_451,AI01233,0.25,0
r_375,AI00348,0.25,0
r_503,AI13736,0.5,1
r_12,AI03226,0.2,0
r_132,AI11875,0.2,0
r_575,AI11270,0.2,0
r_561,AI13758,0.25,0
r_89,AI02899,0.25,0
r_93,AI03441,0.2,0
r_160,AI07230,0.5,1
r_174,AI04151,0.25,0
r_656,AI01665,0.25,0
r_224,AI04502,0.25,0
r_599,AI12073,0.25,0
r_134,AI04710,0.25,0
r_2173,AI05301,0.5,1
r_160,AI08118,0.2,0
r_132,AI10404,0.25,0
r_656,AI09175,0.25,0
r_562,AI13558,0.2,0
r_174,AI12002,0.2,0
r_406,AI05160,0.25,0
r_132,AI11893,0.2,0
r_594,AI05597,0.25,0
r_224,AI03809,0.2,0
r_12,AI02464,0.25,0
r_132,AI06936,0.2,0
r_539,AI04465,0.25,0
r_134,AI06510,0.2,0
r_562,AI05429,0.2,0
r_58,AI09490,0.2,0
r_406,AI01370,0.25,0
r_656,AI14881,0.25,0
r_503,AI11901,0.25,0
r_539,AI13197,0.25,0
r_89,AI07250,0.25,0
r_2716,AI14649,0.5,1
r_134,AI06059,0.2,0
r_375,AI02040,0.25,0
r_2724,AI00886,0.5,1
r_594,AI01236,0.2,0
r_132,AI00820,0.25,0
r_134,AI08695,0.25,0
r_187,AI10925,0.2,0
r_12,AI11155,0.2,0
r_93,AI01051,0.25,0
r_12,AI14973,0.2,0
r_599,AI12182,0.2,0
r_594,AI02071,0.2,0
r_632,AI09175,0.25,0
r_1823,AI01107,0.5,1
r_134,AI01504,0.25,0
r_539,AI00644,0.2,0
r_566,AI14026,0.2,0
r_89,AI11625,0.2,0
r_1027,AI09066,0.5,1
r_656,AI06461,0.2,0
r_2927,AI10457,0.5,1
r_588,AI11351,0.25,0
r_93,AI06107,0.25,0
r_599,AI14031,0.25,0
r_89,AI14466,0.2,0
r_200,AI03852,0.2,0
r_539,AI06811,0.2,0
r_224,AI00099,0.25,0
r_2716,AI05651,0.5,1
r_134,AI09456,0.2,0
r_187,AI14720,0.25,0
r_89,AI04393,0.25,0
r_375,AI02807,0.25,0
r_503,AI06784,0.25,0
r_209,AI13982,0.25,0
r_594,AI13914,0.5,1
r_174,AI05558,0.2,0
r_346,AI04651,0.2,0
r_562,AI12069,0.2,0
r_174,AI07960,0.2,0
r_174,AI08802,0.5,1
r_224,AI01422,0.2,0
r_224,AI00751,0.2,0
r_562,AI02856,0.2,0
r_346,AI14957,0.25,0
r_187,AI14471,0.2,0
r_599,AI05568,0.5,1
r_346,AI10944,0.25,0
r_174,AI02172,0.2,0
r_224,AI07576,0.25,0
r_566,AI02736,0.2,0
r_599,AI10551,0.5,1
r_200,AI01175,0.2,0
r_503,AI13594,0.25,0
r_160,AI04798,0.25,0
r_58,AI10238,0.5,1
r_562,AI10587,0.5,1
r_588,AI01255,0.2,0
r_1790,AI10434,0.5,1
r_134,AI11817,0.2,0
r_562,AI05867,0.2,0
r_58,AI14352,0.25,0
r_656,AI12605,0.25,0
r_561,AI03139,0.25,0
r_566,AI00126,0.2,0
r_89,AI03478,0.2,0
r_58,AI03795,0.25,0
r_58,AI09372,0.2,0
r_209,AI11007,0.25,0
r_12,AI14328,0.2,0
r_12,AI00493,0.25,0
r_224,AI00681,0.25,0
r_1058,AI08568,0.5,1
r_656,AI08690,0.2,0
r_187,AI02572,0.2,0
r_561,AI00591,0.25,0
r_406,AI08179,0.25,0
r_406,AI00085,0.2,0
r_224,AI01057,0.25,0
r_2940,AI02054,0.5,1
r_406,AI11419,0.25,0
r_632,AI14699,0.2,0
r_562,AI04247,0.25,0
r_575,AI11448,0.25,0
r_1261,AI08568,0.5,1
r_375,AI09394,0.2,0
r_375,AI03448,0.25,0
r_187,AI06274,0.2,0
r_132,AI11285,0.25,0
r_503,AI05355,0.2,0
r_346,AI04596,0.25,0
r_132,AI05066,0.2,0
r_89,AI11972,0.25,0
r_503,AI06136,0.25,0
r_2940,AI11755,0.5,1
r_12,AI06023,0.25,0
r_539,AI14911,0.2,0
r_673,AI00181,0.25,0
r_451,AI08581,0.25,0
r_451,AI14987,0.25,0
r_451,AI12990,0.2,0
r_89,AI12487,0.2,0
r_132,AI05187,0.25,0
r_539,AI13214,0.25,0
r_174,AI10757,0.2,0
r_346,AI05689,0.2,0
r_594,AI08831,0.25,0
r_12,AI14144,0.2,0
r_134,AI13455,0.2,0
r_566,AI00810,0.2,0
r_89,AI07018,0.5,1
r_632,AI07934,0.2,0
r_209,AI01474,0.5,1
r_562,AI09030,0.25,0
r_174,AI14488,0.2,0
r_111,AI09810,0.2,0
r_562,AI03448,0.25,0
r_1197,AI05177,0.5,1
r_2264,AI03072,0.5,1
r_346,AI12065,0.2,0
r_200,AI08945,0.25,0
r_2937,AI11105,0.5,1
r_111,AI03965,0.25,0
r_503,AI09457,0.25,0
r_134,AI08168,0.25,0
r_561,AI14512,0.2,0
r_346,AI09737,0.2,0
r_12,AI09264,0.25,0
r_1027,AI10551,0.5,1
r_575,AI03867,0.25,0
r_1774,AI03654,0.5,1
r_375,AI10772,0.2,0
r_224,AI03704,0.2,0
r_160,AI10702,0.2,0
r_132,AI02067,0.2,0
r_561,AI03236,0.2,0
r_406,AI02474,0.25,0
r_539,AI09943,0.2,0
r_575,AI10340,0.25,0
r_656,AI07253,0.2,0
r_174,AI12940,0.25,0
r_174,AI14167,0.2,0
r_632,AI05531,0.25,0
r_994,AI11748,0.5,1
r_588,AI03328,0.2,0
r_2922,AI04200,0.5,1
r_562,AI02584,0.2,0
r_93,AI07825,0.25,0
r_160,AI13727,0.2,0
r_575,AI03590,0.25,0
r_656,AI04964,0.25,0
r_209,AI09456,0.2,0
r_187,AI01117,0.2,0
r_451,AI08148,0.2,0
r_575,AI06230,0.25,0
r_575,AI05073,0.2,0
r_599,AI08297,0.25,0
r_89,AI00002,0.2,0
r_58,AI02054,0.5,1
r_187,AI07207,0.25,0
r_209,AI12513,0.25,0
r_503,AI05429,0.2,0
r_2264,AI10238,0.5,1
r_209,AI13893,0.25,0
r_111,AI06429,0.25,0
r_594,AI05893,0.25,0
r_3011,AI12760,0.5,1
r_224,AI02179,0.25,0
r_673,AI03316,0.2,0
r_93,AI06212,0.25,0
r_566,AI03120,0.2,0
r_562,AI08770,0.2,0
r_346,AI00085,0.2,0
r_406,AI00124,0.2,0
r_673,AI07495,0.25,0
r_174,AI12019,0.25,0
r_451,AI04175,0.2,0
r_503,AI00644,0.2,0
r_93,AI07718,0.2,0
r_594,AI07970,0.2,0
r_594,AI05758,0.5,1
r_132,AI01117,0.2,0
r_566,AI02430,0.25,0
r_375,AI11769,0.25,0
r_575,AI05160,0.25,0
r_93,AI11122,0.5,1
r_134,AI02753,0.2,0
r_89,AI09891,0.25,0
r_174,AI03085,0.25,0
r_588,AI03887,0.2,0
r_562,AI06515,0.25,0
r_566,AI13386,0.25,0
r_111,AI01439,0.25,0
r_93,AI01086,0.2,0
r_12,AI13923,0.2,0
r_599,AI00913,0.25,0
r_160,AI08440,0.2,0
r_594,AI10791,0.25,0
r_561,AI10704,0.2,0
r_93,AI02233,0.2,0
r_132,AI05209,0.25,0
r_12,AI00117,0.2,0
r_346,AI07400,0.2,0
r_209,AI13576,0.25,0
r_561,AI14464,0.2,0
r_406,AI10209,0.2,0
r_406,AI00604,0.25,0
r_224,AI14455,0.2,0
r_588,AI08148,0.2,0
r_134,AI08616,0.25,0
r_209,AI02573,0.2,0
r_160,AI11805,0.25,0
r_187,AI01868,0.2,0
r_406,AI09066,0.5,1
r_406,AI05365,0.25,0
r_806,AI01653,0.5,1
r_594,AI12091,0.25,0
r_503,AI02263,0.25,0
r_561,AI08832,0.2,0
r_160,AI02278,0.2,0
r_89,AI07084,0.2,0
r_224,AI04427,0.25,0
r_632,AI14500,0.25,0
r_539,AI06773,0.2,0
r_406,AI06749,0.25,0
r_58,AI07291,0.2,0
r_209,AI07308,0.2,0
r_539,AI02168,0.25,0
r_503,AI02630,0.25,0
r_566,AI13643,0.2,0
r_575,AI00569,0.25,0
r_224,AI14466,0.2,0
r_132,AI14756,0.25,0
r_12,AI04480,0.2,0
r_588,AI04931,0.2,0
r_566,AI13374,0.25,0
r_539,AI09953,0.25,0
r_566,AI02977,0.25,0
r_132,AI11270,0.2,0
r_187,AI09527,0.25,0
r_451,AI00683,0.2,0
r_134,AI13258,0.2,0
r_93,AI00712,0.25,0
r_346,AI04216,0.2,0
r_346,AI02630,0.25,0
r_174,AI11671,0.2,0
r_89,AI10996,0.25,0
r_539,AI09149,0.25,0
r_375,AI05062,0.25,0
r_1261,AI08429,0.5,1
r_503,AI13321,0.25,0
r_200,AI07296,0.2,0
r_58,AI04469,0.25,0
r_539,AI11448,0.25,0
r_2489,AI04200,0.5,1
r_58,AI01790,0.2,0
r_588,AI11448,0.25,0
r_656,AI11959,0.5,1
r_134,AI14708,0.25,0
r_406,AI02467,0.2,0
r_1828,AI07230,0.5,1
r_89,AI05913,0.25,0
r_539,AI03610,0.2,0
r_632,AI04287,0.25,0
r_174,AI08351,0.25,0
r_224,AI06583,0.25,0
r_588,AI14957,0.25,0
r_503,AI12962,0.2,0
r_632,AI02051,0.25,0
r_200,AI01358,0.25,0
r_503,AI00230,0.2,0
r_783,AI09286,0.5,1
r_346,AI08063,0.2,0
r_89,AI12571,0.25,0
r_594,AI00272,0.25,0
r_673,AI06947,0.5,1
r_200,AI06758,0.2,0
r_89,AI03217,0.2,0
r_224,AI10185,0.2,0
r_632,AI13209,0.25,0
r_209,AI06459,0.25,0
r_174,AI01818,0.2,0
r_375,AI10720,0.25,0
r_12,AI09258,0.2,0
r_561,AI03992,0.25,0
r_200,AI02192,0.2,0
r_1426,AI09573,0.5,1
r_566,AI04018,0.25,0
r_111,AI14254,0.2,0
r_12,AI07260,0.25,0
r_503,AI09995,0.2,0
r_594,AI09304,0.25,0
r_12,AI06510,0.2,0
r_406,AI10587,0.5,1
r_89,AI05922,0.2,0
r_562,AI09435,0.25,0
r_93,AI03965,0.25,0
r_2264,AI00156,0.5,1
r_58,AI01500,0.25,0
r_346,AI02378,0.25,0
r_375,AI13399,0.25,0
r_2857,AI10434,0.5,1
r_451,AI07857,0.25,0
r_594,AI06054,0.2,0
r_89,AI05693,0.25,0
r_561,AI04596,0.25,0
r_599,AI12393,0.25,0
r_656,AI06029,0.2,0
r_375,AI05391,0.2,0
r_406,AI10709,0.25,0
r_346,AI07291,0.2,0
r_89,AI04198,0.25,0
r_58,AI06107,0.25,0
r_599,AI05160,0.25,0
r_756,AI14362,0.5,1
r_134,AI12562,0.25,0
r_134,AI03596,0.2,0
r_656,AI08085,0.2,0
r_656,AI11747,0.2,0
r_132,AI14585,0.25,0
r_93,AI12393,0.25,0
r_709,AI11490,0.5,1
r_656,AI08237,0.5,1
r_562,AI09342,0.5,1
r_575,AI02270,0.2,0
r_503,AI13872,0.2,0
r_2724,AI11104,0.5,1
r_561,AI06738,0.25,0
r_58,AI00832,0.2,0
r_89,AI12936,0.25,0
r_588,AI08982,0.25,0
r_187,AI01888,0.2,0
r_588,AI12393,0.25,0
r_566,AI14779,0.2,0
r_588,AI13645,0.2,0
r_451,AI12930,0.25,0
r_12,AI13416,0.2,0
r_594,AI08440,0.2,0
r_503,AI06069,0.2,0
r_209,AI12637,0.25,0
r_406,AI09268,0.2,0
r_599,AI08630,0.25,0
r_200,AI11419,0.25,0
r_174,AI13260,0.2,0
r_2136,AI14781,0.5,1
r_160,AI04228,0.25,0
r_132,AI14307,0.25,0
r_12,AI02558,0.2,0
r_599,AI03559,0.2,0
r_111,AI09627,0.25,0
r_209,AI10651,0.2,0
r_174,AI11151,0.25,0
r_134,AI10651,0.2,0
r_451,AI00288,0.2,0
r_562,AI02378,0.25,0
r_58,AI14946,0.25,0
r_503,AI00044,0.25,0
r_588,AI05754,0.2,0
r_134,AI02337,0.25,0
r_1773,AI08383,0.5,1
r_111,AI02898,0.25,0
r_562,AI06780,0.2,0
r_406,AI05831,0.25,0
r_93,AI02675,0.2,0
r_134,AI01872,0.2,0
r_594,AI01242,0.25,0
r_451,AI03992,0.25,0
r_160,AI01507,0.2,0
r_160,AI07400,0.2,0
r_588,AI10449,0.25,0
r_562,AI01186,0.25,0
r_406,AI00926,0.25,0
r_451,AI10516,0.2,0
r_451,AI04499,0.25,0
r_132,AI01283,0.2,0
r_132,AI14792,0.2,0
r_673,AI13057,0.25,0
r_224,AI01828,0.2,0
r_89,AI11685,0.25,0
r_111,AI12723,0.2,0
r_1952,AI10587,0.5,1
r_451,AI12754,0.2,0
r_632,AI03058,0.25,0
r_539,AI06230,0.25,0
r_224,AI13627,0.2,0
r_562,AI00644,0.2,0
r_375,AI02057,0.25,0
r_562,AI06527,0.25,0
r_200,AI01949,0.25,0
r_588,AI10023,0.2,0
r_566,AI09544,0.25,0
r_588,AI09957,0.2,0
r_200,AI05867,0.2,0
r_503,AI08673,0.2,0
r_132,AI07291,0.2,0
r_174,AI00437,0.25,0
r_12,AI05820,0.25,0
r_1231,AI11490,0.5,1
r_575,AI07934,0.2,0
r_503,AI02329,0.25,0
r_2136,AI14320,0.5,1
r_111,AI05480,0.2,0
r_1549,AI11755,0.5,1
r_89,AI07285,0.2,0
r_375,AI07860,0.2,0
r_111,AI09669,0.2,0
r_594,AI02179,0.25,0
r_93,AI10315,0.2,0
r_594,AI06004,0.25,0
r_503,AI09022,0.2,0
r_375,AI09355,0.25,0
r_160,AI11067,0.2,0
r_451,AI01255,0.2,0
r_588,AI05578,0.2,0
r_89,AI14192,0.2,0
r_89,AI13495,0.25,0
r_406,AI10760,0.2,0
r_566,AI14254,0.2,0
r_134,AI02366,0.2,0
r_599,AI04698,0.2,0
r_58,AI00020,0.2,0
r_209,AI05939,0.25,0
r_539,AI12596,0.25,0
r_209,AI01844,0.25,0
r_594,AI12374,0.25,0
r_673,AI08604,0.2,0
r_539,AI05594,0.25,0
r_160,AI10529,0.2,0
r_1961,AI08568,0.5,1
r_599,AI04483,0.2,0
r_561,AI10244,0.2,0
r_451,AI02466,0.5,1
r_599,AI09380,0.2,0
r_134,AI01698,0.2,0
r_406,AI09237,0.25,0
r_224,AI01896,0.2,0
r_224,AI01848,0.2,0
r_187,AI12964,0.25,0
r_224,AI03484,0.2,0
r_93,AI14339,0.2,0
r_209,AI03226,0.2,0
r_93,AI08633,0.25,0
r_93,AI02345,0.25,0
r_58,AI10938,0.2,0
r_346,AI09894,0.2,0
r_561,AI06569,0.2,0
r_224,AI10534,0.25,0
r_209,AI04608,0.2,0
r_503,AI00770,0.25,0
r_562,AI02466,0.5,1
r_134,AI00999,0.25,0
r_588,AI06995,0.25,0
r_539,AI05062,0.25,0
r_594,AI07340,0.25,0
r_562,AI01790,0.2,0
r_93,AI13269,0.2,0
r_451,AI13713,0.25,0
r_539,AI14367,0.2,0
r_346,AI09602,0.25,0
r_594,AI10904,0.25,0
r_561,AI11793,0.2,0
r_224,AI11381,0.2,0
r_539,AI14086,0.2,0
r_2155,AI09286,0.5,1
r_1417,AI05183,0.5,1
r_594,AI14757,0.25,0
r_594,AI05923,0.2,0
r_451,AI09527,0.25,0
r_187,AI04562,0.2,0
r_209,AI01988,0.2,0
r_89,AI04308,0.2,0
r_451,AI01943,0.25,0
r_406,AI10701,0.2,0
r_132,AI04128,0.2,0
r_224,AI04880,0.2,0
r_89,AI12768,0.25,0
r_111,AI14236,0.25,0
r_561,AI03787,0.25,0
r_200,AI05531,0.25,0
r_89,AI07587,0.2,0
r_58,AI12319,0.2,0
r_594,AI14781,0.5,1
r_656,AI12053,0.2,0
r_200,AI09969,0.25,0
r_174,AI06882,0.25,0
r_599,AI09662,0.2,0
r_134,AI14650,0.25,0
r_539,AI13531,0.25,0
r_132,AI09398,0.25,0
r_539,AI14187,0.5,1
r_562,AI12208,0.2,0
r_111,AI03595,0.25,0
r_12,AI08143,0.25,0
r_562,AI09573,0.5,1
r_134,AI10612,0.2,0
r_200,AI03351,0.2,0
r_209,AI13845,0.2,0
r_656,AI01814,0.2,0
r_539,AI02654,0.25,0
r_1568,AI10648,0.5,1
r_111,AI08652,0.25,0
r_346,AI14036,0.2,0
r_132,AI01124,0.25,0
r_451,AI03949,0.25,0
r_174,AI02718,0.2,0
r_656,AI11781,0.5,1
r_451,AI10714,0.25,0
r_93,AI02344,0.2,0
r_2667,AI14362,0.5,1
r_503,AI11354,0.2,0
r_1741,AI11959,0.5,1
r_632,AI12604,0.25,0
r_599,AI05197,0.25,0
r_111,AI09957,0.2,0
r_89,AI05995,0.2,0
r_632,AI08997,0.25,0
r_1261,AI06296,0.5,1
r_539,AI10534,0.25,0
r_503,AI03757,0.2,0
r_451,AI01716,0.25,0
r_1640,AI09342,0.5,1
r_561,AI05361,0.2,0
r_111,AI12229,0.2,0
r_375,AI09457,0.25,0
r_58,AI12723,0.2,0
r_209,AI13824,0.25,0
r_346,AI03319,0.25,0
r_503,AI05865,0.25,0
r_209,AI11048,0.2,0
r_539,AI00402,0.2,0
r_134,AI01069,0.2,0
r_503,AI09137,0.25,0
r_599,AI12212,0.2,0
r_209,AI01806,0.2,0
r_174,AI04233,0.2,0
r_187,AI09232,0.2,0
r_599,AI10748,0.2,0
r_132,AI06474,0.2,0
r_503,AI10829,0.25,0
r_406,AI13399,0.25,0
r_575,AI13935,0.2,0
r_503,AI02183,0.25,0
r_89,AI01084,0.25,0
r_539,AI13713,0.25,0
r_599,AI09427,0.2,0
r_12,AI14517,0.25,0
r_561,AI07815,0.25,0
r_561,AI08701,0.25,0
r_200,AI12424,0.2,0
r_406,AI07257,0.2,0
r_539,AI09604,0.2,0
r_134,AI14924,0.5,1
r_599,AI02833,0.25,0
r_187,AI14481,0.25,0
r_2299,AI04200,0.5,1
r_594,AI09367,0.25,0
r_132,AI06879,0.2,0
r_132,AI14653,0.25,0
r_406,AI05754,0.2,0
r_406,AI07745,0.25,0
r_132,AI08018,0.2,0
r_1197,AI03072,0.5,1
r_187,AI08211,0.2,0
r_566,AI02846,0.2,0
r_599,AI06195,0.25,0
r_111,AI06993,0.2,0
r_588,AI01482,0.2,0
r_160,AI02800,0.2,0
r_632,AI08097,0.2,0
r_209,AI15000,0.2,0
r_160,AI01588,0.25,0
r_539,AI14026,0.2,0
r_561,AI07513,0.2,0
r_562,AI09138,0.2,0
r_134,AI03478,0.2,0
r_503,AI02467,0.2,0
r_224,AI12917,0.25,0
r_561,AI03604,0.25,0
r_111,AI01001,0.2,0
r_2136,AI05106,0.5,1
r_656,AI12850,0.25,0
r_566,AI00366,0.25,0
r_200,AI02299,0.25,0
r_566,AI12783,0.25,0
r_375,AI06429,0.25,0
r_562,AI04345,0.25,0
r_160,AI14441,0.25,0
r_111,AI02620,0.25,0
r_160,AI13157,0.25,0
r_346,AI09896,0.25,0
r_209,AI00729,0.2,0
r_575,AI10276,0.25,0
r_539,AI13133,0.2,0
r_224,AI01166,0.25,0
r_174,AI09655,0.2,0
r_562,AI05439,0.2,0
r_588,AI00712,0.25,0
r_632,AI14367,0.2,0
r_209,AI03479,0.25,0
r_375,AI01588,0.25,0
r_89,AI14781,0.5,1
r_132,AI07900,0.2,0
r_111,AI09129,0.25,0
r_375,AI12715,0.25,0
r_562,AI05941,0.25,0
r_132,AI10080,0.2,0
r_588,AI12559,0.2,0
r_174,AI11351,0.25,0
r_224,AI09960,0.2,0
r_599,AI06877,0.2,0
r_539,AI05471,0.25,0
r_594,AI07576,0.25,0
r_451,AI07864,0.2,0
r_209,AI14041,0.2,0
r_1961,AI00156,0.5,1
r_200,AI08699,0.25,0
r_539,AI13473,0.2,0
r_588,AI05632,0.25,0
r_187,AI03887,0.2,0
r_200,AI03992,0.25,0
r_132,AI01491,0.25,0
r_566,AI06090,0.2,0
r_451,AI01186,0.25,0
r_224,AI09548,0.2,0
r_111,AI12990,0.2,0
r_111,AI14426,0.25,0
r_2195,AI03072,0.5,1
r_594,AI00580,0.25,0
r_1790,AI03654,0.5,1
r_566,AI03092,0.2,0
r_594,AI10168,0.25,0
r_632,AI05709,0.25,0
r_566,AI04098,0.2,0
r_575,AI02898,0.25,0
r_673,AI04083,0.25,0
r_375,AI12600,0.2,0
r_566,AI14911,0.2,0
r_2195,AI08383,0.5,1
r_561,AI12424,0.2,0
r_187,AI11875,0.2,0
r_594,AI04230,0.25,0
r_588,AI12848,0.2,0
r_656,AI12559,0.2,0
r_575,AI02792,0.2,0
r_187,AI06258,0.25,0
r_93,AI00274,0.2,0
r_673,AI12661,0.25,0
r_93,AI13443,0.25,0
r_224,AI08695,0.25,0
r_562,AI10233,0.25,0
r_12,AI14798,0.2,0
r_599,AI08840,0.25,0
r_451,AI01643,0.2,0
r_561,AI10587,0.5,1
r_594,AI07297,0.25,0
r_632,AI02098,0.2,0
r_594,AI08870,0.2,0
r_375,AI00913,0.25,0
r_594,AI01145,0.25,0
r_375,AI07327,0.2,0
r_89,AI04608,0.2,0
r_132,AI12604,0.25,0
r_346,AI12593,0.25,0
r_656,AI05807,0.2,0
r_562,AI13157,0.25,0
r_599,AI14367,0.2,0
r_539,AI14801,0.25,0
r_89,AI14173,0.2,0
r_588,AI10173,0.2,0
r_58,AI09565,0.25,0
r_174,AI02258,0.2,0
r_224,AI01069,0.2,0
r_111,AI01818,0.2,0
r_209,AI09972,0.2,0
r_200,AI12366,0.2,0
r_134,AI13157,0.25,0
r_12,AI06739,0.25,0
r_224,AI09367,0.25,0
r_224,AI00129,0.25,0
r_575,AI00605,0.2,0
r_12,AI04492,0.25,0
r_375,AI01763,0.2,0
r_174,AI01712,0.2,0
r_575,AI02280,0.2,0
r_451,AI12121,0.25,0
r_160,AI11354,0.2,0
r_93,AI04931,0.2,0
r_58,AI08429,0.5,1
r_599,AI02390,0.25,0
r_599,AI09830,0.25,0
r_200,AI07674,0.25,0
r_346,AI12288,0.2,0
r_539,AI01517,0.2,0
r_1774,AI00436,0.5,1
r_224,AI10501,0.25,0
r_656,AI13101,0.25,0
r_200,AI05933,0.25,0
r_224,AI05691,0.2,0
r_134,AI05420,0.2,0
r_111,AI12745,0.25,0
r_566,AI09095,0.25,0
r_656,AI02807,0.25,0
r_89,AI01893,0.2,0
r_566,AI13214,0.25,0
r_134,AI01620,0.25,0
r_209,AI10444,0.2,0
r_209,AI11803,0.25,0
r_599,AI03483,0.25,0
r_503,AI13086,0.2,0
r_224,AI03082,0.25,0
r_594,AI12336,0.2,0
r_160,AI01255,0.2,0
r_594,AI04752,0.25,0
r_969,AI02330,0.5,1
r_673,AI14616,0.5,1
r_588,AI08633,0.25,0
r_673,AI08641,0.2,0
r_594,AI00908,0.2,0
r_561,AI11748,0.5,1
r_566,AI06292,0.2,0
r_599,AI10233,0.25,0
r_174,AI09415,0.5,1
r_346,AI12362,0.2,0
r_656,AI11730,0.25,0
r_561,AI03590,0.25,0
r_656,AI09929,0.25,0
r_224,AI00723,0.2,0
r_224,AI07364,0.25,0
r_599,AI11439,0.25,0
r_160,AI12500,0.2,0
r_451,AI04611,0.2,0
r_1961,AI03072,0.5,1
r_93,AI03639,0.25,0
r_566,AI10472,0.25,0
r_632,AI02278,0.2,0
r_134,AI03980,0.25,0
r_134,AI11060,0.25,0
r_209,AI07513,0.2,0
r_58,AI05160,0.25,0
r_58,AI12490,0.25,0
r_2927,AI01107,0.5,1
r_89,AI05597,0.25,0
r_451,AI05206,0.2,0
r_632,AI11060,0.25,0
r_566,AI08174,0.2,0
r_561,AI14927,0.2,0
r_599,AI13436,0.25,0
r_1828,AI05183,0.5,1
r_174,AI01385,0.25,0
r_594,AI09570,0.25,0
r_656,AI03795,0.25,0
r_599,AI11959,0.5,1
r_187,AI08266,0.25,0
r_134,AI00233,0.25,0
r_406,AI07578,0.2,0
r_2895,AI14187,0.5,1
r_224,AI13656,0.25,0
r_503,AI02620,0.25,0
r_200,AI04483,0.2,0
r_132,AI12723,0.2,0
r_58,AI01370,0.25,0
r_132,AI11050,0.2,0
r_1426,AI11959,0.5,1
r_594,AI12239,0.25,0
r_594,AI06091,0.25,0
r_174,AI01861,0.2,0
r_594,AI12285,0.25,0
r_209,AI09931,0.2,0
r_406,AI08195,0.2,0
r_562,AI01216,0.2,0
r_132,AI02168,0.25,0
r_224,AI06340,0.2,0
r_406,AI13727,0.2,0
r_375,AI10829,0.25,0
r_134,AI02073,0.2,0
r_375,AI05744,0.2,0
r_599,AI03042,0.2,0
r_12,AI01755,0.2,0
r_1823,AI12281,0.5,1
r_2895,AI12760,0.5,1
r_539,AI03411,0.25,0
r_132,AI08063,0.2,0
r_58,AI06555,0.2,0
r_673,AI00563,0.25,0
r_174,AI13886,0.25,0
r_174,AI11189,0.25,0
r_224,AI11567,0.25,0
r_632,AI14374,0.2,0
r_406,AI00045,0.5,1
r_12,AI02687,0.25,0
r_561,AI11985,0.25,0
r_575,AI08126,0.25,0
r_89,AI14361,0.2,0
r_561,AI07181,0.25,0
r_187,AI03411,0.25,0
r_346,AI14164,0.25,0
r_562,AI01703,0.2,0
r_588,AI05988,0.2,0
r_561,AI02387,0.2,0
r_503,AI03908,0.2,0
r_561,AI02482,0.2,0
r_656,AI05407,0.25,0
r_561,AI10331,0.25,0
r_346,AI05319,0.2,0
r_224,AI02174,0.25,0
r_406,AI00402,0.2,0
r_562,AI03639,0.25,0
r_588,AI03360,0.2,0
r_594,AI13915,0.25,0
r_174,AI13013,0.2,0
r_632,AI02390,0.25,0
r_346,AI10826,0.2,0
r_1568,AI14362,0.5,1
r_209,AI03714,0.5,1
r_187,AI01713,0.2,0
r_174,AI02341,0.25,0
r_187,AI08690,0.2,0
r_963,AI13736,0.5,1
r_224,AI07452,0.2,0
r_562,AI08699,0.25,0
r_588,AI13885,0.2,0
r_561,AI05148,0.2,0
r_132,AI00124,0.2,0
r_562,AI05623,0.2,0
r_209,AI14258,0.25,0
r_632,AI13443,0.25,0
r_111,AI04964,0.25,0
r_588,AI02359,0.2,0
r_588,AI03958,0.2,0
r_174,AI11397,0.2,0
r_451,AI06773,0.2,0
r_561,AI07453,0.25,0
r_224,AI09050,0.25,0
r_132,AI04672,0.25,0
r_588,AI03016,0.25,0
r_599,AI00126,0.2,0
r_451,AI08061,0.2,0
r_2088,AI13061,0.5,1
r_209,AI02177,0.25,0
r_451,AI09929,0.25,0
r_134,AI06511,0.25,0
r_111,AI13297,0.25,0
r_200,AI06555,0.2,0
r_58,AI02344,0.2,0
r_346,AI05388,0.25,0
r_209,AI05475,0.25,0
r_656,AI14187,0.5,1
r_768,AI08568,0.5,1
r_2937,AI13808,0.5,1
r_594,AI03821,0.25,0
r_599,AI08679,0.25,0
r_209,AI07021,0.2,0
r_200,AI09272,0.25,0
r_209,AI02224,0.25,0
r_599,AI12125,0.25,0
r_375,AI05177,0.5,1
r_673,AI12034,0.25,0
r_561,AI06921,0.2,0
r_673,AI00561,0.2,0
r_406,AI03158,0.25,0
r_187,AI01109,0.25,0
r_187,AI09615,0.25,0
r_209,AI00003,0.2,0
r_562,AI04134,0.25,0
r_209,AI03478,0.2,0
r_561,AI13184,0.25,0
r_160,AI01732,0.25,0
r_2504,AI08383,0.5,1
r_599,AI07201,0.25,0
r_187,AI10529,0.2,0
r_599,AI11767,0.2,0
r_89,AI12009,0.25,0
r_12,AI04081,0.2,0
r_89,AI10283,0.25,0
r_12,AI12923,0.2,0
r_89,AI06100,0.25,0
r_562,AI12643,0.2,0
r_599,AI09779,0.25,0
r_375,AI00230,0.2,0
r_562,AI13134,0.2,0
r_566,AI09434,0.5,1
r_562,AI12964,0.25,0
r_632,AI08193,0.25,0
r_562,AI08782,0.2,0
r_561,AI04911,0.2,0
r_539,AI01534,0.25,0
r_58,AI10270,0.2,0
r_111,AI11760,0.25,0
r_12,AI03666,0.2,0
r_12,AI03521,0.2,0
r_2195,AI02054,0.5,1
r_566,AI00926,0.25,0
r_406,AI06143,0.2,0
r_2716,AI13061,0.5,1
r_209,AI03090,0.2,0
r_566,AI08282,0.2,0
r_160,AI01838,0.25,0
r_160,AI09006,0.25,0
r_346,AI07087,0.2,0
r_451,AI11101,0.25,0
r_632,AI00437,0.25,0
r_12,AI11894,0.2,0
r_503,AI08531,0.2,0
r_673,AI12101,0.25,0
r_12,AI07050,0.25,0
r_346,AI10331,0.25,0
r_1027,AI06832,0.5,1
r_561,AI14324,0.2,0
r_187,AI00605,0.2,0
r_561,AI09782,0.25,0
r_406,AI00044,0.25,0
r_174,AI00997,0.25,0
r_111,AI05391,0.2,0
r_656,AI08100,0.25,0
r_539,AI09390,0.2,0
r_89,AI06166,0.2,0
r_673,AI05993,0.25,0
r_134,AI00216,0.2,0
r_224,AI14432,0.25,0
r_134,AI03489,0.2,0
r_12,AI13574,0.25,0
r_93,AI01489,0.25,0
r_588,AI09941,0.25,0
r_562,AI13878,0.25,0
r_187,AI10700,0.25,0
r_673,AI07368,0.2,0
r_89,AI07940,0.25,0
r_346,AI02102,0.2,0
r_562,AI10715,0.2,0
r_200,AI10661,0.25,0
r_673,AI00545,0.2,0
r_187,AI14558,0.25,0
r_562,AI11620,0.2,0
r_656,AI10439,0.25,0
r_575,AI02467,0.2,0
r_406,AI01541,0.25,0
r_673,AI02828,0.25,0
r_2284,AI14362,0.5,1
r_209,AI14176,0.25,0
r_406,AI14801,0.25,0
r_806,AI07910,0.5,1
r_200,AI13645,0.2,0
r_132,AI13443,0.25,0
r_588,AI11212,0.5,1
r_160,AI03296,0.25,0
r_599,AI05481,0.2,0
r_134,AI04892,0.25,0
r_209,AI13763,0.25,0
r_503,AI14234,0.2,0
r_1058,AI13736,0.5,1
r_209,AI13785,0.2,0
r_12,AI11290,0.25,0
r_503,AI01085,0.2,0
r_187,AI00616,0.2,0
r_673,AI05558,0.2,0
r_1640,AI00007,0.5,1
r_566,AI03328,0.2,0
r_93,AI13777,0.2,0
r_89,AI04132,0.25,0
r_673,AI10679,0.25,0
r_209,AI01547,0.2,0
r_451,AI10570,0.2,0
r_200,AI09839,0.2,0
r_93,AI12803,0.25,0
r_89,AI11184,0.2,0
r_224,AI11007,0.25,0
r_58,AI01216,0.2,0
r_111,AI04698,0.2,0
r_632,AI01732,0.25,0
r_539,AI11755,0.5,1
r_375,AI12155,0.25,0
r_93,AI04550,0.25,0
r_2489,AI08429,0.5,1
r_12,AI06650,0.25,0
r_588,AI04744,0.2,0
r_561,AI09858,0.2,0
r_160,AI03639,0.25,0
r_562,AI04970,0.25,0
r_93,AI03155,0.2,0
r_224,AI01315,0.2,0
r_93,AI01255,0.2,0
r_1790,AI06694,0.5,1
r_209,AI10605,0.25,0
r_93,AI11485,0.2,0
r_187,AI08344,0.2,0
r_160,AI07220,0.25,0
r_681,AI11104,0.5,1
r_375,AI01737,0.2,0
r_503,AI06062,0.2,0
r_656,AI00717,0.25,0
r_632,AI11089,0.25,0
r_656,AI00579,0.2,0
r_656,AI13165,0.2,0
r_93,AI07327,0.2,0
r_132,AI07429,0.25,0
r_406,AI14658,0.25,0
r_561,AI03531,0.25,0
r_89,AI06301,0.25,0
r_451,AI12069,0.2,0
r_594,AI11925,0.2,0
r_134,AI14258,0.25,0
r_588,AI14699,0.2,0
r_346,AI13670,0.25,0
r_224,AI02919,0.2,0
r_406,AI01888,0.2,0
r_200,AI06008,0.2,0
r_132,AI06601,0.25,0
r_575,AI03509,0.2,0
r_673,AI09183,0.2,0
r_160,AI04091,0.25,0
r_1952,AI05301,0.5,1
r_599,AI02424,0.2,0
r_2299,AI09066,0.5,1
r_346,AI05744,0.2,0
r_656,AI09286,0.5,1
r_562,AI09066,0.5,1
r_673,AI10401,0.25,0
r_539,AI12179,0.25,0
r_134,AI03966,0.25,0
r_2130,AI14362,0.5,1
r_575,AI08980,0.25,0
r_174,AI00337,0.25,0
r_187,AI11522,0.25,0
r_2667,AI04200,0.5,1
r_1549,AI08429,0.5,1
r_111,AI11755,0.5,1
r_12,AI11093,0.2,0
r_656,AI08699,0.25,0
r_89,AI14850,0.25,0
r_224,AI13257,0.25,0
r_632,AI09710,0.2,0
r_174,AI07708,0.25,0
r_12,AI07524,0.2,0
r_187,AI06821,0.25,0
r_656,AI08889,0.2,0
r_673,AI01727,0.25,0
r_160,AI08342,0.2,0
r_566,AI03867,0.25,0
r_451,AI07604,0.25,0
r_209,AI07830,0.2,0
r_58,AI02467,0.2,0
r_12,AI14774,0.2,0
r_562,AI09995,0.2,0
r_594,AI00233,0.25,0
r_224,AI11432,0.2,0
r_134,AI08440,0.2,0
r_562,AI06136,0.25,0
r_562,AI13776,0.25,0
r_503,AI13340,0.25,0
r_375,AI01814,0.2,0
r_375,AI09696,0.2,0
r_1811,AI11748,0.5,1
r_187,AI06995,0.25,0
r_200,AI01517,0.2,0
r_111,AI12125,0.25,0
r_375,AI02673,0.25,0
r_224,AI02903,0.2,0
r_561,AI09879,0.2,0
r_656,AI01943,0.25,0
r_632,AI02800,0.2,0
r_174,AI09981,0.2,0
r_346,AI05933,0.25,0
r_89,AI07803,0.25,0
r_632,AI02466,0.5,1
r_632,AI02067,0.2,0
r_160,AI12350,0.25,0
r_58,AI06162,0.2,0
r_375,AI06107,0.25,0
r_632,AI04688,0.2,0
r_656,AI12152,0.2,0
r_58,AI08889,0.2,0
r_656,AI11943,0.2,0
r_594,AI10546,0.25,0
r_588,AI11365,0.2,0
r_200,AI01673,0.2,0
r_539,AI01790,0.2,0
r_594,AI04489,0.2,0
r_673,AI14591,0.2,0
r_2638,AI11959,0.5,1
r_594,AI08329,0.25,0
r_2155,AI14362,0.5,1
r_132,AI01024,0.2,0
r_375,AI10397,0.2,0
r_375,AI09427,0.2,0
r_58,AI03992,0.25,0
r_632,AI02344,0.2,0
r_599,AI08962,0.2,0
r_656,AI04175,0.2,0
r_632,AI11315,0.2,0
r_93,AI01139,0.2,0
r_599,AI14471,0.2,0
r_89,AI08370,0.2,0
r_599,AI09712,0.25,0
r_187,AI03310,0.2,0
r_503,AI13886,0.25,0
r_561,AI11769,0.25,0
r_89,AI09343,0.25,0
r_160,AI08782,0.2,0
r_588,AI12706,0.25,0
r_594,AI10651,0.2,0
r_588,AI08126,0.25,0
r_575,AI07825,0.25,0
r_132,AI07851,0.2,0
r_58,AI12350,0.25,0
r_187,AI14849,0.25,0
r_681,AI09843,0.5,1
r_561,AI04247,0.25,0
r_160,AI01044,0.2,0
r_575,AI05632,0.25,0
r_588,AI02977,0.25,0
r_632,AI03887,0.2,0
r_539,AI01594,0.25,0
r_200,AI02466,0.5,1
r_451,AI06993,0.2,0
r_174,AI06322,0.5,1
r_160,AI12382,0.25,0
r_599,AI09175,0.25,0
r_566,AI06758,0.2,0
r_134,AI04074,0.25,0
r_451,AI02021,0.25,0
r_503,AI02833,0.25,0
r_673,AI03137,0.2,0
r_134,AI07970,0.2,0
r_132,AI07731,0.25,0
r_346,AI11644,0.25,0
r_406,AI04971,0.2,0
r_561,AI04997,0.2,0
r_160,AI12839,0.25,0
r_375,AI02904,0.25,0
r_656,AI11207,0.25,0
r_174,AI09253,0.2,0
r_588,AI06274,0.2,0
r_200,AI09286,0.5,1
r_539,AI00020,0.2,0
r_768,AI11781,0.5,1
r_673,AI14100,0.2,0
r_1154,AI08568,0.5,1
r_599,AI06753,0.25,0
r_209,AI08000,0.2,0
r_406,AI14481,0.25,0
r_93,AI02578,0.2,0
r_594,AI14128,0.2,0
r_594,AI04852,0.25,0
r_200,AI07446,0.25,0
r_224,AI13447,0.5,1
r_2155,AI04200,0.5,1
r_89,AI03922,0.25,0
r_1828,AI14187,0.5,1
r_375,AI08706,0.25,0
r_599,AI05012,0.2,0
r_561,AI13713,0.25,0
r_93,AI08118,0.2,0
r_209,AI07691,0.2,0
r_566,AI11643,0.25,0
r_132,AI09354,0.25,0
r_224,AI08057,0.2,0
r_588,AI06514,0.25,0
r_1817,AI04896,0.5,1
r_12,AI13914,0.5,1
r_160,AI07685,0.25,0
r_503,AI06234,0.2,0
r_134,AI01751,0.2,0
r_174,AI00342,0.25,0
r_375,AI10938,0.2,0
r_224,AI12686,0.25,0
r_209,AI13100,0.25,0
r_709,AI02466,0.5,1
r_2235,AI05183,0.5,1
r_132,AI03759,0.2,0
r_111,AI07336,0.2,0
r_93,AI03151,0.25,0
r_632,AI09457,0.25,0
r_656,AI12229,0.2,0
r_562,AI02467,0.2,0
r_12,AI05309,0.2,0
r_346,AI09489,0.2,0
r_209,AI00648,0.2,0
r_561,AI11485,0.2,0
r_111,AI04744,0.2,0
r_132,AI06758,0.2,0
r_224,AI14928,0.2,0
r_2136,AI13162,0.5,1
r_12,AI05848,0.25,0
r_187,AI09134,0.25,0
r_174,AI12325,0.2,0
r_539,AI08916,0.25,0
r_632,AI02343,0.25,0
r_12,AI08743,0.2,0
r_346,AI09237,0.25,0
r_346,AI13373,0.25,0
r_174,AI10421,0.2,0
r_406,AI11985,0.25,0
r_599,AI01703,0.2,0
r_599,AI08342,0.2,0
r_58,AI05236,0.2,0
r_89,AI02729,0.2,0
r_588,AI04776,0.25,0
r_111,AI00124,0.2,0
r_503,AI03759,0.2,0
r_599,AI13576,0.25,0
r_588,AI07592,0.25,0
r_539,AI02792,0.2,0
r_134,AI11294,0.2,0
r_963,AI10551,0.5,1
r_594,AI04153,0.25,0
r_134,AI14770,0.5,1
r_406,AI00569,0.25,0
r_588,AI01662,0.25,0
r_632,AI01541,0.25,0
r_200,AI00994,0.2,0
r_224,AI04377,0.2,0
r_575,AI03649,0.25,0
r_160,AI06515,0.25,0
r_132,AI09720,0.2,0
r_187,AI10720,0.25,0
r_1741,AI09637,0.5,1
r_174,AI02678,0.25,0
r_93,AI04997,0.2,0
r_561,AI05531,0.25,0
r_209,AI14173,0.2,0
r_12,AI00953,0.2,0
r_58,AI05508,0.25,0
r_562,AI04122,0.2,0
r_93,AI13278,0.2,0
r_89,AI08401,0.2,0
r_160,AI04009,0.2,0
r_187,AI09804,0.25,0
r_1197,AI13736,0.5,1
r_599,AI09943,0.2,0
r_200,AI12990,0.2,0
r_562,AI09627,0.25,0
r_12,AI12383,0.25,0
r_224,AI11510,0.25,0
r_656,AI12803,0.25,0
r_134,AI11257,0.2,0
r_224,AI04100,0.25,0
r_134,AI02071,0.2,0
r_89,AI13923,0.2,0
r_12,AI13644,0.2,0
r_406,AI09408,0.2,0
r_93,AI04469,0.25,0
r_656,AI00553,0.2,0
r_575,AI13872,0.2,0
r_588,AI13558,0.2,0
r_561,AI13214,0.25,0
r_134,AI01777,0.2,0
r_594,AI03746,0.2,0
r_632,AI10715,0.2,0
r_209,AI10050,0.2,0
r_89,AI05046,0.25,0
r_375,AI07156,0.25,0
r_209,AI12726,0.25,0
r_12,AI09456,0.2,0
r_588,AI09382,0.25,0
r_656,AI01949,0.25,0
r_2130,AI10648,0.5,1
r_93,AI03203,0.2,0
r_451,AI01253,0.25,0
r_594,AI03785,0.2,0
r_160,AI12234,0.25,0
r_187,AI00519,0.25,0
r_1197,AI10551,0.5,1
r_566,AI10463,0.25,0
r_111,AI03038,0.25,0
r_539,AI11985,0.25,0
r_58,AI03161,0.2,0
r_111,AI12021,0.25,0
r_160,AI12362,0.2,0
r_224,AI12279,0.2,0
r_134,AI07524,0.2,0
r_562,AI08832,0.2,0
r_160,AI13184,0.25,0
r_994,AI09286,0.5,1
r_187,AI07825,0.25,0
r_224,AI11866,0.2,0
r_575,AI07156,0.25,0
r_562,AI14558,0.25,0
r_2366,AI11748,0.5,1
r_575,AI03208,0.25,0
r_346,AI12787,0.25,0
r_562,AI08195,0.2,0
r_187,AI11368,0.2,0
r_562,AI07815,0.25,0
r_406,AI14471,0.2,0
r_575,AI09662,0.2,0
r_132,AI00910,0.25,0
r_224,AI14820,0.25,0
r_12,AI06819,0.25,0
r_575,AI08458,0.25,0
r_594,AI13965,0.25,0
r_209,AI00908,0.2,0
r_200,AI10944,0.25,0
r_200,AI00431,0.2,0
r_12,AI13693,0.25,0
r_187,AI01489,0.25,0
r_539,AI02270,0.2,0
r_539,AI12155,0.25,0
r_562,AI04931,0.2,0
r_656,AI10235,0.2,0
r_111,AI14573,0.2,0
r_406,AI04819,0.25,0
r_58,AI10714,0.25,0
r_656,AI10015,0.25,0
r_561,AI00288,0.2,0
r_561,AI11533,0.2,0
r_111,AI10472,0.25,0
r_346,AI02482,0.2,0
r_2955,AI09903,0.5,1
r_58,AI14517,0.25,0
r_160,AI09602,0.25,0
r_406,AI10695,0.2,0
r_503,AI13157,0.25,0
r_594,AI14993,0.25,0
r_566,AI12424,0.2,0
r_1790,AI09843,0.5,1
r_160,AI04994,0.2,0
r_673,AI06561,0.25,0
r_656,AI01479,0.2,0
r_209,AI04418,0.2,0
r_132,AI02900,0.25,0
r_599,AI07150,0.2,0
r_160,AI09943,0.2,0
r_200,AI00816,0.25,0
r_187,AI12574,0.25,0
r_132,AI03667,0.2,0
r_503,AI11358,0.25,0
r_12,AI07592,0.25,0
r_539,AI06758,0.2,0
r_503,AI12386,0.25,0
r_12,AI12019,0.25,0
r_111,AI09685,0.25,0
r_575,AI06090,0.2,0
r_656,AI07851,0.2,0
r_673,AI13886,0.25,0
r_673,AI00572,0.25,0
r_174,AI03378,0.2,0
r_406,AI01479,0.2,0
r_632,AI01001,0.2,0
r_132,AI10828,0.2,0
r_200,AI00437,0.25,0
r_656,AI06515,0.25,0
r_200,AI12212,0.2,0
r_132,AI03948,0.25,0
r_594,AI04521,0.25,0
r_134,AI02345,0.25,0
r_656,AI11410,0.25,0
r_375,AI08061,0.2,0
r_375,AI06201,0.25,0
r_562,AI03934,0.2,0
r_111,AI13845,0.2,0
r_632,AI12152,0.2,0
r_1823,AI01770,0.5,1
r_89,AI03905,0.2,0
r_599,AI03322,0.25,0
r_58,AI10272,0.25,0
r_594,AI10785,0.25,0
r_588,AI05073,0.2,0
r_132,AI08013,0.2,0
r_89,AI12409,0.2,0
r_632,AI02675,0.2,0
r_406,AI04896,0.5,1
r_224,AI12780,0.5,1
r_93,AI10173,0.2,0
r_1811,AI14187,0.5,1
r_12,AI14392,0.2,0
r_111,AI09390,0.2,0
r_2869,AI02054,0.5,1
r_209,AI07202,0.25,0
r_134,AI07084,0.2,0
r_132,AI06350,0.25,0
r_375,AI08997,0.25,0
r_1568,AI08383,0.5,1
r_134,AI03279,0.25,0
r_89,AI07637,0.2,0
r_594,AI00961,0.2,0
r_346,AI09458,0.2,0
r_656,AI05391,0.2,0
r_89,AI04506,0.2,0
r_2927,AI12281,0.5,1
r_673,AI04498,0.25,0
r_89,AI01943,0.25,0
r_561,AI05941,0.25,0
r_1197,AI10587,0.5,1
r_539,AI12362,0.2,0
r_575,AI01370,0.25,0
r_1823,AI13808,0.5,1
r_451,AI04105,0.2,0
r_539,AI11827,0.25,0
r_709,AI12760,0.5,1
r_160,AI03803,0.25,0
r_406,AI00712,0.25,0
r_406,AI00288,0.2,0
r_134,AI13602,0.2,0
r_174,AI00557,0.25,0
r_224,AI13258,0.2,0
r_111,AI07555,0.2,0
r_562,AI03531,0.25,0
r_632,AI14220,0.25,0
r_187,AI04611,0.2,0
r_132,AI10944,0.25,0
r_566,AI06156,0.2,0
r_562,AI00764,0.2,0
r_503,AI01488,0.2,0
r_174,AI06869,0.25,0
r_588,AI03749,0.25,0
r_2638,AI10587,0.5,1
r_588,AI09286,0.5,1
r_58,AI06090,0.2,0
r_224,AI04118,0.25,0
r_503,AI00683,0.2,0
r_187,AI12384,0.25,0
r_673,AI05553,0.25,0
r_12,AI00508,0.2,0
r_209,AI00492,0.2,0
r_93,AI10276,0.25,0
r_93,AI04128,0.2,0
r_12,AI00003,0.2,0
r_132,AI10534,0.25,0
r_503,AI12521,0.25,0
r_2602,AI11725,0.5,1
r_673,AI12273,0.25,0
r_562,AI07011,0.2,0
r_562,AI10784,0.25,0
r_224,AI08870,0.2,0
r_132,AI01888,0.2,0
r_503,AI10294,0.25,0
r_89,AI05489,0.25,0
r_174,AI03725,0.2,0
r_174,AI05303,0.2,0
r_539,AI01124,0.25,0
r_539,AI11918,0.25,0
r_58,AI09138,0.2,0
r_12,AI03980,0.25,0
r_89,AI08616,0.25,0
r_503,AI04175,0.2,0
r_224,AI06157,0.2,0
r_200,AI14238,0.25,0
r_594,AI09050,0.25,0
r_562,AI03867,0.25,0
r_174,AI12037,0.5,1
r_89,AI12973,0.25,0
r_656,AI14445,0.2,0
r_1823,AI14320,0.5,1
r_209,AI03742,0.5,1
r_12,AI05850,0.25,0
r_134,AI09824,0.2,0
r_12,AI08453,0.25,0
r_174,AI07051,0.2,0
r_375,AI01566,0.2,0
r_656,AI10828,0.2,0
r_451,AI09138,0.2,0
r_160,AI08945,0.25,0
r_594,AI12337,0.25,0
r_89,AI06944,0.5,1
r_2955,AI13162,0.5,1
r_209,AI07726,0.2,0
r_575,AI01818,0.2,0
r_93,AI14793,0.25,0
r_539,AI10760,0.2,0
r_375,AI13356,0.2,0
r_594,AI01547,0.2,0
r_406,AI10648,0.5,1
r_632,AI02846,0.2,0
r_134,AI08453,0.25,0
r_346,AI00020,0.2,0
r_681,AI14320,0.5,1
r_132,AI04029,0.25,0
r_134,AI09133,0.2,0
r_224,AI14441,0.25,0
r_566,AI10516,0.2,0
r_1261,AI14187,0.5,1
r_451,AI00692,0.2,0
r_503,AI02673,0.25,0
r_209,AI05860,0.25,0
r_209,AI10161,0.2,0
r_209,AI13023,0.2,0
r_632,AI03076,0.2,0
r_132,AI05799,0.25,0
r_599,AI02339,0.2,0
r_599,AI02212,0.2,0
r_594,AI00656,0.25,0
r_561,AI13728,0.2,0
r_111,AI09619,0.2,0
r_111,AI10439,0.25,0
r_594,AI10501,0.25,0
r_58,AI08148,0.2,0
r_134,AI12451,0.2,0
r_346,AI12688,0.25,0
r_1774,AI01474,0.5,1
r_187,AI13233,0.2,0
r_209,AI03188,0.2,0
r_561,AI04611,0.2,0
r_375,AI11122,0.5,1
r_673,AI03852,0.2,0
r_209,AI06100,0.25,0
r_594,AI01403,0.2,0
r_111,AI08782,0.2,0
r_2155,AI11212,0.5,1
r_594,AI05976,0.25,0
r_111,AI06204,0.2,0
r_561,AI13269,0.2,0
r_539,AI07773,0.25,0
r_656,AI11285,0.25,0
r_160,AI10760,0.2,0
r_93,AI07156,0.25,0
r_632,AI10183,0.2,0
r_588,AI02833,0.25,0
r_375,AI01044,0.2,0
r_346,AI02515,0.2,0
r_58,AI01096,0.2,0
r_656,AI07011,0.2,0
r_12,AI03287,0.25,0
r_346,AI13350,0.25,0
r_346,AI05819,0.2,0
r_160,AI11950,0.2,0
r_566,AI02931,0.25,0
r_1773,AI11781,0.5,1
r_12,AI11019,0.2,0
r_1961,AI08237,0.5,1
r_1702,AI13162,0.5,1
r_2955,AI01107,0.5,1
r_561,AI05988,0.2,0
r_575,AI11376,0.2,0
r_599,AI08844,0.2,0
r_160,AI14917,0.25,0
r_134,AI03125,0.2,0
r_575,AI03757,0.2,0
r_12,AI07193,0.2,0
r_562,AI03641,0.2,0
r_160,AI14374,0.2,0
r_594,AI03324,0.25,0
r_160,AI02339,0.2,0
r_503,AI10701,0.2,0
r_575,AI06692,0.2,0
r_599,AI02800,0.2,0
r_2937,AI12780,0.5,1
r_561,AI01533,0.2,0
r_160,AI07625,0.25,0
r_187,AI05941,0.25,0
r_599,AI12416,0.25,0
r_562,AI05534,0.25,0
r_1790,AI06944,0.5,1
r_346,AI14151,0.25,0
r_58,AI14236,0.25,0
r_561,AI08652,0.25,0
r_2366,AI08568,0.5,1
r_89,AI02613,0.25,0
r_3011,AI09637,0.5,1
r_632,AI05163,0.2,0
r_1955,AI12281,0.5,1
r_12,AI14943,0.25,0
r_594,AI12229,0.2,0
r_561,AI05568,0.5,1
r_160,AI09157,0.2,0
r_209,AI02503,0.2,0
r_2922,AI06832,0.5,1
r_209,AI08116,0.2,0
r_575,AI09671,0.25,0
r_2922,AI09342,0.5,1
r_406,AI02378,0.25,0
r_539,AI07691,0.2,0
r_594,AI02771,0.25,0
r_561,AI11553,0.2,0
r_539,AI05108,0.2,0
r_656,AI10534,0.25,0
r_588,AI07718,0.2,0
r_656,AI04994,0.2,0
r_134,AI07453,0.25,0
r_111,AI11067,0.2,0
r_451,AI06911,0.25,0
r_93,AI06479,0.25,0
r_209,AI12445,0.25,0
r_132,AI05469,0.25,0
r_132,AI14946,0.25,0
r_451,AI03759,0.2,0
r_346,AI12179,0.25,0
r_160,AI14464,0.2,0
r_539,AI04776,0.25,0
r_566,AI10388,0.25,0
r_503,AI09807,0.2,0
r_406,AI07301,0.2,0
r_93,AI11207,0.25,0
r_134,AI14612,0.25,0
r_187,AI08429,0.5,1
r_12,AI03121,0.25,0
r_209,AI13012,0.25,0
r_2603,AI14362,0.5,1
r_539,AI04964,0.25,0
r_224,AI13682,0.2,0
r_134,AI05913,0.25,0
r_12,AI08171,0.25,0
r_200,AI09490,0.2,0
r_673,AI13738,0.2,0
r_89,AI07453,0.25,0
r_561,AI09669,0.2,0
r_599,AI09022,0.2,0
r_132,AI13334,0.2,0
r_673,AI01752,0.25,0
r_224,AI10826,0.2,0
r_174,AI10495,0.2,0
r_632,AI03787,0.25,0
r_375,AI09953,0.25,0
r_111,AI11062,0.2,0
r_58,AI13594,0.25,0
r_12,AI10332,0.25,0
r_451,AI09782,0.25,0
r_200,AI03411,0.25,0
r_200,AI06936,0.2,0
r_209,AI08810,0.2,0
r_656,AI02263,0.25,0
r_58,AI08568,0.5,1
r_656,AI03081,0.2,0
r_132,AI00082,0.25,0
r_1205,AI05183,0.5,1
r_599,AI09544,0.25,0
r_2848,AI08237,0.5,1
r_561,AI06029,0.2,0
r_93,AI09095,0.25,0
r_588,AI11805,0.25,0
r_200,AI03146,0.25,0
r_503,AI10748,0.2,0
r_132,AI14655,0.25,0
r_566,AI02424,0.2,0
r_539,AI01818,0.2,0
r_575,AI08755,0.2,0
r_209,AI11019,0.2,0
r_2602,AI14649,0.5,1
r_561,AI00569,0.25,0
r_132,AI06204,0.2,0
r_599,AI04100,0.25,0
r_209,AI09249,0.25,0
r_406,AI10305,0.2,0
r_451,AI09372,0.2,0
r_539,AI08997,0.25,0
r_200,AI03360,0.2,0
r_58,AI09089,0.25,0
r_632,AI03992,0.25,0
r_562,AI03457,0.25,0
r_562,AI08706,0.25,0
r_111,AI05948,0.25,0
r_174,AI14539,0.25,0
r_12,AI10768,0.5,1
r_673,AI11367,0.2,0
r_575,AI11986,0.2,0
r_503,AI14086,0.2,0
r_566,AI03448,0.25,0
r_209,AI01422,0.2,0
r_503,AI14324,0.2,0
r_588,AI11471,0.2,0
r_561,AI02350,0.25,0
r_132,AI01564,0.25,0
r_224,AI12285,0.25,0
r_562,AI07810,0.25,0
r_632,AI03120,0.2,0
r_12,AI05402,0.2,0
r_599,AI10545,0.2,0
r_588,AI00172,0.2,0
r_656,AI13985,0.25,0
r_12,AI03077,0.25,0
r_89,AI13260,0.2,0
r_224,AI10897,0.2,0
r_224,AI00886,0.5,1
r_174,AI04163,0.2,0
r_89,AI03260,0.25,0
r_12,AI13329,0.25,0
r_224,AI04068,0.25,0
r_160,AI08126,0.25,0
r_451,AI08515,0.25,0
r_224,AI04737,0.25,0
r_451,AI08533,0.2,0
r_566,AI03351,0.2,0
r_632,AI08013,0.2,0
r_656,AI01057,0.25,0
r_561,AI08083,0.2,0
r_632,AI03355,0.25,0
r_566,AI07473,0.25,0
r_588,AI05480,0.2,0
r_539,AI04327,0.25,0
r_89,AI02771,0.25,0
r_209,AI00098,0.2,0
r_673,AI09587,0.25,0
r_632,AI06608,0.25,0
r_406,AI09619,0.2,0
r_187,AI08354,0.25,0
r_594,AI07050,0.25,0
r_134,AI04119,0.2,0
r_588,AI04190,0.2,0
r_346,AI02343,0.25,0
r_2173,AI11748,0.5,1
r_93,AI06180,0.2,0
r_224,AI12643,0.2,0
r_89,AI07807,0.25,0
r_406,AI13623,0.2,0
r_566,AI09030,0.25,0
r_132,AI08193,0.25,0
r_132,AI09614,0.2,0
r_575,AI07087,0.2,0
r_58,AI06723,0.2,0
r_963,AI02466,0.5,1
r_174,AI01846,0.2,0
r_200,AI12034,0.25,0
r_346,AI08174,0.2,0
r_562,AI09518,0.25,0
r_1955,AI03714,0.5,1
r_656,AI05108,0.2,0
r_594,AI08049,0.2,0
r_2848,AI00045,0.5,1
r_562,AI01517,0.2,0
r_575,AI13908,0.25,0
r_174,AI08236,0.2,0
r_588,AI08440,0.2,0
r_599,AI06201,0.25,0
r_224,AI05529,0.2,0
r_656,AI02754,0.25,0
r_58,AI01491,0.25,0
r_375,AI04964,0.25,0
r_451,AI09807,0.2,0
r_134,AI01860,0.2,0
r_111,AI11485,0.2,0
r_89,AI04190,0.2,0
r_93,AI12593,0.25,0
r_575,AI07269,0.25,0
r_134,AI07726,0.2,0
r_224,AI07084,0.2,0
r_224,AI01969,0.2,0
r_575,AI09354,0.25,0
r_673,AI14068,0.25,0
r_451,AI08633,0.25,0
r_539,AI12995,0.2,0
r_599,AI04651,0.2,0
r_673,AI03932,0.25,0
r_451,AI14335,0.2,0
r_12,AI04230,0.25,0
r_599,AI08581,0.25,0
r_89,AI02573,0.2,0
r_89,AI03599,0.25,0
r_111,AI13458,0.25,0
r_539,AI08690,0.2,0
r_1417,AI10587,0.5,1
r_160,AI00365,0.2,0
r_561,AI08233,0.2,0
r_539,AI07980,0.2,0
r_673,AI02878,0.25,0
r_575,AI08429,0.5,1
r_406,AI00725,0.2,0
r_174,AI08740,0.2,0
r_406,AI11060,0.25,0
r_406,AI09442,0.25,0
r_160,AI06709,0.2,0
r_132,AI12962,0.2,0
r_174,AI10793,0.25,0
r_89,AI13969,0.25,0
r_375,AI13645,0.2,0
r_134,AI06293,0.25,0
r_768,AI05301,0.5,1
r_2155,AI09066,0.5,1
r_562,AI06069,0.2,0
r_174,AI08034,0.25,0
r_132,AI11507,0.25,0
r_656,AI11485,0.2,0
r_594,AI02431,0.2,0
r_575,AI08233,0.2,0
r_187,AI11987,0.2,0
r_594,AI13359,0.25,0
r_200,AI03076,0.2,0
r_1790,AI05758,0.5,1
r_187,AI10472,0.25,0
r_89,AI08483,0.25,0
r_503,AI01228,0.2,0
r_1027,AI11212,0.5,1
r_1790,AI01770,0.5,1
r_58,AI01033,0.25,0
r_594,AI05489,0.25,0
r_539,AI11643,0.25,0
r_132,AI01370,0.25,0
r_566,AI03355,0.25,0
r_174,AI02001,0.25,0
r_562,AI13531,0.25,0
r_594,AI05756,0.25,0
r_375,AI12783,0.25,0
r_594,AI11088,0.2,0
r_200,AI07592,0.25,0
r_562,AI06879,0.2,0
r_224,AI12485,0.25,0
r_58,AI09655,0.2,0
r_566,AI06580,0.2,0
r_656,AI06869,0.25,0
r_209,AI12041,0.25,0
r_575,AI03544,0.25,0
r_58,AI12741,0.25,0
r_134,AI05062,0.25,0
r_187,AI12783,0.25,0
r_89,AI05402,0.2,0
r_375,AI10516,0.2,0
r_599,AI14445,0.2,0
r_375,AI14352,0.25,0
r_111,AI05801,0.25,0
r_539,AI13785,0.2,0
r_566,AI07592,0.25,0
r_561,AI12069,0.2,0
r_561,AI01086,0.2,0
r_566,AI04091,0.25,0
r_561,AI14036,0.2,0
r_673,AI08696,0.2,0
r_111,AI04228,0.25,0
r_111,AI07952,0.2,0
r_562,AI03296,0.25,0
r_575,AI08508,0.2,0
r_346,AI14220,0.25,0
r_588,AI07724,0.2,0
r_134,AI09100,0.2,0
r_406,AI02098,0.2,0
r_89,AI13012,0.25,0
r_346,AI14481,0.25,0
r_111,AI00057,0.25,0
r_503,AI03203,0.2,0
r_632,AI10906,0.25,0
r_346,AI09544,0.25,0
r_346,AI06296,0.5,1
r_187,AI10404,0.25,0
r_632,AI14648,0.2,0
r_756,AI04896,0.5,1
r_132,AI04970,0.25,0
r_632,AI09380,0.2,0
r_562,AI08018,0.2,0
r_503,AI11032,0.2,0
r_588,AI12643,0.2,0
r_160,AI00194,0.25,0
r_1154,AI09342,0.5,1
r_539,AI06753,0.25,0
r_656,AI04345,0.25,0
r_503,AI05941,0.25,0
r_632,AI00764,0.2,0
r_174,AI14273,0.5,1
r_346,AI07022,0.2,0
r_93,AI06363,0.2,0
r_209,AI04869,0.2,0
r_12,AI08483,0.25,0
r_174,AI12163,0.2,0
r_224,AI01568,0.25,0
r_566,AI02466,0.5,1
r_134,AI03714,0.5,1
r_132,AI12393,0.25,0
r_89,AI08344,0.2,0
r_134,AI04427,0.25,0
r_224,AI13513,0.25,0
r_160,AI01818,0.2,0
r_12,AI05510,0.2,0
r_132,AI03582,0.2,0
r_599,AI13670,0.25,0
r_89,AI01368,0.2,0
r_89,AI01927,0.25,0
r_209,AI07949,0.25,0
r_346,AI06195,0.25,0
r_599,AI01814,0.2,0
r_599,AI09342,0.5,1
r_93,AI04878,0.2,0
r_599,AI12834,0.25,0
r_200,AI08804,0.25,0
r_134,AI08888,0.25,0
r_673,AI13037,0.25,0
r_89,AI09708,0.2,0
r_89,AI12513,0.25,0
r_89,AI14607,0.2,0
r_575,AI10397,0.2,0
r_588,AI09655,0.2,0
r_134,AI04088,0.25,0
r_346,AI13342,0.2,0
r_375,AI11987,0.2,0
r_89,AI13848,0.2,0
r_503,AI05821,0.25,0
r_566,AI02474,0.25,0
r_539,AI11328,0.2,0
r_132,AI11769,0.25,0
r_187,AI03995,0.2,0
r_599,AI11525,0.25,0
r_12,AI13979,0.2,0
r_89,AI10026,0.5,1
r_375,AI06877,0.2,0
r_1702,AI14924,0.5,1
r_561,AI08126,0.25,0
r_375,AI04833,0.2,0
r_503,AI14792,0.2,0
r_503,AI14238,0.25,0
r_134,AI00701,0.2,0
r_594,AI06065,0.2,0
r_539,AI02466,0.5,1
r_187,AI14352,0.25,0
r_160,AI09175,0.25,0
r_375,AI02021,0.25,0
r_224,AI05045,0.25,0
r_224,AI04752,0.25,0
r_575,AI10080,0.2,0
r_58,AI05301,0.5,1
r_160,AI11484,0.25,0
r_451,AI04091,0.25,0
r_93,AI00593,0.25,0
r_174,AI06030,0.25,0
r_2895,AI10422,0.5,1
r_111,AI02515,0.2,0
r_503,AI00431,0.2,0
r_451,AI05481,0.2,0
r_58,AI00867,0.2,0
r_160,AI13273,0.2,0
r_588,AI09604,0.2,0
r_224,AI12214,0.25,0
r_562,AI06156,0.2,0
r_160,AI03320,0.2,0
r_134,AI13687,0.25,0
r_187,AI00225,0.25,0
r_599,AI12590,0.25,0
r_656,AI00124,0.2,0
r_160,AI13165,0.2,0
r_375,AI04469,0.25,0
r_132,AI06855,0.25,0
r_673,AI04418,0.2,0
r_503,AI03072,0.5,1
r_451,AI03634,0.25,0
r_656,AI05531,0.25,0
r_12,AI07576,0.25,0
r_656,AI03590,0.25,0
r_1724,AI11959,0.5,1
r_134,AI00886,0.5,1
r_111,AI09434,0.5,1
r_200,AI05689,0.2,0
r_174,AI13659,0.25,0
r_451,AI01439,0.25,0
r_346,AI04749,0.25,0
r_93,AI07900,0.2,0
r_160,AI05439,0.2,0
r_346,AI04098,0.2,0
r_174,AI12640,0.2,0
r_58,AI09022,0.2,0
r_588,AI03076,0.2,0
r_588,AI11858,0.25,0
r_806,AI14924,0.5,1
r_594,AI01051,0.25,0
r_12,AI07340,0.25,0
r_93,AI12121,0.25,0
r_174,AI08413,0.25,0
r_93,AI09202,0.25,0
r_2504,AI02054,0.5,1
r_346,AI11751,0.2,0
r_656,AI11419,0.25,0
r_375,AI14714,0.2,0
r_1741,AI02054,0.5,1
r_451,AI11490,0.5,1
r_632,AI01044,0.2,0
r_187,AI07555,0.2,0
r_996,AI13736,0.5,1
r_12,AI08391,0.25,0
r_132,AI14471,0.2,0
r_594,AI12450,0.25,0
r_451,AI01838,0.25,0
r_174,AI09310,0.2,0
r_594,AI13022,0.25,0
r_656,AI05508,0.25,0
r_200,AI01431,0.2,0
r_134,AI03049,0.25,0
r_588,AI02678,0.25,0
r_594,AI00816,0.25,0
r_406,AI11001,0.2,0
r_346,AI11315,0.2,0
r_375,AI06589,0.25,0
r_111,AI10561,0.25,0
r_89,AI11222,0.25,0
r_566,AI01440,0.25,0
r_539,AI03852,0.2,0
r_134,AI07818,0.25,0
r_2716,AI00156,0.5,1
r_134,AI00785,0.2,0
r_58,AI14151,0.25,0
r_575,AI04698,0.2,0
r_2869,AI11781,0.5,1
r_160,AI04550,0.25,0
r_200,AI08182,0.25,0
r_575,AI03146,0.25,0
r_89,AI11980,0.2,0
r_599,AI07448,0.25,0
r_200,AI05941,0.25,0
r_599,AI00793,0.25,0
r_539,AI09137,0.25,0
r_575,AI14911,0.2,0
r_656,AI01439,0.25,0
r_2264,AI00007,0.5,1
r_539,AI09408,0.2,0
r_575,AI14236,0.25,0
r_187,AI10767,0.2,0
r_209,AI07970,0.2,0
r_2955,AI00436,0.5,1
r_562,AI05594,0.25,0
r_89,AI13445,0.2,0
r_575,AI13379,0.2,0
r_89,AI10886,0.2,0
r_588,AI00327,0.25,0
r_673,AI02958,0.25,0
r_566,AI13872,0.2,0
r_406,AI05202,0.2,0
r_58,AI02102,0.2,0
r_2195,AI11959,0.5,1
r_160,AI02168,0.25,0
r_562,AI11902,0.25,0
r_132,AI02051,0.25,0
r_58,AI11600,0.2,0
r_89,AI02217,0.2,0
r_174,AI14475,0.5,1
r_588,AI03908,0.2,0
r_224,AI04716,0.2,0
r_132,AI03042,0.2,0
r_346,AI03016,0.25,0
r_562,AI05632,0.25,0
r_562,AI13269,0.2,0
r_93,AI03712,0.25,0
r_89,AI11783,0.2,0
r_451,AI04738,0.25,0
r_503,AI13373,0.25,0
r_599,AI07606,0.2,0
r_2848,AI08568,0.5,1
r_174,AI07368,0.2,0
r_134,AI04379,0.2,0
r_451,AI11122,0.5,1
r_599,AI06204,0.2,0
r_2895,AI14362,0.5,1
r_406,AI08945,0.25,0
r_656,AI10551,0.5,1
r_673,AI00495,0.25,0
r_134,AI14067,0.2,0
r_656,AI05129,0.25,0
r_58,AI11490,0.5,1
r_1531,AI11725,0.5,1
r_451,AI06314,0.2,0
r_594,AI00140,0.25,0
r_562,AI02736,0.2,0
r_681,AI10995,0.5,1
r_562,AI10938,0.2,0
r_406,AI08061,0.2,0
r_594,AI02417,0.2,0
r_1702,AI03714,0.5,1
r_588,AI01479,0.2,0
r_111,AI08647,0.2,0
r_566,AI07150,0.2,0
r_12,AI04281,0.25,0
r_503,AI05206,0.2,0
r_187,AI14238,0.25,0
r_174,AI00465,0.25,0
r_160,AI05062,0.25,0
r_673,AI01705,0.2,0
r_58,AI01086,0.2,0
r_575,AI14238,0.25,0
r_575,AI12856,0.2,0
r_566,AI11760,0.25,0
r_2953,AI13061,0.5,1
r_562,AI13374,0.25,0
r_539,AI04798,0.25,0
r_58,AI11751,0.2,0
r_539,AI06729,0.25,0
r_566,AI12604,0.25,0
r_539,AI07592,0.25,0
r_58,AI00926,0.25,0
r_200,AI03639,0.25,0
r_132,AI09089,0.25,0
r_174,AI00348,0.25,0
r_134,AI08006,0.25,0
r_673,AI10549,0.25,0
r_160,AI04911,0.2,0
r_1702,AI08705,0.5,1
r_346,AI04798,0.25,0
r_200,AI03483,0.25,0
r_575,AI11368,0.2,0
r_451,AI03639,0.25,0
r_174,AI09898,0.25,0
r_12,AI01969,0.2,0
r_599,AI11643,0.25,0
r_566,AI00683,0.2,0
r_451,AI05062,0.25,0
r_2848,AI09286,0.5,1
r_575,AI12366,0.2,0
r_575,AI08354,0.25,0
r_451,AI03509,0.2,0
r_111,AI04190,0.2,0
r_209,AI05274,0.25,0
r_224,AI06932,0.25,0
r_224,AI03502,0.25,0
r_58,AI03525,0.25,0
r_451,AI01216,0.2,0
r_200,AI14367,0.2,0
r_562,AI11748,0.5,1
r_375,AI12961,0.25,0
r_656,AI06429,0.25,0
r_134,AI10094,0.25,0
r_58,AI02343,0.25,0
r_12,AI02158,0.25,0
r_89,AI01229,0.2,0
r_346,AI11647,0.25,0
r_346,AI04430,0.25,0
r_174,AI12034,0.25,0
r_594,AI11269,0.25,0
r_575,AI03582,0.2,0
r_58,AI08025,0.2,0
r_575,AI07851,0.2,0
r_89,AI00701,0.2,0
r_132,AI14699,0.2,0
r_575,AI00866,0.2,0
r_656,AI06855,0.25,0
r_451,AI10212,0.25,0
r_588,AI12182,0.2,0
r_503,AI03328,0.2,0
r_134,AI01087,0.2,0
r_673,AI11326,0.2,0
r_503,AI10561,0.25,0
r_632,AI04786,0.25,0
r_12,AI05612,0.5,1
r_174,AI14788,0.2,0
r_575,AI04216,0.2,0
r_632,AI13908,0.25,0
r_224,AI02771,0.25,0
r_588,AI08699,0.25,0
r_132,AI01818,0.2,0
r_562,AI01478,0.25,0
r_561,AI14402,0.2,0
r_562,AI13321,0.25,0
r_681,AI06944,0.5,1
r_58,AI06440,0.2,0
r_174,AI04687,0.25,0
r_58,AI09804,0.25,0
r_134,AI04221,0.25,0
r_673,AI02641,0.25,0
r_783,AI09573,0.5,1
r_200,AI03033,0.2,0
r_93,AI08701,0.25,0
r_375,AI04994,0.2,0
r_160,AI10212,0.25,0
r_575,AI00692,0.2,0
r_93,AI12604,0.25,0
r_1817,AI11122,0.5,1
r_503,AI09737,0.2,0
r_12,AI14287,0.2,0
r_89,AI01664,0.2,0
r_200,AI09874,0.2,0
r_503,AI11959,0.5,1
r_561,AI02550,0.25,0
r_132,AI02754,0.25,0
r_673,AI00744,0.25,0
r_93,AI04009,0.2,0
r_656,AI00644,0.2,0
r_566,AI10449,0.25,0
r_200,AI00063,0.25,0
r_673,AI02463,0.25,0
r_89,AI12686,0.25,0
r_656,AI12795,0.2,0
r_134,AI05433,0.2,0
r_224,AI05792,0.2,0
r_375,AI07019,0.2,0
r_134,AI14943,0.25,0
r_566,AI11329,0.25,0
r_174,AI09190,0.25,0
r_673,AI01169,0.25,0
r_134,AI13914,0.5,1
r_134,AI08529,0.25,0
r_503,AI00649,0.2,0
r_200,AI02345,0.25,0
r_93,AI05439,0.2,0
r_209,AI04100,0.25,0
r_588,AI03189,0.25,0
r_346,AI01763,0.2,0
r_656,AI07113,0.25,0
r_58,AI04744,0.2,0
r_174,AI13019,0.25,0
r_588,AI06479,0.25,0
r_656,AI05933,0.25,0
r_539,AI12559,0.2,0
r_656,AI07718,0.2,0
r_673,AI04041,0.2,0
r_599,AI08126,0.25,0
r_1531,AI01045,0.5,1
r_134,AI13416,0.2,0
r_2667,AI05183,0.5,1
r_575,AI09058,0.25,0
r_375,AI14733,0.2,0
r_209,AI12622,0.25,0
r_134,AI04413,0.25,0
r_632,AI03033,0.2,0
r_111,AI01500,0.25,0
r_656,AI10962,0.2,0
r_187,AI04465,0.25,0
r_174,AI14017,0.2,0
r_200,AI06350,0.25,0
r_594,AI13984,0.2,0
r_594,AI01180,0.25,0
r_174,AI02651,0.2,0
r_12,AI13184,0.25,0
r_451,AI07011,0.2,0
r_566,AI02067,0.2,0
r_594,AI14006,0.2,0
r_132,AI01873,0.25,0
r_187,AI02510,0.25,0
r_134,AI05933,0.25,0
r_406,AI06993,0.2,0
r_539,AI01943,0.25,0
r_588,AI03559,0.2,0
r_2937,AI10995,0.5,1
r_224,AI01983,0.2,0
r_12,AI13258,0.2,0
r_656,AI01651,0.25,0
r_134,AI00493,0.25,0
r_89,AI03011,0.2,0
r_375,AI07555,0.2,0
r_346,AI00208,0.2,0
r_58,AI04786,0.25,0
r_174,AI01839,0.25,0
r_2869,AI08429,0.5,1
r_2366,AI02054,0.5,1
r_174,AI11125,0.2,0
r_375,AI01033,0.25,0
r_200,AI07860,0.2,0
r_632,AI09202,0.25,0
r_599,AI14339,0.2,0
r_588,AI10302,0.25,0
r_588,AI00994,0.2,0
r_187,AI09129,0.25,0
r_503,AI03816,0.25,0
r_561,AI08647,0.2,0
r_599,AI14026,0.2,0
r_503,AI13458,0.25,0
r_588,AI06646,0.2,0
r_132,AI09442,0.25,0
r_575,AI06569,0.2,0
r_209,AI10922,0.2,0
r_451,AI09022,0.2,0
r_561,AI02212,0.2,0
r_89,AI06789,0.2,0
r_575,AI07150,0.2,0
r_209,AI05488,0.2,0
r_632,AI11755,0.5,1
r_12,AI05400,0.25,0
r_539,AI09710,0.2,0
r_1205,AI06825,0.5,1
r_134,AI09544,0.25,0
r_187,AI03559,0.2,0
r_539,AI06258,0.25,0
r_111,AI06833,0.25,0
r_1790,AI01045,0.5,1
r_89,AI11026,0.2,0
r_1027,AI08568,0.5,1
r_562,AI10015,0.25,0
r_93,AI07336,0.2,0
r_346,AI11525,0.25,0
r_93,AI10322,0.25,0
r_673,AI00002,0.2,0
r_224,AI04884,0.25,0
r_599,AI09969,0.25,0
r_451,AI11784,0.25,0
r_346,AI00816,0.25,0
r_451,AI10363,0.25,0
r_562,AI05388,0.25,0
r_1741,AI06296,0.5,1
r_224,AI00493,0.25,0
r_375,AI09286,0.5,1
r_12,AI10636,0.2,0
r_160,AI00464,0.25,0
r_2299,AI12760,0.5,1
r_58,AI08831,0.25,0
r_2299,AI10422,0.5,1
r_539,AI11748,0.5,1
r_566,AI04896,0.5,1
r_375,AI11643,0.25,0
r_562,AI01735,0.25,0
r_375,AI14437,0.2,0
r_599,AI05338,0.25,0
r_160,AI09354,0.25,0
r_562,AI03151,0.25,0
r_451,AI02474,0.25,0
r_451,AI13028,0.2,0
r_224,AI04402,0.2,0
r_12,AI09402,0.2,0
r_89,AI00492,0.2,0
r_561,AI12214,0.25,0
r_200,AI03208,0.25,0
r_346,AI06156,0.2,0
r_132,AI05635,0.2,0
r_539,AI07301,0.2,0
r_346,AI00712,0.25,0
r_224,AI14654,0.25,0
r_375,AI13606,0.25,0
r_346,AI11329,0.25,0
r_562,AI01437,0.2,0
r_539,AI11588,0.2,0
r_575,AI08966,0.25,0
r_792,AI00045,0.5,1
r_346,AI00591,0.25,0
r_588,AI04786,0.25,0
r_503,AI08013,0.2,0
r_451,AI00305,0.2,0
r_632,AI11471,0.2,0
r_132,AI06230,0.25,0
r_406,AI03634,0.25,0
r_632,AI07372,0.25,0
r_561,AI13273,0.2,0
r_673,AI05146,0.2,0
r_111,AI06515,0.25,0
r_346,AI01673,0.2,0
r_588,AI06082,0.2,0
r_632,AI12715,0.25,0
r_632,AI00605,0.2,0
r_200,AI09030,0.25,0
r_224,AI01552,0.25,0
r_632,AI01517,0.2,0
r_224,AI11899,0.2,0
r_451,AI04688,0.2,0
r_566,AI11730,0.25,0
r_599,AI08782,0.2,0
r_187,AI10244,0.2,0
r_451,AI10449,0.25,0
r_588,AI08840,0.25,0
r_561,AI00926,0.25,0
r_566,AI03033,0.2,0
r_2940,AI14362,0.5,1
r_209,AI13629,0.2,0
r_594,AI06650,0.25,0
r_209,AI08967,0.25,0
r_673,AI13851,0.2,0
r_575,AI03033,0.2,0
r_539,AI09969,0.25,0
r_594,AI09021,0.25,0
r_12,AI11964,0.25,0
r_160,AI08652,0.25,0
r_134,AI04123,0.25,0
r_89,AI04722,0.5,1
r_588,AI12500,0.2,0
r_562,AI04465,0.25,0
r_594,AI08828,0.25,0
r_224,AI08476,0.2,0
r_451,AI09058,0.25,0
r_503,AI04776,0.25,0
r_599,AI13885,0.2,0
r_594,AI01988,0.2,0
r_561,AI05426,0.2,0
r_93,AI12214,0.25,0
r_588,AI06936,0.2,0
r_111,AI05933,0.25,0
r_174,AI12186,0.2,0
r_209,AI07206,0.25,0
r_673,AI09858,0.2,0
r_632,AI02292,0.2,0
r_599,AI11050,0.2,0
r_224,AI01655,0.2,0
r_93,AI10363,0.25,0
r_594,AI01444,0.2,0
r_406,AI06308,0.2,0
r_588,AI11101,0.25,0
r_632,AI04222,0.25,0
r_111,AI00253,0.2,0
r_599,AI14299,0.25,0
r_2195,AI11748,0.5,1
r_58,AI14768,0.25,0
r_656,AI09171,0.25,0
r_224,AI08044,0.25,0
r_12,AI01568,0.25,0
r_346,AI08179,0.25,0
r_187,AI14402,0.2,0
r_656,AI12138,0.25,0
r_632,AI04201,0.2,0
r_160,AI14655,0.25,0
r_134,AI05875,0.25,0
r_93,AI10748,0.2,0
r_594,AI09043,0.2,0
r_111,AI12182,0.2,0
r_224,AI05482,0.25,0
r_89,AI03449,0.25,0
r_594,AI08695,0.25,0
r_93,AI12532,0.2,0
r_111,AI05342,0.2,0
r_200,AI05365,0.25,0
r_375,AI03328,0.2,0
r_89,AI07719,0.25,0
r_375,AI09372,0.2,0
r_346,AI08211,0.2,0
r_588,AI09879,0.2,0
r_209,AI08363,0.2,0
r_575,AI01716,0.25,0
r_134,AI12280,0.25,0
r_503,AI00725,0.2,0
r_539,AI13728,0.2,0
r_451,AI09476,0.25,0
r_58,AI00327,0.25,0
r_89,AI07918,0.25,0
r_209,AI08461,0.2,0
r_451,AI10529,0.2,0
r_594,AI10310,0.25,0
r_588,AI11285,0.25,0
r_632,AI09839,0.2,0
r_209,AI10457,0.5,1
r_187,AI09955,0.2,0
r_58,AI00649,0.2,0
r_599,AI07423,0.25,0
r_561,AI05183,0.5,1
r_200,AI10932,0.25,0
r_599,AI03934,0.2,0
r_200,AI14517,0.25,0
r_656,AI06738,0.25,0
r_224,AI00391,0.2,0
r_673,AI08267,0.2,0
r_566,AI14864,0.2,0
r_503,AI05388,0.25,0
r_539,AI14220,0.25,0
r_561,AI06514,0.25,0
r_406,AI00274,0.2,0
r_132,AI00649,0.2,0
r_89,AI01935,0.2,0
r_503,AI02584,0.2,0
r_963,AI09637,0.5,1
r_111,AI10702,0.2,0
r_594,AI02712,0.25,0
r_2366,AI09286,0.5,1
r_594,AI02518,0.25,0
r_132,AI10714,0.25,0
r_561,AI11477,0.25,0
r_561,AI06753,0.25,0
r_134,AI14192,0.2,0
r_224,AI08956,0.25,0
r_632,AI04931,0.2,0
r_224,AI00142,0.2,0
r_562,AI12914,0.2,0
r_632,AI12416,0.25,0
r_1773,AI00156,0.5,1
r_566,AI00243,0.25,0
r_539,AI01786,0.25,0
r_200,AI11858,0.25,0
r_209,AI04730,0.2,0
r_792,AI10648,0.5,1
r_375,AI14339,0.2,0
r_406,AI02901,0.2,0
r_632,AI12783,0.25,0
r_451,AI13374,0.25,0
r_209,AI13468,0.2,0
r_575,AI11905,0.25,0
r_575,AI14402,0.2,0
r_174,AI11706,0.25,0
r_209,AI13176,0.25,0
r_562,AI12452,0.2,0
r_111,AI13367,0.25,0
r_562,AI09807,0.2,0
r_594,AI10004,0.25,0
r_632,AI06234,0.2,0
r_132,AI02390,0.25,0
r_539,AI00270,0.2,0
r_89,AI14577,0.25,0
r_160,AI07269,0.25,0
r_2955,AI03574,0.5,1
r_406,AI10551,0.5,1
r_200,AI07670,0.25,0
r_566,AI11959,0.5,1
r_174,AI03014,0.25,0
r_561,AI06879,0.2,0
r_673,AI14042,0.2,0
r_632,AI07253,0.2,0
r_111,AI02483,0.2,0
r_134,AI05323,0.2,0
r_673,AI06484,0.25,0
r_632,AI11368,0.2,0
r_632,AI01709,0.2,0
r_588,AI06258,0.25,0
r_806,AI05106,0.5,1
r_594,AI03707,0.2,0
r_187,AI12981,0.2,0
r_111,AI00172,0.2,0
r_562,AI03319,0.25,0
r_93,AI07555,0.2,0
r_200,AI11207,0.25,0
r_2638,AI06825,0.5,1
r_963,AI09434,0.5,1
r_562,AI07660,0.25,0
r_12,AI02343,0.25,0
r_2857,AI11970,0.5,1
r_406,AI13379,0.2,0
r_575,AI14987,0.25,0
r_594,AI04068,0.25,0
r_93,AI08246,0.25,0
r_134,AI14183,0.25,0
r_503,AI12643,0.2,0
r_187,AI00270,0.2,0
r_2895,AI06832,0.5,1
r_566,AI03208,0.25,0
r_346,AI11050,0.2,0
r_539,AI11490,0.5,1
r_160,AI05163,0.2,0
r_12,AI03239,0.25,0
r_599,AI02846,0.2,0
r_187,AI13754,0.25,0
r_200,AI01703,0.2,0
r_58,AI11647,0.25,0
r_375,AI05590,0.2,0
r_562,AI13777,0.2,0
r_132,AI07838,0.25,0
r_209,AI10764,0.2,0
r_503,AI14464,0.2,0
r_632,AI08690,0.2,0
r_375,AI09354,0.25,0
r_656,AI14140,0.25,0
r_632,AI06877,0.2,0
r_209,AI14814,0.2,0
r_503,AI06514,0.25,0
r_406,AI07825,0.25,0
r_599,AI01821,0.2,0
r_539,AI01763,0.2,0
r_599,AI10439,0.25,0
r_588,AI12856,0.2,0
r_451,AI14655,0.25,0
r_1205,AI14362,0.5,1
r_599,AI02345,0.25,0
r_200,AI07032,0.2,0
r_209,AI09936,0.25,0
r_375,AI09233,0.25,0
r_111,AI10301,0.25,0
r_1426,AI06825,0.5,1
r_594,AI13447,0.5,1
r_346,AI01564,0.25,0
r_174,AI13374,0.25,0
r_406,AI13833,0.2,0
r_575,AI14101,0.25,0
r_656,AI14018,0.2,0
r_2264,AI05301,0.5,1
r_539,AI14390,0.25,0
r_806,AI10457,0.5,1
r_375,AI01478,0.25,0
r_406,AI01737,0.2,0
r_224,AI14793,0.25,0
r_562,AI11351,0.25,0
r_406,AI05623,0.2,0
r_561,AI11712,0.2,0
r_503,AI13197,0.25,0
r_632,AI14535,0.25,0
r_594,AI12509,0.25,0
r_561,AI03358,0.2,0
r_209,AI08054,0.2,0
r_2955,AI06944,0.5,1
r_132,AI05471,0.25,0
r_93,AI07016,0.2,0
r_1955,AI05651,0.5,1
r_12,AI03574,0.5,1
r_89,AI14610,0.2,0
r_58,AI00126,0.2,0
r_346,AI00616,0.2,0
r_632,AI14961,0.2,0
r_588,AI07663,0.25,0
r_406,AI13356,0.2,0
r_93,AI13493,0.25,0
r_632,AI12521,0.25,0
r_134,AI11943,0.2,0
r_539,AI03296,0.25,0
r_224,AI13653,0.25,0
r_594,AI11936,0.2,0
r_1154,AI08237,0.5,1
r_2895,AI06296,0.5,1
r_451,AI03151,0.25,0
r_111,AI01790,0.2,0
r_93,AI14236,0.25,0
r_134,AI04463,0.25,0
r_562,AI09953,0.25,0
r_632,AI04698,0.2,0
r_111,AI03092,0.2,0
r_1549,AI11781,0.5,1
r_58,AI02965,0.2,0
r_93,AI14136,0.2,0
r_132,AI12754,0.2,0
r_1027,AI09573,0.5,1
r_375,AI11905,0.25,0
r_503,AI00437,0.25,0
r_132,AI14136,0.2,0
r_566,AI08182,0.25,0
r_656,AI09717,0.2,0
r_224,AI12526,0.25,0
r_673,AI10792,0.25,0
r_566,AI03634,0.25,0
r_200,AI10905,0.25,0
r_599,AI02904,0.25,0
r_1828,AI01360,0.5,1
r_209,AI13994,0.2,0
r_209,AI04834,0.25,0
r_93,AI12590,0.25,0
r_93,AI05338,0.25,0
r_224,AI05034,0.25,0
r_134,AI07724,0.2,0
r_599,AI01662,0.25,0
r_575,AI03310,0.2,0
r_187,AI06194,0.2,0
r_561,AI10714,0.25,0
r_575,AI11365,0.2,0
r_134,AI06509,0.25,0
r_539,AI00946,0.25,0
r_93,AI06938,0.25,0
r_673,AI14441,0.25,0
r_58,AI13606,0.25,0
r_632,AI02898,0.25,0
r_375,AI13374,0.25,0
r_134,AI06449,0.25,0
r_160,AI03038,0.25,0
r_566,AI12138,0.25,0
r_451,AI09943,0.2,0
r_375,AI12593,0.25,0
r_111,AI06646,0.2,0
r_503,AI09671,0.25,0
r_561,AI01162,0.2,0
r_111,AI09382,0.25,0
r_134,AI07626,0.25,0
r_346,AI04672,0.25,0
r_656,AI05439,0.2,0
r_209,AI09021,0.25,0
r_89,AI09030,0.25,0
r_111,AI07400,0.2,0
r_375,AI08782,0.2,0
r_89,AI00936,0.2,0
r_12,AI01731,0.2,0
r_561,AI02466,0.5,1
r_132,AI01431,0.2,0
r_134,AI10646,0.2,0
r_89,AI13763,0.25,0
r_599,AI08193,0.25,0
r_561,AI14426,0.25,0
r_187,AI10173,0.2,0
r_58,AI14136,0.2,0
r_673,AI12154,0.25,0
r_224,AI08098,0.2,0
r_134,AI06065,0.2,0
r_187,AI09518,0.25,0
r_3002,AI11212,0.5,1
r_187,AI02515,0.2,0
r_209,AI06189,0.2,0
r_594,AI05371,0.2,0
r_111,AI02466,0.5,1
r_209,AI06944,0.5,1
r_632,AI02482,0.2,0
r_539,AI04678,0.2,0
r_588,AI09615,0.25,0
r_224,AI07307,0.2,0
r_2136,AI09903,0.5,1
r_575,AI10859,0.25,0
r_93,AI02898,0.25,0
r_539,AI02833,0.25,0
r_134,AI11936,0.2,0
r_346,AI03639,0.25,0
r_375,AI01703,0.2,0
r_632,AI10621,0.25,0
r_111,AI05590,0.2,0
r_12,AI05278,0.2,0
r_187,AI06069,0.2,0
r_588,AI09006,0.25,0
r_406,AI11918,0.25,0
r_575,AI09272,0.25,0
r_375,AI08182,0.25,0
r_132,AI08237,0.5,1
r_451,AI05635,0.2,0
r_174,AI05000,0.2,0
r_224,AI07238,0.2,0
r_451,AI08844,0.2,0
r_562,AI10342,0.2,0
r_93,AI06877,0.2,0
r_673,AI10018,0.25,0
r_599,AI05254,0.25,0
r_588,AI02901,0.2,0
r_187,AI04776,0.25,0
r_111,AI10970,0.2,0
r_632,AI12386,0.25,0
r_111,AI00230,0.2,0
r_134,AI08128,0.2,0
r_111,AI14481,0.25,0
r_12,AI04521,0.25,0
r_561,AI12511,0.25,0
r_599,AI06058,0.2,0
r_1724,AI10648,0.5,1
r_539,AI02904,0.25,0
r_566,AI11242,0.25,0
r_93,AI10015,0.25,0
r_561,AI14063,0.5,1
r_594,AI11281,0.2,0
r_375,AI03457,0.25,0
r_575,AI04640,0.2,0
r_503,AI01716,0.25,0
r_562,AI02452,0.25,0
r_58,AI04896,0.5,1
r_58,AI04878,0.2,0
r_200,AI01985,0.25,0
r_58,AI04214,0.2,0
r_134,AI09890,0.2,0
r_3002,AI14187,0.5,1
r_406,AI14464,0.2,0
r_1568,AI02466,0.5,1
r_375,AI05319,0.2,0
r_200,AI13458,0.25,0
r_599,AI08889,0.2,0
r_346,AI14296,0.2,0
r_200,AI02942,0.25,0
r_561,AI11943,0.2,0
r_539,AI04771,0.2,0
r_588,AI11072,0.25,0
r_588,AI14236,0.25,0
r_174,AI00590,0.2,0
r_451,AI10767,0.2,0
r_594,AI08810,0.2,0
r_562,AI08945,0.25,0
r_656,AI08844,0.2,0
r_132,AI02418,0.2,0
r_656,AI14779,0.2,0
r_111,AI05631,0.2,0
r_566,AI06480,0.25,0
r_132,AI11918,0.25,0
r_174,AI10619,0.2,0
r_575,AI02292,0.2,0
r_2292,AI11781,0.5,1
r_93,AI14927,0.2,0
r_224,AI09346,0.25,0
r_132,AI07980,0.2,0
r_599,AI00712,0.25,0
r_632,AI04327,0.25,0
r_656,AI09785,0.2,0
r_451,AI11644,0.25,0
r_656,AI12604,0.25,0
r_503,AI02562,0.25,0
r_174,AI03594,0.25,0
r_566,AI12499,0.25,0
r_2953,AI01474,0.5,1
r_588,AI04651,0.2,0
r_134,AI06784,0.25,0
r_174,AI09587,0.25,0
r_575,AI07207,0.25,0
r_200,AI02478,0.25,0
r_561,AI05192,0.2,0
r_575,AI14445,0.2,0
r_209,AI14432,0.25,0
r_632,AI12125,0.25,0
r_451,AI06608,0.25,0
r_503,AI08644,0.25,0
r_566,AI08966,0.25,0
r_575,AI01814,0.2,0
r_224,AI03728,0.2,0
r_209,AI05883,0.2,0
r_594,AI00955,0.25,0
r_209,AI01681,0.2,0
r_200,AI00172,0.2,0
r_200,AI12155,0.25,0
r_503,AI01360,0.5,1
r_224,AI02078,0.2,0
r_12,AI02979,0.25,0
r_134,AI07042,0.2,0
r_58,AI12605,0.25,0
r_134,AI11741,0.25,0
r_200,AI10371,0.25,0
r_562,AI06314,0.2,0
r_451,AI13464,0.2,0
r_1417,AI14362,0.5,1
r_111,AI08945,0.25,0
r_2602,AI01107,0.5,1
r_132,AI10836,0.2,0
r_89,AI00580,0.25,0
r_209,AI09827,0.2,0
r_174,AI07610,0.25,0
r_594,AI02800,0.2,0
r_111,AI05012,0.2,0
r_134,AI08777,0.25,0
r_111,AI03634,0.25,0
r_566,AI05801,0.25,0
r_1417,AI05568,0.5,1
r_224,AI06018,0.25,0
r_599,AI14655,0.25,0
r_200,AI12981,0.2,0
r_594,AI08993,0.2,0
r_89,AI14650,0.25,0
r_599,AI08278,0.25,0
r_562,AI07230,0.5,1
r_187,AI00683,0.2,0
r_3002,AI07230,0.5,1
r_656,AI09066,0.5,1
r_599,AI04749,0.25,0
r_89,AI07734,0.25,0
r_656,AI12015,0.2,0
r_346,AI01651,0.25,0
r_200,AI09230,0.25,0
r_575,AI05480,0.2,0
r_160,AI03958,0.2,0
r_656,AI09573,0.5,1
r_132,AI06555,0.2,0
r_539,AI11060,0.25,0
r_575,AI07253,0.2,0
r_566,AI02189,0.2,0
r_209,AI11536,0.2,0
r_566,AI05202,0.2,0
r_406,AI10291,0.25,0
r_969,AI04056,0.5,1
r_187,AI10828,0.2,0
r_1961,AI10648,0.5,1
r_174,AI14616,0.5,1
r_588,AI05603,0.25,0
r_2857,AI03654,0.5,1
r_594,AI13067,0.2,0
r_134,AI13811,0.25,0
r_224,AI14607,0.2,0
r_632,AI01051,0.25,0
r_562,AI03042,0.2,0
r_12,AI02337,0.25,0
r_575,AI08679,0.25,0
r_1773,AI14063,0.5,1
r_224,AI05753,0.25,0
r_406,AI10159,0.2,0
r_346,AI03120,0.2,0
r_134,AI12637,0.25,0
r_111,AI08962,0.2,0
r_375,AI13643,0.2,0
r_594,AI07807,0.25,0
r_375,AI08966,0.25,0
r_594,AI12235,0.25,0
r_451,AI03236,0.2,0
r_375,AI02958,0.25,0
r_2489,AI08568,0.5,1
r_93,AI09354,0.25,0
r_562,AI06811,0.2,0
r_346,AI09129,0.25,0
r_632,AI01174,0.25,0
r_451,AI10346,0.25,0
r_134,AI12025,0.25,0
r_346,AI04126,0.2,0
r_539,AI07758,0.25,0
r_111,AI02098,0.2,0
r_673,AI09124,0.25,0
r_594,AI07201,0.25,0
r_346,AI05990,0.2,0
r_575,AI06050,0.2,0
r_174,AI09294,0.25,0
r_93,AI12499,0.25,0
r_588,AI12208,0.2,0
r_187,AI02833,0.25,0
r_503,AI14390,0.25,0
r_561,AI02263,0.25,0
r_656,AI14324,0.2,0
r_2667,AI10648,0.5,1
r_599,AI06200,0.2,0
r_375,AI10342,0.2,0
r_200,AI14720,0.25,0
r_566,AI03319,0.25,0
r_599,AI12604,0.25,0
r_656,AI06811,0.2,0
r_656,AI11620,0.2,0
r_209,AI02056,0.2,0
r_562,AI00166,0.2,0
r_375,AI09237,0.25,0
r_111,AI01778,0.2,0
r_93,AI03525,0.25,0
r_346,AI14801,0.25,0
r_134,AI00723,0.2,0
r_89,AI04415,0.2,0
r_451,AI08344,0.2,0
r_673,AI09711,0.2,0
r_562,AI05590,0.2,0
r_594,AI02026,0.2,0
r_406,AI01001,0.2,0
r_1058,AI11781,0.5,1
r_594,AI04901,0.25,0
r_209,AI04710,0.25,0
r_93,AI07934,0.2,0
r_2602,AI13447,0.5,1
r_588,AI01033,0.25,0
r_406,AI03525,0.25,0
r_93,AI11525,0.25,0
r_503,AI01888,0.2,0
r_561,AI08966,0.25,0
r_451,AI02189,0.2,0
r_594,AI08391,0.25,0
r_406,AI01969,0.2,0
r_58,AI02359,0.2,0
r_12,AI08116,0.2,0
r_209,AI06739,0.25,0
r_656,AI12179,0.25,0
r_89,AI12105,0.2,0
r_406,AI04345,0.25,0
r_575,AI07230,0.5,1
r_1828,AI05177,0.5,1
r_160,AI01665,0.25,0
r_200,AI13495,0.25,0
r_539,AI12000,0.25,0
r_406,AI08458,0.25,0
r_503,AI01814,0.2,0
r_160,AI12319,0.2,0
r_599,AI07498,0.25,0
r_599,AI08399,0.2,0
r_562,AI07718,0.2,0
r_375,AI00770,0.25,0
r_1261,AI09573,0.5,1
r_160,AI06019,0.25,0
r_174,AI04541,0.2,0
r_594,AI11521,0.2,0
r_599,AI11490,0.5,1
r_599,AI07399,0.2,0
r_656,AI00712,0.25,0
r_224,AI10444,0.2,0
r_134,AI07018,0.5,1
r_209,AI03279,0.25,0
r_503,AI10291,0.25,0
r_594,AI14973,0.2,0
r_406,AI01838,0.25,0
r_2509,AI14320,0.5,1
r_562,AI11101,0.25,0
r_599,AI07220,0.25,0
r_89,AI09171,0.25,0
r_503,AI13623,0.2,0
r_451,AI02572,0.2,0
r_209,AI13627,0.2,0
r_566,AI12125,0.25,0
r_406,AI02482,0.2,0
r_588,AI08679,0.25,0
r_93,AI11851,0.25,0
r_562,AI04878,0.2,0
r_562,AI06449,0.25,0
r_792,AI02054,0.5,1
r_200,AI03120,0.2,0
r_209,AI14128,0.2,0
r_160,AI01913,0.25,0
r_187,AI05131,0.2,0
r_451,AI13255,0.25,0
r_132,AI07553,0.25,0
r_1817,AI03072,0.5,1
r_134,AI14441,0.25,0
r_200,AI10294,0.25,0
r_209,AI07084,0.2,0
r_451,AI07473,0.25,0
r_89,AI01168,0.25,0
r_575,AI00431,0.2,0
r_93,AI12834,0.25,0
r_575,AI13854,0.25,0
r_89,AI00607,0.25,0
r_160,AI00305,0.2,0
r_783,AI04896,0.5,1
r_93,AI08832,0.2,0
r_539,AI12930,0.25,0
r_200,AI11351,0.25,0
r_200,AI10173,0.2,0
r_599,AI14801,0.25,0
r_656,AI04695,0.2,0
r_224,AI06231,0.25,0
r_561,AI04430,0.25,0
r_656,AI04200,0.5,1
r_756,AI00007,0.5,1
r_2130,AI11748,0.5,1
r_93,AI09380,0.2,0
r_406,AI04786,0.25,0
r_588,AI02161,0.2,0
r_89,AI00908,0.2,0
r_132,AI07578,0.2,0
r_58,AI00822,0.2,0
r_562,AI06180,0.2,0
r_200,AI11616,0.2,0
r_346,AI01216,0.2,0
r_406,AI02192,0.2,0
r_93,AI06684,0.2,0
r_132,AI01589,0.2,0
r_132,AI13594,0.25,0
r_594,AI13169,0.25,0
r_451,AI09869,0.2,0
r_2869,AI11212,0.5,1
r_451,AI07257,0.2,0
r_503,AI06995,0.25,0
r_594,AI01071,0.25,0
r_346,AI09810,0.2,0
r_1154,AI00156,0.5,1
r_134,AI06796,0.2,0
r_174,AI04969,0.25,0
r_111,AI02390,0.25,0
r_1058,AI09066,0.5,1
r_656,AI07339,0.25,0
r_503,AI00692,0.2,0
r_132,AI01500,0.25,0
r_160,AI10962,0.2,0
r_111,AI14714,0.2,0
r_132,AI11089,0.25,0
r_200,AI11285,0.25,0
r_58,AI07257,0.2,0
r_12,AI14267,0.2,0
r_561,AI08982,0.25,0
r_89,AI08278,0.25,0
r_1790,AI00156,0.5,1
r_561,AI06008,0.2,0
r_89,AI02391,0.2,0
r_656,AI08804,0.25,0
r_224,AI07799,0.2,0
r_575,AI05209,0.25,0
r_562,AI09489,0.2,0
r_93,AI03867,0.25,0
r_561,AI11751,0.2,0
r_132,AI07313,0.25,0
r_200,AI08083,0.2,0
r_594,AI00156,0.5,1
r_58,AI10233,0.25,0
r_134,AI06679,0.2,0
r_561,AI07674,0.25,0
r_346,AI12029,0.25,0
r_994,AI11755,0.5,1
r_12,AI12950,0.5,1
r_1551,AI05177,0.5,1
r_134,AI07552,0.25,0
r_134,AI05334,0.25,0
r_174,AI02961,0.2,0
r_562,AI05426,0.2,0
r_673,AI14798,0.2,0
r_346,AI13473,0.2,0
r_89,AI11639,0.2,0
r_575,AI03155,0.2,0
r_539,AI10330,0.2,0
r_594,AI08134,0.25,0
r_632,AI04776,0.25,0
r_375,AI07855,0.25,0
r_224,AI07803,0.25,0
r_599,AI08652,0.25,0
r_588,AI01777,0.2,0
r_673,AI13632,0.25,0
r_209,AI02630,0.25,0
r_594,AI09171,0.25,0
r_539,AI11508,0.25,0
r_134,AI02914,0.25,0
r_562,AI05891,0.25,0
r_174,AI04381,0.2,0
r_12,AI14978,0.2,0
r_566,AI10836,0.2,0
r_89,AI09021,0.25,0
r_561,AI12926,0.25,0
r_134,AI05032,0.2,0
r_132,AI07758,0.25,0
r_187,AI01011,0.25,0
r_503,AI10305,0.2,0
r_562,AI05183,0.5,1
r_224,AI00508,0.2,0
r_594,AI03423,0.2,0
r_588,AI12596,0.25,0
r_996,AI09573,0.5,1
r_93,AI04345,0.25,0
r_562,AI10760,0.2,0
r_93,AI10472,0.25,0
r_89,AI06221,0.25,0
r_566,AI04541,0.2,0
r_673,AI11688,0.25,0
r_58,AI06258,0.25,0
r_562,AI10919,0.2,0
r_632,AI03081,0.2,0
r_503,AI11600,0.2,0
r_58,AI07087,0.2,0
r_406,AI14610,0.2,0
r_561,AI05108,0.2,0
r_134,AI02213,0.25,0
r_200,AI08410,0.2,0
r_200,AI04672,0.25,0
r_503,AI09434,0.5,1
r_12,AI10612,0.2,0
r_562,AI02478,0.25,0
r_561,AI08980,0.25,0
r_375,AI08429,0.5,1
r_12,AI14757,0.25,0
r_539,AI05831,0.25,0
r_200,AI12926,0.25,0
r_346,AI12964,0.25,0
r_89,AI02078,0.2,0
r_132,AI05923,0.2,0
r_174,AI11062,0.2,0
r_224,AI00251,0.2,0
r_632,AI13269,0.2,0
r_93,AI09157,0.2,0
r_375,AI06773,0.2,0
r_588,AI12212,0.2,0
r_174,AI02000,0.5,1
r_187,AI11705,0.2,0
r_594,AI11582,0.25,0
r_160,AI09527,0.25,0
r_561,AI11028,0.2,0
r_562,AI10301,0.25,0
r_111,AI14388,0.25,0
r_632,AI10871,0.2,0
r_1640,AI02054,0.5,1
r_503,AI08652,0.25,0
r_599,AI10836,0.2,0
r_375,AI05766,0.25,0
r_209,AI03585,0.25,0
r_562,AI12961,0.25,0
r_562,AI03992,0.25,0
r_503,AI02965,0.2,0
r_594,AI03502,0.25,0
r_58,AI03965,0.25,0
r_503,AI08581,0.25,0
r_406,AI03310,0.2,0
r_132,AI08083,0.2,0
r_174,AI04234,0.2,0
r_588,AI13358,0.25,0
r_111,AI08966,0.25,0
r_12,AI06596,0.25,0
r_575,AI09380,0.2,0
r_632,AI10720,0.25,0
r_375,AI10871,0.2,0
r_406,AI11730,0.25,0
r_588,AI03033,0.2,0
r_209,AI07307,0.2,0
r_111,AI03203,0.2,0
r_160,AI05301,0.5,1
r_375,AI04175,0.2,0
r_599,AI13594,0.25,0
r_132,AI08515,0.25,0
r_406,AI03889,0.25,0
r_134,AI05493,0.2,0
r_594,AI01969,0.2,0
r_656,AI05744,0.2,0
r_174,AI06166,0.2,0
r_174,AI13818,0.25,0
r_539,AI10257,0.25,0
r_200,AI14558,0.25,0
r_561,AI04971,0.2,0
r_503,AI02345,0.25,0
r_503,AI11101,0.25,0
r_111,AI10529,0.2,0
r_111,AI14517,0.25,0
r_93,AI08630,0.25,0
r_1702,AI07910,0.5,1
r_160,AI07553,0.25,0
r_111,AI03424,0.25,0
r_562,AI07851,0.2,0
r_111,AI12706,0.25,0
r_561,AI06175,0.25,0
r_93,AI04562,0.2,0
r_561,AI13321,0.25,0
r_224,AI05403,0.25,0
r_187,AI07724,0.2,0
r_224,AI12060,0.25,0
r_2136,AI01045,0.5,1
r_1205,AI11781,0.5,1
r_209,AI04722,0.5,1
r_160,AI11583,0.25,0
r_89,AI02739,0.25,0
r_673,AI12635,0.25,0
r_566,AI07825,0.25,0
r_200,AI01778,0.2,0
r_93,AI06825,0.5,1
r_632,AI11915,0.2,0
r_200,AI03820,0.25,0
r_673,AI13119,0.2,0
r_224,AI10917,0.25,0
r_134,AI10773,0.25,0
r_566,AI09436,0.2,0
r_224,AI13621,0.25,0
r_575,AI11603,0.25,0
r_187,AI09714,0.2,0
r_12,AI08927,0.2,0
r_2366,AI06296,0.5,1
r_89,AI08295,0.25,0
r_375,AI10439,0.25,0
r_12,AI10319,0.25,0
r_134,AI05309,0.2,0
r_132,AI09490,0.2,0
r_89,AI12243,0.2,0
r_561,AI03772,0.25,0
r_562,AI09095,0.25,0
r_673,AI04463,0.25,0
r_134,AI14208,0.25,0
r_1773,AI12760,0.5,1
r_599,AI02556,0.25,0
r_566,AI09669,0.2,0
r_599,AI03182,0.25,0
r_594,AI01828,0.2,0
r_134,AI07250,0.25,0
r_58,AI12371,0.25,0
r_89,AI11191,0.2,0
r_656,AI06308,0.2,0
r_632,AI03146,0.25,0
r_12,AI09572,0.2,0
r_200,AI07907,0.2,0
r_599,AI01541,0.25,0
r_632,AI10516,0.2,0
r_346,AI05131,0.2,0
r_346,AI05590,0.2,0
r_599,AI03319,0.25,0
r_58,AI13531,0.25,0
r_575,AI13316,0.25,0
r_89,AI06184,0.25,0
r_1154,AI09434,0.5,1
r_1817,AI09066,0.5,1
r_503,AI13379,0.2,0
r_561,AI04018,0.25,0
r_562,AI06480,0.25,0
r_2955,AI05612,0.5,1
r_89,AI09351,0.2,0
r_93,AI02051,0.25,0
r_132,AI00519,0.25,0
r_406,AI02975,0.2,0
r_2063,AI10026,0.5,1
r_174,AI07772,0.2,0
r_111,AI04678,0.2,0
r_594,AI04563,0.25,0
r_134,AI06855,0.25,0
r_588,AI13386,0.25,0
r_2716,AI05724,0.5,1
r_200,AI07825,0.25,0
r_346,AI12643,0.2,0
r_89,AI01236,0.2,0
r_2299,AI10587,0.5,1
r_187,AI11062,0.2,0
r_561,AI02438,0.2,0
r_58,AI10276,0.25,0
r_1426,AI11122,0.5,1
r_12,AI08519,0.2,0
r_562,AI11633,0.2,0
r_539,AI11620,0.2,0
r_561,AI02556,0.25,0
r_539,AI11959,0.5,1
r_562,AI14957,0.25,0
r_111,AI01541,0.25,0
r_451,AI07724,0.2,0
r_2667,AI00045,0.5,1
r_594,AI03077,0.25,0
r_134,AI10191,0.2,0
r_111,AI14471,0.2,0
r_224,AI10785,0.25,0
r_588,AI00793,0.25,0
r_575,AI14299,0.25,0
r_539,AI09804,0.25,0
r_111,AI11776,0.25,0
r_132,AI01643,0.2,0
r_561,AI05518,0.2,0
r_89,AI03133,0.25,0
r_406,AI10700,0.25,0
r_187,AI14296,0.2,0
r_503,AI02550,0.25,0
r_3002,AI10422,0.5,1
r_756,AI09573,0.5,1
r_451,AI10880,0.25,0
r_561,AI04807,0.2,0
r_174,AI12654,0.25,0
r_632,AI12961,0.25,0
r_89,AI04296,0.2,0
r_539,AI07087,0.2,0
r_451,AI12382,0.25,0
r_375,AI01173,0.25,0
r_599,AI13985,0.25,0
r_174,AI02927,0.2,0
r_594,AI04367,0.25,0
r_1774,AI05612,0.5,1
r_111,AI00579,0.2,0
r_632,AI01913,0.25,0
r_346,AI00274,0.2,0
r_200,AI09489,0.2,0
r_673,AI08185,0.2,0
r_58,AI00082,0.25,0
r_93,AI12366,0.2,0
r_200,AI07498,0.25,0
r_375,AI03203,0.2,0
r_539,AI13334,0.2,0
r_160,AI14686,0.2,0
r_375,AI07832,0.25,0
r_575,AI05254,0.25,0
r_12,AI06855,0.25,0
r_111,AI11439,0.25,0
r_406,AI09941,0.25,0
r_594,AI07084,0.2,0
r_132,AI00816,0.25,0
r_209,AI10022,0.25,0
r_599,AI00208,0.2,0
r_1774,AI01045,0.5,1
r_632,AI00604,0.25,0
r_566,AI05433,0.2,0
r_1154,AI03072,0.5,1
r_93,AI13255,0.25,0
r_594,AI09274,0.25,0
r_134,AI11269,0.25,0
r_209,AI00751,0.2,0
r_503,AI12362,0.2,0
r_539,AI04247,0.25,0
r_224,AI14863,0.25,0
r_134,AI01318,0.2,0
r_160,AI01325,0.25,0
r_132,AI02550,0.25,0
r_200,AI05921,0.25,0
r_346,AI00365,0.2,0
r_562,AI09941,0.25,0
r_174,AI01482,0.2,0
r_566,AI12926,0.25,0
r_209,AI08705,0.5,1
r_58,AI02478,0.25,0
r_346,AI13436,0.25,0
r_160,AI02021,0.25,0
r_132,AI13903,0.25,0
r_2667,AI14063,0.5,1
r_187,AI08916,0.25,0
r_632,AI03867,0.25,0
r_12,AI11685,0.25,0
r_2292,AI14362,0.5,1
r_588,AI04262,0.2,0
r_209,AI02246,0.25,0
r_12,AI04489,0.2,0
r_503,AI06821,0.25,0
r_632,AI02782,0.25,0
r_656,AI03948,0.25,0
r_12,AI04078,0.25,0
r_599,AI12366,0.2,0
r_160,AI08844,0.2,0
r_562,AI05254,0.25,0
r_174,AI03915,0.2,0
r_134,AI01236,0.2,0
r_58,AI03319,0.25,0
r_134,AI11241,0.25,0
r_451,AI10270,0.2,0
r_58,AI12596,0.25,0
r_503,AI09058,0.25,0
r_111,AI03641,0.2,0
r_209,AI00448,0.2,0
r_160,AI08037,0.2,0
r_656,AI10209,0.2,0
r_561,AI11439,0.25,0
r_160,AI10080,0.2,0
r_174,AI04536,0.2,0
r_709,AI07230,0.5,1
r_209,AI09848,0.25,0
r_566,AI01643,0.2,0
r_209,AI11466,0.2,0
r_1568,AI06832,0.5,1
r_632,AI11793,0.2,0
r_58,AI06008,0.2,0
r_160,AI09761,0.25,0
r_58,AI06029,0.2,0
r_224,AI11045,0.25,0
r_594,AI06416,0.25,0
r_111,AI10183,0.2,0
r_346,AI07156,0.25,0
r_575,AI08581,0.25,0
r_132,AI05772,0.25,0
r_160,AI08770,0.2,0
r_406,AI10828,0.2,0
r_187,AI11477,0.25,0
r_111,AI11471,0.2,0
r_503,AI13367,0.25,0
r_656,AI13473,0.2,0
r_174,AI03316,0.2,0
r_575,AI04695,0.2,0
r_1568,AI03072,0.5,1
r_656,AI00007,0.5,1
r_406,AI12208,0.2,0
r_566,AI14187,0.5,1
r_561,AI06238,0.25,0
r_134,AI05135,0.25,0
r_575,AI09006,0.25,0
r_346,AI03762,0.25,0
r_1253,AI10551,0.5,1
r_93,AI02515,0.2,0
r_89,AI14104,0.25,0
r_12,AI10698,0.25,0
r_12,AI00751,0.2,0
r_539,AI06292,0.2,0
r_406,AI11875,0.2,0
r_594,AI04095,0.2,0
r_58,AI05332,0.2,0
r_111,AI08630,0.25,0
r_539,AI03787,0.25,0
r_792,AI13736,0.5,1
r_111,AI05866,0.25,0
r_224,AI09808,0.2,0
r_575,AI02550,0.25,0
r_134,AI12019,0.25,0
r_187,AI08669,0.25,0
r_89,AI13500,0.25,0
r_89,AI06915,0.2,0
r_209,AI14710,0.25,0
r_451,AI14751,0.2,0
r_375,AI06936,0.2,0
r_132,AI09565,0.25,0
r_93,AI12930,0.25,0
r_656,AI09527,0.25,0
r_209,AI08427,0.2,0
r_12,AI09380,0.2,0
r_375,AI04807,0.2,0
r_111,AI05433,0.2,0
r_561,AI13316,0.25,0
r_575,AI07663,0.25,0
r_406,AI13475,0.25,0
r_561,AI05573,0.25,0
r_594,AI14422,0.2,0
r_406,AI05469,0.25,0
r_503,AI09230,0.25,0
r_209,AI04109,0.2,0
r_503,AI03641,0.2,0
r_503,AI04786,0.25,0
r_174,AI09348,0.25,0
r_132,AI03795,0.25,0
r_588,AI12288,0.2,0
r_200,AI10820,0.25,0
r_561,AI02040,0.25,0
r_174,AI06877,0.2,0
r_451,AI12559,0.2,0
r_562,AI07032,0.2,0
r_575,AI09782,0.25,0
r_406,AI05568,0.5,1
r_89,AI02547,0.25,0
r_224,AI14061,0.2,0
r_375,AI03072,0.5,1
r_89,AI07443,0.2,0
r_451,AI13373,0.25,0
r_132,AI05338,0.25,0
r_1773,AI06832,0.5,1
r_594,AI06610,0.25,0
r_58,AI02567,0.25,0
r_599,AI11569,0.25,0
r_375,AI06258,0.25,0
r_2857,AI03574,0.5,1
r_562,AI09804,0.25,0
r_375,AI11326,0.2,0
r_89,AI13762,0.25,0
r_673,AI02377,0.2,0
r_224,AI09876,0.25,0
r_1568,AI04896,0.5,1
r_346,AI06314,0.2,0
r_406,AI12069,0.2,0
r_209,AI05754,0.2,0
r_375,AI12424,0.2,0
r_588,AI03441,0.2,0
r_406,AI09240,0.2,0
r_2603,AI08383,0.5,1
r_132,AI06062,0.2,0
r_160,AI08679,0.25,0
r_89,AI05754,0.2,0
r_566,AI10962,0.2,0
r_200,AI01665,0.25,0
r_632,AI14029,0.25,0
r_89,AI05968,0.2,0
r_673,AI07822,0.25,0
r_12,AI11369,0.25,0
r_539,AI08473,0.25,0
r_588,AI11508,0.25,0
r_2063,AI12780,0.5,1
r_2724,AI14924,0.5,1
r_2716,AI10995,0.5,1
r_58,AI01868,0.2,0
r_132,AI03889,0.25,0
r_1426,AI10648,0.5,1
r_566,AI13399,0.25,0
r_1568,AI06825,0.5,1
r_209,AI05792,0.2,0
r_224,AI02617,0.25,0
r_134,AI12884,0.25,0
r_562,AI11477,0.25,0
r_599,AI14733,0.2,0
r_566,AI08399,0.2,0
r_539,AI05236,0.2,0
r_93,AI06156,0.2,0
r_562,AI05744,0.2,0
r_58,AI09815,0.2,0
r_89,AI14099,0.25,0
r_561,AI14352,0.25,0
r_209,AI07168,0.2,0
r_12,AI06789,0.2,0
r_575,AI01735,0.25,0
r_566,AI03590,0.25,0
r_561,AI08025,0.2,0
r_209,AI13455,0.2,0
r_200,AI00761,0.2,0
r_134,AI03585,0.25,0
r_673,AI10875,0.25,0
r_93,AI01821,0.2,0
r_561,AI06833,0.25,0
r_503,AI03992,0.25,0
r_1724,AI10238,0.5,1
r_599,AI05131,0.2,0
r_575,AI07604,0.25,0
r_539,AI08755,0.2,0
r_209,AI09570,0.25,0
r_200,AI09436,0.2,0
r_673,AI09898,0.25,0
r_209,AI13224,0.25,0
r_2638,AI06296,0.5,1
r_58,AI09880,0.25,0
r_599,AI01631,0.2,0
r_375,AI00910,0.25,0
r_562,AI11050,0.2,0
r_594,AI12472,0.2,0
r_224,AI09508,0.25,0
r_224,AI13042,0.25,0
r_1058,AI10422,0.5,1
r_2602,AI05612,0.5,1
r_58,AI07952,0.2,0
r_2857,AI10995,0.5,1
r_224,AI06819,0.25,0
r_224,AI11474,0.25,0
r_656,AI07724,0.2,0
r_58,AI02021,0.25,0
r_673,AI00273,0.5,1
r_187,AI07410,0.2,0
r_375,AI01216,0.2,0
r_2724,AI12950,0.5,1
r_209,AI11060,0.25,0
r_562,AI10704,0.2,0
r_12,AI06065,0.2,0
r_209,AI10080,0.2,0
r_375,AI03762,0.25,0
r_539,AI10352,0.25,0
r_12,AI01469,0.25,0
r_673,AI01211,0.25,0
r_2155,AI06825,0.5,1
r_209,AI13984,0.2,0
r_58,AI14299,0.25,0
r_89,AI05724,0.5,1
r_375,AI13373,0.25,0
r_503,AI00810,0.2,0
r_58,AI11784,0.25,0
r_561,AI07625,0.25,0
r_588,AI08669,0.25,0
r_561,AI02161,0.2,0
r_503,AI06646,0.2,0
r_588,AI04504,0.25,0
r_632,AI11875,0.2,0
r_346,AI04100,0.25,0
r_575,AI12029,0.25,0
r_174,AI08670,0.25,0
r_375,AI03146,0.25,0
r_406,AI13713,0.25,0
r_1790,AI03714,0.5,1
r_187,AI05744,0.2,0
r_200,AI02567,0.25,0
r_562,AI07952,0.2,0
r_503,AI09476,0.25,0
r_632,AI10925,0.2,0
r_594,AI03090,0.2,0
r_174,AI01686,0.25,0
r_132,AI01713,0.2,0
r_673,AI01814,0.2,0
r_93,AI10621,0.25,0
r_174,AI05763,0.25,0
r_1231,AI08568,0.5,1
r_561,AI05660,0.25,0
r_451,AI14031,0.25,0
r_539,AI00464,0.25,0
r_594,AI11189,0.25,0
r_224,AI14649,0.5,1
r_2063,AI13808,0.5,1
r_656,AI01703,0.2,0
r_89,AI14770,0.5,1
r_503,AI04200,0.5,1
r_200,AI09066,0.5,1
r_111,AI06212,0.25,0
r_12,AI12487,0.2,0
r_12,AI06610,0.25,0
r_209,AI13169,0.25,0
r_132,AI02233,0.2,0
r_224,AI09194,0.25,0
r_58,AI06296,0.5,1
r_2136,AI00886,0.5,1
r_200,AI08916,0.25,0
r_132,AI06082,0.2,0
r_588,AI11419,0.25,0
r_375,AI03009,0.2,0
r_562,AI12212,0.2,0
r_58,AI09175,0.25,0
r_768,AI11122,0.5,1
r_451,AI13576,0.25,0
r_562,AI13458,0.25,0
r_561,AI11154,0.25,0
r_174,AI09197,0.25,0
r_209,AI03616,0.25,0
r_673,AI13237,0.5,1
r_406,AI12848,0.2,0
r_58,AI14402,0.2,0
r_58,AI14987,0.25,0
r_160,AI14648,0.2,0
r_134,AI11939,0.25,0
r_575,AI14653,0.25,0
r_451,AI11190,0.25,0
r_656,AI00402,0.2,0
r_111,AI08174,0.2,0
r_12,AI03761,0.2,0
r_2927,AI10434,0.5,1
r_2303,AI11755,0.5,1
r_174,AI06604,0.25,0
r_588,AI01051,0.25,0
r_134,AI14386,0.2,0
r_187,AI09696,0.2,0
r_792,AI11755,0.5,1
r_346,AI03038,0.25,0
r_656,AI03146,0.25,0
r_632,AI07753,0.2,0
r_406,AI05635,0.2,0
r_58,AI06738,0.25,0
r_2940,AI11122,0.5,1
r_346,AI00522,0.2,0
r_209,AI09337,0.25,0
r_575,AI07860,0.2,0
r_111,AI12500,0.2,0
r_174,AI14426,0.25,0
r_566,AI02054,0.5,1
r_134,AI02617,0.25,0
r_134,AI12235,0.25,0
r_58,AI02182,0.2,0
r_187,AI04761,0.2,0
r_575,AI04541,0.2,0
r_375,AI12981,0.2,0
r_539,AI00910,0.25,0
r_539,AI09685,0.25,0
r_539,AI10346,0.25,0
r_346,AI08195,0.2,0
r_111,AI09267,0.25,0
r_561,AI07207,0.25,0
r_200,AI02856,0.2,0
r_562,AI01737,0.2,0
r_562,AI08533,0.2,0
r_599,AI09602,0.25,0
r_174,AI12511,0.25,0
r_224,AI07541,0.2,0
r_562,AI01085,0.2,0
r_111,AI01228,0.2,0
r_93,AI06308,0.2,0
r_539,AI04738,0.25,0
r_209,AI14653,0.25,0
r_346,AI07448,0.25,0
r_89,AI09478,0.2,0
r_562,AI14307,0.25,0
r_346,AI08473,0.25,0
r_2716,AI01045,0.5,1
r_209,AI07443,0.2,0
r_503,AI08025,0.2,0
r_575,AI03992,0.25,0
r_160,AI04878,0.2,0
r_58,AI12825,0.2,0
r_2088,AI14781,0.5,1
r_12,AI05766,0.25,0
r_224,AI11048,0.2,0
r_375,AI09566,0.2,0
r_1551,AI05568,0.5,1
r_588,AI03322,0.25,0
r_375,AI00690,0.25,0
r_134,AI08652,0.25,0
r_2489,AI05301,0.5,1
r_346,AI13273,0.2,0
r_566,AI01985,0.25,0
r_656,AI13854,0.25,0
r_562,AI07604,0.25,0
r_209,AI07719,0.25,0
r_375,AI08440,0.2,0
r_594,AI10864,0.2,0
r_673,AI00265,0.25,0
r_783,AI10238,0.5,1
r_346,AI14386,0.2,0
r_656,AI14849,0.25,0
r_224,AI06995,0.25,0
r_451,AI00126,0.2,0
r_562,AI00348,0.25,0
r_93,AI04702,0.25,0
r_224,AI14710,0.25,0
r_2299,AI11755,0.5,1
r_12,AI04823,0.25,0
r_111,AI11600,0.2,0
r_594,AI13832,0.2,0
r_174,AI13028,0.2,0
r_539,AI13028,0.2,0
r_2366,AI12760,0.5,1
r_12,AI06048,0.25,0
r_451,AI11904,0.25,0
r_58,AI11805,0.25,0
r_2489,AI10587,0.5,1
r_132,AI11122,0.5,1
r_174,AI04510,0.2,0
r_562,AI13379,0.2,0
r_673,AI02239,0.5,1
r_566,AI01732,0.25,0
r_562,AI12237,0.2,0
r_111,AI09712,0.25,0
r_375,AI13345,0.25,0
r_656,AI11525,0.25,0
r_451,AI01011,0.25,0
r_209,AI05680,0.25,0
r_160,AI09134,0.25,0
r_174,AI02777,0.2,0
r_539,AI07011,0.2,0
r_588,AI08429,0.5,1
r_1426,AI10422,0.5,1
r_58,AI06527,0.25,0
r_209,AI03654,0.5,1
r_111,AI13754,0.25,0
r_132,AI13374,0.25,0
r_200,AI10340,0.25,0
r_599,AI05236,0.2,0
r_134,AI05592,0.25,0
r_132,AI01175,0.2,0
r_2173,AI08237,0.5,1
r_575,AI00867,0.2,0
r_89,AI13455,0.2,0
r_200,AI08246,0.25,0
r_12,AI04118,0.25,0
r_111,AI01943,0.25,0
r_1774,AI05106,0.5,1
r_451,AI00045,0.5,1
r_58,AI05062,0.25,0
r_656,AI08993,0.2,0
r_89,AI09843,0.5,1
r_599,AI10257,0.25,0
r_209,AI01236,0.2,0
r_132,AI09009,0.25,0
r_111,AI13356,0.2,0
r_187,AI11212,0.5,1
r_111,AI11365,0.2,0
r_632,AI10695,0.2,0
r_58,AI14330,0.2,0
r_594,AI12151,0.2,0
r_599,AI04678,0.2,0
r_224,AI06443,0.25,0
r_503,AI14653,0.25,0
r_566,AI00327,0.25,0
r_451,AI13512,0.25,0
r_132,AI02182,0.2,0
r_1817,AI00156,0.5,1
r_12,AI06166,0.2,0
r_599,AI05066,0.2,0
r_451,AI05632,0.25,0
r_575,AI05012,0.2,0
r_2088,AI13162,0.5,1
r_134,AI13797,0.2,0
r_673,AI08302,0.2,0
r_132,AI09544,0.25,0
r_375,AI14238,0.25,0
r_599,AI13643,0.2,0
r_2953,AI11970,0.5,1
r_58,AI12366,0.2,0
r_174,AI06585,0.2,0
r_673,AI08212,0.2,0
r_187,AI13278,0.2,0
r_93,AI10346,0.25,0
r_209,AI10173,0.2,0
r_132,AI14018,0.2,0
r_89,AI01145,0.25,0
r_656,AI08112,0.2,0
r_93,AI06527,0.25,0
r_539,AI02975,0.2,0
r_346,AI09603,0.25,0
r_132,AI13342,0.2,0
r_174,AI14481,0.25,0
r_539,AI14238,0.25,0
r_375,AI02438,0.2,0
r_209,AI06679,0.2,0
r_673,AI14208,0.25,0
r_2869,AI09286,0.5,1
r_503,AI11444,0.25,0
r_132,AI07113,0.25,0
r_93,AI07815,0.25,0
r_539,AI07625,0.25,0
r_174,AI05637,0.2,0
r_594,AI01762,0.2,0
r_209,AI12488,0.2,0
r_89,AI14863,0.25,0
r_346,AI11479,0.25,0
r_89,AI01780,0.25,0
r_200,AI08179,0.25,0
r_346,AI06692,0.2,0
r_2136,AI08219,0.5,1
r_375,AI06949,0.2,0
r_160,AI12490,0.25,0
r_566,AI00605,0.2,0
r_588,AI14925,0.25,0
r_209,AI06855,0.25,0
r_503,AI13345,0.25,0
r_209,AI13490,0.2,0
r_160,AI11368,0.2,0
r_93,AI05215,0.2,0
r_187,AI05006,0.2,0
r_187,AI01850,0.25,0
r_562,AI08100,0.25,0
r_134,AI12936,0.25,0
r_224,AI05724,0.5,1
r_12,AI11932,0.2,0
r_2716,AI12950,0.5,1
r_200,AI13854,0.25,0
r_406,AI12000,0.25,0
r_375,AI09701,0.2,0
r_599,AI09804,0.25,0
r_132,AI05632,0.25,0
r_346,AI13316,0.25,0
r_566,AI09342,0.5,1
r_656,AI01594,0.25,0
r_132,AI02292,0.2,0
r_673,AI07508,0.2,0
r_93,AI06646,0.2,0
r_89,AI11088,0.2,0
r_200,AI05129,0.25,0
r_588,AI03236,0.2,0
r_562,AI03757,0.2,0
r_134,AI00681,0.25,0
r_111,AI14792,0.2,0
r_132,AI09869,0.2,0
r_174,AI08399,0.2,0
r_406,AI12490,0.25,0
r_132,AI14296,0.2,0
r_656,AI02478,0.25,0
r_375,AI02515,0.2,0
r_632,AI04679,0.25,0
r_1640,AI09434,0.5,1
r_2724,AI11970,0.5,1
r_12,AI07719,0.25,0
r_599,AI08982,0.25,0
r_588,AI10209,0.2,0
r_346,AI08962,0.2,0
r_562,AI06162,0.2,0
r_656,AI05573,0.25,0
r_656,AI09382,0.25,0
r_134,AI02956,0.25,0
r_562,AI09436,0.2,0
r_451,AI12350,0.25,0
r_562,AI09879,0.2,0
r_160,AI13558,0.2,0
r_209,AI02613,0.25,0
r_160,AI10346,0.25,0
r_503,AI06911,0.25,0
r_132,AI03119,0.25,0
r_174,AI08641,0.2,0
r_562,AI08630,0.25,0
r_2292,AI11490,0.5,1
r_174,AI13931,0.25,0
r_174,AI05520,0.2,0
r_503,AI09030,0.25,0
r_200,AI03934,0.2,0
r_132,AI14374,0.2,0
r_673,AI12596,0.25,0
r_12,AI07918,0.25,0
r_375,AI08790,0.2,0
r_375,AI04100,0.25,0
r_375,AI02736,0.2,0
r_561,AI01057,0.25,0
r_346,AI12766,0.2,0
r_375,AI02299,0.25,0
r_209,AI03814,0.2,0
r_346,AI01255,0.2,0
r_588,AI14573,0.2,0
r_673,AI02236,0.5,1
r_406,AI07949,0.25,0
r_209,AI07524,0.2,0
r_594,AI08010,0.25,0
r_58,AI13134,0.2,0
r_575,AI00194,0.25,0
r_632,AI14746,0.25,0
r_174,AI07848,0.2,0
r_562,AI05821,0.25,0
r_12,AI14320,0.5,1
r_1417,AI11212,0.5,1
r_451,AI12574,0.25,0
r_93,AI00100,0.2,0
r_134,AI10567,0.2,0
r_599,AI01440,0.25,0
r_132,AI07604,0.25,0
r_1823,AI11970,0.5,1
r_200,AI00327,0.25,0
r_562,AI03483,0.25,0
r_89,AI13811,0.25,0
r_561,AI13985,0.25,0
r_58,AI05534,0.25,0
r_588,AI08246,0.25,0
r_89,AI04174,0.25,0
r_2504,AI00007,0.5,1
r_561,AI03320,0.2,0
r_996,AI14187,0.5,1
r_224,AI11817,0.2,0
r_3002,AI13736,0.5,1
r_562,AI00579,0.2,0
r_111,AI06555,0.2,0
r_89,AI07308,0.2,0
r_575,AI12760,0.5,1
r_209,AI13693,0.25,0
r_1551,AI14187,0.5,1
r_12,AI10129,0.25,0
r_160,AI12499,0.25,0
r_2716,AI07687,0.5,1
r_209,AI12509,0.25,0
r_656,AI14594,0.25,0
r_562,AI11419,0.25,0
r_632,AI03169,0.25,0
r_174,AI03838,0.2,0
r_134,AI04370,0.25,0
r_451,AI00822,0.2,0
r_2602,AI01653,0.5,1
r_2638,AI11755,0.5,1
r_673,AI03130,0.2,0
r_503,AI12930,0.25,0
r_89,AI09463,0.25,0
r_89,AI01973,0.2,0
r_132,AI06821,0.25,0
r_656,AI13340,0.25,0
r_406,AI08706,0.25,0
r_451,AI12393,0.25,0
r_656,AI06201,0.25,0
r_58,AI12574,0.25,0
r_346,AI00946,0.25,0
r_588,AI03483,0.25,0
r_594,AI06356,0.25,0
r_187,AI08844,0.2,0
r_2292,AI00045,0.5,1
r_224,AI10350,0.2,0
r_93,AI12155,0.25,0
r_575,AI02192,0.2,0
r_503,AI11326,0.2,0
r_656,AI07414,0.25,0
r_375,AI07399,0.2,0
r_561,AI11915,0.2,0
r_1426,AI03072,0.5,1
r_224,AI08982,0.25,0
r_406,AI05254,0.25,0
r_539,AI10648,0.5,1
r_588,AI11901,0.25,0
r_503,AI13885,0.2,0
r_562,AI12000,0.25,0
r_58,AI06143,0.2,0
r_656,AI10542,0.2,0
r_93,AI08945,0.25,0
r_346,AI05471,0.25,0
r_406,AI09637,0.5,1
r_134,AI02947,0.25,0
r_673,AI05292,0.2,0
r_566,AI12384,0.25,0
r_375,AI07113,0.25,0
r_539,AI14423,0.2,0
r_134,AI02567,0.25,0
r_406,AI07113,0.25,0
r_93,AI05891,0.25,0
r_346,AI04786,0.25,0
r_588,AI02183,0.25,0
r_406,AI03203,0.2,0
r_673,AI12792,0.2,0
r_134,AI12485,0.25,0
r_12,AI03594,0.25,0
r_1058,AI08429,0.5,1
r_588,AI05508,0.25,0
r_503,AI00447,0.2,0
r_174,AI14796,0.25,0
r_89,AI11226,0.2,0
r_134,AI01780,0.25,0
r_632,AI03277,0.2,0
r_160,AI09662,0.2,0
r_594,AI04722,0.5,1
r_539,AI05073,0.2,0
r_209,AI02052,0.2,0
r_160,AI09268,0.2,0
r_89,AI02630,0.25,0
r_562,AI06258,0.25,0
r_12,AI13845,0.2,0
r_209,AI10234,0.25,0
r_58,AI06274,0.2,0
r_588,AI09030,0.25,0
r_503,AI11776,0.25,0
r_58,AI11050,0.2,0
r_575,AI02990,0.25,0
r_594,AI08183,0.25,0
r_1773,AI11748,0.5,1
r_562,AI09372,0.2,0
r_632,AI14585,0.25,0
r_562,AI00124,0.2,0
r_93,AI14018,0.2,0
r_132,AI00770,0.25,0
r_93,AI11477,0.25,0
r_451,AI11769,0.25,0
r_2940,AI05568,0.5,1
r_656,AI05187,0.25,0
r_134,AI00468,0.25,0
r_1817,AI11755,0.5,1
r_160,AI06738,0.25,0
r_375,AI11705,0.2,0
r_503,AI08487,0.2,0
r_160,AI12152,0.2,0
r_2235,AI02054,0.5,1
r_134,AI07215,0.25,0
r_451,AI05948,0.25,0
r_209,AI09270,0.25,0
r_406,AI12112,0.2,0
r_111,AI10168,0.25,0
r_160,AI07578,0.2,0
r_2869,AI14063,0.5,1
r_539,AI06879,0.2,0
r_1531,AI05612,0.5,1
r_503,AI14441,0.25,0
r_346,AI02965,0.2,0
r_58,AI13903,0.25,0
r_451,AI09810,0.2,0
r_656,AI12715,0.25,0
r_200,AI10542,0.2,0
r_561,AI06143,0.2,0
r_575,AI02510,0.25,0
r_566,AI10648,0.5,1
r_174,AI03361,0.25,0
r_503,AI08148,0.2,0
r_160,AI00817,0.25,0
r_134,AI00652,0.25,0
r_562,AI05332,0.2,0
r_58,AI03757,0.2,0
r_1811,AI09342,0.5,1
r_160,AI10397,0.2,0
r_503,AI07954,0.2,0
r_132,AI09929,0.25,0
r_656,AI04029,0.25,0
r_93,AI01024,0.2,0
r_12,AI08265,0.2,0
r_209,AI14144,0.2,0
r_588,AI07606,0.2,0
r_566,AI05923,0.2,0
r_539,AI07165,0.2,0
r_539,AI00457,0.2,0
r_539,AI02467,0.2,0
r_346,AI04970,0.25,0
r_632,AI00946,0.25,0
r_451,AI01566,0.2,0
r_111,AI06715,0.2,0
r_1702,AI02869,0.5,1
r_575,AI03151,0.25,0
r_2716,AI11970,0.5,1
r_451,AI09603,0.25,0
r_174,AI14912,0.25,0
r_656,AI03634,0.25,0
r_187,AI11506,0.2,0
r_594,AI05529,0.2,0
r_406,AI04994,0.2,0
r_656,AI11508,0.25,0
r_132,AI12848,0.2,0
r_566,AI11190,0.25,0
r_132,AI09394,0.2,0
r_406,AI01062,0.2,0
r_594,AI13356,0.2,0
r_200,AI12795,0.2,0
r_134,AI05122,0.25,0
r_58,AI01534,0.25,0
r_187,AI05578,0.2,0
r_539,AI05177,0.5,1
r_12,AI00177,0.2,0
r_656,AI12590,0.25,0
r_132,AI04964,0.25,0
r_539,AI05174,0.2,0
r_200,AI11233,0.25,0
r_673,AI10793,0.25,0
r_89,AI14006,0.2,0
r_111,AI05042,0.2,0
r_632,AI07207,0.25,0
r_111,AI14585,0.25,0
r_561,AI14445,0.2,0
r_93,AI10330,0.2,0
r_58,AI13184,0.25,0
r_375,AI02800,0.2,0
r_224,AI07173,0.25,0
r_58,AI05450,0.2,0
r_174,AI00201,0.2,0
r_93,AI11904,0.25,0
r_346,AI08581,0.25,0
r_111,AI01517,0.2,0
r_187,AI06938,0.25,0
r_1027,AI10422,0.5,1
r_132,AI13810,0.2,0
r_406,AI04504,0.25,0
r_209,AI08183,0.25,0
r_562,AI12783,0.25,0
r_93,AI09490,0.2,0
r_58,AI05566,0.2,0
r_575,AI05426,0.2,0
r_134,AI03148,0.25,0
r_375,AI10239,0.2,0
r_174,AI08817,0.2,0
r_588,AI14666,0.25,0
r_346,AI11905,0.25,0
r_132,AI04738,0.25,0
r_561,AI03795,0.25,0
r_12,AI12980,0.25,0
r_160,AI12834,0.25,0
r_187,AI12112,0.2,0
r_375,AI11067,0.2,0
r_132,AI05206,0.2,0
r_58,AI06729,0.25,0
r_160,AI11032,0.2,0
r_562,AI07016,0.2,0
r_406,AI00717,0.25,0
r_174,AI05813,0.25,0
r_160,AI08531,0.2,0
r_209,AI08650,0.2,0
r_346,AI14352,0.25,0
r_93,AI10743,0.2,0
r_594,AI08652,0.25,0
r_566,AI11588,0.2,0
r_111,AI14352,0.25,0
r_566,AI01589,0.2,0
r_503,AI06156,0.2,0
r_174,AI03816,0.25,0
r_209,AI03148,0.25,0
r_539,AI02620,0.25,0
r_346,AI05407,0.25,0
r_89,AI00972,0.25,0
r_209,AI07798,0.2,0
r_209,AI09346,0.25,0
r_89,AI13356,0.2,0
r_632,AI14296,0.2,0
r_575,AI14481,0.25,0
r_1261,AI11122,0.5,1
r_134,AI02246,0.25,0
r_93,AI00649,0.2,0
r_656,AI00764,0.2,0
r_575,AI11558,0.2,0
r_599,AI09095,0.25,0
r_160,AI11858,0.25,0
r_406,AI00683,0.2,0
r_451,AI03355,0.25,0
r_566,AI10743,0.2,0
r_599,AI01981,0.2,0
r_451,AI02846,0.2,0
r_406,AI06921,0.2,0
r_2366,AI10238,0.5,1
r_174,AI01942,0.25,0
r_656,AI11090,0.25,0
r_2235,AI07230,0.5,1
r_503,AI14423,0.2,0
r_588,AI00867,0.2,0
r_200,AI14981,0.2,0
r_132,AI00692,0.2,0
r_656,AI06212,0.25,0
r_561,AI01370,0.25,0
r_575,AI07592,0.25,0
r_224,AI03133,0.25,0
r_346,AI05187,0.25,0
r_561,AI13512,0.25,0
r_406,AI01886,0.25,0
r_12,AI09647,0.25,0
r_656,AI05631,0.2,0
r_89,AI06796,0.2,0
r_575,AI01662,0.25,0
r_561,AI11760,0.25,0
r_93,AI01194,0.2,0
r_406,AI06058,0.2,0
r_89,AI14911,0.2,0
r_132,AI13643,0.2,0
r_375,AI00994,0.2,0
r_89,AI09574,0.25,0
r_588,AI14386,0.2,0
r_1197,AI11781,0.5,1
r_346,AI10570,0.2,0
r_539,AI08193,0.25,0
r_209,AI14457,0.2,0
r_1551,AI11212,0.5,1
r_2155,AI02054,0.5,1
r_503,AI12868,0.2,0
r_539,AI14987,0.25,0
r_209,AI12768,0.25,0
r_566,AI06143,0.2,0
r_58,AI11558,0.2,0
r_566,AI02467,0.2,0
r_451,AI07453,0.25,0
r_200,AI11089,0.25,0
r_503,AI06308,0.2,0
r_12,AI05135,0.25,0
r_224,AI07818,0.25,0
r_588,AI11444,0.25,0
r_632,AI12697,0.25,0
r_12,AI01632,0.25,0
r_200,AI05187,0.25,0
r_93,AI11603,0.25,0
r_187,AI00822,0.2,0
r_588,AI14787,0.25,0
r_134,AI06459,0.25,0
r_12,AI10773,0.25,0
r_187,AI10932,0.25,0
r_575,AI06832,0.5,1
r_160,AI03509,0.2,0
r_406,AI06136,0.25,0
r_681,AI07687,0.5,1
r_12,AI00265,0.25,0
r_632,AI09674,0.25,0
r_375,AI01564,0.25,0
r_58,AI08118,0.2,0
r_132,AI04997,0.2,0
r_503,AI05469,0.25,0
r_187,AI06784,0.25,0
r_375,AI03189,0.25,0
r_174,AI02475,0.25,0
r_375,AI09489,0.2,0
r_562,AI09896,0.25,0
r_673,AI00992,0.25,0
r_2603,AI05183,0.5,1
r_2869,AI11122,0.5,1
r_93,AI07399,0.2,0
r_93,AI12208,0.2,0
r_200,AI03958,0.2,0
r_132,AI01763,0.2,0
r_561,AI07336,0.2,0
r_1741,AI09342,0.5,1
r_209,AI10534,0.25,0
r_224,AI00448,0.2,0
r_12,AI08414,0.25,0
r_566,AI05236,0.2,0
r_588,AI05450,0.2,0
r_599,AI07860,0.2,0
r_503,AI04430,0.25,0
r_93,AI08148,0.2,0
r_58,AI11485,0.2,0
r_632,AI02054,0.5,1
r_375,AI04734,0.2,0
r_200,AI09943,0.2,0
r_594,AI09572,0.2,0
r_451,AI09390,0.2,0
r_346,AI14987,0.25,0
r_588,AI05301,0.5,1
r_561,AI08508,0.2,0
r_375,AI13342,0.2,0
r_12,AI13361,0.2,0
r_58,AI00156,0.5,1
r_111,AI07604,0.25,0
r_160,AI05108,0.2,0
r_346,AI03604,0.25,0
r_375,AI11285,0.25,0
r_174,AI08461,0.2,0
r_594,AI11060,0.25,0
r_594,AI03188,0.2,0
r_566,AI05062,0.25,0
r_174,AI03498,0.25,0
r_594,AI09253,0.2,0
r_111,AI07181,0.25,0
r_539,AI02390,0.25,0
r_673,AI04363,0.25,0
r_89,AI01846,0.2,0
r_346,AI12069,0.2,0
r_539,AI10020,0.25,0
r_160,AI01194,0.2,0
r_561,AI10799,0.25,0
r_209,AI14959,0.2,0
r_187,AI00717,0.25,0
r_575,AI04190,0.2,0
r_599,AI12262,0.2,0
r_599,AI11760,0.25,0
r_2869,AI02466,0.5,1
r_160,AI04122,0.2,0
r_673,AI04807,0.2,0
r_174,AI02574,0.2,0
r_375,AI09149,0.25,0
r_406,AI06350,0.25,0
r_132,AI11784,0.25,0
r_562,AI08410,0.2,0
r_594,AI01312,0.25,0
r_209,AI01288,0.25,0
r_451,AI12590,0.25,0
r_58,AI03889,0.25,0
r_599,AI09121,0.25,0
r_187,AI14881,0.25,0
r_575,AI05603,0.25,0
r_346,AI13341,0.25,0
r_111,AI03852,0.2,0
r_160,AI14779,0.2,0
r_673,AI09815,0.2,0
r_58,AI10828,0.2,0
r_562,AI01534,0.25,0
r_575,AI02539,0.25,0
r_406,AI04436,0.2,0
r_12,AI12122,0.25,0
r_224,AI11026,0.2,0
r_224,AI02343,0.25,0
r_594,AI06184,0.25,0
r_174,AI08255,0.25,0
r_375,AI08770,0.2,0
r_200,AI00305,0.2,0
r_451,AI10173,0.2,0
r_2922,AI09434,0.5,1
r_632,AI07670,0.25,0
r_588,AI04091,0.25,0
r_187,AI13606,0.25,0
r_656,AI14793,0.25,0
r_599,AI05623,0.2,0
r_588,AI07301,0.2,0
r_588,AI10702,0.2,0
r_174,AI01951,0.25,0
r_406,AI11090,0.25,0
r_599,AI07660,0.25,0
r_503,AI11950,0.2,0
r_174,AI11817,0.2,0
r_503,AI09655,0.2,0
r_562,AI01368,0.2,0
r_58,AI00793,0.25,0
r_58,AI14116,0.2,0
r_375,AI02452,0.25,0
r_561,AI07934,0.2,0
r_1773,AI08568,0.5,1
r_539,AI12138,0.25,0
r_561,AI00154,0.25,0
r_588,AI10962,0.2,0
r_451,AI02990,0.25,0
r_656,AI09390,0.2,0
r_632,AI02124,0.25,0
r_58,AI08533,0.2,0
r_93,AI09615,0.25,0
r_588,AI00810,0.2,0
r_58,AI05187,0.25,0
r_58,AI00044,0.25,0
r_656,AI00910,0.25,0
r_562,AI01051,0.25,0
r_451,AI14339,0.2,0
r_174,AI09523,0.2,0
r_451,AI05573,0.25,0
r_375,AI12706,0.25,0
r_58,AI04766,0.25,0
r_503,AI04798,0.25,0
r_187,AI11901,0.25,0
r_588,AI07952,0.2,0
r_632,AI01588,0.25,0
r_93,AI00913,0.25,0
r_599,AI00747,0.2,0
r_89,AI11741,0.25,0
r_1568,AI00007,0.5,1
r_406,AI10388,0.25,0
r_209,AI04937,0.25,0
r_588,AI08174,0.2,0
r_451,AI11351,0.25,0
r_588,AI10648,0.5,1
r_111,AI01786,0.25,0
r_89,AI04948,0.2,0
r_594,AI11867,0.25,0
r_12,AI09453,0.2,0
r_12,AI06503,0.2,0
r_566,AI04738,0.25,0
r_594,AI07940,0.25,0
r_209,AI11445,0.25,0
r_1961,AI11122,0.5,1
r_539,AI03360,0.2,0
r_111,AI02183,0.25,0
r_562,AI12962,0.2,0
r_503,AI06407,0.2,0
r_375,AI05187,0.25,0
r_575,AI11985,0.25,0
r_406,AI08429,0.5,1
r_594,AI13044,0.25,0
r_588,AI11485,0.2,0
r_174,AI03098,0.25,0
r_594,AI06480,0.25,0
r_451,AI04327,0.25,0
r_224,AI01699,0.2,0
r_134,AI01632,0.25,0
r_632,AI00002,0.2,0
r_346,AI09010,0.2,0
r_346,AI12164,0.2,0
r_200,AI09941,0.25,0
r_539,AI02539,0.25,0
r_134,AI13974,0.25,0
r_12,AI11625,0.2,0
r_2937,AI08705,0.5,1
r_224,AI14044,0.25,0
r_12,AI03320,0.2,0
r_503,AI01216,0.2,0
r_2264,AI14187,0.5,1
r_406,AI11583,0.25,0
r_58,AI14101,0.25,0
r_406,AI09175,0.25,0
r_451,AI14957,0.25,0
r_561,AI05933,0.25,0
r_588,AI04702,0.25,0
r_1811,AI06832,0.5,1
r_451,AI10331,0.25,0
r_561,AI04702,0.25,0
r_346,AI09268,0.2,0
r_187,AI08282,0.2,0
r_160,AI07257,0.2,0
r_588,AI12754,0.2,0
r_539,AI10024,0.25,0
r_599,AI12600,0.2,0
r_594,AI13625,0.25,0
r_632,AI01482,0.2,0
r_209,AI04521,0.25,0
r_632,AI13629,0.2,0
r_174,AI10737,0.25,0
r_160,AI01024,0.2,0
r_58,AI13576,0.25,0
r_174,AI00002,0.2,0
r_575,AI03182,0.25,0
r_503,AI06175,0.25,0
r_187,AI06029,0.2,0
r_562,AI10772,0.2,0
r_561,AI03712,0.25,0
r_566,AI05534,0.25,0
r_209,AI08956,0.25,0
r_575,AI13531,0.25,0
r_792,AI08568,0.5,1
r_575,AI14792,0.2,0
r_89,AI07434,0.2,0
r_575,AI03319,0.25,0
r_451,AI07522,0.25,0
r_224,AI00955,0.25,0
r_539,AI12962,0.2,0
r_187,AI04504,0.25,0
r_89,AI02158,0.25,0
r_224,AI07699,0.2,0
r_93,AI02780,0.2,0
r_406,AI03484,0.2,0
r_132,AI11358,0.25,0
r_93,AI04749,0.25,0
r_58,AI10799,0.25,0
r_375,AI01500,0.25,0
r_656,AI01735,0.25,0
r_588,AI14495,0.2,0
r_93,AI01482,0.2,0
r_132,AI10767,0.2,0
r_93,AI03509,0.2,0
r_58,AI05531,0.25,0
r_656,AI05921,0.25,0
r_588,AI11959,0.5,1
r_58,AI14374,0.2,0
r_160,AI09717,0.2,0
r_224,AI12043,0.2,0
r_58,AI09807,0.2,0
r_346,AI09671,0.25,0
r_588,AI14793,0.25,0
r_375,AI05933,0.25,0
r_599,AI05921,0.25,0
r_2292,AI12760,0.5,1
r_160,AI05187,0.25,0
r_566,AI11050,0.2,0
r_58,AI11760,0.25,0
r_594,AI14369,0.2,0
r_12,AI02607,0.2,0
r_969,AI13839,0.5,1
r_187,AI14423,0.2,0
r_594,AI02345,0.25,0
r_588,AI11915,0.2,0
r_12,AI07818,0.25,0
r_93,AI00154,0.25,0
r_566,AI07900,0.2,0
r_575,AI09095,0.25,0
r_1702,AI05884,0.5,1
r_575,AI01541,0.25,0
r_566,AI11522,0.25,0
r_200,AI01478,0.25,0
r_656,AI02378,0.25,0
r_575,AI00457,0.2,0
r_200,AI10168,0.25,0
r_673,AI12053,0.2,0
r_12,AI12214,0.25,0
r_594,AI00829,0.25,0
r_111,AI05376,0.25,0
r_89,AI04869,0.2,0
r_451,AI06758,0.2,0
r_375,AI09807,0.2,0
r_160,AI12803,0.25,0
r_588,AI08568,0.5,1
r_111,AI00154,0.25,0
r_673,AI08493,0.25,0
r_594,AI04721,0.25,0
r_200,AI01253,0.25,0
r_2504,AI09286,0.5,1
r_12,AI05274,0.25,0
r_539,AI13475,0.25,0
r_224,AI03980,0.25,0
r_58,AI12766,0.2,0
r_566,AI13495,0.25,0
r_539,AI13727,0.2,0
r_599,AI06569,0.2,0
r_346,AI10302,0.25,0
r_58,AI13935,0.2,0
r_346,AI14864,0.2,0
r_599,AI09489,0.2,0
r_562,AI02183,0.25,0
r_375,AI01949,0.25,0
r_656,AI04648,0.25,0
r_174,AI07019,0.2,0
r_134,AI13248,0.25,0
r_575,AI09458,0.2,0
r_673,AI09622,0.25,0
r_132,AI01200,0.2,0
r_599,AI00166,0.2,0
r_503,AI09518,0.25,0
r_58,AI07923,0.2,0
r_12,AI04415,0.2,0
r_566,AI14686,0.2,0
r_996,AI04200,0.5,1
r_209,AI14612,0.25,0
r_134,AI01071,0.25,0
r_599,AI14063,0.5,1
r_93,AI08508,0.2,0
r_93,AI01173,0.25,0
r_209,AI10098,0.25,0
r_1531,AI10768,0.5,1
r_160,AI08085,0.2,0
r_187,AI03641,0.2,0
r_93,AI07220,0.25,0
r_200,AI14151,0.25,0
r_656,AI14061,0.2,0
r_406,AI02510,0.25,0
r_656,AI07753,0.2,0
r_224,AI09643,0.25,0
r_174,AI04563,0.25,0
r_89,AI05723,0.2,0
r_588,AI02562,0.25,0
r_89,AI06065,0.2,0
r_111,AI06749,0.25,0
r_406,AI08840,0.25,0
r_89,AI10486,0.25,0
r_673,AI03351,0.2,0
r_58,AI08266,0.25,0
r_566,AI14481,0.25,0
r_224,AI02280,0.2,0
r_562,AI07207,0.25,0
r_594,AI05278,0.2,0
r_89,AI01057,0.25,0
r_656,AI13386,0.25,0
r_451,AI00820,0.25,0
r_224,AI13957,0.25,0
r_134,AI04823,0.25,0
r_93,AI05594,0.25,0
r_346,AI08647,0.2,0
r_632,AI03634,0.25,0
r_2303,AI11122,0.5,1
r_539,AI05066,0.2,0
r_599,AI13345,0.25,0
r_503,AI02040,0.25,0
r_209,AI10016,0.25,0
r_111,AI04098,0.2,0
r_503,AI02430,0.25,0
r_209,AI02426,0.25,0
r_599,AI12848,0.2,0
r_375,AI10294,0.25,0
r_346,AI14295,0.2,0
r_406,AI05480,0.2,0
r_89,AI00961,0.2,0
r_588,AI06238,0.25,0
r_1531,AI03574,0.5,1
r_1741,AI11781,0.5,1
r_2509,AI11105,0.5,1
r_575,AI13458,0.25,0
r_588,AI11705,0.2,0
r_594,AI04066,0.2,0
r_58,AI02466,0.5,1
r_132,AI14287,0.2,0
r_200,AI05033,0.25,0
r_187,AI05163,0.2,0
r_174,AI08539,0.25,0
r_656,AI14295,0.2,0
r_451,AI06461,0.2,0
r_134,AI08461,0.2,0
r_566,AI03818,0.2,0
r_588,AI10587,0.5,1
r_656,AI01930,0.25,0
r_1551,AI11748,0.5,1
r_1955,AI14770,0.5,1
r_599,AI11422,0.25,0
r_1231,AI11959,0.5,1
r_566,AI07838,0.25,0
r_160,AI12065,0.2,0
r_451,AI12640,0.2,0
r_656,AI14330,0.2,0
r_209,AI04427,0.25,0
r_2857,AI08219,0.5,1
r_451,AI02977,0.25,0
r_2638,AI14063,0.5,1
r_2895,AI08237,0.5,1
r_224,AI07568,0.25,0
r_575,AI05192,0.2,0
r_93,AI14961,0.2,0
r_406,AI03119,0.25,0
r_58,AI10767,0.2,0
r_451,AI02900,0.25,0
r_575,AI10836,0.2,0
r_375,AI13748,0.2,0
r_503,AI07207,0.25,0
r_562,AI11028,0.2,0
r_594,AI04174,0.25,0
r_599,AI08410,0.2,0
r_12,AI10886,0.2,0
r_594,AI03124,0.2,0
r_346,AI10979,0.25,0
r_111,AI03360,0.2,0
r_160,AI05433,0.2,0
r_111,AI05129,0.25,0
r_2088,AI08219,0.5,1
r_575,AI00126,0.2,0
r_174,AI01643,0.2,0
r_503,AI02280,0.2,0
r_561,AI06530,0.25,0
r_134,AI13154,0.2,0
r_224,AI11241,0.25,0
r_632,AI06561,0.25,0
r_89,AI14320,0.5,1
r_209,AI07984,0.2,0
r_503,AI07718,0.2,0
r_562,AI11985,0.25,0
r_375,AI02898,0.25,0
r_709,AI14362,0.5,1
r_566,AI12152,0.2,0
r_200,AI02424,0.2,0
r_209,AI11741,0.25,0
r_656,AI07857,0.25,0
r_93,AI13903,0.25,0
r_406,AI10235,0.2,0
r_209,AI01270,0.2,0
r_12,AI10695,0.2,0
r_12,AI07882,0.25,0
r_89,AI01911,0.25,0
r_503,AI06449,0.25,0
r_200,AI02539,0.25,0
r_2299,AI06296,0.5,1
r_539,AI11851,0.25,0
r_93,AI14558,0.25,0
r_632,AI01665,0.25,0
r_174,AI13063,0.25,0
r_994,AI09066,0.5,1
r_187,AI07604,0.25,0
r_632,AI01358,0.25,0
r_160,AI08354,0.25,0
r_539,AI00126,0.2,0
r_673,AI03594,0.25,0
r_111,AI04009,0.2,0
r_1955,AI13162,0.5,1
r_58,AI02590,0.25,0
r_12,AI01156,0.2,0
r_134,AI14890,0.2,0
r_566,AI05439,0.2,0
r_673,AI06725,0.25,0
r_134,AI08098,0.2,0
r_673,AI13768,0.2,0
r_174,AI00160,0.2,0
r_594,AI09270,0.25,0
r_539,AI00725,0.2,0
r_224,AI09937,0.25,0
r_134,AI11242,0.25,0
r_539,AI01024,0.2,0
r_588,AI04994,0.2,0
r_132,AI02590,0.25,0
r_200,AI14445,0.2,0
r_134,AI07807,0.25,0
r_566,AI06723,0.2,0
r_406,AI04622,0.2,0
r_58,AI06825,0.5,1
r_160,AI12452,0.2,0
r_134,AI02067,0.2,0
r_89,AI11265,0.2,0
r_200,AI08018,0.2,0
r_451,AI14018,0.2,0
r_174,AI11574,0.25,0
r_58,AI13908,0.25,0
r_1773,AI14187,0.5,1
r_503,AI12212,0.2,0
r_224,AI11980,0.2,0
r_575,AI02562,0.25,0
r_209,AI13848,0.2,0
r_594,AI10286,0.25,0
r_209,AI13979,0.2,0
r_187,AI00579,0.2,0
r_134,AI09412,0.2,0
r_561,AI08780,0.25,0
r_209,AI04143,0.25,0
r_768,AI08237,0.5,1
r_134,AI13994,0.2,0
r_575,AI11901,0.25,0
r_375,AI02578,0.2,0
r_200,AI03042,0.2,0
r_575,AI11522,0.25,0
r_561,AI00126,0.2,0
r_566,AI13736,0.5,1
r_3002,AI05177,0.5,1
r_89,AI09100,0.2,0
r_12,AI12060,0.25,0
r_12,AI13818,0.25,0
r_12,AI08440,0.2,0
r_562,AI01969,0.2,0
r_539,AI03319,0.25,0
r_561,AI06058,0.2,0
r_132,AI00579,0.2,0
r_451,AI01162,0.2,0
r_594,AI04198,0.25,0
r_134,AI03449,0.25,0
r_375,AI09840,0.25,0
r_599,AI12386,0.25,0
r_594,AI03139,0.25,0
r_346,AI08037,0.2,0
r_93,AI05469,0.25,0
r_503,AI00172,0.2,0
r_200,AI06296,0.5,1
r_656,AI01109,0.25,0
r_89,AI13832,0.2,0
r_503,AI02051,0.25,0
r_588,AI07087,0.2,0
r_375,AI07230,0.5,1
r_89,AI08134,0.25,0
r_656,AI02550,0.25,0
r_89,AI01983,0.2,0
r_200,AI10871,0.2,0
r_224,AI03426,0.25,0
r_209,AI14774,0.2,0
r_656,AI07907,0.2,0
r_375,AI11212,0.5,1
r_93,AI06949,0.2,0
r_632,AI02387,0.2,0
r_673,AI01024,0.2,0
r_89,AI02280,0.2,0
r_58,AI09782,0.25,0
r_503,AI10439,0.25,0
r_566,AI07663,0.25,0
r_58,AI04134,0.25,0
r_451,AI08193,0.25,0
r_134,AI13927,0.2,0
r_503,AI05891,0.25,0
r_599,AI07161,0.25,0
r_2504,AI10422,0.5,1
r_134,AI01014,0.2,0
r_346,AI05073,0.2,0
r_451,AI12278,0.2,0
r_406,AI03749,0.25,0
r_503,AI02474,0.25,0
r_375,AI13297,0.25,0
r_209,AI03821,0.25,0
r_406,AI02345,0.25,0
r_656,AI11643,0.25,0
r_656,AI09272,0.25,0
r_174,AI11421,0.25,0
r_2724,AI14770,0.5,1
r_562,AI02578,0.2,0
r_503,AI10346,0.25,0
r_58,AI10702,0.2,0
r_224,AI01755,0.2,0
r_224,AI12973,0.25,0
r_632,AI05197,0.25,0
r_224,AI04847,0.25,0
r_111,AI12926,0.25,0
r_1531,AI10995,0.5,1
r_566,AI13340,0.25,0
r_2284,AI03072,0.5,1
r_375,AI07473,0.25,0
r_1724,AI11490,0.5,1
r_134,AI03521,0.2,0
r_561,AI03310,0.2,0
r_594,AI07443,0.2,0
r_160,AI10621,0.25,0
r_503,AI05192,0.2,0
r_588,AI03351,0.2,0
r_187,AI12382,0.25,0
r_111,AI12237,0.2,0
r_575,AI05174,0.2,0
r_89,AI08128,0.2,0
r_132,AI12875,0.25,0
r_632,AI07625,0.25,0
r_594,AI08791,0.25,0
r_632,AI00649,0.2,0
r_12,AI13792,0.2,0
r_174,AI09325,0.25,0
r_89,AI03411,0.25,0
r_451,AI00926,0.25,0
r_792,AI05568,0.5,1
r_93,AI01109,0.25,0
r_562,AI09268,0.2,0
r_792,AI04896,0.5,1
r_346,AI08508,0.2,0
r_599,AI12930,0.25,0
r_375,AI06825,0.5,1
r_451,AI05744,0.2,0
r_3002,AI10648,0.5,1
r_209,AI00463,0.25,0
r_588,AI11154,0.25,0
r_224,AI05651,0.5,1
r_503,AI11712,0.2,0
r_561,AI05073,0.2,0
r_656,AI11569,0.25,0
r_375,AI09880,0.25,0
r_111,AI14775,0.25,0
r_174,AI12636,0.2,0
r_599,AI02192,0.2,0
r_539,AI00348,0.25,0
r_160,AI13531,0.25,0
r_561,AI10159,0.2,0
r_187,AI13845,0.2,0
r_346,AI07674,0.25,0
r_12,AI13636,0.2,0
r_187,AI06324,0.2,0
r_89,AI06950,0.25,0
r_503,AI05594,0.25,0
r_375,AI03319,0.25,0
r_132,AI12926,0.25,0
r_160,AI03818,0.2,0
r_209,AI10622,0.2,0
r_58,AI06601,0.25,0
r_681,AI01474,0.5,1
r_93,AI12416,0.25,0
r_575,AI14585,0.25,0
r_375,AI13872,0.2,0
r_132,AI13214,0.25,0
r_673,AI04620,0.2,0
r_160,AI02482,0.2,0
r_594,AI06067,0.2,0
r_599,AI13908,0.25,0
r_89,AI05009,0.2,0
r_588,AI11767,0.2,0
r_174,AI05553,0.25,0
r_632,AI04091,0.25,0
r_2955,AI07687,0.5,1
r_588,AI08997,0.25,0
r_111,AI11647,0.25,0
r_594,AI13257,0.25,0
r_588,AI08080,0.25,0
r_566,AI14116,0.2,0
r_187,AI05603,0.25,0
r_132,AI12914,0.2,0
r_594,AI10016,0.25,0
r_632,AI07278,0.2,0
r_93,AI09712,0.25,0
r_346,AI08966,0.25,0
r_673,AI14099,0.25,0
r_451,AI13273,0.2,0
r_174,AI11513,0.2,0
r_451,AI14648,0.2,0
r_346,AI03934,0.2,0
r_200,AI11246,0.25,0
r_12,AI14607,0.2,0
r_93,AI01057,0.25,0
r_134,AI02921,0.2,0
r_599,AI14036,0.2,0
r_12,AI00170,0.25,0
r_2130,AI02054,0.5,1
r_562,AI12363,0.25,0
r_656,AI06402,0.2,0
r_2173,AI04896,0.5,1
r_134,AI08414,0.25,0
r_160,AI07606,0.2,0
r_187,AI01517,0.2,0
r_12,AI14841,0.25,0
r_132,AI07278,0.2,0
r_224,AI03125,0.2,0
r_134,AI12256,0.25,0
r_2130,AI04200,0.5,1
r_594,AI04413,0.25,0
r_562,AI06723,0.2,0
r_224,AI06287,0.2,0
r_575,AI03042,0.2,0
r_566,AI11987,0.2,0
r_594,AI06510,0.2,0
r_346,AI14594,0.25,0
r_200,AI09394,0.2,0
r_566,AI09171,0.25,0
r_561,AI13643,0.2,0
r_969,AI11977,0.5,1
r_134,AI09577,0.2,0
r_111,AI06921,0.2,0
r_346,AI05342,0.2,0
r_187,AI12184,0.2,0
r_673,AI12163,0.2,0
r_561,AI01471,0.2,0
r_224,AI12072,0.2,0
r_224,AI08414,0.25,0
r_656,AI00457,0.2,0
r_451,AI08916,0.25,0
r_503,AI00085,0.2,0
r_93,AI01233,0.25,0
r_89,AI05873,0.25,0
r_588,AI06429,0.25,0
r_224,AI14564,0.2,0
r_451,AI05620,0.2,0
r_224,AI14183,0.25,0
r_224,AI13964,0.25,0
r_599,AI14330,0.2,0
r_503,AI05631,0.2,0
r_209,AI01467,0.2,0
r_566,AI13316,0.25,0
r_160,AI06082,0.2,0
r_599,AI09390,0.2,0
r_599,AI03441,0.2,0
r_111,AI07900,0.2,0
r_12,AI10286,0.25,0
r_539,AI10015,0.25,0
r_375,AI01159,0.25,0
r_709,AI06825,0.5,1
r_160,AI00007,0.5,1
r_451,AI05594,0.25,0
r_89,AI00603,0.25,0
r_561,AI11875,0.2,0
r_111,AI11751,0.2,0
r_406,AI10799,0.25,0
r_174,AI08823,0.2,0
r_174,AI04890,0.25,0
r_599,AI01439,0.25,0
r_174,AI06394,0.2,0
r_632,AI11439,0.25,0
r_134,AI09084,0.25,0
r_2235,AI09286,0.5,1
r_566,AI11616,0.2,0
r_134,AI14422,0.2,0
r_132,AI04994,0.2,0
r_561,AI09941,0.25,0
r_599,AI03351,0.2,0
r_2195,AI09286,0.5,1
r_599,AI06949,0.2,0
r_93,AI13334,0.2,0
r_673,AI12956,0.2,0
r_673,AI07445,0.2,0
r_561,AI03146,0.25,0
r_562,AI13736,0.5,1
r_174,AI06143,0.2,0
r_566,AI12834,0.25,0
r_1253,AI01360,0.5,1
r_58,AI04611,0.2,0
r_1027,AI04200,0.5,1
r_673,AI01279,0.2,0
r_575,AI03016,0.25,0
r_209,AI11369,0.25,0
r_346,AI01044,0.2,0
r_588,AI01594,0.25,0
r_561,AI12848,0.2,0
r_594,AI14361,0.2,0
r_539,AI01086,0.2,0
r_575,AI02452,0.25,0
r_209,AI09012,0.25,0
r_1811,AI13736,0.5,1
r_656,AI09858,0.2,0
r_375,AI13086,0.2,0
r_174,AI11399,0.2,0
r_209,AI07005,0.25,0
r_656,AI08962,0.2,0
r_224,AI12447,0.2,0
r_200,AI03772,0.25,0
r_375,AI09435,0.25,0
r_562,AI03787,0.25,0
r_588,AI08195,0.2,0
r_375,AI03310,0.2,0
r_174,AI04570,0.25,0
r_406,AI10238,0.5,1
r_599,AI04122,0.2,0
r_346,AI14927,0.2,0
r_2869,AI08383,0.5,1
r_93,AI06879,0.2,0
r_93,AI01507,0.2,0
r_575,AI13878,0.25,0
r_187,AI13399,0.25,0
r_132,AI00327,0.25,0
r_406,AI05174,0.2,0
r_588,AI13345,0.25,0
r_594,AI13807,0.25,0
r_187,AI03424,0.25,0
r_632,AI01777,0.2,0
r_594,AI10605,0.25,0
r_134,AI05723,0.2,0
r_539,AI10472,0.25,0
r_1253,AI10648,0.5,1
r_632,AI04738,0.25,0
r_599,AI02124,0.25,0
r_673,AI13207,0.2,0
r_209,AI06770,0.25,0
r_187,AI10449,0.25,0
r_58,AI08840,0.25,0
r_375,AI00926,0.25,0
r_111,AI05183,0.5,1
r_209,AI07632,0.25,0
r_12,AI13625,0.25,0
r_187,AI14957,0.25,0
r_187,AI14063,0.5,1
r_224,AI12333,0.25,0
r_160,AI05481,0.2,0
r_209,AI03920,0.2,0
r_224,AI13730,0.2,0
r_12,AI06871,0.2,0
r_346,AI00166,0.2,0
r_594,AI06509,0.25,0
r_566,AI10439,0.25,0
r_451,AI13133,0.2,0
r_539,AI02736,0.2,0
r_375,AI05033,0.25,0
r_12,AI10885,0.25,0
r_89,AI03434,0.25,0
r_111,AI05632,0.25,0
r_187,AI13028,0.2,0
r_58,AI05073,0.2,0
r_3011,AI14187,0.5,1
r_111,AI01255,0.2,0
r_656,AI12237,0.2,0
r_406,AI08063,0.2,0
r_58,AI07446,0.25,0
r_160,AI09955,0.2,0
r_93,AI02467,0.2,0
r_588,AI02424,0.2,0
r_200,AI05439,0.2,0
r_134,AI02934,0.25,0
r_575,AI04504,0.25,0
r_561,AI14517,0.25,0
r_503,AI03544,0.25,0
r_346,AI14101,0.25,0
r_346,AI11502,0.25,0
r_1811,AI05177,0.5,1
r_561,AI12234,0.25,0
r_2136,AI05724,0.5,1
r_594,AI08219,0.5,1
r_93,AI11028,0.2,0
r_503,AI14585,0.25,0
r_562,AI07402,0.2,0
r_134,AI14959,0.2,0
r_224,AI06897,0.2,0
r_174,AI05268,0.25,0
r_160,AI13748,0.2,0
r_93,AI09957,0.2,0
r_539,AI03322,0.25,0
r_200,AI00725,0.2,0
r_111,AI12262,0.2,0
r_566,AI10932,0.25,0
r_673,AI03450,0.2,0
r_562,AI14925,0.25,0
r_93,AI08673,0.2,0
r_93,AI11893,0.2,0
r_503,AI02390,0.25,0
r_200,AI10244,0.2,0
r_111,AI09458,0.2,0
r_562,AI03818,0.2,0
r_2940,AI06825,0.5,1
r_58,AI08673,0.2,0
r_1774,AI13808,0.5,1
r_132,AI10330,0.2,0
r_451,AI02114,0.2,0
r_200,AI01533,0.2,0
r_93,AI05177,0.5,1
r_588,AI11242,0.25,0
r_561,AI02474,0.25,0
r_174,AI00102,0.2,0
r_2638,AI05301,0.5,1
r_575,AI13845,0.2,0
r_132,AI09994,0.25,0
r_451,AI02975,0.2,0
r_224,AI05171,0.25,0
r_673,AI06503,0.2,0
r_174,AI06396,0.2,0
r_160,AI00605,0.2,0
r_1205,AI00045,0.5,1
r_89,AI03933,0.2,0
r_346,AI08182,0.25,0
r_503,AI04065,0.25,0
r_111,AI07674,0.25,0
r_2173,AI09573,0.5,1
r_111,AI07660,0.25,0
r_134,AI02574,0.2,0
r_561,AI04562,0.2,0
r_111,AI08889,0.2,0
r_561,AI10276,0.25,0
r_594,AI13012,0.25,0
r_209,AI03320,0.2,0
r_539,AI01716,0.25,0
r_174,AI00617,0.2,0
r_2922,AI11959,0.5,1
r_656,AI01838,0.25,0
r_2927,AI13808,0.5,1
r_209,AI03270,0.25,0
r_187,AI02343,0.25,0
r_562,AI02958,0.25,0
r_406,AI00270,0.2,0
r_594,AI03133,0.25,0
r_632,AI05632,0.25,0
r_588,AI09272,0.25,0
r_58,AI02931,0.25,0
r_58,AI06712,0.2,0
r_12,AI09113,0.2,0
r_539,AI08278,0.25,0
r_2667,AI11122,0.5,1
r_632,AI05365,0.25,0
r_224,AI01943,0.25,0
r_656,AI03604,0.25,0
r_594,AI13687,0.25,0
r_588,AI08007,0.25,0
r_209,AI13818,0.25,0
r_132,AI00007,0.5,1
r_174,AI08258,0.2,0
r_346,AI09712,0.25,0
r_111,AI00777,0.2,0
r_2955,AI01474,0.5,1
r_594,AI02729,0.2,0
r_346,AI02430,0.25,0
r_562,AI11915,0.2,0
r_93,AI13606,0.25,0
r_406,AI04798,0.25,0
r_566,AI06062,0.2,0
r_58,AI07900,0.2,0
r_1568,AI08237,0.5,1
r_132,AI12961,0.25,0
r_111,AI14911,0.2,0
r_346,AI02161,0.2,0
r_562,AI10291,0.25,0
r_375,AI09066,0.5,1
r_132,AI00832,0.2,0
r_224,AI13965,0.25,0
r_89,AI05749,0.25,0
r_588,AI13133,0.2,0
r_134,AI04752,0.25,0
r_132,AI07660,0.25,0
r_132,AI02212,0.2,0
r_588,AI12015,0.2,0
r_503,AI07832,0.25,0
r_588,AI11603,0.25,0
r_451,AI08984,0.2,0
r_656,AI03408,0.25,0
r_132,AI02183,0.25,0
r_209,AI13974,0.25,0
r_599,AI13512,0.25,0
r_2603,AI09342,0.5,1
r_89,AI03761,0.2,0
r_12,AI01145,0.25,0
r_375,AI01665,0.25,0
r_187,AI06449,0.25,0
r_539,AI06008,0.2,0
r_451,AI00238,0.2,0
r_539,AI06903,0.2,0
r_406,AI08984,0.2,0
r_656,AI03072,0.5,1
r_375,AI06363,0.2,0
r_503,AI09717,0.2,0
r_561,AI12182,0.2,0
r_224,AI10619,0.2,0
r_566,AI09896,0.25,0
r_561,AI08679,0.25,0
r_503,AI09052,0.2,0
r_132,AI10472,0.25,0
r_588,AI14254,0.2,0
r_224,AI05146,0.2,0
r_1823,AI01045,0.5,1
r_566,AI08515,0.25,0
r_132,AI13619,0.25,0
r_599,AI00770,0.25,0
r_209,AI12451,0.2,0
r_160,AI04504,0.25,0
r_656,AI10291,0.25,0
r_132,AI09307,0.25,0
r_160,AI08429,0.5,1
r_656,AI14453,0.2,0
r_12,AI14039,0.2,0
r_588,AI04222,0.25,0
r_566,AI00569,0.25,0
r_599,AI14426,0.25,0
r_503,AI02192,0.2,0
r_562,AI06201,0.25,0
r_224,AI06088,0.2,0
r_209,AI07260,0.25,0
r_539,AI01737,0.2,0
r_2504,AI09573,0.5,1
r_89,AI14287,0.2,0
r_134,AI03320,0.2,0
r_562,AI07685,0.25,0
r_594,AI14455,0.2,0
r_89,AI13513,0.25,0
r_134,AI13574,0.25,0
r_632,AI10472,0.25,0
r_174,AI07378,0.25,0
r_89,AI00477,0.2,0
r_12,AI11943,0.2,0
r_503,AI01589,0.2,0
r_375,AI11351,0.25,0
r_1253,AI08568,0.5,1
r_200,AI12961,0.25,0
r_209,AI02979,0.25,0
r_503,AI00243,0.25,0
r_632,AI01159,0.25,0
r_588,AI01044,0.2,0
r_594,AI09100,0.2,0
r_503,AI13776,0.25,0
r_2603,AI12760,0.5,1
r_562,AI11508,0.25,0
r_160,AI10508,0.25,0
r_562,AI04228,0.25,0
r_89,AI03600,0.2,0
r_224,AI12391,0.25,0
r_58,AI01283,0.2,0
r_566,AI10294,0.25,0
r_599,AI07674,0.25,0
r_2667,AI11781,0.5,1
r_588,AI14169,0.25,0
r_224,AI00425,0.2,0
r_599,AI00045,0.5,1
r_562,AI01057,0.25,0
r_575,AI11760,0.25,0
r_132,AI10809,0.2,0
r_656,AI14714,0.2,0
r_588,AI01517,0.2,0
r_58,AI00183,0.25,0
r_174,AI13319,0.2,0
r_594,AI12622,0.25,0
r_632,AI07429,0.25,0
r_994,AI09434,0.5,1
r_2937,AI13447,0.5,1
r_406,AI13758,0.25,0
r_93,AI12766,0.2,0
r_599,AI12371,0.25,0
r_2504,AI03072,0.5,1
r_224,AI02503,0.2,0
r_503,AI04761,0.2,0
r_174,AI11521,0.2,0
r_599,AI12511,0.25,0
r_375,AI02630,0.25,0
r_588,AI10561,0.25,0
r_160,AI03483,0.25,0
r_187,AI13214,0.25,0
r_132,AI02021,0.25,0
r_200,AI10529,0.2,0
r_588,AI03641,0.2,0
r_503,AI11050,0.2,0
r_588,AI09052,0.2,0
r_575,AI07448,0.25,0
r_594,AI13154,0.2,0
r_187,AI09022,0.2,0
r_599,AI00225,0.25,0
r_58,AI10480,0.2,0
r_566,AI02278,0.2,0
r_1724,AI09573,0.5,1
r_566,AI05623,0.2,0
r_187,AI05332,0.2,0
r_89,AI13490,0.2,0
r_174,AI13977,0.2,0
r_111,AI05518,0.2,0
r_132,AI04465,0.25,0
r_375,AI12262,0.2,0
r_134,AI12130,0.2,0
r_200,AI04611,0.2,0
r_632,AI12319,0.2,0
r_656,AI14610,0.2,0
r_224,AI12174,0.25,0
r_588,AI00365,0.2,0
r_561,AI12850,0.25,0
r_174,AI14478,0.25,0
r_566,AI05799,0.25,0
r_575,AI08211,0.2,0
r_132,AI14061,0.2,0
r_209,AI05612,0.5,1
r_588,AI03639,0.25,0
r_160,AI07660,0.25,0
r_187,AI00366,0.25,0
r_562,AI05433,0.2,0
r_89,AI12726,0.25,0
r_451,AI10822,0.2,0
r_539,AI07851,0.2,0
r_562,AI14352,0.25,0
r_2857,AI01045,0.5,1
r_561,AI06780,0.2,0
r_375,AI00020,0.2,0
r_12,AI00999,0.25,0
r_200,AI09380,0.2,0
r_187,AI02792,0.2,0
r_963,AI09066,0.5,1
r_561,AI07724,0.2,0
r_406,AI11315,0.2,0
r_503,AI08282,0.2,0
r_174,AI08487,0.2,0
r_200,AI03296,0.25,0
r_89,AI14346,0.25,0
r_200,AI01713,0.2,0
r_451,AI03582,0.2,0
r_111,AI01175,0.2,0
r_656,AI08669,0.25,0
r_594,AI12019,0.25,0
r_539,AI12723,0.2,0
r_160,AI07588,0.2,0
r_539,AI05923,0.2,0
r_656,AI09342,0.5,1
r_599,AI11242,0.25,0
r_134,AI03324,0.25,0
r_503,AI14367,0.2,0
r_134,AI07719,0.25,0
r_346,AI06230,0.25,0
r_562,AI11987,0.2,0
r_174,AI14215,0.2,0
r_89,AI12237,0.2,0
r_200,AI12073,0.25,0
r_134,AI03780,0.25,0
r_2299,AI06832,0.5,1
r_3002,AI10587,0.5,1
r_12,AI05345,0.25,0
r_566,AI14335,0.2,0
r_209,AI05489,0.25,0
r_209,AI08128,0.2,0
r_594,AI06008,0.2,0
r_200,AI02958,0.25,0
r_111,AI04181,0.2,0
r_209,AI13574,0.25,0
r_200,AI05160,0.25,0
r_134,AI03600,0.2,0
r_132,AI13321,0.25,0
r_503,AI07016,0.2,0
r_503,AI09009,0.25,0
r_451,AI10979,0.25,0
r_406,AI07446,0.25,0
r_89,AI09475,0.2,0
r_187,AI12208,0.2,0
r_656,AI14036,0.2,0
r_575,AI07588,0.2,0
r_503,AI09408,0.2,0
r_451,AI10648,0.5,1
r_132,AI06195,0.25,0
r_111,AI11242,0.25,0
r_12,AI08354,0.25,0
r_681,AI10434,0.5,1
r_134,AI11671,0.2,0
r_111,AI08085,0.2,0
r_656,AI00822,0.2,0
r_187,AI06832,0.5,1
r_588,AI03203,0.2,0
r_561,AI14585,0.25,0
r_375,AI10023,0.2,0
r_1741,AI05177,0.5,1
r_594,AI12220,0.25,0
r_451,AI11553,0.2,0
r_451,AI13316,0.25,0
r_656,AI02040,0.25,0
r_756,AI00156,0.5,1
r_673,AI04199,0.2,0
r_599,AI14296,0.2,0
r_224,AI09258,0.2,0
r_111,AI14881,0.25,0
r_346,AI03076,0.2,0
r_406,AI05798,0.25,0
r_200,AI14746,0.25,0
r_575,AI03236,0.2,0
r_792,AI09434,0.5,1
r_503,AI01044,0.2,0
r_89,AI01430,0.25,0
r_134,AI00887,0.25,0
r_209,AI00251,0.2,0
r_346,AI03207,0.25,0
r_575,AI00994,0.2,0
r_224,AI04298,0.25,0
r_160,AI00593,0.25,0
r_346,AI08126,0.25,0
r_12,AI02366,0.2,0
r_111,AI04091,0.25,0
r_134,AI02011,0.2,0
r_503,AI05012,0.2,0
r_561,AI07032,0.2,0
r_632,AI05338,0.25,0
r_93,AI10238,0.5,1
r_346,AI11328,0.2,0
r_187,AI00208,0.2,0
r_111,AI09354,0.25,0
r_200,AI00764,0.2,0
r_451,AI08945,0.25,0
r_58,AI01589,0.2,0
r_160,AI07934,0.2,0
r_12,AI09508,0.25,0
r_200,AI04698,0.2,0
r_132,AI02345,0.25,0
r_566,AI03992,0.25,0
r_656,AI10397,0.2,0
r_111,AI14445,0.2,0
r_375,AI10970,0.2,0
r_375,AI14390,0.25,0
r_561,AI02904,0.25,0
r_111,AI11368,0.2,0
r_996,AI04896,0.5,1
r_539,AI01777,0.2,0
r_1261,AI11755,0.5,1
r_566,AI00305,0.2,0
r_503,AI06780,0.2,0
r_93,AI03590,0.25,0
r_1205,AI05568,0.5,1
r_111,AI08339,0.25,0
r_209,AI03488,0.2,0
r_656,AI12640,0.2,0
r_503,AI11368,0.2,0
r_406,AI04679,0.25,0
r_12,AI14850,0.25,0
r_346,AI00183,0.25,0
r_375,AI06204,0.2,0
r_575,AI02343,0.25,0
r_200,AI09696,0.2,0
r_93,AI04744,0.2,0
r_346,AI12640,0.2,0
r_594,AI03574,0.5,1
r_594,AI12772,0.2,0
r_89,AI12788,0.2,0
r_375,AI05458,0.2,0
r_200,AI12596,0.25,0
r_134,AI10161,0.2,0
r_111,AI11904,0.25,0
r_588,AI05744,0.2,0
r_93,AI12760,0.5,1
r_2895,AI08383,0.5,1
r_599,AI03310,0.2,0
r_89,AI09456,0.2,0
r_656,AI00305,0.2,0
r_200,AI13594,0.25,0
r_375,AI03038,0.25,0
r_346,AI12034,0.25,0
r_134,AI07513,0.2,0
r_673,AI14856,0.25,0
r_2602,AI07910,0.5,1
r_566,AI12914,0.2,0
r_503,AI12021,0.25,0
r_575,AI02675,0.2,0
r_132,AI10885,0.25,0
r_539,AI05799,0.25,0
r_503,AI04819,0.25,0
r_575,AI04807,0.2,0
r_200,AI02833,0.25,0
r_134,AI10546,0.25,0
r_632,AI13576,0.25,0
r_562,AI08126,0.25,0
r_594,AI05046,0.25,0
r_200,AI08397,0.2,0
r_539,AI03189,0.25,0
r_58,AI00770,0.25,0
r_224,AI13559,0.2,0
r_599,AI10294,0.25,0
r_503,AI13184,0.25,0
r_1531,AI03714,0.5,1
r_406,AI11154,0.25,0
r_575,AI14849,0.25,0
r_174,AI14375,0.25,0
r_12,AI09462,0.2,0
r_588,AI09307,0.25,0
r_561,AI07339,0.25,0
r_562,AI10397,0.2,0
r_575,AI06363,0.2,0
r_539,AI05468,0.25,0
r_12,AI14323,0.25,0
r_594,AI02919,0.2,0
r_200,AI11705,0.2,0
r_346,AI10422,0.5,1
r_451,AI01594,0.25,0
r_599,AI03852,0.2,0
r_111,AI05821,0.25,0
r_599,AI11776,0.25,0
r_375,AI04465,0.25,0
r_89,AI10862,0.25,0
r_575,AI10257,0.25,0
r_656,AI03207,0.25,0
r_656,AI03360,0.2,0
r_673,AI09290,0.25,0
r_132,AI10315,0.2,0
r_160,AI12521,0.25,0
r_588,AI03319,0.25,0
r_224,AI04342,0.2,0
r_656,AI03151,0.25,0
r_375,AI12930,0.25,0
r_187,AI00591,0.25,0
r_632,AI05534,0.25,0
r_2284,AI11748,0.5,1
r_209,AI14798,0.2,0
r_209,AI08391,0.25,0
r_632,AI01981,0.2,0
r_134,AI12509,0.25,0
r_224,AI04174,0.25,0
r_174,AI03388,0.25,0
r_89,AI04913,0.25,0
r_566,AI01814,0.2,0
r_562,AI10363,0.25,0
r_375,AI10799,0.25,0
r_588,AI11918,0.25,0
r_539,AI00154,0.25,0
r_209,AI00694,0.25,0
r_200,AI03322,0.25,0
r_2063,AI11104,0.5,1
r_656,AI04098,0.2,0
r_12,AI12041,0.25,0
r_346,AI01283,0.2,0
r_562,AI02424,0.2,0
r_539,AI03058,0.25,0
r_187,AI10880,0.25,0
r_406,AI09272,0.25,0
r_187,AI07022,0.2,0
r_1828,AI10238,0.5,1
r_1773,AI05177,0.5,1
r_406,AI02168,0.25,0
r_132,AI00747,0.2,0
r_209,AI09933,0.2,0
r_673,AI07713,0.25,0
r_2667,AI09637,0.5,1
r_93,AI13464,0.2,0
r_594,AI04402,0.2,0
r_1568,AI10587,0.5,1
r_58,AI08097,0.2,0
r_451,AI09129,0.25,0
r_656,AI01139,0.2,0
r_1817,AI00007,0.5,1
r_58,AI08013,0.2,0
r_599,AI00690,0.25,0
r_599,AI13095,0.25,0
r_632,AI08706,0.25,0
r_561,AI04469,0.25,0
r_539,AI07423,0.25,0
r_12,AI09933,0.2,0
r_594,AI00463,0.25,0
r_566,AI06474,0.2,0
r_1426,AI01360,0.5,1
r_599,AI05766,0.25,0
r_562,AI09955,0.2,0
r_575,AI07019,0.2,0
r_174,AI01488,0.2,0
r_2953,AI13447,0.5,1
r_1058,AI14362,0.5,1
r_594,AI12174,0.25,0
r_656,AI00002,0.2,0
r_111,AI09216,0.25,0
r_406,AI14562,0.2,0
r_451,AI05923,0.2,0
r_200,AI10938,0.2,0
r_451,AI13386,0.25,0
r_539,AI01988,0.2,0
r_594,AI08476,0.2,0
r_200,AI08644,0.25,0
r_111,AI05766,0.25,0
r_134,AI00448,0.2,0
r_406,AI12182,0.2,0
r_451,AI08831,0.25,0
r_575,AI00116,0.25,0
r_2264,AI10422,0.5,1
r_566,AI14086,0.2,0
r_406,AI11851,0.25,0
r_539,AI08195,0.2,0
r_93,AI05388,0.25,0
r_224,AI03115,0.2,0
r_89,AI02071,0.2,0
r_594,AI03552,0.25,0
r_89,AI04119,0.2,0
r_224,AI05009,0.2,0
r_111,AI06090,0.2,0
r_174,AI04450,0.25,0
r_346,AI11190,0.25,0
r_89,AI01972,0.25,0
r_58,AI06363,0.2,0
r_134,AI00829,0.25,0
r_12,AI10479,0.25,0
r_451,AI10748,0.2,0
r_160,AI09874,0.2,0
r_134,AI02516,0.25,0
r_632,AI13086,0.2,0
r_599,AI08515,0.25,0
r_2155,AI11959,0.5,1
r_656,AI02965,0.2,0
r_111,AI03207,0.25,0
r_599,AI04776,0.25,0
r_673,AI08350,0.25,0
r_174,AI03450,0.2,0
r_12,AI00908,0.2,0
r_200,AI14029,0.25,0
r_134,AI10996,0.25,0
r_12,AI06480,0.25,0
r_187,AI11893,0.2,0
r_12,AI06283,0.2,0
r_375,AI08819,0.2,0
r_575,AI10480,0.2,0
r_134,AI06950,0.25,0
r_503,AI11154,0.25,0
r_575,AI08571,0.2,0
r_187,AI11769,0.25,0
r_160,AI10388,0.25,0
r_588,AI11122,0.5,1
r_632,AI01437,0.2,0
r_134,AI09891,0.25,0
r_588,AI12262,0.2,0
r_134,AI03916,0.2,0
r_673,AI04044,0.25,0
r_451,AI10183,0.2,0
r_575,AI12574,0.25,0
r_132,AI06514,0.25,0
r_1961,AI11490,0.5,1
r_566,AI03146,0.25,0
r_503,AI01478,0.25,0
r_451,AI09955,0.2,0
r_111,AI05594,0.25,0
r_58,AI00974,0.25,0
r_375,AI09994,0.25,0
r_2716,AI14781,0.5,1
r_200,AI00579,0.2,0
r_2895,AI09286,0.5,1
r_406,AI03995,0.2,0
r_599,AI09869,0.2,0
r_58,AI09566,0.2,0
r_375,AI07625,0.25,0
r_406,AI02958,0.25,0
r_132,AI10316,0.2,0
r_561,AI02424,0.2,0
r_632,AI07900,0.2,0
r_561,AI05819,0.2,0
r_2927,AI01653,0.5,1
r_588,AI10836,0.2,0
r_224,AI12280,0.25,0
r_58,AI08351,0.25,0
r_187,AI04596,0.25,0
r_594,AI08605,0.25,0
r_160,AI12229,0.2,0
r_588,AI07877,0.2,0
r_89,AI13785,0.2,0
r_187,AI07625,0.25,0
r_224,AI08590,0.25,0
r_111,AI14961,0.2,0
r_632,AI11477,0.25,0
r_656,AI04465,0.25,0
r_562,AI01930,0.25,0
r_89,AI11933,0.2,0
r_111,AI12825,0.2,0
r_209,AI11432,0.2,0
r_599,AI03161,0.2,0
r_2063,AI04722,0.5,1
r_632,AI04971,0.2,0
r_2235,AI08568,0.5,1
r_539,AI04971,0.2,0
r_561,AI03169,0.25,0
r_375,AI00725,0.2,0
r_406,AI09603,0.25,0
r_134,AI00753,0.2,0
r_2130,AI10551,0.5,1
r_1058,AI01360,0.5,1
r_575,AI09233,0.25,0
r_174,AI00124,0.2,0
r_93,AI00817,0.25,0
r_111,AI11805,0.25,0
r_406,AI02754,0.25,0
r_375,AI05891,0.25,0
r_451,AI14594,0.25,0
r_209,AI04185,0.25,0
r_160,AI13316,0.25,0
r_1955,AI12780,0.5,1
r_656,AI10885,0.25,0
r_375,AI07745,0.25,0
r_200,AI06308,0.2,0
r_562,AI05531,0.25,0
r_200,AI14437,0.2,0
r_12,AI03315,0.2,0
r_562,AI10799,0.25,0
r_594,AI01288,0.25,0
r_594,AI11290,0.25,0
r_539,AI07685,0.25,0
r_599,AI10709,0.25,0
r_89,AI13982,0.25,0
r_575,AI08278,0.25,0
r_89,AI03807,0.2,0
r_588,AI06292,0.2,0
r_134,AI09340,0.2,0
r_134,AI04489,0.2,0
r_562,AI05508,0.25,0
r_224,AI11725,0.5,1
r_174,AI03868,0.25,0
r_594,AI02968,0.2,0
r_406,AI09052,0.2,0
r_599,AI00373,0.2,0
r_160,AI02102,0.2,0
r_346,AI13833,0.2,0
r_93,AI12559,0.2,0
r_134,AI06067,0.2,0
r_1253,AI12760,0.5,1
r_406,AI14423,0.2,0
r_1952,AI08429,0.5,1
r_93,AI08112,0.2,0
r_539,AI06995,0.25,0
r_160,AI01479,0.2,0
r_539,AI11747,0.2,0
r_561,AI06869,0.25,0
r_89,AI03930,0.25,0
r_566,AI07731,0.25,0
r_134,AI09270,0.25,0
r_93,AI14500,0.25,0
r_594,AI04306,0.25,0
r_132,AI13854,0.25,0
r_2940,AI07230,0.5,1
r_562,AI03277,0.2,0
r_588,AI12125,0.25,0
r_1823,AI14649,0.5,1
r_566,AI06201,0.25,0
r_561,AI08706,0.25,0
r_588,AI06156,0.2,0
r_174,AI07838,0.25,0
r_375,AI11851,0.25,0
r_346,AI11032,0.2,0
r_174,AI13839,0.5,1
r_93,AI14517,0.25,0
r_1790,AI02869,0.5,1
r_160,AI08339,0.25,0
r_406,AI10322,0.25,0
r_451,AI06709,0.2,0
r_134,AI01671,0.2,0
r_160,AI09696,0.2,0
r_566,AI12927,0.25,0
r_632,AI06212,0.25,0
r_58,AI12138,0.25,0
r_406,AI13374,0.25,0
r_89,AI10909,0.25,0
r_2716,AI11105,0.5,1
r_673,AI04741,0.2,0
r_599,AI06156,0.2,0
r_2299,AI10238,0.5,1
r_599,AI05821,0.25,0
r_12,AI05914,0.25,0
r_132,AI14303,0.25,0
r_174,AI11379,0.25,0
r_594,AI11019,0.2,0
r_200,AI02898,0.25,0
r_632,AI07857,0.25,0
r_673,AI03579,0.2,0
r_996,AI10238,0.5,1
r_200,AI07016,0.2,0
r_224,AI14267,0.2,0
r_174,AI01189,0.2,0
r_632,AI10305,0.2,0
r_160,AI06449,0.25,0
r_134,AI09012,0.25,0
r_346,AI13629,0.2,0
r_134,AI01444,0.2,0
r_656,AI01200,0.2,0
r_632,AI00832,0.2,0
r_200,AI05481,0.2,0
r_575,AI07864,0.2,0
r_93,AI08083,0.2,0
r_200,AI00274,0.2,0
r_160,AI07877,0.2,0
r_346,AI04776,0.25,0
r_566,AI05766,0.25,0
r_93,AI09674,0.25,0
r_132,AI05236,0.2,0
r_375,AI03820,0.25,0
r_406,AI11986,0.2,0
r_187,AI02212,0.2,0
r_200,AI13872,0.2,0
r_406,AI13785,0.2,0
r_224,AI01384,0.2,0
r_2955,AI07910,0.5,1
r_12,AI00681,0.25,0
r_588,AI02584,0.2,0
r_12,AI11189,0.25,0
r_575,AI00366,0.25,0
r_134,AI05653,0.25,0
r_656,AI11242,0.25,0
r_187,AI11943,0.2,0
r_224,AI08329,0.25,0
r_575,AI03169,0.25,0
r_200,AI12182,0.2,0
r_503,AI09804,0.25,0
r_111,AI11479,0.25,0
r_656,AI14666,0.25,0
r_588,AI07207,0.25,0
r_656,AI01886,0.25,0
r_503,AI10962,0.2,0
r_566,AI01489,0.25,0
r_566,AI12593,0.25,0
r_224,AI06445,0.25,0
r_2603,AI09573,0.5,1
r_160,AI07296,0.2,0
r_673,AI01914,0.2,0
r_224,AI07755,0.2,0
r_562,AI10700,0.25,0
r_562,AI10316,0.2,0
r_174,AI01074,0.25,0
r_134,AI09097,0.25,0
r_539,AI02424,0.2,0
r_209,AI01145,0.25,0
r_2063,AI13162,0.5,1
r_503,AI06180,0.2,0
r_539,AI09671,0.25,0
r_594,AI13854,0.25,0
r_89,AI06082,0.2,0
r_134,AI14865,0.2,0
r_575,AI05458,0.2,0
r_89,AI05403,0.25,0
r_566,AI10352,0.25,0
r_1773,AI09342,0.5,1
r_588,AI02345,0.25,0
r_111,AI07592,0.25,0
r_451,AI05821,0.25,0
r_200,AI06171,0.2,0
r_375,AI10767,0.2,0
r_134,AI01655,0.2,0
r_89,AI14328,0.2,0
r_160,AI03009,0.2,0
r_539,AI06171,0.2,0
r_503,AI01988,0.2,0
r_134,AI13510,0.2,0
r_93,AI11101,0.25,0
r_3011,AI05177,0.5,1
r_132,AI12021,0.25,0
r_134,AI05939,0.25,0
r_224,AI08135,0.2,0
r_575,AI08061,0.2,0
r_503,AI08342,0.2,0
r_12,AI13848,0.2,0
r_93,AI00373,0.2,0
r_111,AI12416,0.25,0
r_561,AI13358,0.25,0
r_561,AI10542,0.2,0
r_594,AI09453,0.2,0
r_12,AI14455,0.2,0
r_89,AI04436,0.2,0
r_599,AI12237,0.2,0
r_575,AI02359,0.2,0
r_575,AI02350,0.25,0
r_224,AI09501,0.2,0
r_594,AI02164,0.25,0
r_58,AI13727,0.2,0
r_632,AI01440,0.25,0
r_132,AI11072,0.25,0
r_12,AI03991,0.2,0
r_562,AI00604,0.25,0
r_132,AI10695,0.2,0
r_12,AI06774,0.2,0
r_588,AI00415,0.2,0
r_132,AI08211,0.2,0
r_539,AI11718,0.25,0
r_209,AI06283,0.2,0
r_93,AI10905,0.25,0
r_346,AI09573,0.5,1
r_187,AI05921,0.25,0
r_224,AI07285,0.2,0
r_346,AI01253,0.25,0
r_503,AI04009,0.2,0
r_12,AI13713,0.25,0
r_346,AI09518,0.25,0
r_1811,AI07230,0.5,1
r_132,AI11558,0.2,0
r_93,AI13728,0.2,0
r_209,AI01183,0.25,0
r_209,AI08637,0.25,0
r_594,AI07250,0.25,0
r_588,AI04430,0.25,0
r_224,AI04364,0.25,0
r_2927,AI13162,0.5,1
r_562,AI14031,0.25,0
r_89,AI06439,0.2,0
r_599,AI14714,0.2,0
r_375,AI11050,0.2,0
r_566,AI09662,0.2,0
r_2716,AI01653,0.5,1
r_209,AI11980,0.2,0
r_562,AI08233,0.2,0
r_632,AI10233,0.25,0
r_503,AI09840,0.25,0
r_561,AI14086,0.2,0
r_132,AI00431,0.2,0
r_58,AI02280,0.2,0
r_224,AI13274,0.2,0
r_673,AI01925,0.2,0
r_132,AI06008,0.2,0
r_209,AI05046,0.25,0
r_503,AI07731,0.25,0
r_1154,AI09573,0.5,1
r_187,AI12715,0.25,0
r_187,AI01478,0.25,0
r_406,AI09434,0.5,1
r_575,AI06292,0.2,0
r_132,AI03843,0.25,0
r_406,AI05566,0.2,0
r_632,AI10508,0.25,0
r_132,AI01085,0.2,0
r_1724,AI12760,0.5,1
r_594,AI13919,0.25,0
r_599,AI01594,0.25,0
r_588,AI04009,0.2,0
r_599,AI01534,0.25,0
r_588,AI06107,0.25,0
r_562,AI04029,0.25,0
r_174,AI12599,0.2,0
r_187,AI05458,0.2,0
r_174,AI14605,0.25,0
r_174,AI08678,0.2,0
r_656,AI09192,0.2,0
r_2195,AI07230,0.5,1
r_58,AI12214,0.25,0
r_160,AI11712,0.2,0
r_160,AI12125,0.25,0
r_1773,AI14362,0.5,1
r_209,AI00099,0.25,0
r_406,AI10871,0.2,0
r_561,AI05631,0.2,0
r_187,AI05342,0.2,0
r_575,AI10906,0.25,0
r_89,AI03821,0.25,0
r_2489,AI10238,0.5,1
r_406,AI12760,0.5,1
r_132,AI05423,0.2,0
r_656,AI11986,0.2,0
r_503,AI00910,0.25,0
r_93,AI02212,0.2,0
r_575,AI05594,0.25,0
r_89,AI00156,0.5,1
r_209,AI08545,0.25,0
r_346,AI02856,0.2,0
r_134,AI04111,0.25,0
r_224,AI00761,0.2,0
r_562,AI05620,0.2,0
r_561,AI12229,0.2,0
r_12,AI06018,0.25,0
r_566,AI07257,0.2,0
r_132,AI05301,0.5,1
r_111,AI06201,0.25,0
r_187,AI08864,0.25,0
r_12,AI02899,0.25,0
r_503,AI05831,0.25,0
r_503,AI01913,0.25,0
r_132,AI12179,0.25,0
r_575,AI03296,0.25,0
r_93,AI14063,0.5,1
r_224,AI06613,0.25,0
r_588,AI14558,0.25,0
r_503,AI08458,0.25,0
r_562,AI11959,0.5,1
r_132,AI04798,0.25,0
r_174,AI00060,0.5,1
r_89,AI04353,0.25,0
r_134,AI01168,0.25,0
r_2857,AI06944,0.5,1
r_561,AI14140,0.25,0
r_174,AI01249,0.25,0
r_12,AI02903,0.2,0
r_132,AI09717,0.2,0
r_562,AI09874,0.2,0
r_503,AI05033,0.25,0
r_89,AI03249,0.25,0
r_93,AI03182,0.25,0
r_209,AI00936,0.2,0
r_561,AI10871,0.2,0
r_209,AI03684,0.25,0
r_111,AI03319,0.25,0
r_566,AI13935,0.2,0
r_451,AI08233,0.2,0
r_375,AI08993,0.2,0
r_1955,AI03742,0.5,1
r_2940,AI10422,0.5,1
r_588,AI12073,0.25,0
r_575,AI06921,0.2,0
r_174,AI04764,0.25,0
r_174,AI13961,0.25,0
r_792,AI10587,0.5,1
r_1823,AI12780,0.5,1
r_58,AI12511,0.25,0
r_111,AI01594,0.25,0
r_588,AI01763,0.2,0
r_174,AI00704,0.2,0
r_93,AI12995,0.2,0
r_134,AI00002,0.2,0
r_209,AI05529,0.2,0
r_656,AI01566,0.2,0
r_89,AI07364,0.25,0
r_134,AI13044,0.25,0
r_2509,AI12950,0.5,1
r_566,AI01001,0.2,0
r_209,AI09671,0.25,0
r_187,AI07758,0.25,0
r_594,AI10944,0.25,0
r_575,AI10212,0.25,0
r_599,AI10363,0.25,0
r_58,AI02578,0.2,0
r_89,AI10129,0.25,0
r_187,AI07165,0.2,0
r_132,AI14140,0.25,0
r_111,AI10340,0.25,0
r_174,AI03121,0.25,0
r_160,AI01631,0.2,0
r_174,AI07052,0.25,0
r_58,AI07660,0.25,0
r_346,AI02483,0.2,0
r_594,AI14215,0.2,0
r_224,AI04521,0.25,0
r_132,AI01565,0.25,0
r_406,AI11915,0.2,0
r_562,AI12995,0.2,0
r_562,AI10880,0.25,0
r_632,AI07832,0.25,0
r_187,AI13386,0.25,0
r_224,AI10486,0.25,0
r_93,AI02390,0.25,0
r_200,AI08126,0.25,0
r_58,AI03042,0.2,0
r_174,AI12142,0.25,0
r_539,AI03757,0.2,0
r_200,AI11062,0.2,0
r_93,AI00050,0.2,0
r_111,AI06949,0.2,0
r_632,AI00044,0.25,0
r_174,AI12558,0.2,0
r_2264,AI11755,0.5,1
r_160,AI03081,0.2,0
r_451,AI05423,0.2,0
r_93,AI07453,0.25,0
r_375,AI12000,0.25,0
r_200,AI10508,0.25,0
r_375,AI02562,0.25,0
r_209,AI09050,0.25,0
r_599,AI01913,0.25,0
r_566,AI02021,0.25,0
r_132,AI08182,0.25,0
r_93,AI14437,0.2,0
r_89,AI09097,0.25,0
r_93,AI10700,0.25,0
r_451,AI11508,0.25,0
r_12,AI03684,0.25,0
r_599,AI00593,0.25,0
r_134,AI13022,0.25,0
r_406,AI01117,0.2,0
r_93,AI03787,0.25,0
r_1568,AI05183,0.5,1
r_406,AI01186,0.25,0
r_561,AI02675,0.2,0
r_503,AI12155,0.25,0
r_346,AI01731,0.2,0
r_656,AI02977,0.25,0
r_160,AI12604,0.25,0
r_346,AI01786,0.25,0
r_632,AI09720,0.2,0
r_756,AI08383,0.5,1
r_673,AI07452,0.2,0
r_12,AI01040,0.25,0
r_132,AI06723,0.2,0
r_224,AI09319,0.2,0
r_375,AI06292,0.2,0
r_375,AI02478,0.25,0
r_93,AI05632,0.25,0
r_566,AI05006,0.2,0
r_160,AI03582,0.2,0
r_575,AI06029,0.2,0
r_160,AI10173,0.2,0
r_89,AI06048,0.25,0
r_594,AI05723,0.2,0
r_656,AI10561,0.25,0
r_575,AI00305,0.2,0
r_2869,AI14362,0.5,1
r_375,AI08473,0.25,0
r_89,AI04377,0.2,0
r_503,AI01086,0.2,0
r_132,AI00457,0.2,0
r_134,AI12383,0.25,0
r_1961,AI11212,0.5,1
r_451,AI13101,0.25,0
r_588,AI01604,0.2,0
r_575,AI09232,0.2,0
r_132,AI13845,0.2,0
r_561,AI00725,0.2,0
r_599,AI14881,0.25,0
r_673,AI05506,0.2,0
r_89,AI06153,0.2,0
r_561,AI10388,0.25,0
r_111,AI13214,0.25,0
r_224,AI10468,0.25,0
r_451,AI11001,0.2,0
r_673,AI11571,0.2,0
r_160,AI07291,0.2,0
r_132,AI06019,0.25,0
r_451,AI03296,0.25,0
r_632,AI11329,0.25,0
r_594,AI10570,0.2,0
r_632,AI05867,0.2,0
r_566,AI13101,0.25,0
r_346,AI09014,0.25,0
r_599,AI02102,0.2,0
r_12,AI13639,0.25,0
r_89,AI05758,0.5,1
r_209,AI13472,0.2,0
r_132,AI10938,0.2,0
r_656,AI06238,0.25,0
r_346,AI01479,0.2,0
r_539,AI08581,0.25,0
r_89,AI05438,0.2,0
r_406,AI13736,0.5,1
r_89,AI07173,0.25,0
r_2716,AI12281,0.5,1
r_588,AI09354,0.25,0
r_375,AI13736,0.5,1
r_562,AI09383,0.25,0
r_160,AI02856,0.2,0
r_174,AI08490,0.25,0
r_89,AI10140,0.2,0
r_406,AI02620,0.25,0
r_187,AI10944,0.25,0
r_132,AI09380,0.2,0
r_406,AI09383,0.25,0
r_451,AI10239,0.2,0
r_451,AI05350,0.25,0
r_656,AI09022,0.2,0
r_224,AI01145,0.25,0
r_93,AI13776,0.25,0
r_134,AI03090,0.2,0
r_375,AI10701,0.2,0
r_375,AI14441,0.25,0
r_451,AI05254,0.25,0
r_12,AI07308,0.2,0
r_1417,AI11122,0.5,1
r_575,AI06296,0.5,1
r_566,AI10545,0.2,0
r_2136,AI06944,0.5,1
r_224,AI12472,0.2,0
r_89,AI06091,0.25,0
r_132,AI10235,0.2,0
r_12,AI03003,0.25,0
r_160,AI11827,0.25,0
r_209,AI07697,0.25,0
r_562,AI01631,0.2,0
r_134,AI08049,0.2,0
r_200,AI14610,0.2,0
r_561,AI06646,0.2,0
r_503,AI14558,0.25,0
r_756,AI08429,0.5,1
r_588,AI10859,0.25,0
r_1955,AI06694,0.5,1
r_132,AI05798,0.25,0
r_346,AI03360,0.2,0
r_187,AI02292,0.2,0
r_224,AI13012,0.25,0
r_656,AI03649,0.25,0
r_599,AI02539,0.25,0
r_209,AI09714,0.2,0
r_566,AI13833,0.2,0
r_346,AI04622,0.2,0
r_561,AI00373,0.2,0
r_673,AI12967,0.25,0
r_575,AI00464,0.25,0
r_174,AI02513,0.25,0
r_406,AI11233,0.25,0
r_575,AI12125,0.25,0
r_346,AI08099,0.25,0
r_599,AI06258,0.25,0
r_134,AI14044,0.25,0
r_12,AI01057,0.25,0
r_93,AI05391,0.2,0
r_673,AI14632,0.25,0
r_561,AI00764,0.2,0
r_111,AI09696,0.2,0
r_562,AI09009,0.25,0
r_996,AI14063,0.5,1
r_346,AI10209,0.2,0
r_209,AI12024,0.2,0
r_174,AI06016,0.2,0
r_132,AI02263,0.25,0
r_12,AI12374,0.25,0
r_111,AI10257,0.25,0
r_58,AI08997,0.25,0
r_111,AI14917,0.25,0
r_575,AI11950,0.2,0
r_656,AI00777,0.2,0
r_111,AI04100,0.25,0
r_2155,AI11122,0.5,1
r_406,AI06440,0.2,0
r_588,AI13748,0.2,0
r_134,AI06105,0.2,0
r_575,AI11776,0.25,0
r_1549,AI00156,0.5,1
r_375,AI12754,0.2,0
r_93,AI04483,0.2,0
r_599,AI08397,0.2,0
r_503,AI10257,0.25,0
r_566,AI14655,0.25,0
r_93,AI08831,0.25,0
r_673,AI01096,0.2,0
r_160,AI01500,0.25,0
r_12,AI06132,0.2,0
r_588,AI00447,0.2,0
r_451,AI03667,0.2,0
r_187,AI12803,0.25,0
r_209,AI13653,0.25,0
r_632,AI05187,0.25,0
r_673,AI08490,0.25,0
r_209,AI12487,0.2,0
r_594,AI03115,0.2,0
r_160,AI05190,0.2,0
r_575,AI03712,0.25,0
r_58,AI08174,0.2,0
r_594,AI13597,0.25,0
r_575,AI02482,0.2,0
r_451,AI12034,0.25,0
r_111,AI03484,0.2,0
r_503,AI03948,0.25,0
r_224,AI02131,0.25,0
r_174,AI06458,0.25,0
r_1551,AI08237,0.5,1
r_575,AI01949,0.25,0
r_2955,AI03714,0.5,1
r_561,AI06601,0.25,0
r_89,AI12130,0.2,0
r_575,AI07022,0.2,0
r_539,AI00793,0.25,0
r_200,AI05801,0.25,0
r_588,AI06474,0.2,0
r_12,AI06153,0.2,0
r_539,AI07522,0.25,0
r_673,AI03036,0.2,0
r_209,AI06803,0.25,0
r_209,AI10358,0.25,0
r_1828,AI08237,0.5,1
r_562,AI04201,0.2,0
r_503,AI10715,0.2,0
r_562,AI01044,0.2,0
r_132,AI01566,0.2,0
r_503,AI14386,0.2,0
r_632,AI07851,0.2,0
r_174,AI03712,0.25,0
r_539,AI13464,0.2,0
r_632,AI10397,0.2,0
r_562,AI07103,0.25,0
r_187,AI01533,0.2,0
r_12,AI06920,0.25,0
r_588,AI13785,0.2,0
r_562,AI04688,0.2,0
r_451,AI02807,0.25,0
r_503,AI12452,0.2,0
r_503,AI06324,0.2,0
r_588,AI03950,0.25,0
r_111,AI07857,0.25,0
r_539,AI02673,0.25,0
r_134,AI10185,0.2,0
r_12,AI09638,0.2,0
r_346,AI10702,0.2,0
r_160,AI13028,0.2,0
r_1811,AI09066,0.5,1
r_187,AI10159,0.2,0
r_200,AI10701,0.2,0
r_709,AI14063,0.5,1
r_174,AI05397,0.25,0
r_89,AI10499,0.2,0
r_89,AI03641,0.2,0
r_673,AI06050,0.2,0
r_160,AI11522,0.25,0
r_89,AI14820,0.25,0
r_539,AI06136,0.25,0
r_503,AI10720,0.25,0
r_93,AI07269,0.25,0
r_2284,AI13736,0.5,1
r_406,AI04430,0.25,0
r_93,AI04596,0.25,0
r_406,AI01913,0.25,0
r_111,AI10743,0.2,0
r_566,AI00866,0.2,0
r_594,AI10053,0.2,0
r_224,AI04088,0.25,0
r_209,AI12235,0.25,0
r_539,AI04100,0.25,0
r_561,AI13629,0.2,0
r_2088,AI01770,0.5,1
r_451,AI03852,0.2,0
r_187,AI12914,0.2,0
r_673,AI09643,0.25,0
r_2716,AI12780,0.5,1
r_632,AI09398,0.25,0
r_12,AI14890,0.2,0
r_200,AI14793,0.25,0
r_561,AI06712,0.2,0
r_539,AI12532,0.2,0
r_594,AI09442,0.25,0
r_89,AI06717,0.25,0
r_346,AI11422,0.25,0
r_224,AI00607,0.25,0
r_346,AI12452,0.2,0
r_200,AI09355,0.25,0
r_89,AI00233,0.25,0
r_451,AI01604,0.2,0
r_632,AI09267,0.25,0
r_132,AI13340,0.25,0
r_375,AI05148,0.2,0
r_1549,AI09066,0.5,1
r_200,AI14086,0.2,0
r_588,AI02292,0.2,0
r_562,AI01200,0.2,0
r_562,AI04679,0.25,0
r_503,AI04113,0.2,0
r_224,AI13854,0.25,0
r_656,AI05192,0.2,0
r_561,AI08669,0.25,0
r_160,AI02040,0.25,0
r_224,AI01697,0.25,0
r_111,AI09137,0.25,0
r_2303,AI09342,0.5,1
r_89,AI10829,0.25,0
r_58,AI07255,0.2,0
r_2155,AI00045,0.5,1
r_561,AI04201,0.2,0
r_346,AI07877,0.2,0
r_562,AI09966,0.25,0
r_209,AI13919,0.25,0
r_160,AI08025,0.2,0
r_656,AI03119,0.25,0
r_89,AI12122,0.25,0
r_539,AI06200,0.2,0
r_632,AI06703,0.2,0
r_566,AI12511,0.25,0
r_632,AI00866,0.2,0
r_58,AI03360,0.2,0
r_187,AI07498,0.25,0
r_561,AI10925,0.2,0
r_93,AI07851,0.2,0
r_709,AI05301,0.5,1
r_346,AI10695,0.2,0
r_111,AI03355,0.25,0
r_539,AI11600,0.2,0
r_566,AI11060,0.25,0
r_539,AI03816,0.25,0
r_200,AI05391,0.2,0
r_93,AI13645,0.2,0
r_406,AI05062,0.25,0
r_224,AI12622,0.25,0
r_224,AI09272,0.25,0
r_632,AI11242,0.25,0
r_209,AI11168,0.25,0
r_134,AI08768,0.25,0
r_12,AI01759,0.2,0
r_174,AI01182,0.25,0
r_93,AI01117,0.2,0
r_187,AI11508,0.25,0
r_346,AI08458,0.25,0
r_93,AI13086,0.2,0
r_406,AI04550,0.25,0
r_594,AI11109,0.25,0
r_2366,AI13736,0.5,1
r_503,AI13810,0.2,0
r_575,AI00415,0.2,0
r_134,AI10825,0.2,0
r_594,AI04078,0.25,0
r_224,AI08824,0.25,0
r_588,AI14648,0.2,0
r_224,AI11894,0.2,0
r_2667,AI10551,0.5,1
r_375,AI14653,0.25,0
r_588,AI03119,0.25,0
r_673,AI00972,0.25,0
r_375,AI10331,0.25,0
r_562,AI00002,0.2,0
r_187,AI09355,0.25,0
r_406,AI03820,0.25,0
r_575,AI07555,0.2,0
r_406,AI10925,0.2,0
r_209,AI06553,0.2,0
r_566,AI00007,0.5,1
r_224,AI09936,0.25,0
r_111,AI08399,0.2,0
r_575,AI08533,0.2,0
r_111,AI14116,0.2,0
r_132,AI06684,0.2,0
r_58,AI11329,0.25,0
r_632,AI01360,0.5,1
r_561,AI01255,0.2,0
r_375,AI05066,0.2,0
r_594,AI05546,0.2,0
r_575,AI07293,0.25,0
r_12,AI03479,0.25,0
r_451,AI00457,0.2,0
r_594,AI11921,0.25,0
r_561,AI04041,0.2,0
r_539,AI06090,0.2,0
r_346,AI06429,0.25,0
r_174,AI06630,0.25,0
r_375,AI14426,0.25,0
r_346,AI08148,0.2,0
r_632,AI06156,0.2,0
r_566,AI07820,0.25,0
r_346,AI02590,0.25,0
r_2895,AI10238,0.5,1
r_58,AI11858,0.25,0
r_503,AI07588,0.2,0
r_2937,AI02869,0.5,1
r_134,AI07949,0.25,0
r_209,AI09235,0.25,0
r_174,AI12456,0.25,0
r_561,AI02654,0.25,0
r_111,AI11569,0.25,0
r_174,AI13489,0.2,0
r_406,AI14733,0.2,0
r_673,AI07168,0.2,0
r_160,AI04105,0.2,0
r_93,AI08780,0.25,0
r_594,AI12122,0.25,0
r_2088,AI03714,0.5,1
r_575,AI05148,0.2,0
r_200,AI03667,0.2,0
r_2922,AI13736,0.5,1
r_594,AI09838,0.25,0
r_89,AI09903,0.5,1
r_132,AI09157,0.2,0
r_89,AI07827,0.25,0
r_132,AI08097,0.2,0
r_111,AI01124,0.25,0
r_594,AI08590,0.25,0
r_134,AI01310,0.2,0
r_539,AI12803,0.25,0
r_134,AI01991,0.25,0
r_58,AI10244,0.2,0
r_2602,AI08705,0.5,1
r_451,AI11588,0.2,0
r_632,AI12362,0.2,0
r_594,AI07949,0.25,0
r_93,AI12850,0.25,0
r_594,AI05706,0.2,0
r_566,AI02478,0.25,0
r_346,AI03965,0.25,0
r_2602,AI01045,0.5,1
r_451,AI07446,0.25,0
r_134,AI04367,0.25,0
r_673,AI07451,0.2,0
r_160,AI14386,0.2,0
r_12,AI09316,0.2,0
r_503,AI05338,0.25,0
r_200,AI05301,0.5,1
r_575,AI07731,0.25,0
r_1828,AI09286,0.5,1
r_89,AI06679,0.2,0
r_632,AI14026,0.2,0
r_224,AI12450,0.25,0
r_406,AI10534,0.25,0
r_174,AI13097,0.25,0
r_200,AI03803,0.25,0
r_1058,AI12760,0.5,1
r_562,AI01533,0.2,0
r_656,AI02620,0.25,0
r_132,AI09674,0.25,0
r_134,AI01481,0.2,0
r_200,AI10958,0.2,0
r_588,AI02567,0.25,0
r_451,AI03889,0.25,0
r_539,AI14426,0.25,0
r_656,AI11484,0.25,0
r_594,AI05402,0.2,0
r_561,AI10702,0.2,0
r_160,AI10748,0.2,0
r_93,AI09955,0.2,0
r_566,AI06008,0.2,0
r_132,AI09202,0.25,0
r_89,AI03188,0.2,0
r_111,AI00063,0.25,0
r_174,AI04199,0.2,0
r_566,AI11712,0.2,0
r_93,AI12138,0.25,0
r_561,AI00116,0.25,0
r_594,AI00331,0.2,0
r_224,AI00952,0.25,0
r_562,AI09614,0.2,0
r_2603,AI06296,0.5,1
r_174,AI00100,0.2,0
r_134,AI10452,0.25,0
r_134,AI11868,0.25,0
r_111,AI14299,0.25,0
r_209,AI03052,0.2,0
r_12,AI06780,0.2,0
r_346,AI06107,0.25,0
r_174,AI12628,0.25,0
r_673,AI12314,0.25,0
r_656,AI04277,0.2,0
r_160,AI10799,0.25,0
r_375,AI00100,0.2,0
r_566,AI14299,0.25,0
r_599,AI06008,0.2,0
r_2299,AI02466,0.5,1
r_375,AI05174,0.2,0
r_594,AI08344,0.2,0
r_561,AI12532,0.2,0
r_346,AI13908,0.25,0
r_599,AI03355,0.25,0
r_89,AI05651,0.5,1
r_599,AI11644,0.25,0
r_588,AI03509,0.2,0
r_594,AI01469,0.25,0
r_656,AI05798,0.25,0
r_539,AI14535,0.25,0
r_93,AI07513,0.2,0
r_187,AI14151,0.25,0
r_575,AI13985,0.25,0
r_539,AI08233,0.2,0
r_132,AI06234,0.2,0
r_224,AI01933,0.2,0
r_111,AI02114,0.2,0
r_93,AI01360,0.5,1
r_12,AI10606,0.25,0
r_58,AI11368,0.2,0
r_406,AI11616,0.2,0
r_594,AI04370,0.25,0
r_503,AI00365,0.2,0
r_575,AI12723,0.2,0
r_594,AI01014,0.2,0
r_224,AI05415,0.2,0
r_160,AI07724,0.2,0
r_594,AI11900,0.25,0
r_160,AI09009,0.25,0
r_187,AI01033,0.25,0
r_599,AI06936,0.2,0
r_174,AI04124,0.25,0
r_806,AI01770,0.5,1
r_132,AI04702,0.25,0
r_673,AI01441,0.2,0
r_200,AI13321,0.25,0
r_561,AI07907,0.2,0
r_174,AI05860,0.25,0
r_588,AI13316,0.25,0
r_224,AI00691,0.25,0
r_160,AI02678,0.25,0
r_561,AI03483,0.25,0
r_89,AI04880,0.2,0
r_12,AI07984,0.2,0
r_2173,AI08383,0.5,1
r_562,AI03322,0.25,0
r_561,AI07399,0.2,0
r_160,AI06324,0.2,0
r_588,AI09807,0.2,0
r_89,AI03115,0.2,0
r_539,AI03092,0.2,0
r_594,AI06986,0.25,0
r_93,AI01439,0.25,0
r_89,AI11019,0.2,0
r_632,AI02418,0.2,0
r_599,AI08037,0.2,0
r_209,AI12130,0.2,0
r_132,AI03016,0.25,0
r_599,AI00553,0.2,0
r_539,AI08889,0.2,0
r_346,AI05923,0.2,0
r_1774,AI12780,0.5,1
r_93,AI08993,0.2,0
r_756,AI01360,0.5,1
r_1205,AI06296,0.5,1
r_594,AI01166,0.25,0
r_224,AI09475,0.2,0
r_58,AI11987,0.2,0
r_187,AI09030,0.25,0
r_599,AI12981,0.2,0
r_451,AI02292,0.2,0
r_12,AI10978,0.25,0
r_132,AI14063,0.5,1
r_12,AI01051,0.25,0
r_594,AI07334,0.2,0
r_673,AI06528,0.25,0
r_187,AI02931,0.25,0
r_200,AI13679,0.2,0
r_187,AI09137,0.25,0
r_451,AI07220,0.25,0
r_93,AI01969,0.2,0
r_187,AI01719,0.25,0
r_562,AI07592,0.25,0
r_656,AI01159,0.25,0
r_656,AI05190,0.2,0
r_209,AI14386,0.2,0
r_451,AI08568,0.5,1
r_599,AI14295,0.2,0
r_375,AI11354,0.2,0
r_224,AI13157,0.25,0
r_58,AI09066,0.5,1
r_134,AI12986,0.25,0
r_503,AI05518,0.2,0
r_111,AI11987,0.2,0
r_174,AI01599,0.2,0
r_111,AI01981,0.2,0
r_89,AI11510,0.25,0
r_224,AI02417,0.2,0
r_134,AI11730,0.25,0
r_209,AI02461,0.2,0
r_89,AI11241,0.25,0
r_561,AI05867,0.2,0
r_375,AI14176,0.25,0
r_673,AI08923,0.2,0
r_599,AI00002,0.2,0
r_588,AI12382,0.25,0
r_632,AI07674,0.25,0
r_93,AI07473,0.25,0
r_224,AI14002,0.25,0
r_406,AI08581,0.25,0
r_632,AI06180,0.2,0
r_160,AI00050,0.2,0
r_200,AI00519,0.25,0
r_632,AI11533,0.2,0
r_539,AI07838,0.25,0
r_375,AI12784,0.2,0
r_174,AI02733,0.25,0
r_451,AI12795,0.2,0
r_406,AI09010,0.2,0
r_375,AI01985,0.25,0
r_561,AI06936,0.2,0
r_575,AI13670,0.25,0
r_594,AI01536,0.25,0
r_1774,AI11105,0.5,1
r_539,AI05801,0.25,0
r_632,AI14437,0.2,0
r_375,AI09637,0.5,1
r_566,AI07278,0.2,0
r_2155,AI10422,0.5,1
r_594,AI09708,0.2,0
r_1741,AI09434,0.5,1
r_599,AI00820,0.25,0
r_539,AI13345,0.25,0
r_656,AI06949,0.2,0
r_588,AI06601,0.25,0
r_375,AI08864,0.25,0
r_200,AI14464,0.2,0
r_12,AI06313,0.25,0
r_673,AI08765,0.2,0
r_58,AI02782,0.25,0
r_575,AI14946,0.25,0
r_1551,AI00156,0.5,1
r_566,AI13679,0.2,0
r_209,AI06488,0.2,0
r_673,AI12325,0.2,0
r_594,AI09638,0.2,0
r_375,AI10648,0.5,1
r_566,AI02418,0.2,0
r_132,AI13736,0.5,1
r_575,AI01360,0.5,1
r_111,AI00194,0.25,0
r_209,AI02153,0.2,0
r_132,AI05183,0.5,1
r_1702,AI01653,0.5,1
r_93,AI13908,0.25,0
r_187,AI02438,0.2,0
r_93,AI10677,0.25,0
r_1027,AI06825,0.5,1
r_594,AI12682,0.2,0
r_561,AI00366,0.25,0
r_575,AI02345,0.25,0
r_209,AI08831,0.25,0
r_632,AI10388,0.25,0
r_58,AI06709,0.2,0
r_561,AI03484,0.2,0
r_1205,AI14187,0.5,1
r_406,AI04041,0.2,0
r_451,AI11050,0.2,0
r_656,AI12212,0.2,0
r_673,AI09228,0.2,0
r_111,AI12795,0.2,0
r_209,AI03922,0.25,0
r_209,AI12281,0.5,1
r_160,AI12021,0.25,0
r_632,AI02965,0.2,0
r_160,AI11755,0.5,1
r_160,AI10315,0.2,0
r_89,AI09810,0.2,0
r_134,AI10917,0.25,0
r_539,AI01139,0.2,0
r_111,AI05209,0.25,0
r_599,AI10784,0.25,0
r_588,AI03889,0.25,0
r_1531,AI01653,0.5,1
r_451,AI14437,0.2,0
r_89,AI09270,0.25,0
r_575,AI14234,0.2,0
r_93,AI01790,0.2,0
r_503,AI10508,0.25,0
r_406,AI03610,0.2,0
r_656,AI14029,0.25,0
r_561,AI05590,0.2,0
r_632,AI08266,0.25,0
r_134,AI01909,0.25,0
r_561,AI00913,0.25,0
r_673,AI00191,0.25,0
r_12,AI13022,0.25,0
r_599,AI05350,0.25,0
r_406,AI00437,0.25,0
r_132,AI04499,0.25,0
r_673,AI02237,0.2,0
r_89,AI05848,0.25,0
r_375,AI14535,0.25,0
r_1568,AI09342,0.5,1
r_575,AI08982,0.25,0
r_375,AI10316,0.2,0
r_673,AI01298,0.25,0
r_224,AI14645,0.2,0
r_58,AI12152,0.2,0
r_632,AI05635,0.2,0
r_224,AI11109,0.25,0
r_561,AI01001,0.2,0
r_599,AI07165,0.2,0
r_588,AI05429,0.2,0
r_174,AI07375,0.2,0
r_562,AI08831,0.25,0
r_562,AI08997,0.25,0
r_93,AI00747,0.2,0
r_562,AI05468,0.25,0
r_599,AI07372,0.25,0
r_575,AI13493,0.25,0
r_656,AI10315,0.2,0
r_200,AI02438,0.2,0
r_599,AI06050,0.2,0
r_588,AI09614,0.2,0
r_200,AI14864,0.2,0
r_575,AI07372,0.25,0
r_111,AI09710,0.2,0
r_406,AI07724,0.2,0
r_451,AI05933,0.25,0
r_588,AI12184,0.2,0
r_58,AI05388,0.25,0
r_451,AI02567,0.25,0
r_451,AI06363,0.2,0
r_599,AI06995,0.25,0
r_588,AI09157,0.2,0
r_406,AI12995,0.2,0
r_224,AI10846,0.25,0
r_656,AI01731,0.2,0
r_656,AI02900,0.25,0
r_1952,AI10422,0.5,1
r_209,AI03423,0.2,0
r_451,AI01491,0.25,0
r_346,AI11060,0.25,0
r_539,AI13777,0.2,0
r_656,AI03092,0.2,0
r_656,AI03950,0.25,0
r_594,AI06789,0.2,0
r_89,AI02037,0.25,0
r_566,AI14981,0.2,0
r_594,AI10008,0.25,0
r_588,AI07864,0.2,0
r_160,AI08571,0.2,0
r_58,AI11843,0.25,0
r_93,AI02584,0.2,0
r_2509,AI03742,0.5,1
r_632,AI07362,0.2,0
r_12,AI06613,0.25,0
r_111,AI01159,0.25,0
r_160,AI03595,0.25,0
r_224,AI04823,0.25,0
r_375,AI10363,0.25,0
r_209,AI01872,0.2,0
r_58,AI02212,0.2,0
r_209,AI09057,0.25,0
r_111,AI00044,0.25,0
r_111,AI09737,0.2,0
r_632,AI00057,0.25,0
r_375,AI12184,0.2,0
r_209,AI12303,0.25,0
r_12,AI12336,0.2,0
r_539,AI11950,0.2,0
r_566,AI01507,0.2,0
r_503,AI14481,0.25,0
r_224,AI05510,0.2,0
r_346,AI07522,0.25,0
r_58,AI05772,0.25,0
r_346,AI11902,0.25,0
r_575,AI04041,0.2,0
r_89,AI03568,0.2,0
r_209,AI08007,0.25,0
r_160,AI06363,0.2,0
r_93,AI14352,0.25,0
r_673,AI04750,0.5,1
r_132,AI00270,0.2,0
r_12,AI00049,0.2,0
r_187,AI09544,0.25,0
r_588,AI08237,0.5,1
r_599,AI10472,0.25,0
r_209,AI02366,0.2,0
r_566,AI04247,0.25,0
r_224,AI12562,0.25,0
r_174,AI07627,0.2,0
r_209,AI06871,0.2,0
r_174,AI14653,0.25,0
r_503,AI14648,0.2,0
r_93,AI09137,0.25,0
r_451,AI04345,0.25,0
r_566,AI13350,0.25,0
r_594,AI00887,0.25,0
r_503,AI03296,0.25,0
r_406,AI09089,0.25,0
r_89,AI04489,0.2,0
r_594,AI05510,0.2,0
r_539,AI09874,0.2,0
r_2504,AI10587,0.5,1
r_224,AI13154,0.2,0
r_1426,AI10587,0.5,1
r_2088,AI14924,0.5,1
r_224,AI06500,0.25,0
r_1551,AI07230,0.5,1
r_539,AI06238,0.25,0
r_656,AI06879,0.2,0
r_451,AI02192,0.2,0
r_224,AI11105,0.5,1
r_174,AI01442,0.2,0
r_594,AI03434,0.25,0
r_375,AI11620,0.2,0
r_224,AI09235,0.25,0
r_132,AI00913,0.25,0
r_160,AI14299,0.25,0
r_89,AI01531,0.25,0
r_200,AI05798,0.25,0
r_503,AI00457,0.2,0
r_346,AI13165,0.2,0
r_224,AI04106,0.2,0
r_224,AI14734,0.25,0
r_174,AI11848,0.2,0
r_673,AI03308,0.25,0
r_12,AI10747,0.2,0
r_346,AI14167,0.2,0
r_566,AI02539,0.25,0
r_187,AI02474,0.25,0
r_539,AI09458,0.2,0
r_406,AI03843,0.25,0
r_187,AI11246,0.25,0
r_134,AI08816,0.2,0
r_566,AI05197,0.25,0
r_89,AI01481,0.2,0
r_132,AI11448,0.25,0
r_160,AI12212,0.2,0
r_656,AI03158,0.25,0
r_111,AI13758,0.25,0
r_539,AI04688,0.2,0
r_132,AI11805,0.25,0
r_209,AI00976,0.2,0
r_224,AI14515,0.25,0
r_134,AI10173,0.2,0
r_111,AI14307,0.25,0
r_89,AI12526,0.25,0
r_187,AI13810,0.2,0
r_111,AI12424,0.2,0
r_2130,AI12760,0.5,1
r_792,AI14187,0.5,1
r_632,AI04648,0.25,0
r_562,AI08487,0.2,0
r_346,AI12745,0.25,0
r_1261,AI05183,0.5,1
r_575,AI09121,0.25,0
r_656,AI09637,0.5,1
r_93,AI03784,0.2,0
r_594,AI06287,0.2,0
r_224,AI13228,0.25,0
r_539,AI10701,0.2,0
r_12,AI11921,0.25,0
r_346,AI06715,0.2,0
r_539,AI08701,0.25,0
r_588,AI09434,0.5,1
r_209,AI04752,0.25,0
r_406,AI07161,0.25,0
r_566,AI14388,0.25,0
r_111,AI14793,0.25,0
r_174,AI14604,0.25,0
r_58,AI06514,0.25,0
r_12,AI11714,0.25,0
r_375,AI02510,0.25,0
r_503,AI02988,0.25,0
r_375,AI04578,0.2,0
r_575,AI06780,0.2,0
r_89,AI08590,0.25,0
r_160,AI13197,0.25,0
r_111,AI02958,0.25,0
r_539,AI00974,0.25,0
r_93,AI05819,0.2,0
r_209,AI07687,0.5,1
r_588,AI09171,0.25,0
r_89,AI11294,0.2,0
r_200,AI04738,0.25,0
r_224,AI00193,0.25,0
r_566,AI06936,0.2,0
r_561,AI13367,0.25,0
r_566,AI09615,0.25,0
r_12,AI01364,0.25,0
r_451,AI06555,0.2,0
r_451,AI05365,0.25,0
r_562,AI12981,0.2,0
r_575,AI06715,0.2,0
r_575,AI12875,0.25,0
r_346,AI10330,0.2,0
r_187,AI03081,0.2,0
r_503,AI09955,0.2,0
r_346,AI11506,0.2,0
r_963,AI08429,0.5,1
r_209,AI14441,0.25,0
r_200,AI14324,0.2,0
r_89,AI02617,0.25,0
r_632,AI06729,0.25,0
r_187,AI03908,0.2,0
r_451,AI00208,0.2,0
r_451,AI07414,0.25,0
r_2299,AI02054,0.5,1
r_575,AI05215,0.2,0
r_160,AI02578,0.2,0
r_12,AI07453,0.25,0
r_588,AI06296,0.5,1
r_224,AI06488,0.2,0
r_503,AI01001,0.2,0
r_12,AI01825,0.2,0
r_575,AI08804,0.25,0
r_575,AI10322,0.25,0
r_656,AI04651,0.2,0
r_111,AI09777,0.25,0
r_224,AI14094,0.2,0
r_594,AI03704,0.2,0
r_224,AI02521,0.25,0
r_594,AI01270,0.2,0
r_406,AI07402,0.2,0
r_588,AI04698,0.2,0
r_174,AI11883,0.2,0
r_160,AI04819,0.25,0
r_451,AI00044,0.25,0
r_632,AI14658,0.25,0
r_89,AI06018,0.25,0
r_561,AI10508,0.25,0
r_406,AI01228,0.2,0
r_599,AI14374,0.2,0
r_58,AI11246,0.25,0
r_12,AI06938,0.25,0
r_174,AI00984,0.25,0
r_562,AI05342,0.2,0
r_561,AI01440,0.25,0
r_2603,AI11490,0.5,1
r_209,AI07358,0.25,0
r_539,AI13318,0.25,0
r_174,AI03130,0.2,0
r_594,AI06078,0.25,0
r_58,AI01044,0.2,0
r_2292,AI07230,0.5,1
r_187,AI06993,0.2,0
r_632,AI01124,0.25,0
r_160,AI10836,0.2,0
r_599,AI01033,0.25,0
r_2504,AI14063,0.5,1
r_562,AI08399,0.2,0
r_187,AI12237,0.2,0
r_187,AI09006,0.25,0
r_503,AI02378,0.25,0
r_656,AI14512,0.2,0
r_594,AI05467,0.25,0
r_2724,AI12780,0.5,1
r_566,AI07907,0.2,0
r_562,AI10561,0.25,0
r_209,AI11915,0.2,0
r_346,AI13278,0.2,0
r_2638,AI09066,0.5,1
r_632,AI11767,0.2,0
r_187,AI04200,0.5,1
r_12,AI01087,0.2,0
r_132,AI04679,0.25,0
r_566,AI00253,0.2,0
r_2667,AI08383,0.5,1
r_2724,AI02869,0.5,1
r_187,AI10352,0.25,0
r_656,AI00045,0.5,1
r_134,AI00477,0.2,0
r_1828,AI05568,0.5,1
r_562,AI08790,0.2,0
r_561,AI14296,0.2,0
r_132,AI14390,0.25,0
r_187,AI14390,0.25,0
r_575,AI12416,0.25,0
r_224,AI06596,0.25,0
r_539,AI00166,0.2,0
r_375,AI14589,0.2,0
r_209,AI09577,0.2,0
r_375,AI09390,0.2,0
r_174,AI14053,0.2,0
r_346,AI13233,0.2,0
r_575,AI01186,0.25,0
r_187,AI09394,0.2,0
r_406,AI01534,0.25,0
r_187,AI14585,0.25,0
r_12,AI11222,0.25,0
r_1774,AI10434,0.5,1
r_2303,AI11490,0.5,1
r_575,AI12521,0.25,0
r_200,AI09427,0.2,0
r_346,AI03634,0.25,0
r_187,AI06874,0.25,0
r_566,AI01631,0.2,0
r_451,AI11072,0.25,0
r_562,AI14864,0.2,0
r_599,AI08148,0.2,0
r_89,AI03488,0.2,0
r_406,AI04776,0.25,0
r_132,AI01162,0.2,0
r_200,AI12600,0.2,0
r_632,AI13233,0.2,0
r_594,AI12932,0.2,0
r_346,AI13214,0.25,0
r_134,AI13639,0.25,0
r_656,AI01732,0.25,0
r_89,AI13257,0.25,0
r_89,AI05433,0.2,0
r_2667,AI10587,0.5,1
r_187,AI09627,0.25,0
r_174,AI01778,0.2,0
r_599,AI10704,0.2,0
r_594,AI00002,0.2,0
r_2667,AI05568,0.5,1
r_1261,AI01360,0.5,1
r_134,AI06231,0.25,0
r_174,AI02037,0.25,0
r_539,AI07907,0.2,0
r_132,AI06709,0.2,0
r_174,AI06536,0.2,0
r_406,AI06561,0.25,0
r_588,AI14031,0.25,0
r_406,AI07625,0.25,0
r_12,AI07452,0.2,0
r_12,AI05913,0.25,0
r_656,AI07165,0.2,0
r_588,AI01949,0.25,0
r_224,AI05680,0.25,0
r_89,AI09555,0.25,0
r_594,AI00810,0.2,0
r_673,AI10585,0.2,0
r_575,AI03762,0.25,0
r_451,AI06903,0.2,0
r_503,AI00154,0.25,0
r_160,AI09894,0.2,0
r_93,AI06911,0.25,0
r_562,AI05062,0.25,0
r_89,AI05612,0.5,1
r_200,AI01930,0.25,0
r_503,AI01564,0.25,0
r_134,AI14094,0.2,0
r_58,AI09899,0.2,0
r_346,AI02478,0.25,0
r_632,AI10545,0.2,0
r_89,AI13371,0.2,0
r_594,AI05913,0.25,0
r_224,AI11841,0.2,0
r_200,AI02344,0.2,0
r_187,AI04702,0.25,0
r_89,AI07699,0.2,0
r_111,AI06162,0.2,0
r_2195,AI00156,0.5,1
r_174,AI07711,0.25,0
r_632,AI03908,0.2,0
r_346,AI12416,0.25,0
r_93,AI08519,0.2,0
r_588,AI05350,0.25,0
r_346,AI05799,0.25,0
r_575,AI04786,0.25,0
r_12,AI14369,0.2,0
r_89,AI11060,0.25,0
r_566,AI08148,0.2,0
r_562,AI12604,0.25,0
r_209,AI01741,0.2,0
r_174,AI04426,0.25,0
r_656,AI02567,0.25,0
r_594,AI09478,0.2,0
r_375,AI04651,0.2,0
r_200,AI12532,0.2,0
r_594,AI14331,0.2,0
r_599,AI01737,0.2,0
r_200,AI10276,0.25,0
r_132,AI03457,0.25,0
r_539,AI05766,0.25,0
r_451,AI07301,0.2,0
r_209,AI03615,0.2,0
r_588,AI03355,0.25,0
r_562,AI01786,0.25,0
r_2869,AI05183,0.5,1
r_12,AI12279,0.2,0
r_132,AI10516,0.2,0
r_451,AI00166,0.2,0
r_174,AI01814,0.2,0
r_89,AI01860,0.2,0
r_209,AI12856,0.2,0
r_58,AI01026,0.2,0
r_134,AI08171,0.25,0
r_561,AI13493,0.25,0
r_562,AI03207,0.25,0
r_599,AI13473,0.2,0
r_12,AI13631,0.25,0
r_187,AI14295,0.2,0
r_224,AI02707,0.25,0
r_12,AI01490,0.25,0
r_12,AI10178,0.25,0
r_406,AI09669,0.2,0
r_174,AI10432,0.2,0
r_575,AI11485,0.2,0
r_93,AI12745,0.25,0
r_566,AI11705,0.2,0
r_632,AI11805,0.25,0
r_2922,AI11748,0.5,1
r_160,AI01981,0.2,0
r_209,AI11259,0.25,0
r_224,AI05864,0.2,0
r_174,AI02665,0.25,0
r_2130,AI05177,0.5,1
r_588,AI01732,0.25,0
r_1724,AI00045,0.5,1
r_562,AI14512,0.2,0
r_963,AI08237,0.5,1
r_132,AI11858,0.25,0
r_375,AI14997,0.25,0
r_594,AI04730,0.2,0
r_346,AI01838,0.25,0
r_566,AI09372,0.2,0
r_209,AI10769,0.25,0
r_2264,AI09434,0.5,1
r_224,AI11483,0.25,0
r_209,AI04756,0.2,0
r_503,AI04126,0.2,0
r_224,AI04633,0.2,0
r_539,AI09565,0.25,0
r_588,AI07815,0.25,0
r_187,AI09476,0.25,0
r_503,AI01437,0.2,0
r_1205,AI09342,0.5,1
r_562,AI05754,0.2,0
r_93,AI14648,0.2,0
r_632,AI01778,0.2,0
r_12,AI03106,0.2,0
r_132,AI11721,0.2,0
r_111,AI00402,0.2,0
r_2088,AI12281,0.5,1
r_132,AI09066,0.5,1
r_209,AI10094,0.25,0
r_209,AI03618,0.25,0
r_111,AI09394,0.2,0
r_539,AI12125,0.25,0
r_503,AI08126,0.25,0
r_451,AI05439,0.2,0
r_561,AI11479,0.25,0
r_132,AI05361,0.2,0
r_160,AI07832,0.25,0
r_111,AI08007,0.25,0
r_451,AI07327,0.2,0
r_503,AI08515,0.25,0
r_187,AI02846,0.2,0
r_561,AI05921,0.25,0
r_224,AI00537,0.25,0
r_1724,AI02466,0.5,1
r_134,AI00747,0.2,0
r_561,AI11603,0.25,0
r_12,AI08874,0.2,0
r_89,AI05135,0.25,0
r_406,AI06780,0.2,0
r_224,AI08652,0.25,0
r_566,AI13273,0.2,0
r_58,AI00820,0.25,0
r_209,AI05171,0.25,0
r_632,AI08195,0.2,0
r_160,AI10330,0.2,0
r_200,AI03358,0.2,0
r_594,AI02426,0.25,0
r_187,AI11122,0.5,1
r_375,AI05988,0.2,0
r_561,AI14176,0.25,0
r_200,AI13531,0.25,0
r_2088,AI03574,0.5,1
r_58,AI13340,0.25,0
r_174,AI09005,0.2,0
r_58,AI14562,0.2,0
r_656,AI07016,0.2,0
r_599,AI12723,0.2,0
r_346,AI03322,0.25,0
r_539,AI00057,0.25,0
r_346,AI02782,0.25,0
r_58,AI05921,0.25,0
r_346,AI03411,0.25,0
r_200,AI11558,0.2,0
r_160,AI04807,0.2,0
r_539,AI14169,0.25,0
r_566,AI02904,0.25,0
r_566,AI07402,0.2,0
r_575,AI01777,0.2,0
r_132,AI02280,0.2,0
r_12,AI06091,0.25,0
r_134,AI10501,0.25,0
r_451,AI11902,0.25,0
r_58,AI08282,0.2,0
r_503,AI04287,0.25,0
r_224,AI14959,0.2,0
r_346,AI12715,0.25,0
r_406,AI00447,0.2,0
r_160,AI11410,0.25,0
r_632,AI05469,0.25,0
r_132,AI09662,0.2,0
r_575,AI07400,0.2,0
r_588,AI02329,0.25,0
r_209,AI04068,0.25,0
r_160,AI10880,0.25,0
r_174,AI00788,0.25,0
r_58,AI02904,0.25,0
r_160,AI07399,0.2,0
r_599,AI03072,0.5,1
r_346,AI03092,0.2,0
r_200,AI08458,0.25,0
r_160,AI11902,0.25,0
r_566,AI06407,0.2,0
r_209,AI14720,0.25,0
r_200,AI07625,0.25,0
r_93,AI08982,0.25,0
r_346,AI11793,0.2,0
r_594,AI03599,0.25,0
r_375,AI11569,0.25,0
r_575,AI03958,0.2,0
r_599,AI04562,0.2,0
r_594,AI05032,0.2,0
r_588,AI01437,0.2,0
r_503,AI09953,0.25,0
r_134,AI05621,0.25,0
r_1417,AI05301,0.5,1
r_673,AI12392,0.2,0
r_632,AI14653,0.25,0
r_224,AI08049,0.2,0
r_451,AI02418,0.2,0
r_12,AI07909,0.2,0
r_562,AI10508,0.25,0
r_209,AI12780,0.5,1
r_451,AI12697,0.25,0
r_209,AI02431,0.2,0
r_93,AI02556,0.25,0
r_187,AI10015,0.25,0
r_539,AI11583,0.25,0
r_599,AI12927,0.25,0
r_594,AI00681,0.25,0
r_224,AI00156,0.5,1
r_599,AI11858,0.25,0
r_58,AI06911,0.25,0
r_346,AI13623,0.2,0
r_346,AI00156,0.5,1
r_224,AI14282,0.25,0
r_1058,AI11959,0.5,1
r_346,AI07016,0.2,0
r_132,AI14423,0.2,0
r_599,AI12850,0.25,0
r_656,AI10340,0.25,0
r_12,AI08879,0.25,0
r_406,AI12077,0.25,0
r_2299,AI11781,0.5,1
r_111,AI11502,0.25,0
r_503,AI12125,0.25,0
r_503,AI05407,0.25,0
r_224,AI04393,0.25,0
r_132,AI14386,0.2,0
r_632,AI04766,0.25,0
r_1955,AI13914,0.5,1
r_656,AI09434,0.5,1
r_575,AI10772,0.2,0
r_1197,AI09342,0.5,1
r_566,AI10322,0.25,0
r_209,AI03761,0.2,0
r_594,AI09671,0.25,0
r_375,AI05423,0.2,0
r_12,AI07656,0.2,0
r_93,AI07980,0.2,0
r_503,AI02539,0.25,0
r_89,AI06770,0.25,0
r_503,AI12393,0.25,0
r_594,AI01030,0.25,0
r_561,AI00327,0.25,0
r_503,AI13436,0.25,0
r_1774,AI14320,0.5,1
r_599,AI10979,0.25,0
r_89,AI02164,0.25,0
r_656,AI02515,0.2,0
r_209,AI13639,0.25,0
r_209,AI04342,0.2,0
r_562,AI05709,0.25,0
r_134,AI04418,0.2,0
r_562,AI03784,0.2,0
r_673,AI05005,0.25,0
r_200,AI00605,0.2,0
r_224,AI11093,0.2,0
r_503,AI01703,0.2,0
r_632,AI14917,0.25,0
r_681,AI02869,0.5,1
r_561,AI11207,0.25,0
r_406,AI06821,0.25,0
r_632,AI10330,0.2,0
r_594,AI01896,0.2,0
r_160,AI11315,0.2,0
r_969,AI00131,0.5,1
r_588,AI14303,0.25,0
r_599,AI14600,0.25,0
r_111,AI07016,0.2,0
r_996,AI06832,0.5,1
r_160,AI06869,0.25,0
r_12,AI12175,0.25,0
r_2088,AI01653,0.5,1
r_93,AI10529,0.2,0
r_200,AI11633,0.2,0
r_375,AI11410,0.25,0
r_200,AI00717,0.25,0
r_656,AI08864,0.25,0
r_599,AI10080,0.2,0
r_187,AI05709,0.25,0
r_575,AI14768,0.25,0
r_58,AI12500,0.2,0
r_588,AI11490,0.5,1
r_599,AI00832,0.2,0
r_375,AI14911,0.2,0
r_89,AI01759,0.2,0
r_594,AI01681,0.2,0
r_89,AI12285,0.25,0
r_134,AI01848,0.2,0
r_562,AI03525,0.25,0
r_2155,AI05568,0.5,1
r_539,AI12574,0.25,0
r_594,AI04937,0.25,0
r_12,AI12009,0.25,0
r_594,AI04143,0.25,0
r_594,AI04427,0.25,0
r_673,AI00844,0.25,0
r_406,AI04738,0.25,0
r_575,AI13028,0.2,0
r_561,AI00305,0.2,0
r_503,AI12697,0.25,0
r_562,AI05948,0.25,0
r_200,AI12350,0.25,0
r_806,AI07018,0.5,1
r_406,AI02990,0.25,0
r_566,AI03604,0.25,0
r_224,AI05820,0.25,0
r_561,AI08399,0.2,0
r_132,AI11776,0.25,0
r_209,AI06400,0.25,0
r_160,AI05821,0.25,0
r_174,AI14632,0.25,0
r_93,AI09010,0.2,0
r_575,AI02344,0.2,0
r_561,AI03582,0.2,0
r_599,AI02958,0.25,0
r_656,AI13777,0.2,0
r_768,AI10587,0.5,1
r_209,AI06449,0.25,0
r_132,AI05342,0.2,0
r_200,AI08633,0.25,0
r_575,AI09966,0.25,0
r_346,AI07019,0.2,0
r_406,AI11776,0.25,0
r_58,AI03058,0.25,0
r_673,AI09685,0.25,0
r_575,AI12784,0.2,0
r_588,AI09815,0.2,0
r_673,AI11475,0.25,0
r_406,AI06162,0.2,0
r_375,AI02067,0.2,0
r_406,AI05573,0.25,0
r_174,AI05957,0.2,0
r_632,AI11072,0.25,0
r_594,AI00322,0.2,0
r_656,AI07674,0.25,0
r_588,AI07907,0.2,0
r_346,AI10080,0.2,0
r_134,AI07119,0.25,0
r_93,AI11001,0.2,0
r_1955,AI01474,0.5,1
r_562,AI12029,0.25,0
r_2088,AI14320,0.5,1
r_1231,AI08237,0.5,1
r_134,AI07940,0.25,0
r_200,AI09929,0.25,0
r_588,AI06402,0.2,0
r_539,AI05566,0.2,0
r_93,AI08473,0.25,0
r_160,AI08410,0.2,0
r_89,AI04427,0.25,0
r_12,AI07119,0.25,0
r_93,AI12288,0.2,0
r_673,AI01270,0.2,0
r_200,AI10238,0.5,1
r_561,AI14997,0.25,0
r_224,AI07921,0.25,0
r_575,AI05391,0.2,0
r_200,AI07339,0.25,0
r_375,AI06090,0.2,0
r_503,AI13606,0.25,0
r_599,AI08061,0.2,0
r_561,AI00717,0.25,0
r_575,AI06171,0.2,0
r_58,AI07011,0.2,0
r_451,AI07815,0.25,0
r_111,AI03146,0.25,0
r_224,AI03203,0.2,0
r_594,AI03905,0.2,0
r_451,AI12961,0.25,0
r_575,AI07161,0.25,0
r_132,AI00994,0.2,0
r_111,AI13321,0.25,0
r_209,AI03966,0.25,0
r_1426,AI09434,0.5,1
r_575,AI13727,0.2,0
r_768,AI11959,0.5,1
r_594,AI13950,0.2,0
r_200,AI08669,0.25,0
r_187,AI11616,0.2,0
r_599,AI13558,0.2,0
r_503,AI10159,0.2,0
r_673,AI14992,0.25,0
r_209,AI06952,0.25,0
r_588,AI07949,0.25,0
r_632,AI12640,0.2,0
r_594,AI01935,0.2,0
r_89,AI11197,0.25,0
r_160,AI13016,0.2,0
r_346,AI10677,0.25,0
r_2603,AI05568,0.5,1
r_599,AI14390,0.25,0
r_134,AI03052,0.2,0
r_566,AI11315,0.2,0
r_187,AI08458,0.25,0
r_656,AI08018,0.2,0
r_1773,AI00007,0.5,1
r_562,AI04287,0.25,0
r_656,AI07691,0.2,0
r_566,AI14036,0.2,0
r_111,AI04469,0.25,0
r_503,AI08679,0.25,0
r_2667,AI06832,0.5,1
r_12,AI01868,0.2,0
r_134,AI01988,0.2,0
r_503,AI09267,0.25,0
r_187,AI02051,0.25,0
r_12,AI02573,0.2,0
r_160,AI14720,0.25,0
r_588,AI08193,0.25,0
r_12,AI08007,0.25,0
r_562,AI06090,0.2,0
r_566,AI03649,0.25,0
r_200,AI02329,0.25,0
r_656,AI02067,0.2,0
r_160,AI02792,0.2,0
r_588,AI05174,0.2,0
r_111,AI09010,0.2,0
r_562,AI11767,0.2,0
r_594,AI04613,0.2,0
r_575,AI11730,0.25,0
r_539,AI03641,0.2,0
r_588,AI04214,0.2,0
r_160,AI06480,0.25,0
r_187,AI06715,0.2,0
r_224,AI09117,0.2,0
r_566,AI07923,0.2,0
r_111,AI05799,0.25,0
r_224,AI12682,0.2,0
r_451,AI12152,0.2,0
r_160,AI01541,0.25,0
r_134,AI01983,0.2,0
r_89,AI10434,0.5,1
r_2088,AI03742,0.5,1
r_503,AI02510,0.25,0
r_632,AI05518,0.2,0
r_174,AI01751,0.2,0
r_673,AI10256,0.25,0
r_12,AI12488,0.2,0
r_224,AI10053,0.2,0
r_561,AI06903,0.2,0
r_111,AI14234,0.2,0
r_562,AI12848,0.2,0
r_561,AI05177,0.5,1
r_174,AI06947,0.5,1
r_224,AI02231,0.25,0
r_594,AI08035,0.2,0
r_963,AI05177,0.5,1
r_224,AI01081,0.25,0
r_111,AI04222,0.25,0
r_134,AI02464,0.25,0
r_656,AI07423,0.25,0
r_451,AI11730,0.25,0
r_174,AI07859,0.25,0
r_134,AI04909,0.25,0
r_503,AI14220,0.25,0
r_58,AI12182,0.2,0
r_132,AI11533,0.2,0
r_89,AI09012,0.25,0
r_111,AI13340,0.25,0
r_406,AI05206,0.2,0
r_224,AI08637,0.25,0
r_174,AI10864,0.2,0
r_12,AI09159,0.2,0
r_594,AI05986,0.25,0
r_2292,AI06832,0.5,1
r_1817,AI06832,0.5,1
r_58,AI00167,0.25,0
r_594,AI05539,0.2,0
r_58,AI08397,0.2,0
r_58,AI14648,0.2,0
r_224,AI09991,0.25,0
r_562,AI11368,0.2,0
r_89,AI14399,0.25,0
r_566,AI14957,0.25,0
r_575,AI06825,0.5,1
r_111,AI09014,0.25,0
r_209,AI10546,0.25,0
r_111,AI11730,0.25,0
r_406,AI04029,0.25,0
r_58,AI05831,0.25,0
r_134,AI13957,0.25,0
r_134,AI08116,0.2,0
r_12,AI13248,0.25,0
r_375,AI12604,0.25,0
r_174,AI05519,0.2,0
r_346,AI07753,0.2,0
r_224,AI08768,0.25,0
r_656,AI11072,0.25,0
r_562,AI08351,0.25,0
r_599,AI06019,0.25,0
r_673,AI05816,0.25,0
r_58,AI03320,0.2,0
r_599,AI07207,0.25,0
r_160,AI02387,0.2,0
r_656,AI04997,0.2,0
r_566,AI01665,0.25,0
r_566,AI12371,0.25,0
r_58,AI01139,0.2,0
r_58,AI09157,0.2,0
r_111,AI11028,0.2,0
r_132,AI10257,0.25,0
r_12,AI00659,0.2,0
r_588,AI05355,0.2,0
r_89,AI11164,0.25,0
r_562,AI00238,0.2,0
r_89,AI07549,0.25,0
r_160,AI04672,0.25,0
r_566,AI05508,0.25,0
r_594,AI05621,0.25,0
r_566,AI06832,0.5,1
r_1741,AI00007,0.5,1
r_406,AI10836,0.2,0
r_656,AI08782,0.2,0
r_200,AI11893,0.2,0
r_451,AI02343,0.25,0
r_224,AI13246,0.2,0
r_174,AI07942,0.2,0
r_89,AI00049,0.2,0
r_599,AI09782,0.25,0
r_187,AI04931,0.2,0
r_503,AI03604,0.25,0
r_58,AI09267,0.25,0
r_200,AI10748,0.2,0
r_346,AI03559,0.2,0
r_346,AI00764,0.2,0
r_134,AI03934,0.2,0
r_575,AI01478,0.25,0
r_594,AI03930,0.25,0
r_503,AI13833,0.2,0
r_539,AI07150,0.2,0
r_575,AI04749,0.25,0
r_539,AI04287,0.25,0
r_2724,AI10995,0.5,1
r_93,AI10970,0.2,0
r_451,AI13342,0.2,0
r_588,AI11553,0.2,0
r_2063,AI14649,0.5,1
r_588,AI00522,0.2,0
r_756,AI14063,0.5,1
r_160,AI06832,0.5,1
r_187,AI12155,0.25,0
r_632,AI06296,0.5,1
r_187,AI02578,0.2,0
r_681,AI03654,0.5,1
r_93,AI05801,0.25,0
r_681,AI06627,0.5,1
r_503,AI02590,0.25,0
r_406,AI10715,0.2,0
r_599,AI06363,0.2,0
r_594,AI10363,0.25,0
r_632,AI14927,0.2,0
r_588,AI06580,0.2,0
r_375,AI00604,0.25,0
r_174,AI12860,0.2,0
r_503,AI04181,0.2,0
r_132,AI07446,0.25,0
r_89,AI13559,0.2,0
r_1549,AI11212,0.5,1
r_160,AI08864,0.25,0
r_375,AI10836,0.2,0
r_89,AI08790,0.2,0
r_566,AI01709,0.2,0
r_451,AI09701,0.2,0
r_561,AI02754,0.25,0
r_12,AI12256,0.25,0
r_673,AI08505,0.25,0
r_346,AI02189,0.2,0
r_673,AI11400,0.25,0
r_346,AI13443,0.25,0
r_594,AI06141,0.2,0
r_160,AI08473,0.25,0
r_200,AI14299,0.25,0
r_209,AI10499,0.2,0
r_406,AI04126,0.2,0
r_160,AI02057,0.25,0
r_209,AI05062,0.25,0
r_673,AI01730,0.2,0
r_89,AI13203,0.2,0
r_566,AI10885,0.25,0
r_93,AI06993,0.2,0
r_375,AI08780,0.25,0
r_58,AI00007,0.5,1
r_599,AI14176,0.25,0
r_132,AI11904,0.25,0
r_134,AI08479,0.2,0
r_1702,AI12780,0.5,1
r_111,AI06194,0.2,0
r_209,AI00353,0.25,0
r_594,AI04076,0.25,0
r_575,AI11326,0.2,0
r_503,AI09627,0.25,0
r_346,AI06608,0.25,0
r_2848,AI05177,0.5,1
r_451,AI12839,0.25,0
r_406,AI11448,0.25,0
r_174,AI08843,0.25,0
r_588,AI10159,0.2,0
r_174,AI05723,0.2,0
r_200,AI12382,0.25,0
r_561,AI13373,0.25,0
r_111,AI09953,0.25,0
r_12,AI09509,0.25,0
r_451,AI13833,0.2,0
r_209,AI04111,0.25,0
r_599,AI10820,0.25,0
r_58,AI07448,0.25,0
r_200,AI14648,0.2,0
r_566,AI02057,0.25,0
r_656,AI10330,0.2,0
r_656,AI14500,0.25,0
r_2366,AI03072,0.5,1
r_187,AI01565,0.25,0
r_89,AI09936,0.25,0
r_599,AI13845,0.2,0
r_599,AI12138,0.25,0
r_599,AI11479,0.25,0
r_111,AI14562,0.2,0
r_58,AI06811,0.2,0
r_111,AI11422,0.25,0
r_134,AI10909,0.25,0
r_566,AI01534,0.25,0
r_375,AI10173,0.2,0
r_656,AI06480,0.25,0
r_768,AI11490,0.5,1
r_187,AI00946,0.25,0
r_561,AI03816,0.25,0
r_561,AI04105,0.2,0
r_588,AI14140,0.25,0
r_599,AI14287,0.2,0
r_12,AI05545,0.2,0
r_783,AI11748,0.5,1
r_134,AI04721,0.25,0
r_768,AI14362,0.5,1
r_673,AI13065,0.25,0
r_187,AI14653,0.25,0
r_561,AI09286,0.5,1
r_561,AI13878,0.25,0
r_12,AI13472,0.2,0
r_503,AI10342,0.2,0
r_187,AI03639,0.25,0
r_209,AI06893,0.25,0
r_89,AI04370,0.25,0
r_58,AI01011,0.25,0
r_12,AI01356,0.25,0
r_451,AI12138,0.25,0
r_12,AI13100,0.25,0
r_209,AI06439,0.2,0
r_539,AI10305,0.2,0
r_132,AI06949,0.2,0
r_673,AI04223,0.2,0
r_134,AI00401,0.2,0
r_12,AI08735,0.2,0
r_656,AI11755,0.5,1
r_209,AI14104,0.25,0
r_346,AI09138,0.2,0
r_160,AI09603,0.25,0
r_768,AI03072,0.5,1
r_2173,AI06296,0.5,1
r_111,AI14176,0.25,0
r_209,AI13162,0.5,1
r_632,AI07522,0.25,0
r_594,AI11105,0.5,1
r_594,AI05248,0.2,0
r_575,AI02114,0.2,0
r_1058,AI05183,0.5,1
r_12,AI14300,0.2,0
r_200,AI02278,0.2,0
r_174,AI06858,0.2,0
r_375,AI08962,0.2,0
r_588,AI04766,0.25,0
r_209,AI05146,0.2,0
r_594,AI02403,0.2,0
r_160,AI02233,0.2,0
r_89,AI07261,0.25,0
r_561,AI01735,0.25,0
r_187,AI09272,0.25,0
r_160,AI02212,0.2,0
r_632,AI07181,0.25,0
r_406,AI02556,0.25,0
r_375,AI07446,0.25,0
r_656,AI03208,0.25,0
r_562,AI11616,0.2,0
r_594,AI13849,0.25,0
r_994,AI11959,0.5,1
r_673,AI07744,0.25,0
r_346,AI13645,0.2,0
r_224,AI08058,0.25,0
r_673,AI00726,0.2,0
r_134,AI13576,0.25,0
r_588,AI09602,0.25,0
r_12,AI06298,0.25,0
r_174,AI03996,0.2,0
r_561,AI08571,0.2,0
r_1640,AI05183,0.5,1
r_174,AI00463,0.25,0
r_599,AI06062,0.2,0
r_160,AI06171,0.2,0
r_632,AI05508,0.25,0
r_562,AI13101,0.25,0
r_160,AI06429,0.25,0
r_89,AI00785,0.2,0
r_1549,AI08237,0.5,1
r_224,AI06232,0.2,0
r_561,AI08085,0.2,0
r_656,AI07296,0.2,0
r_656,AI14562,0.2,0
r_58,AI14600,0.25,0
r_588,AI05148,0.2,0
r_375,AI02387,0.2,0
r_451,AI14176,0.25,0
r_132,AI06143,0.2,0
r_111,AI05066,0.2,0
r_89,AI00130,0.2,0
r_200,AI14423,0.2,0
r_58,AI09010,0.2,0
r_111,AI04971,0.2,0
r_134,AI05754,0.2,0
r_566,AI08679,0.25,0
r_89,AI11900,0.25,0
r_134,AI00341,0.25,0
r_200,AI13629,0.2,0
r_346,AI09267,0.25,0
r_224,AI10094,0.25,0
r_187,AI04679,0.25,0
r_111,AI03525,0.25,0
r_134,AI07576,0.25,0
r_375,AI07588,0.2,0
r_2724,AI10026,0.5,1
r_89,AI04017,0.25,0
r_93,AI03189,0.25,0
r_375,AI08339,0.25,0
r_539,AI12593,0.25,0
r_375,AI09137,0.25,0
r_588,AI01566,0.2,0
r_200,AI03590,0.25,0
r_200,AI10829,0.25,0
r_503,AI14029,0.25,0
r_451,AI10257,0.25,0
r_174,AI03036,0.2,0
r_134,AI01699,0.2,0
r_562,AI12278,0.2,0
r_132,AI07473,0.25,0
r_224,AI09484,0.2,0
r_375,AI05534,0.25,0
r_93,AI07860,0.2,0
r_594,AI14300,0.2,0
r_174,AI00305,0.2,0
r_451,AI02263,0.25,0
r_224,AI03188,0.2,0
r_93,AI06555,0.2,0
r_575,AI00593,0.25,0
r_187,AI11089,0.25,0
r_566,AI06234,0.2,0
r_539,AI06608,0.25,0
r_346,AI07851,0.2,0
r_599,AI14981,0.2,0
r_575,AI07625,0.25,0
r_656,AI04222,0.25,0
r_93,AI05531,0.25,0
r_656,AI13028,0.2,0
r_346,AI08819,0.2,0
r_89,AI01969,0.2,0
r_187,AI08133,0.2,0
r_673,AI01848,0.2,0
r_89,AI02062,0.25,0
r_93,AI06936,0.2,0
r_200,AI00810,0.2,0
r_160,AI07372,0.25,0
r_174,AI10817,0.25,0
r_575,AI04200,0.5,1
r_1952,AI09342,0.5,1
r_12,AI02153,0.2,0
r_160,AI13878,0.25,0
r_89,AI13797,0.2,0
r_406,AI09810,0.2,0
r_588,AI06949,0.2,0
r_1568,AI14187,0.5,1
r_562,AI08025,0.2,0
r_132,AI09435,0.25,0
r_566,AI11633,0.2,0
r_12,AI04834,0.25,0
r_346,AI08982,0.25,0
r_599,AI00683,0.2,0
r_539,AI01162,0.2,0
r_594,AI01806,0.2,0
r_594,AI07308,0.2,0
r_134,AI10897,0.2,0
r_562,AI00156,0.5,1
r_673,AI09310,0.2,0
r_200,AI12850,0.25,0
r_656,AI05012,0.2,0
r_12,AI09808,0.2,0
r_599,AI09307,0.25,0
r_539,AI06474,0.2,0
r_209,AI14399,0.25,0
r_562,AI03762,0.25,0
r_562,AI06474,0.2,0
r_451,AI10715,0.2,0
r_58,AI13623,0.2,0
r_673,AI02594,0.2,0
r_594,AI09258,0.2,0
r_599,AI14495,0.2,0
r_346,AI06474,0.2,0
r_562,AI04738,0.25,0
r_160,AI01370,0.25,0
r_406,AI13754,0.25,0
r_561,AI14849,0.25,0
r_575,AI08085,0.2,0
r_451,AI06204,0.2,0
r_134,AI12973,0.25,0
r_132,AI03092,0.2,0
r_132,AI13184,0.25,0
r_58,AI08832,0.2,0
r_594,AI06257,0.2,0
r_539,AI09526,0.25,0
r_562,AI10871,0.2,0
r_134,AI08537,0.25,0
r_632,AI13886,0.25,0
r_224,AI03249,0.25,0
r_566,AI04766,0.25,0
r_3011,AI08237,0.5,1
r_12,AI13797,0.2,0
r_93,AI01713,0.2,0
r_375,AI14254,0.2,0
r_58,AI08644,0.25,0
r_12,AI02403,0.2,0
r_12,AI01071,0.25,0
r_12,AI14928,0.2,0
r_575,AI05423,0.2,0
r_58,AI09840,0.25,0
r_346,AI10906,0.25,0
r_673,AI00590,0.2,0
r_12,AI10568,0.25,0
r_209,AI02037,0.25,0
r_89,AI08453,0.25,0
r_594,AI10140,0.2,0
r_406,AI04771,0.2,0
r_132,AI12596,0.25,0
r_566,AI06762,0.2,0
r_89,AI13597,0.25,0
r_160,AI10233,0.25,0
r_224,AI14650,0.25,0
r_656,AI14535,0.25,0
r_111,AI00156,0.5,1
r_132,AI02567,0.25,0
r_346,AI12850,0.25,0
r_963,AI09342,0.5,1
r_12,AI04012,0.2,0
r_375,AI10828,0.2,0
r_132,AI08112,0.2,0
r_503,AI06869,0.25,0
r_200,AI00050,0.2,0
r_561,AI13736,0.5,1
r_588,AI07032,0.2,0
r_93,AI04201,0.2,0
r_406,AI13350,0.25,0
r_89,AI02052,0.2,0
r_2155,AI11490,0.5,1
r_12,AI03279,0.25,0
r_224,AI12256,0.25,0
r_209,AI04013,0.25,0
r_566,AI10677,0.25,0
r_209,AI10310,0.25,0
r_406,AI14793,0.25,0
r_375,AI08875,0.2,0
r_599,AI02754,0.25,0
r_406,AI06949,0.2,0
r_575,AI10159,0.2,0
r_451,AI01124,0.25,0
r_561,AI10168,0.25,0
r_132,AI14733,0.2,0
r_224,AI11582,0.25,0
r_58,AI13878,0.25,0
r_1426,AI05301,0.5,1
r_134,AI08879,0.25,0
r_12,AI01860,0.2,0
r_209,AI03807,0.2,0
r_599,AI04436,0.2,0
r_588,AI00569,0.25,0
r_588,AI10919,0.2,0
r_599,AI05988,0.2,0
r_768,AI01360,0.5,1
r_93,AI07446,0.25,0
r_451,AI01814,0.2,0
r_632,AI00366,0.25,0
r_224,AI01032,0.2,0
r_12,AI01014,0.2,0
r_58,AI02233,0.2,0
r_174,AI01629,0.25,0
r_132,AI08126,0.25,0
r_2088,AI04722,0.5,1
r_656,AI01117,0.2,0
r_561,AI10545,0.2,0
r_451,AI14453,0.2,0
r_451,AI11028,0.2,0
r_160,AI03610,0.2,0
r_200,AI14666,0.25,0
r_174,AI13612,0.2,0
r_224,AI01364,0.25,0
r_346,AI09490,0.2,0
r_346,AI01368,0.2,0
r_12,AI04563,0.25,0
r_673,AI00405,0.2,0
r_566,AI00116,0.25,0
r_632,AI13619,0.25,0
r_451,AI04640,0.2,0
r_561,AI08699,0.25,0
r_656,AI07980,0.2,0
r_566,AI05458,0.2,0
r_656,AI01162,0.2,0
r_132,AI09880,0.25,0
r_187,AI13935,0.2,0
r_200,AI11569,0.25,0
r_209,AI13361,0.2,0
r_89,AI05529,0.2,0
r_12,AI01581,0.2,0
r_656,AI01507,0.2,0
r_132,AI12278,0.2,0
r_673,AI09241,0.25,0
r_132,AI11583,0.25,0
r_174,AI03837,0.5,1
r_539,AI01533,0.2,0
r_451,AI04550,0.25,0
r_187,AI10701,0.2,0
r_187,AI02678,0.25,0
r_451,AI09544,0.25,0
r_187,AI12021,0.25,0
r_2195,AI06296,0.5,1
r_160,AI13350,0.25,0
r_209,AI03707,0.2,0
r_656,AI11060,0.25,0
r_200,AI07923,0.2,0
r_562,AI14911,0.2,0
r_200,AI06402,0.2,0
r_451,AI06508,0.2,0
r_451,AI08099,0.25,0
r_134,AI11866,0.2,0
r_209,AI02403,0.2,0
r_174,AI02827,0.2,0
r_111,AI06195,0.25,0
r_174,AI10271,0.2,0
r_224,AI13927,0.2,0
r_12,AI01607,0.25,0
r_406,AI08233,0.2,0
r_451,AI03207,0.25,0
r_566,AI04640,0.2,0
r_588,AI08531,0.2,0
r_132,AI14453,0.2,0
r_132,AI05332,0.2,0
r_93,AI01719,0.25,0
r_594,AI00659,0.2,0
r_539,AI09573,0.5,1
r_1640,AI11212,0.5,1
r_588,AI00002,0.2,0
r_209,AI11295,0.2,0
r_599,AI11755,0.5,1
r_451,AI03092,0.2,0
r_224,AI08529,0.25,0
r_12,AI00140,0.25,0
r_346,AI10836,0.2,0
r_566,AI10700,0.25,0
r_58,AI05197,0.25,0
r_209,AI14053,0.2,0
r_566,AI09899,0.2,0
r_12,AI05520,0.2,0
r_575,AI12234,0.25,0
r_12,AI03502,0.25,0
r_1790,AI00886,0.5,1
r_575,AI06143,0.2,0
r_346,AI03820,0.25,0
r_375,AI08458,0.25,0
r_575,AI03119,0.25,0
r_539,AI01117,0.2,0
r_2955,AI05884,0.5,1
r_375,AI05531,0.25,0
r_89,AI06867,0.25,0
r_209,AI03133,0.25,0
r_561,AI02299,0.25,0
r_656,AI08193,0.25,0
r_451,AI10023,0.2,0
r_2284,AI14187,0.5,1
r_562,AI02343,0.25,0
r_209,AI14179,0.2,0
r_566,AI13157,0.25,0
r_200,AI04562,0.2,0
r_599,AI06474,0.2,0
r_406,AI08916,0.25,0
r_566,AI13443,0.25,0
r_93,AI13473,0.2,0
r_160,AI03203,0.2,0
r_632,AI04878,0.2,0
r_594,AI02056,0.2,0
r_406,AI01086,0.2,0
r_12,AI04353,0.25,0
r_134,AI14179,0.2,0
r_594,AI01620,0.25,0
r_2155,AI10551,0.5,1
r_209,AI09876,0.25,0
r_224,AI12374,0.25,0
r_12,AI13203,0.2,0
r_160,AI01062,0.2,0
r_224,AI02567,0.25,0
r_375,AI01507,0.2,0
r_224,AI13762,0.25,0
r_566,AI11051,0.25,0
r_575,AI01489,0.25,0
r_594,AI13042,0.25,0
r_200,AI04216,0.2,0
r_575,AI10239,0.2,0
r_561,AI01732,0.25,0
r_406,AI07773,0.25,0
r_224,AI04280,0.25,0
r_632,AI14390,0.25,0
r_12,AI02914,0.25,0
r_656,AI00243,0.25,0
r_594,AI12645,0.25,0
r_2667,AI02466,0.5,1
r_93,AI14917,0.25,0
r_594,AI00353,0.25,0
r_566,AI07980,0.2,0
r_224,AI09270,0.25,0
r_187,AI11959,0.5,1
r_93,AI09121,0.25,0
r_575,AI02182,0.2,0
r_561,AI14101,0.25,0
r_93,AI03610,0.2,0
r_187,AI07877,0.2,0
r_93,AI09149,0.25,0
r_1154,AI01360,0.5,1
r_187,AI03784,0.2,0
r_599,AI04611,0.2,0
r_111,AI05206,0.2,0
r_58,AI06069,0.2,0
r_111,AI11893,0.2,0
r_451,AI03158,0.25,0
r_2264,AI12760,0.5,1
r_599,AI07980,0.2,0
r_160,AI14957,0.25,0
r_93,AI04771,0.2,0
r_2927,AI06944,0.5,1
r_594,AI01798,0.2,0
r_594,AI00889,0.2,0
r_561,AI05376,0.25,0
r_594,AI13576,0.25,0
r_12,AI10125,0.25,0
r_588,AI13495,0.25,0
r_673,AI05566,0.2,0
r_599,AI00761,0.2,0
r_58,AI05254,0.25,0
r_12,AI09827,0.2,0
r_132,AI05689,0.2,0
r_1417,AI10422,0.5,1
r_656,AI09655,0.2,0
r_187,AI11588,0.2,0
r_134,AI02158,0.25,0
r_562,AI14296,0.2,0
r_566,AI08118,0.2,0
r_224,AI10716,0.25,0
r_12,AI04280,0.25,0
r_12,AI02574,0.2,0
r_562,AI13095,0.25,0
r_209,AI13915,0.25,0
r_132,AI03169,0.25,0
r_561,AI06195,0.25,0
r_58,AI06194,0.2,0
r_89,AI11281,0.2,0
r_346,AI06949,0.2,0
r_346,AI09615,0.25,0
r_187,AI02977,0.25,0
r_209,AI02516,0.25,0
r_594,AI05129,0.25,0
r_187,AI14374,0.2,0
r_346,AI14746,0.25,0
r_187,AI09230,0.25,0
r_346,AI02270,0.2,0
r_1724,AI10551,0.5,1
r_58,AI11067,0.2,0
r_346,AI06440,0.2,0
r_346,AI14558,0.25,0
r_561,AI13350,0.25,0
r_174,AI11156,0.25,0
r_632,AI10701,0.2,0
r_132,AI14352,0.25,0
r_89,AI13693,0.25,0
r_2603,AI08429,0.5,1
r_160,AI10700,0.25,0
r_656,AI10294,0.25,0
r_346,AI00100,0.2,0
r_375,AI07402,0.2,0
r_375,AI05623,0.2,0
r_58,AI08037,0.2,0
r_12,AI12842,0.25,0
r_503,AI12384,0.25,0
r_160,AI01216,0.2,0
r_346,AI10743,0.2,0
r_594,AI01081,0.25,0
r_3002,AI02466,0.5,1
r_2667,AI11490,0.5,1
r_375,AI02675,0.2,0
r_132,AI00604,0.25,0
r_134,AI11621,0.25,0
r_561,AI02418,0.2,0
r_566,AI09573,0.5,1
r_132,AI10542,0.2,0
r_174,AI14208,0.25,0
r_93,AI00167,0.25,0
r_160,AI01643,0.2,0
r_209,AI01909,0.25,0
r_134,AI05400,0.25,0
r_588,AI09267,0.25,0
r_588,AI11060,0.25,0
r_1261,AI00045,0.5,1
r_209,AI14757,0.25,0
r_406,AI12366,0.2,0
r_539,AI11051,0.25,0
r_588,AI13623,0.2,0
r_58,AI01588,0.25,0
r_1828,AI13736,0.5,1
r_89,AI04466,0.2,0
r_187,AI13758,0.25,0
r_539,AI10388,0.25,0
r_656,AI12723,0.2,0
r_375,AI07907,0.2,0
r_89,AI12987,0.25,0
r_134,AI00170,0.25,0
r_224,AI14522,0.25,0
r_561,AI02988,0.25,0
r_346,AI06580,0.2,0
r_209,AI05817,0.2,0
r_12,AI10574,0.2,0
r_89,AI11438,0.2,0
r_1531,AI13808,0.5,1
r_594,AI12591,0.25,0
r_451,AI11718,0.25,0
r_656,AI10352,0.25,0
r_503,AI01174,0.25,0
r_406,AI08533,0.2,0
r_451,AI04270,0.2,0
r_594,AI02740,0.25,0
r_594,AI01911,0.25,0
r_539,AI07336,0.2,0
r_134,AI04095,0.2,0
r_561,AI07473,0.25,0
r_1261,AI10648,0.5,1
r_2264,AI07230,0.5,1
r_451,AI14169,0.25,0
r_561,AI05623,0.2,0
r_3002,AI10551,0.5,1
r_594,AI03994,0.2,0
r_566,AI12795,0.2,0
r_1724,AI09434,0.5,1
r_406,AI14136,0.2,0
r_93,AI05131,0.2,0
r_174,AI12367,0.2,0
r_562,AI12234,0.25,0
r_93,AI13356,0.2,0
r_562,AI09230,0.25,0
r_134,AI10179,0.2,0
r_12,AI02062,0.25,0
r_12,AI07513,0.2,0
r_588,AI08644,0.25,0
r_594,AI03618,0.25,0
r_200,AI14220,0.25,0
r_561,AI13133,0.2,0
r_406,AI06008,0.2,0
r_58,AI14558,0.25,0
r_451,AI00243,0.25,0
r_2927,AI14924,0.5,1
r_187,AI06569,0.2,0
r_451,AI01777,0.2,0
r_209,AI05914,0.25,0
r_594,AI04823,0.25,0
r_588,AI14686,0.2,0
r_12,AI06686,0.2,0
r_132,AI09171,0.25,0
r_566,AI02183,0.25,0
r_200,AI04499,0.25,0
r_673,AI04416,0.25,0
r_566,AI02359,0.2,0
r_346,AI01703,0.2,0
r_174,AI10294,0.25,0
r_187,AI01643,0.2,0
r_539,AI08339,0.25,0
r_12,AI06257,0.2,0
r_539,AI04113,0.2,0
r_2509,AI04722,0.5,1
r_111,AI07022,0.2,0
r_562,AI03590,0.25,0
r_58,AI01358,0.25,0
r_561,AI09138,0.2,0
r_406,AI01673,0.2,0
r_561,AI00045,0.5,1
r_503,AI01985,0.25,0
r_174,AI04103,0.25,0
r_174,AI00572,0.25,0
r_561,AI13495,0.25,0
r_656,AI01437,0.2,0
r_575,AI02782,0.25,0
r_58,AI08211,0.2,0
r_93,AI09383,0.25,0
r_588,AI10422,0.5,1
r_375,AI11448,0.25,0
r_632,AI02578,0.2,0
r_134,AI06627,0.5,1
r_561,AI08644,0.25,0
r_566,AI13373,0.25,0
r_594,AI02704,0.25,0
r_503,AI11986,0.2,0
r_134,AI09676,0.25,0
r_58,AI01175,0.2,0
r_561,AI05468,0.25,0
r_588,AI12366,0.2,0
r_93,AI07660,0.25,0
r_599,AI04262,0.2,0
r_209,AI10815,0.25,0
r_562,AI02161,0.2,0
r_673,AI14726,0.25,0
r_594,AI01868,0.2,0
r_539,AI10276,0.25,0
r_406,AI03042,0.2,0
r_174,AI03743,0.25,0
r_12,AI14173,0.2,0
r_346,AI11061,0.25,0
r_503,AI13101,0.25,0
r_673,AI07649,0.2,0
r_539,AI09839,0.2,0
r_503,AI07555,0.2,0
r_375,AI10233,0.25,0
r_224,AI02158,0.25,0
r_174,AI13281,0.2,0
r_346,AI07339,0.25,0
r_503,AI13316,0.25,0
r_174,AI00901,0.25,0
r_566,AI02942,0.25,0
r_1426,AI04200,0.5,1
r_656,AI09619,0.2,0
r_346,AI03042,0.2,0
r_111,AI03948,0.25,0
r_160,AI05426,0.2,0
r_566,AI03139,0.25,0
r_174,AI06115,0.25,0
r_562,AI12875,0.25,0
r_503,AI02736,0.2,0
r_539,AI09714,0.2,0
r_111,AI11986,0.2,0
r_673,AI00522,0.2,0
r_375,AI14140,0.25,0
r_132,AI14925,0.25,0
r_632,AI11600,0.2,0
r_160,AI11943,0.2,0
r_187,AI13878,0.25,0
r_406,AI13345,0.25,0
r_375,AI05566,0.2,0
r_451,AI09565,0.25,0
r_588,AI00913,0.25,0
r_2953,AI14649,0.5,1
r_111,AI00761,0.2,0
r_187,AI04734,0.2,0
r_451,AI00167,0.25,0
r_599,AI09030,0.25,0
r_12,AI03030,0.25,0
r_375,AI07463,0.25,0
r_451,AI12015,0.2,0
r_656,AI08246,0.25,0
r_93,AI08962,0.2,0
r_2509,AI08705,0.5,1
r_375,AI04430,0.25,0
r_346,AI14303,0.25,0
r_451,AI09785,0.2,0
r_673,AI00099,0.25,0
r_673,AI08192,0.2,0
r_503,AI14746,0.25,0
r_2857,AI00156,0.5,1
r_575,AI06684,0.2,0
r_566,AI04622,0.2,0
r_588,AI08652,0.25,0
r_594,AI00193,0.25,0
r_566,AI04997,0.2,0
r_575,AI04175,0.2,0
r_451,AI08679,0.25,0
r_561,AI09518,0.25,0
r_187,AI08257,0.2,0
r_89,AI12024,0.2,0
r_224,AI09899,0.2,0
r_134,AI14603,0.2,0
r_588,AI04126,0.2,0
r_160,AI04098,0.2,0
r_134,AI08207,0.2,0
r_2953,AI05758,0.5,1
r_132,AI14666,0.25,0
r_562,AI01255,0.2,0
r_632,AI03958,0.2,0
r_111,AI14610,0.2,0
r_224,AI00961,0.2,0
r_93,AI06429,0.25,0
r_2869,AI10238,0.5,1
r_134,AI09113,0.2,0
r_346,AI02620,0.25,0
r_561,AI12073,0.25,0
r_58,AI04065,0.25,0
r_451,AI01057,0.25,0
r_566,AI12362,0.2,0
r_224,AI03287,0.25,0
r_187,AI11067,0.2,0
r_594,AI03003,0.25,0
r_599,AI14500,0.25,0
r_562,AI04327,0.25,0
r_562,AI00126,0.2,0
r_12,AI09319,0.2,0
r_375,AI01024,0.2,0
r_1417,AI03072,0.5,1
r_2088,AI09843,0.5,1
r_346,AI07553,0.25,0
r_111,AI08997,0.25,0
r_209,AI09194,0.25,0
r_346,AI02452,0.25,0
r_209,AI04153,0.25,0
r_89,AI05520,0.2,0
r_561,AI00447,0.2,0
r_503,AI00579,0.2,0
r_503,AI10714,0.25,0
r_209,AI13447,0.5,1
r_89,AI04177,0.2,0
r_594,AI09960,0.2,0
r_93,AI14733,0.2,0
r_187,AI06008,0.2,0
r_111,AI06180,0.2,0
r_134,AI10619,0.2,0
r_132,AI06703,0.2,0
r_406,AI08342,0.2,0
r_562,AI08875,0.2,0
r_406,AI14388,0.25,0
r_346,AI07592,0.25,0
r_503,AI09526,0.25,0
r_2195,AI01360,0.5,1
r_132,AI10799,0.25,0
r_132,AI02270,0.2,0
r_561,AI14666,0.25,0
r_2953,AI11725,0.5,1
r_187,AI09869,0.2,0
r_673,AI04461,0.2,0
r_12,AI12220,0.25,0
r_209,AI11694,0.25,0
r_346,AI10829,0.25,0
r_58,AI09134,0.25,0
r_451,AI00020,0.2,0
r_2173,AI11959,0.5,1
r_594,AI04100,0.25,0
r_594,AI14482,0.25,0
r_588,AI10439,0.25,0
r_673,AI06952,0.25,0
r_89,AI14392,0.2,0
r_160,AI13643,0.2,0
r_673,AI05247,0.25,0
r_2264,AI09066,0.5,1
r_224,AI11265,0.2,0
r_346,AI02977,0.25,0
r_174,AI09129,0.25,0
r_406,AI04277,0.2,0
r_111,AI00457,0.2,0
r_561,AI06825,0.5,1
r_2869,AI05301,0.5,1
r_599,AI01368,0.2,0
r_2922,AI11490,0.5,1
r_632,AI00166,0.2,0
r_224,AI09113,0.2,0
r_561,AI09894,0.2,0
r_1549,AI09573,0.5,1
r_375,AI00692,0.2,0
r_346,AI06461,0.2,0
r_200,AI04134,0.25,0
r_656,AI00270,0.2,0
r_93,AI06461,0.2,0
r_375,AI02931,0.25,0
r_134,AI12043,0.2,0
r_93,AI05866,0.25,0
r_656,AI10748,0.2,0
r_681,AI04722,0.5,1
r_224,AI09303,0.25,0
r_174,AI06574,0.2,0
r_566,AI01651,0.25,0
r_375,AI07293,0.25,0
r_12,AI00439,0.25,0
r_58,AI13985,0.25,0
r_561,AI07773,0.25,0
r_561,AI03441,0.2,0
r_588,AI08571,0.2,0
r_160,AI08083,0.2,0
r_503,AI03355,0.25,0
r_575,AI09544,0.25,0
r_539,AI10340,0.25,0
r_406,AI05192,0.2,0
r_134,AI06650,0.25,0
r_656,AI14296,0.2,0
r_451,AI00747,0.2,0
r_58,AI07638,0.25,0
r_599,AI01500,0.25,0
r_451,AI03360,0.2,0
r_575,AI05518,0.2,0
r_599,AI12029,0.25,0
r_503,AI10302,0.25,0
r_375,AI11616,0.2,0
r_632,AI05891,0.25,0
r_2063,AI06694,0.5,1
r_406,AI06879,0.2,0
r_187,AI03182,0.25,0
r_224,AI07882,0.25,0
r_673,AI01604,0.2,0
r_599,AI13273,0.2,0
r_673,AI13678,0.2,0
r_673,AI07635,0.25,0
r_209,AI10825,0.2,0
r_134,AI06938,0.25,0
r_575,AI11751,0.2,0
r_594,AI14099,0.25,0
r_58,AI14849,0.25,0
r_12,AI05475,0.25,0
r_346,AI14756,0.25,0
r_594,AI07588,0.2,0
r_12,AI13919,0.25,0
r_594,AI13964,0.25,0
r_209,AI14649,0.5,1
r_539,AI05941,0.25,0
r_93,AI00085,0.2,0
r_93,AI11553,0.2,0
r_806,AI03654,0.5,1
r_224,AI01731,0.2,0
r_58,AI00777,0.2,0
r_575,AI14324,0.2,0
r_224,AI02034,0.2,0
r_200,AI14386,0.2,0
r_632,AI00994,0.2,0
r_224,AI06054,0.2,0
r_58,AI10340,0.25,0
r_673,AI14756,0.25,0
r_2489,AI07230,0.5,1
r_200,AI14699,0.2,0
r_174,AI10228,0.2,0
r_132,AI14535,0.25,0
r_209,AI03930,0.25,0
r_224,AI01300,0.25,0
r_451,AI04100,0.25,0
r_575,AI07410,0.2,0
r_132,AI14594,0.25,0
r_2602,AI05884,0.5,1
r_561,AI13908,0.25,0
r_93,AI00270,0.2,0
r_187,AI12962,0.2,0
r_187,AI02483,0.2,0
r_93,AI00431,0.2,0
r_406,AI13214,0.25,0
r_656,AI12362,0.2,0
r_503,AI03818,0.2,0
r_2173,AI01360,0.5,1
r_132,AI08780,0.25,0
r_575,AI08179,0.25,0
r_134,AI10479,0.25,0
r_111,AI06580,0.2,0
r_224,AI04017,0.25,0
r_134,AI05129,0.25,0
r_575,AI07414,0.25,0
r_566,AI01253,0.25,0
r_134,AI10358,0.25,0
r_375,AI02233,0.2,0
r_134,AI12091,0.25,0
r_656,AI13214,0.25,0
r_575,AI10371,0.25,0
r_2509,AI05612,0.5,1
r_209,AI03324,0.25,0
r_539,AI07296,0.2,0
r_566,AI10570,0.2,0
r_656,AI13356,0.2,0
r_783,AI06832,0.5,1
r_200,AI02144,0.25,0
r_1531,AI05758,0.5,1
r_89,AI06443,0.25,0
r_160,AI04216,0.2,0
r_200,AI14686,0.2,0
r_93,AI04018,0.25,0
r_562,AI06050,0.2,0
r_673,AI04546,0.25,0
r_111,AI01478,0.25,0
r_200,AI12288,0.2,0
r_58,AI11358,0.25,0
r_561,AI04640,0.2,0
r_575,AI04964,0.25,0
r_539,AI12065,0.2,0
r_599,AI14136,0.2,0
r_160,AI07513,0.2,0
r_673,AI13466,0.25,0
r_562,AI09006,0.25,0
r_656,AI08278,0.25,0
r_451,AI01194,0.2,0
r_562,AI03843,0.25,0
r_406,AI11905,0.25,0
r_12,AI06232,0.2,0
r_656,AI13776,0.25,0
r_12,AI07018,0.5,1
r_89,AI14386,0.2,0
r_160,AI10925,0.2,0
r_566,AI02040,0.25,0
r_575,AI08237,0.5,1
r_58,AI07207,0.25,0
r_656,AI04469,0.25,0
r_594,AI10434,0.5,1
r_209,AI08021,0.2,0
r_93,AI02904,0.25,0
r_224,AI05489,0.25,0
r_89,AI01916,0.25,0
r_566,AI12825,0.2,0
r_406,AI10970,0.2,0
r_561,AI07291,0.2,0
r_503,AI13464,0.2,0
r_160,AI11061,0.25,0
r_160,AI07410,0.2,0
r_12,AI03616,0.25,0
r_503,AI03525,0.25,0
r_2953,AI08219,0.5,1
r_539,AI09637,0.5,1
r_2602,AI00156,0.5,1
r_375,AI03322,0.25,0
r_588,AI14036,0.2,0
r_187,AI03759,0.2,0
r_160,AI02390,0.25,0
r_656,AI11246,0.25,0
r_562,AI14287,0.2,0
r_503,AI04896,0.5,1
r_656,AI14374,0.2,0
r_134,AI14734,0.25,0
r_673,AI11875,0.2,0
r_575,AI09022,0.2,0
r_187,AI12262,0.2,0
r_134,AI12450,0.25,0
r_594,AI12818,0.25,0
r_132,AI12605,0.25,0
r_209,AI01071,0.25,0
r_594,AI03456,0.25,0
r_200,AI04702,0.25,0
r_1828,AI10648,0.5,1
r_58,AI08679,0.25,0
r_12,AI02885,0.2,0
r_187,AI10919,0.2,0
r_406,AI00777,0.2,0
r_561,AI05709,0.25,0
r_561,AI09489,0.2,0
r_673,AI00271,0.5,1
r_174,AI08250,0.25,0
r_406,AI08099,0.25,0
r_575,AI09669,0.2,0
r_89,AI08877,0.2,0
r_1551,AI09573,0.5,1
r_132,AI14917,0.25,0
r_12,AI07257,0.2,0
r_1058,AI07230,0.5,1
r_2063,AI01653,0.5,1
r_111,AI00764,0.2,0
r_174,AI07656,0.2,0
r_594,AI04377,0.2,0
r_1741,AI06832,0.5,1
r_58,AI10784,0.25,0
r_134,AI12105,0.2,0
r_209,AI11925,0.2,0
r_575,AI12930,0.25,0
r_566,AI02102,0.2,0
r_599,AI09089,0.25,0
r_594,AI04111,0.25,0
r_594,AI08267,0.2,0
r_575,AI09815,0.2,0
r_656,AI09807,0.2,0
r_346,AI07181,0.25,0
r_224,AI05848,0.25,0
r_187,AI01439,0.25,0
r_174,AI04503,0.25,0
r_187,AI12500,0.2,0
r_160,AI00717,0.25,0
r_575,AI14658,0.25,0
r_594,AI02567,0.25,0
r_187,AI09782,0.25,0
r_561,AI11986,0.2,0
r_187,AI11751,0.2,0
r_187,AI11843,0.25,0
r_160,AI02292,0.2,0
r_656,AI12278,0.2,0
r_588,AI08533,0.2,0
r_562,AI10714,0.25,0
r_406,AI00519,0.25,0
r_132,AI08782,0.2,0
r_58,AI10871,0.2,0
r_89,AI12451,0.2,0
r_132,AI02329,0.25,0
r_2940,AI00007,0.5,1
r_1952,AI04200,0.5,1
r_58,AI02270,0.2,0
r_12,AI01422,0.2,0
r_209,AI12772,0.2,0
r_346,AI08571,0.2,0
r_200,AI07685,0.25,0
r_111,AI04648,0.25,0
r_134,AI00031,0.2,0
r_561,AI05865,0.25,0
r_768,AI04200,0.5,1
r_503,AI07230,0.5,1
r_539,AI02483,0.2,0
r_187,AI02278,0.2,0
r_632,AI14849,0.25,0
r_209,AI14172,0.2,0
r_89,AI01976,0.2,0
r_134,AI11507,0.25,0
r_209,AI09414,0.25,0
r_575,AI10979,0.25,0
r_187,AI14517,0.25,0
r_2299,AI01360,0.5,1
r_632,AI12155,0.25,0
r_562,AI08568,0.5,1
r_2602,AI11104,0.5,1
r_160,AI12386,0.25,0
r_1640,AI09066,0.5,1
r_566,AI10822,0.2,0
r_561,AI02931,0.25,0
r_1551,AI05183,0.5,1
r_58,AI12416,0.25,0
r_539,AI13000,0.2,0
r_375,AI09685,0.25,0
r_200,AI03484,0.2,0
r_111,AI10244,0.2,0
r_2155,AI06296,0.5,1
r_209,AI03440,0.25,0
r_12,AI03585,0.25,0
r_224,AI13224,0.25,0
r_111,AI08018,0.2,0
r_539,AI09899,0.2,0
r_132,AI13754,0.25,0
r_406,AI04098,0.2,0
r_187,AI13623,0.2,0
r_93,AI09701,0.2,0
r_58,AI10508,0.25,0
r_632,AI02350,0.25,0
r_594,AI13789,0.25,0
r_160,AI08061,0.2,0
r_503,AI07604,0.25,0
r_209,AI03030,0.25,0
r_656,AI14961,0.2,0
r_111,AI05471,0.25,0
r_200,AI11444,0.25,0
r_451,AI04771,0.2,0
r_346,AI00604,0.25,0
r_93,AI14801,0.25,0
r_134,AI03260,0.25,0
r_111,AI09782,0.25,0
r_451,AI05129,0.25,0
r_656,AI01662,0.25,0
r_2940,AI14187,0.5,1
r_588,AI09720,0.2,0
r_566,AI09457,0.25,0
r_632,AI03762,0.25,0
r_58,AI10700,0.25,0
r_561,AI13134,0.2,0
r_375,AI13273,0.2,0
r_187,AI06107,0.25,0
r_503,AI11060,0.25,0
r_656,AI02792,0.2,0
r_224,AI02648,0.25,0
r_134,AI08135,0.2,0
r_93,AI05431,0.2,0
r_575,AI10291,0.25,0
r_187,AI01814,0.2,0
r_132,AI06569,0.2,0
r_503,AI02057,0.25,0
r_12,AI08392,0.25,0
r_346,AI03949,0.25,0
r_160,AI00166,0.2,0
r_566,AI09995,0.2,0
r_132,AI08916,0.25,0
r_588,AI12164,0.2,0
r_209,AI07201,0.25,0
r_594,AI02701,0.2,0
r_562,AI00230,0.2,0
r_566,AI03320,0.2,0
r_58,AI10661,0.25,0
r_209,AI00272,0.25,0
r_594,AI04132,0.25,0
r_111,AI01174,0.25,0
r_209,AI10856,0.2,0
r_160,AI10859,0.25,0
r_594,AI14328,0.2,0
r_539,AI01194,0.2,0
r_561,AI11588,0.2,0
r_200,AI03757,0.2,0
r_224,AI00648,0.2,0
r_209,AI14192,0.2,0
r_174,AI10584,0.25,0
r_2953,AI07687,0.5,1
r_187,AI07592,0.25,0
r_406,AI03784,0.2,0
r_224,AI07691,0.2,0
r_224,AI05923,0.2,0
r_673,AI14070,0.25,0
r_673,AI08351,0.25,0
r_1197,AI00045,0.5,1
r_594,AI12962,0.2,0
r_1955,AI13447,0.5,1
r_200,AI12593,0.25,0
r_346,AI11553,0.2,0
r_174,AI14858,0.25,0
r_656,AI11748,0.5,1
r_132,AI08399,0.2,0
r_503,AI06162,0.2,0
r_1197,AI08383,0.5,1
r_375,AI06601,0.25,0
r_111,AI10305,0.2,0
r_503,AI04744,0.2,0
r_174,AI10633,0.2,0
r_2667,AI11748,0.5,1
r_187,AI05923,0.2,0
r_632,AI01985,0.25,0
r_561,AI09761,0.25,0
r_594,AI05488,0.2,0
r_406,AI14307,0.25,0
r_2603,AI11212,0.5,1
r_209,AI11184,0.2,0
r_12,AI09267,0.25,0
r_93,AI02021,0.25,0
r_2509,AI13447,0.5,1
r_187,AI08342,0.2,0
r_1027,AI11781,0.5,1
r_12,AI05467,0.25,0
r_561,AI05209,0.25,0
r_575,AI13214,0.25,0
r_111,AI12366,0.2,0
r_174,AI02163,0.2,0
r_93,AI12723,0.2,0
r_594,AI14845,0.2,0
r_174,AI00167,0.25,0
r_111,AI08669,0.25,0
r_503,AI07815,0.25,0
r_656,AI02562,0.25,0
r_111,AI02161,0.2,0
r_89,AI10815,0.25,0
r_539,AI11479,0.25,0
r_451,AI11533,0.2,0
r_375,AI06555,0.2,0
r_599,AI00183,0.25,0
r_539,AI07201,0.25,0
r_111,AI03320,0.2,0
r_406,AI04648,0.25,0
r_89,AI04418,0.2,0
r_2509,AI01107,0.5,1
r_673,AI00160,0.2,0
r_503,AI02124,0.25,0
r_588,AI09240,0.2,0
r_58,AI10720,0.25,0
r_562,AI03161,0.2,0
r_89,AI12445,0.25,0
r_656,AI01737,0.2,0
r_2299,AI13736,0.5,1
r_89,AI09501,0.2,0
r_503,AI12366,0.2,0
r_575,AI10648,0.5,1
r_599,AI13645,0.2,0
r_134,AI01697,0.25,0
r_562,AI02114,0.2,0
r_200,AI11061,0.25,0
r_346,AI14733,0.2,0
r_12,AI06356,0.25,0
r_224,AI05706,0.2,0
r_346,AI01517,0.2,0
r_632,AI14594,0.25,0
r_1253,AI14187,0.5,1
r_539,AI09476,0.25,0
r_209,AI06932,0.25,0
r_58,AI06938,0.25,0
r_709,AI06296,0.5,1
r_209,AI00945,0.25,0
r_375,AI10315,0.2,0
r_451,AI00593,0.25,0
r_406,AI05350,0.25,0
r_594,AI06936,0.2,0
r_12,AI13044,0.25,0
r_656,AI01253,0.25,0
r_656,AI00288,0.2,0
r_224,AI02783,0.2,0
r_58,AI11620,0.2,0
r_406,AI02329,0.25,0
r_58,AI05376,0.25,0
r_503,AI10322,0.25,0
r_224,AI10904,0.25,0
r_12,AI09838,0.25,0
r_111,AI01162,0.2,0
r_566,AI11905,0.25,0
r_451,AI14917,0.25,0
r_160,AI12990,0.2,0
r_209,AI05482,0.25,0
r_12,AI14440,0.2,0
r_187,AI11154,0.25,0
r_200,AI14426,0.25,0
r_599,AI11533,0.2,0
r_594,AI00595,0.2,0
r_375,AI09810,0.2,0
r_2724,AI11105,0.5,1
r_539,AI03604,0.25,0
r_200,AI10534,0.25,0
r_209,AI00659,0.2,0
r_93,AI13935,0.2,0
r_566,AI01838,0.25,0
r_134,AI07048,0.2,0
r_503,AI10820,0.25,0
r_2303,AI10422,0.5,1
r_673,AI11934,0.2,0
r_673,AI08080,0.25,0
r_656,AI08673,0.2,0
r_632,AI05254,0.25,0
r_209,AI02131,0.25,0
r_375,AI00522,0.2,0
r_632,AI12208,0.2,0
r_2130,AI09286,0.5,1
r_656,AI09232,0.2,0
r_594,AI04296,0.2,0
r_132,AI14167,0.2,0
r_562,AI01985,0.25,0
r_224,AI03030,0.25,0
r_111,AI10346,0.25,0
r_160,AI05073,0.2,0
r_111,AI09714,0.2,0
r_632,AI12559,0.2,0
r_12,AI14793,0.25,0
r_12,AI03618,0.25,0
r_599,AI14756,0.25,0
r_89,AI02343,0.25,0
r_599,AI05342,0.2,0
r_111,AI13316,0.25,0
r_599,AI03958,0.2,0
r_346,AI09121,0.25,0
r_12,AI03124,0.2,0
r_673,AI03966,0.25,0
r_346,AI01662,0.25,0
r_134,AI11445,0.25,0
r_375,AI01643,0.2,0
r_111,AI07663,0.25,0
r_174,AI08204,0.25,0
r_93,AI13878,0.25,0
r_406,AI09969,0.25,0
r_375,AI00270,0.2,0
r_406,AI06200,0.2,0
r_134,AI08650,0.2,0
r_200,AI01387,0.2,0
r_632,AI09137,0.25,0
r_539,AI08647,0.2,0
r_503,AI06258,0.25,0
r_346,AI10701,0.2,0
r_89,AI01770,0.5,1
r_503,AI01109,0.25,0
r_539,AI10822,0.2,0
r_132,AI11061,0.25,0
r_632,AI03770,0.25,0
r_111,AI02280,0.2,0
r_561,AI14236,0.25,0
r_346,AI14751,0.2,0
r_224,AI02217,0.2,0
r_89,AI01755,0.2,0
r_160,AI14997,0.25,0
r_375,AI03127,0.25,0
r_588,AI01790,0.2,0
r_12,AI04132,0.25,0
r_134,AI02979,0.25,0
r_111,AI06324,0.2,0
r_632,AI02424,0.2,0
r_562,AI06008,0.2,0
r_673,AI11117,0.2,0
r_89,AI03331,0.25,0
r_187,AI08399,0.2,0
r_503,AI12029,0.25,0
r_588,AI04277,0.2,0
r_588,AI12362,0.2,0
r_174,AI10829,0.25,0
r_561,AI01489,0.25,0
r_562,AI09602,0.25,0
r_89,AI00810,0.2,0
r_58,AI08342,0.2,0
r_12,AI08010,0.25,0
r_575,AI01033,0.25,0
r_346,AI10301,0.25,0
r_656,AI01786,0.25,0
r_451,AI00810,0.2,0
r_673,AI09305,0.2,0
r_562,AI13358,0.25,0
r_503,AI03277,0.2,0
r_566,AI11918,0.25,0
r_160,AI02958,0.25,0
r_451,AI03649,0.25,0
r_375,AI03076,0.2,0
r_656,AI11533,0.2,0
r_566,AI05365,0.25,0
r_594,AI12451,0.2,0
r_451,AI10397,0.2,0
r_632,AI05425,0.2,0
r_594,AI05295,0.25,0
r_187,AI12174,0.25,0
r_656,AI07446,0.25,0
r_406,AI12416,0.25,0
r_406,AI00817,0.25,0
r_93,AI09372,0.2,0
r_599,AI06832,0.5,1
r_2955,AI06627,0.5,1
r_93,AI14061,0.2,0
r_575,AI13345,0.25,0
r_132,AI11190,0.25,0
r_132,AI04744,0.2,0
r_375,AI01594,0.25,0
r_503,AI06833,0.25,0
r_209,AI03600,0.2,0
r_224,AI04611,0.2,0
r_132,AI08770,0.2,0
r_1426,AI09286,0.5,1
r_656,AI13197,0.25,0
r_346,AI11600,0.2,0
r_599,AI07838,0.25,0
r_566,AI03712,0.25,0
r_562,AI10371,0.25,0
r_451,AI06811,0.2,0
r_346,AI07011,0.2,0
r_187,AI02466,0.5,1
r_539,AI07032,0.2,0
r_539,AI08966,0.25,0
r_588,AI03525,0.25,0
r_561,AI03762,0.25,0
r_209,AI01698,0.2,0
r_134,AI09501,0.2,0
r_539,AI05332,0.2,0
r_346,AI00649,0.2,0
r_575,AI04622,0.2,0
r_200,AI07253,0.2,0
r_224,AI14277,0.25,0
r_346,AI05042,0.2,0
r_111,AI03610,0.2,0
r_632,AI13350,0.25,0
r_599,AI12288,0.2,0
r_561,AI10480,0.2,0
r_375,AI06195,0.25,0
r_566,AI11755,0.5,1
r_224,AI14015,0.2,0
r_200,AI06709,0.2,0
r_599,AI09526,0.25,0
r_451,AI07954,0.2,0
r_93,AI06561,0.25,0
r_406,AI04807,0.2,0
r_503,AI10212,0.25,0
r_93,AI09192,0.2,0
r_132,AI02114,0.2,0
r_566,AI08257,0.2,0
r_1811,AI04200,0.5,1
r_594,AI07946,0.2,0
r_200,AI11522,0.25,0
r_224,AI04012,0.2,0
r_375,AI11477,0.25,0
r_673,AI13839,0.5,1
r_58,AI02040,0.25,0
r_594,AI13631,0.25,0
r_160,AI12605,0.25,0
r_375,AI01651,0.25,0
r_58,AI08515,0.25,0
r_111,AI10700,0.25,0
r_632,AI05865,0.25,0
r_174,AI14959,0.2,0
r_12,AI07364,0.25,0
r_599,AI02452,0.25,0
r_200,AI07402,0.2,0
r_599,AI04878,0.2,0
r_174,AI00066,0.25,0
r_200,AI01777,0.2,0
r_566,AI09815,0.2,0
r_224,AI10479,0.25,0
r_451,AI10695,0.2,0
r_632,AI07161,0.25,0
r_93,AI06350,0.25,0
r_187,AI06811,0.2,0
r_174,AI02289,0.25,0
r_89,AI04737,0.25,0
r_594,AI02613,0.25,0
r_174,AI10977,0.25,0
r_673,AI06079,0.2,0
r_89,AI09159,0.2,0
r_561,AI08690,0.2,0
r_200,AI00464,0.25,0
r_174,AI12914,0.2,0
r_89,AI07825,0.25,0
r_93,AI07638,0.25,0
r_588,AI07429,0.25,0
r_132,AI09434,0.5,1
r_187,AI02550,0.25,0
r_406,AI03169,0.25,0
r_632,AI07685,0.25,0
r_134,AI01051,0.25,0
r_375,AI01850,0.25,0
r_132,AI03950,0.25,0
r_58,AI10748,0.2,0
r_451,AI07838,0.25,0
r_451,AI10701,0.2,0
r_2088,AI14770,0.5,1
r_93,AI01709,0.2,0
r_93,AI10561,0.25,0
r_89,AI09396,0.25,0
r_1253,AI09066,0.5,1
r_209,AI06150,0.2,0
r_503,AI01253,0.25,0
r_375,AI03795,0.25,0
r_89,AI05545,0.2,0
r_1154,AI10238,0.5,1
r_599,AI09134,0.25,0
r_187,AI11061,0.25,0
r_1205,AI11959,0.5,1
r_539,AI09619,0.2,0
r_58,AI07362,0.2,0
r_12,AI04722,0.5,1
r_160,AI11533,0.2,0
r_89,AI08110,0.25,0
r_111,AI07954,0.2,0
r_566,AI08993,0.2,0
r_224,AI02224,0.25,0
r_209,AI11932,0.2,0
r_656,AI08097,0.2,0
r_632,AI09869,0.2,0
r_224,AI13795,0.25,0
r_93,AI04819,0.25,0
r_89,AI03313,0.25,0
r_12,AI14134,0.25,0
r_632,AI01589,0.2,0
r_594,AI08693,0.2,0
r_174,AI14791,0.2,0
r_539,AI03182,0.25,0
r_406,AI01024,0.2,0
r_1197,AI06825,0.5,1
r_632,AI13101,0.25,0
r_451,AI00579,0.2,0
r_375,AI14881,0.25,0
r_656,AI12745,0.25,0
r_209,AI12091,0.25,0
r_346,AI09627,0.25,0
r_93,AI08211,0.2,0
r_588,AI05160,0.25,0
r_209,AI02408,0.2,0
r_566,AI07207,0.25,0
r_209,AI00952,0.25,0
r_12,AI06231,0.25,0
r_134,AI04563,0.25,0
r_346,AI07857,0.25,0
r_89,AI08329,0.25,0
r_2638,AI12760,0.5,1
r_93,AI11987,0.2,0
r_575,AI14558,0.25,0
r_594,AI10447,0.25,0
r_503,AI09382,0.25,0
r_588,AI14589,0.2,0
r_12,AI08250,0.25,0
r_93,AI09614,0.2,0
r_160,AI08647,0.2,0
r_632,AI08099,0.25,0
r_111,AI13157,0.25,0
r_160,AI03948,0.25,0
r_132,AI05215,0.2,0
r_89,AI06936,0.2,0
r_1417,AI09434,0.5,1
r_200,AI13736,0.5,1
r_575,AI14997,0.25,0
r_561,AI11326,0.2,0
r_12,AI10716,0.25,0
r_187,AI06479,0.25,0
r_89,AI13918,0.25,0
r_174,AI00657,0.25,0
r_89,AI03003,0.25,0
r_503,AI02942,0.25,0
r_58,AI08844,0.2,0
r_599,AI00063,0.25,0
r_561,AI11050,0.2,0
r_451,AI07022,0.2,0
r_375,AI06461,0.2,0
r_673,AI14539,0.25,0
r_539,AI10508,0.25,0
r_562,AI14746,0.25,0
r_160,AI09701,0.2,0
r_503,AI09880,0.25,0
r_346,AI13576,0.25,0
r_93,AI03081,0.2,0
r_594,AI01057,0.25,0
r_451,AI06296,0.5,1
r_1253,AI04200,0.5,1
r_209,AI02567,0.25,0
r_594,AI09302,0.2,0
r_111,AI01253,0.25,0
r_89,AI03324,0.25,0
r_224,AI04948,0.2,0
r_209,AI09540,0.2,0
r_160,AI10534,0.25,0
r_160,AI14324,0.2,0
r_111,AI13341,0.25,0
r_406,AI10480,0.2,0
r_200,AI04744,0.2,0
r_2136,AI05758,0.5,1
r_132,AI03236,0.2,0
r_89,AI04452,0.2,0
r_58,AI07181,0.25,0
r_2063,AI02869,0.5,1
r_12,AI10619,0.2,0
r_89,AI04306,0.25,0
r_599,AI05635,0.2,0
r_406,AI00994,0.2,0
r_187,AI03852,0.2,0
r_93,AI00519,0.25,0
r_539,AI00373,0.2,0
r_89,AI14993,0.25,0
r_224,AI10629,0.2,0
r_632,AI06855,0.25,0
r_503,AI07019,0.2,0
r_2299,AI11959,0.5,1
r_575,AI00002,0.2,0
r_451,AI08174,0.2,0
r_656,AI08397,0.2,0
r_224,AI13950,0.2,0
r_346,AI06821,0.25,0
r_187,AI01253,0.25,0
r_539,AI00810,0.2,0
r_224,AI01051,0.25,0
r_2848,AI12760,0.5,1
r_451,AI13748,0.2,0
r_632,AI14018,0.2,0
r_2955,AI00156,0.5,1
r_539,AI03277,0.2,0
r_588,AI09896,0.25,0
r_174,AI03022,0.2,0
r_451,AI13727,0.2,0
r_12,AI11226,0.2,0
r_375,AI05183,0.5,1
r_599,AI12112,0.2,0
r_346,AI12184,0.2,0
r_224,AI12953,0.25,0
r_503,AI12152,0.2,0
r_111,AI11522,0.25,0
r_134,AI03575,0.2,0
r_134,AI04869,0.2,0
r_599,AI05632,0.25,0
r_539,AI08644,0.25,0
r_134,AI08256,0.2,0
r_111,AI07923,0.2,0
r_588,AI08342,0.2,0
r_575,AI01255,0.2,0
r_406,AI10257,0.25,0
r_58,AI11354,0.2,0
r_709,AI11755,0.5,1
r_187,AI04184,0.2,0
r_451,AI10772,0.2,0
r_562,AI04200,0.5,1
r_160,AI11001,0.2,0
r_209,AI11510,0.25,0
r_93,AI11805,0.25,0
r_539,AI03843,0.25,0
r_160,AI13885,0.2,0
r_224,AI06774,0.2,0
r_539,AI14018,0.2,0
r_503,AI00100,0.2,0
r_111,AI13278,0.2,0
r_656,AI06008,0.2,0
r_588,AI02378,0.25,0
r_12,AI04502,0.25,0
r_12,AI10350,0.2,0
r_132,AI12371,0.25,0
r_451,AI05772,0.25,0
r_58,AI11583,0.25,0
r_575,AI01139,0.2,0
r_632,AI07954,0.2,0
r_451,AI14573,0.2,0
r_132,AI06107,0.25,0
r_132,AI14801,0.25,0
r_174,AI08905,0.25,0
r_132,AI04749,0.25,0
r_200,AI04098,0.2,0
r_174,AI07425,0.25,0
r_594,AI03334,0.2,0
r_594,AI12987,0.25,0
r_209,AI03641,0.2,0
r_58,AI06833,0.25,0
r_209,AI11867,0.25,0
r_89,AI13730,0.2,0
r_132,AI11354,0.2,0
r_451,AI07513,0.2,0
r_200,AI09240,0.2,0
r_174,AI14300,0.2,0
r_575,AI04345,0.25,0
r_566,AI04761,0.2,0
r_632,AI03852,0.2,0
r_599,AI01228,0.2,0
r_174,AI11501,0.25,0
r_187,AI10272,0.25,0
r_588,AI10720,0.25,0
r_89,AI14564,0.2,0
r_539,AI13886,0.25,0
r_588,AI00183,0.25,0
r_134,AI10456,0.2,0
r_2088,AI07687,0.5,1
r_209,AI05766,0.25,0
r_566,AI06508,0.2,0
r_1952,AI06825,0.5,1
r_111,AI11918,0.25,0
r_375,AI07900,0.2,0
r_656,AI14220,0.25,0
r_673,AI04969,0.25,0
r_594,AI14653,0.25,0
r_588,AI14756,0.25,0
r_539,AI03889,0.25,0
r_561,AI06821,0.25,0
r_89,AI02026,0.2,0
r_561,AI09602,0.25,0
r_539,AI00591,0.25,0
r_503,AI10422,0.5,1
r_632,AI09171,0.25,0
r_503,AI01011,0.25,0
r_200,AI07291,0.2,0
r_89,AI01424,0.2,0
r_58,AI01109,0.25,0
r_588,AI12363,0.25,0
r_209,AI06157,0.2,0
r_134,AI01356,0.25,0
r_160,AI12393,0.25,0
r_160,AI14927,0.2,0
r_134,AI14074,0.2,0
r_200,AI14594,0.25,0
r_632,AI12574,0.25,0
r_2155,AI08568,0.5,1
r_656,AI14390,0.25,0
r_575,AI12069,0.2,0
r_209,AI04413,0.25,0
r_451,AI08701,0.25,0
r_588,AI06723,0.2,0
r_375,AI01533,0.2,0
r_406,AI11902,0.25,0
r_575,AI03424,0.25,0
r_539,AI11062,0.2,0
r_200,AI11769,0.25,0
r_209,AI01014,0.2,0
r_93,AI05254,0.25,0
r_132,AI02833,0.25,0
r_375,AI10159,0.2,0
r_12,AI13359,0.25,0
r_89,AI13274,0.2,0
r_346,AI12000,0.25,0
r_160,AI07954,0.2,0
r_575,AI14528,0.2,0
r_111,AI03236,0.2,0
r_134,AI12313,0.25,0
r_561,AI07257,0.2,0
r_588,AI14101,0.25,0
r_588,AI12981,0.2,0
r_594,AI14346,0.25,0
r_632,AI07745,0.25,0
r_209,AI05743,0.2,0
r_3002,AI12760,0.5,1
r_561,AI09526,0.25,0
r_209,AI06091,0.25,0
r_599,AI02474,0.25,0
r_406,AI09022,0.2,0
r_451,AI06292,0.2,0
r_200,AI12741,0.25,0
r_656,AI08487,0.2,0
r_632,AI08344,0.2,0
r_632,AI10301,0.25,0
r_132,AI14029,0.25,0
r_575,AI00764,0.2,0
r_200,AI02515,0.2,0
r_599,AI10829,0.25,0
r_632,AI12053,0.2,0
r_566,AI05933,0.25,0
r_1197,AI12760,0.5,1
r_224,AI11171,0.25,0
r_132,AI00793,0.25,0
r_632,AI01818,0.2,0
r_503,AI06715,0.2,0
r_93,AI13531,0.25,0
r_160,AI04483,0.2,0
r_406,AI03189,0.25,0
r_346,AI14333,0.2,0
r_503,AI01440,0.25,0
r_200,AI00569,0.25,0
r_12,AI06137,0.25,0
r_209,AI00477,0.2,0
r_539,AI09192,0.2,0
r_632,AI03351,0.2,0
r_451,AI07674,0.25,0
r_12,AI14814,0.2,0
r_575,AI12034,0.25,0
r_594,AI11381,0.2,0
r_224,AI05889,0.25,0
r_209,AI05382,0.2,0
r_375,AI06508,0.2,0
r_562,AI13576,0.25,0
r_562,AI07423,0.25,0
r_375,AI14655,0.25,0
r_111,AI09006,0.25,0
r_575,AI01850,0.25,0
r_134,AI11980,0.2,0
r_2724,AI14649,0.5,1
r_209,AI12313,0.25,0
r_575,AI09435,0.25,0
r_656,AI12981,0.2,0
r_632,AI04611,0.2,0
r_599,AI02620,0.25,0
r_451,AI02057,0.25,0
r_406,AI01233,0.25,0
r_1790,AI13808,0.5,1
r_588,AI01651,0.25,0
r_160,AI14426,0.25,0
r_89,AI08188,0.2,0
r_1205,AI12760,0.5,1
r_656,AI04702,0.25,0
r_562,AI12034,0.25,0
r_575,AI08473,0.25,0
r_346,AI13727,0.2,0
r_588,AI03667,0.2,0
r_58,AI03182,0.25,0
r_346,AI04738,0.25,0
r_599,AI01026,0.2,0
r_12,AI07552,0.25,0
r_451,AI08630,0.25,0
r_346,AI07230,0.5,1
r_12,AI11007,0.25,0
r_174,AI11401,0.2,0
r_89,AI09577,0.2,0
r_174,AI01451,0.25,0
r_2603,AI14187,0.5,1
r_632,AI07313,0.25,0
r_58,AI12362,0.2,0
r_209,AI01211,0.25,0
r_575,AI14254,0.2,0
r_187,AI09894,0.2,0
r_89,AI02421,0.25,0
r_451,AI09380,0.2,0
r_209,AI01916,0.25,0
r_632,AI03948,0.25,0
r_1027,AI10648,0.5,1
r_58,AI14927,0.2,0
r_174,AI06751,0.2,0
r_93,AI06050,0.2,0
r_561,AI01778,0.2,0
r_2724,AI14320,0.5,1
r_2130,AI04896,0.5,1
r_673,AI05843,0.2,0
r_187,AI05766,0.25,0
r_632,AI14324,0.2,0
r_588,AI03992,0.25,0
r_575,AI04113,0.2,0
r_134,AI05860,0.25,0
r_375,AI07718,0.2,0
r_375,AI05568,0.5,1
r_93,AI14987,0.25,0
r_187,AI02800,0.2,0
r_224,AI10718,0.25,0
r_1231,AI06832,0.5,1
r_594,AI07238,0.2,0
r_132,AI06869,0.25,0
r_406,AI08993,0.2,0
r_134,AI05995,0.2,0
r_562,AI09655,0.2,0
r_160,AI13214,0.25,0
r_111,AI07446,0.25,0
r_1774,AI05884,0.5,1
r_566,AI12000,0.25,0
r_588,AI14324,0.2,0
r_539,AI01814,0.2,0
r_575,AI02630,0.25,0
r_174,AI12108,0.25,0
r_588,AI13493,0.25,0
r_209,AI11783,0.2,0
r_134,AI14690,0.25,0
r_346,AI04833,0.2,0
r_2504,AI09066,0.5,1
r_134,AI07585,0.25,0
r_12,AI05864,0.2,0
r_187,AI00253,0.2,0
r_160,AI05042,0.2,0
r_132,AI00208,0.2,0
r_656,AI05603,0.25,0
r_503,AI07113,0.25,0
r_187,AI12706,0.25,0
r_209,AI10885,0.25,0
r_594,AI01671,0.2,0
r_134,AI13822,0.25,0
r_673,AI08817,0.2,0
r_656,AI06936,0.2,0
r_599,AI13854,0.25,0
r_209,AI02753,0.2,0
r_566,AI09089,0.25,0
r_575,AI08133,0.2,0
r_632,AI07724,0.2,0
r_187,AI11233,0.25,0
r_134,AI09253,0.2,0
r_93,AI10352,0.25,0
r_566,AI12490,0.25,0
r_174,AI10970,0.2,0
r_111,AI03119,0.25,0
r_224,AI02753,0.2,0
r_12,AI00694,0.25,0
r_588,AI05772,0.25,0
r_174,AI05824,0.2,0
r_160,AI06527,0.25,0
r_93,AI07838,0.25,0
r_566,AI01370,0.25,0
r_346,AI03033,0.2,0
r_209,AI00484,0.2,0
r_111,AI12643,0.2,0
r_632,AI02958,0.25,0
r_134,AI11191,0.2,0
r_562,AI06911,0.25,0
r_200,AI09614,0.2,0
r_12,AI00931,0.2,0
r_12,AI07666,0.25,0
r_503,AI01778,0.2,0
r_562,AI14303,0.25,0
r_566,AI09010,0.2,0
r_451,AI14600,0.25,0
r_406,AI09566,0.2,0
r_134,AI09463,0.25,0
r_224,AI07250,0.25,0
r_539,AI06589,0.25,0
r_561,AI14751,0.2,0
r_93,AI10695,0.2,0
r_588,AI06712,0.2,0
r_134,AI05943,0.25,0
r_132,AI02189,0.2,0
r_187,AI03525,0.25,0
r_561,AI07201,0.25,0
r_599,AI06715,0.2,0
r_200,AI09052,0.2,0
r_575,AI01719,0.25,0
r_224,AI13994,0.2,0
r_209,AI03260,0.25,0
r_132,AI13273,0.2,0
r_451,AI10209,0.2,0
r_632,AI06258,0.25,0
r_12,AI03552,0.25,0
r_632,AI06162,0.2,0
r_375,AI08063,0.2,0
r_209,AI04633,0.2,0
r_174,AI01345,0.25,0
r_200,AI07691,0.2,0
r_566,AI00725,0.2,0
r_89,AI09043,0.2,0
r_375,AI01988,0.2,0
r_12,AI00701,0.2,0
r_346,AI01719,0.25,0
r_451,AI07606,0.2,0
r_200,AI01482,0.2,0
r_1774,AI05651,0.5,1
r_375,AI03816,0.25,0
r_561,AI00683,0.2,0
r_134,AI00908,0.2,0
r_2724,AI03654,0.5,1
r_588,AI07296,0.2,0
r_174,AI13994,0.2,0
r_93,AI09518,0.25,0
r_209,AI04909,0.25,0
r_562,AI04761,0.2,0
r_588,AI03411,0.25,0
r_12,AI10540,0.25,0
r_209,AI01828,0.2,0
r_111,AI14957,0.25,0
r_768,AI02054,0.5,1
r_566,AI09058,0.25,0
r_58,AI05620,0.2,0
r_346,AI01969,0.2,0
r_566,AI06479,0.25,0
r_588,AI01109,0.25,0
r_224,AI01229,0.2,0
r_561,AI01594,0.25,0
r_375,AI01387,0.2,0
r_2292,AI11748,0.5,1
r_12,AI03561,0.25,0
r_1774,AI11104,0.5,1
r_451,AI05163,0.2,0
r_89,AI04904,0.2,0
r_632,AI11905,0.25,0
r_503,AI03441,0.2,0
r_594,AI09871,0.2,0
r_160,AI02942,0.25,0
r_503,AI08399,0.2,0
r_594,AI01232,0.2,0
r_632,AI11376,0.2,0
r_451,AI13645,0.2,0
r_594,AI10757,0.2,0
r_562,AI14295,0.2,0
r_12,AI07827,0.25,0
r_632,AI04134,0.25,0
r_673,AI10873,0.2,0
r_562,AI13727,0.2,0
r_375,AI09232,0.2,0
r_451,AI12511,0.25,0
r_346,AI05801,0.25,0
r_566,AI09737,0.2,0
r_134,AI11694,0.25,0
r_2603,AI11959,0.5,1
r_599,AI05209,0.25,0
r_93,AI07207,0.25,0
r_160,AI00208,0.2,0
r_451,AI07156,0.25,0
r_406,AI01873,0.25,0
r_656,AI08174,0.2,0
r_561,AI13754,0.25,0
r_132,AI10331,0.25,0
r_93,AI02359,0.2,0
r_599,AI12643,0.2,0
r_200,AI03634,0.25,0
r_174,AI06108,0.2,0
r_561,AI08962,0.2,0
r_1724,AI08568,0.5,1
r_224,AI14653,0.25,0
r_174,AI08756,0.25,0
r_588,AI03582,0.2,0
r_503,AI12715,0.25,0
r_539,AI10962,0.2,0
r_187,AI01598,0.25,0
r_599,AI03544,0.25,0
r_224,AI07193,0.2,0
r_1197,AI00156,0.5,1
r_200,AI04270,0.2,0
r_174,AI07724,0.2,0
r_160,AI10168,0.25,0
r_503,AI04964,0.25,0
r_562,AI07269,0.25,0
r_451,AI04911,0.2,0
r_632,AI12981,0.2,0
r_187,AI06936,0.2,0
r_89,AI01938,0.2,0
r_346,AI09476,0.25,0
r_2130,AI13736,0.5,1
r_566,AI02192,0.2,0
r_1568,AI11490,0.5,1
r_58,AI09777,0.25,0
r_132,AI08099,0.25,0
r_134,AI10574,0.2,0
r_599,AI01533,0.2,0
r_406,AI11620,0.2,0
r_575,AI09874,0.2,0
r_187,AI01085,0.2,0
r_89,AI00886,0.5,1
r_1724,AI09637,0.5,1
r_656,AI07832,0.25,0
r_89,AI14828,0.2,0
r_588,AI13028,0.2,0
r_132,AI11747,0.2,0
r_58,AI09779,0.25,0
r_1253,AI11959,0.5,1
r_111,AI11444,0.25,0
r_1261,AI14362,0.5,1
r_89,AI06010,0.25,0
r_12,AI07730,0.2,0
r_224,AI14961,0.2,0
r_996,AI10422,0.5,1
r_209,AI11106,0.2,0
r_160,AI03559,0.2,0
r_111,AI10422,0.5,1
r_89,AI11621,0.25,0
r_132,AI02430,0.25,0
r_132,AI09268,0.2,0
r_209,AI09544,0.25,0
r_58,AI01117,0.2,0
r_200,AI13878,0.25,0
r_89,AI06855,0.25,0
r_566,AI07113,0.25,0
r_187,AI02482,0.2,0
r_561,AI08037,0.2,0
r_200,AI08473,0.25,0
r_375,AI02343,0.25,0
r_174,AI10730,0.2,0
r_134,AI14570,0.25,0
r_12,AI02345,0.25,0
r_539,AI01358,0.25,0
r_111,AI10772,0.2,0
r_111,AI03818,0.2,0
r_566,AI02343,0.25,0
r_451,AI00116,0.25,0
r_575,AI02168,0.25,0
r_451,AI12452,0.2,0
r_406,AI14176,0.25,0
r_174,AI02634,0.25,0
r_539,AI13878,0.25,0
r_969,AI04632,0.5,1
r_12,AI14092,0.25,0
r_562,AI09427,0.2,0
r_160,AI04499,0.25,0
r_187,AI02900,0.25,0
r_160,AI05798,0.25,0
r_575,AI07773,0.25,0
r_174,AI08821,0.25,0
r_599,AI11368,0.2,0
r_451,AI03803,0.25,0
r_12,AI01030,0.25,0
r_93,AI12015,0.2,0
r_588,AI12234,0.25,0
r_111,AI12715,0.25,0
r_539,AI07257,0.2,0
r_673,AI14303,0.25,0
r_58,AI09710,0.2,0
r_58,AI07724,0.2,0
r_209,AI08010,0.25,0
r_656,AI00020,0.2,0
r_656,AI04678,0.2,0
r_539,AI06692,0.2,0
r_160,AI09929,0.25,0
r_588,AI10880,0.25,0
r_599,AI01868,0.2,0
r_562,AI04578,0.2,0
r_346,AI09380,0.2,0
r_594,AI14978,0.2,0
r_209,AI13811,0.25,0
r_111,AI09544,0.25,0
r_111,AI11747,0.2,0
r_632,AI07257,0.2,0
r_599,AI07400,0.2,0
r_132,AI07362,0.2,0
r_566,AI11376,0.2,0
r_588,AI04971,0.2,0
r_575,AI05033,0.25,0
r_566,AI06569,0.2,0
r_187,AI14464,0.2,0
r_93,AI11270,0.2,0
r_3011,AI10551,0.5,1
r_539,AI10570,0.2,0
r_375,AI06530,0.25,0
r_160,AI11918,0.25,0
r_375,AI04504,0.25,0
r_224,AI04471,0.2,0
r_561,AI14388,0.25,0
r_594,AI09674,0.25,0
r_224,AI03011,0.2,0
r_503,AI00591,0.25,0
r_134,AI11639,0.2,0
r_58,AI00348,0.25,0
r_673,AI04466,0.2,0
r_594,AI01481,0.2,0
r_346,AI02931,0.25,0
r_160,AI04222,0.25,0
r_406,AI06832,0.5,1
r_594,AI04298,0.25,0
r_132,AI04766,0.25,0
r_12,AI06694,0.5,1
r_503,AI08997,0.25,0
r_93,AI12174,0.25,0
r_134,AI01911,0.25,0
r_12,AI08883,0.2,0
r_561,AI04761,0.2,0
r_594,AI01981,0.2,0
r_503,AI14352,0.25,0
r_200,AI01186,0.25,0
r_566,AI05518,0.2,0
r_174,AI00434,0.25,0
r_346,AI08945,0.25,0
r_599,AI14303,0.25,0
r_599,AI11616,0.2,0
r_562,AI07513,0.2,0
r_58,AI14917,0.25,0
r_209,AI08044,0.25,0
r_111,AI10885,0.25,0
r_539,AI05772,0.25,0
r_134,AI10022,0.25,0
r_174,AI12205,0.2,0
r_594,AI13146,0.25,0
r_132,AI09637,0.5,1
r_406,AI02673,0.25,0
r_575,AI14720,0.25,0
r_174,AI05005,0.25,0
r_503,AI07181,0.25,0
r_346,AI03139,0.25,0
r_539,AI01439,0.25,0
r_346,AI01732,0.25,0
r_588,AI10534,0.25,0
r_89,AI14798,0.2,0
r_200,AI09157,0.2,0
r_58,AI12021,0.25,0
r_406,AI08652,0.25,0
r_200,AI04190,0.2,0
r_588,AI00817,0.25,0
r_209,AI06289,0.2,0
r_93,AI04465,0.25,0
r_200,AI13985,0.25,0
r_599,AI11918,0.25,0
r_599,AI09627,0.25,0
r_575,AI05620,0.2,0
r_375,AI09627,0.25,0
r_58,AI08819,0.2,0
r_588,AI13318,0.25,0
r_451,AI11479,0.25,0
r_89,AI09336,0.2,0
r_656,AI10301,0.25,0
r_224,AI03489,0.2,0
r_2136,AI01653,0.5,1
r_174,AI13219,0.25,0
r_673,AI10294,0.25,0
r_12,AI11085,0.25,0
r_93,AI13886,0.25,0
r_111,AI11985,0.25,0
r_673,AI04403,0.2,0
r_561,AI09157,0.2,0
r_2857,AI13435,0.5,1
r_111,AI01096,0.2,0
r_656,AI11633,0.2,0
r_406,AI02567,0.25,0
r_539,AI10291,0.25,0
r_994,AI08237,0.5,1
r_12,AI09343,0.25,0
r_174,AI05908,0.2,0
r_599,AI06296,0.5,1
r_174,AI08454,0.25,0
r_656,AI02483,0.2,0
r_2088,AI05612,0.5,1
r_209,AI10881,0.25,0
r_406,AI11051,0.25,0
r_594,AI03666,0.2,0
r_562,AI06753,0.25,0
r_187,AI09712,0.25,0
r_174,AI07168,0.2,0
r_632,AI13854,0.25,0
r_209,AI04892,0.25,0
r_187,AI10820,0.25,0
r_632,AI11721,0.2,0
r_539,AI01850,0.25,0
r_588,AI14187,0.5,1
r_93,AI01044,0.2,0
r_160,AI07663,0.25,0
r_594,AI12276,0.2,0
r_632,AI06530,0.25,0
r_451,AI12715,0.25,0
r_562,AI09380,0.2,0
r_594,AI02012,0.2,0
r_174,AI10185,0.2,0
r_375,AI06723,0.2,0
r_160,AI01173,0.25,0
r_58,AI11918,0.25,0
r_224,AI02421,0.25,0
r_132,AI12416,0.25,0
r_503,AI11508,0.25,0
r_406,AI12875,0.25,0
r_209,AI10452,0.25,0
r_375,AI11060,0.25,0
r_2284,AI11490,0.5,1
r_224,AI07410,0.2,0
r_1741,AI14187,0.5,1
r_632,AI00690,0.25,0
r_792,AI02466,0.5,1
r_160,AI04744,0.2,0
r_2869,AI11490,0.5,1
r_187,AI09268,0.2,0
r_58,AI09390,0.2,0
r_588,AI04113,0.2,0
r_160,AI14287,0.2,0
r_93,AI05754,0.2,0
r_594,AI12680,0.25,0
r_588,AI03820,0.25,0
r_89,AI02701,0.2,0
r_160,AI12825,0.2,0
r_451,AI09685,0.25,0
r_375,AI03016,0.25,0
r_12,AI03090,0.2,0
r_566,AI09138,0.2,0
r_375,AI09573,0.5,1
r_632,AI14164,0.25,0
r_681,AI05612,0.5,1
r_160,AI00910,0.25,0
r_134,AI00751,0.2,0
r_566,AI13016,0.2,0
r_89,AI09453,0.2,0
r_562,AI09121,0.25,0
r_375,AI13269,0.2,0
r_224,AI13490,0.2,0
r_209,AI14890,0.2,0
r_174,AI03888,0.25,0
r_200,AI01566,0.2,0
r_200,AI04994,0.2,0
r_134,AI01288,0.25,0
r_539,AI09383,0.25,0
r_451,AI00946,0.25,0
r_599,AI00305,0.2,0
r_187,AI05632,0.25,0
r_209,AI11660,0.2,0
r_187,AI11328,0.2,0
r_160,AI13576,0.25,0
r_187,AI10962,0.2,0
r_224,AI02153,0.2,0
r_346,AI03448,0.25,0
r_566,AI01943,0.25,0
r_134,AI13176,0.25,0
r_346,AI10551,0.5,1
r_174,AI09643,0.25,0
r_451,AI10508,0.25,0
r_209,AI01069,0.2,0
r_656,AI00225,0.25,0
r_503,AI14562,0.2,0
r_503,AI10885,0.25,0
r_632,AI00593,0.25,0
r_575,AI04562,0.2,0
r_224,AI10546,0.25,0
r_503,AI02278,0.2,0
r_451,AI07165,0.2,0
r_2940,AI03072,0.5,1
r_632,AI12174,0.25,0
r_132,AI10905,0.25,0
r_93,AI11747,0.2,0
r_503,AI10270,0.2,0
r_594,AI04502,0.25,0
r_132,AI00050,0.2,0
r_566,AI04578,0.2,0
r_89,AI03785,0.2,0
r_599,AI02678,0.25,0
r_575,AI01873,0.25,0
r_673,AI02701,0.2,0
r_566,AI00172,0.2,0
r_160,AI14517,0.25,0
r_451,AI02630,0.25,0
r_93,AI13214,0.25,0
r_93,AI01011,0.25,0
r_93,AI07400,0.2,0
r_93,AI07522,0.25,0
r_562,AI00063,0.25,0
r_561,AI11583,0.25,0
r_134,AI00820,0.25,0
r_575,AI09804,0.25,0
r_632,AI10570,0.2,0
r_224,AI03423,0.2,0
r_209,AI01981,0.2,0
r_132,AI13908,0.25,0
r_111,AI04734,0.2,0
r_174,AI14973,0.2,0
r_503,AI13342,0.2,0
r_588,AI02654,0.25,0
r_200,AI05190,0.2,0
r_58,AI05819,0.2,0
r_451,AI12366,0.2,0
r_566,AI09565,0.25,0
r_673,AI07373,0.2,0
r_224,AI04563,0.25,0
r_209,AI13950,0.2,0
r_562,AI13086,0.2,0
r_632,AI11522,0.25,0
r_58,AI01360,0.5,1
r_566,AI10529,0.2,0
r_132,AI04065,0.25,0
r_451,AI06869,0.25,0
r_3011,AI14063,0.5,1
r_200,AI09879,0.2,0
r_174,AI01349,0.25,0
r_346,AI00832,0.2,0
r_1154,AI10551,0.5,1
r_375,AI04190,0.2,0
r_132,AI06050,0.2,0
r_187,AI11558,0.2,0
r_12,AI14637,0.25,0
r_187,AI11365,0.2,0
r_89,AI01045,0.5,1
r_561,AI13000,0.2,0
r_673,AI14791,0.2,0
r_187,AI10516,0.2,0
r_561,AI07864,0.2,0
r_58,AI11718,0.25,0
r_562,AI06350,0.25,0
r_599,AI06143,0.2,0
r_134,AI07588,0.2,0
r_673,AI02790,0.25,0
r_575,AI10449,0.25,0
r_632,AI09240,0.2,0
r_561,AI11067,0.2,0
r_656,AI13016,0.2,0
r_632,AI05807,0.2,0
r_632,AI04562,0.2,0
r_539,AI04065,0.25,0
r_575,AI13134,0.2,0
r_632,AI04469,0.25,0
r_599,AI08112,0.2,0
r_594,AI01846,0.2,0
r_346,AI10704,0.2,0
r_451,AI13318,0.25,0
r_599,AI07429,0.25,0
r_12,AI01403,0.2,0
r_160,AI14220,0.25,0
r_632,AI08993,0.2,0
r_599,AI13316,0.25,0
r_187,AI02040,0.25,0
r_539,AI10561,0.25,0
r_160,AI10244,0.2,0
r_187,AI11190,0.25,0
r_561,AI08148,0.2,0
r_93,AI06738,0.25,0
r_93,AI05160,0.25,0
r_594,AI05792,0.2,0
r_539,AI08840,0.25,0
r_599,AI10700,0.25,0
r_12,AI14006,0.2,0
r_562,AI03355,0.25,0
r_3002,AI14362,0.5,1
r_93,AI10932,0.25,0
r_599,AI02168,0.25,0
r_89,AI06287,0.2,0
r_58,AI08278,0.25,0
r_134,AI12537,0.2,0
r_187,AI08473,0.25,0
r_2303,AI01360,0.5,1
r_89,AI12509,0.25,0
r_673,AI06694,0.5,1
r_1417,AI11755,0.5,1
r_187,AI09383,0.25,0
r_209,AI01653,0.5,1
r_406,AI13679,0.2,0
r_575,AI13475,0.25,0
r_132,AI11588,0.2,0
r_111,AI09779,0.25,0
r_503,AI03887,0.2,0
r_2940,AI10551,0.5,1
r_134,AI01607,0.25,0
r_673,AI06921,0.2,0
r_134,AI03249,0.25,0
r_503,AI00777,0.2,0
r_174,AI01874,0.2,0
r_566,AI08351,0.25,0
r_111,AI10272,0.25,0
r_575,AI00154,0.25,0
r_1058,AI00007,0.5,1
r_632,AI12848,0.2,0
r_588,AI11207,0.25,0
r_93,AI08916,0.25,0
r_561,AI09874,0.2,0
r_93,AI01589,0.2,0
r_599,AI00365,0.2,0
r_599,AI01589,0.2,0
r_594,AI14094,0.2,0
r_1823,AI03714,0.5,1
r_594,AI05743,0.2,0
r_160,AI05754,0.2,0
r_346,AI01930,0.25,0
r_134,AI13084,0.2,0
r_174,AI04056,0.5,1
r_406,AI04734,0.2,0
r_406,AI08782,0.2,0
r_375,AI00553,0.2,0
r_451,AI04734,0.2,0
r_562,AI05988,0.2,0
r_134,AI04364,0.25,0
r_346,AI09966,0.25,0
r_346,AI11915,0.2,0
r_134,AI03922,0.25,0
r_561,AI14500,0.25,0
r_503,AI00305,0.2,0
r_134,AI06287,0.2,0
r_134,AI00976,0.2,0
r_566,AI06363,0.2,0
r_632,AI10340,0.25,0
r_2063,AI06627,0.5,1
r_562,AI04430,0.25,0
r_93,AI13872,0.2,0
r_12,AI01270,0.2,0
r_588,AI13758,0.25,0
r_209,AI01568,0.25,0
r_588,AI14562,0.2,0
r_599,AI06709,0.2,0
r_503,AI14768,0.25,0
r_566,AI11904,0.25,0
r_200,AI06440,0.2,0
r_503,AI03803,0.25,0
r_561,AI13345,0.25,0
r_451,AI03146,0.25,0
r_134,AI11921,0.25,0
r_174,AI07495,0.25,0
r_58,AI09286,0.5,1
r_562,AI05469,0.25,0
r_588,AI09138,0.2,0
r_111,AI03411,0.25,0
r_111,AI10587,0.5,1
r_562,AI05990,0.2,0
r_174,AI14658,0.25,0
r_224,AI09267,0.25,0
r_89,AI08207,0.2,0
r_599,AI03949,0.25,0
r_2235,AI09342,0.5,1
r_594,AI14179,0.2,0
r_134,AI10815,0.25,0
r_562,AI14402,0.2,0
r_806,AI12950,0.5,1
r_566,AI00156,0.5,1
r_2848,AI10238,0.5,1
r_539,AI00238,0.2,0
r_561,AI07448,0.25,0
r_632,AI03934,0.2,0
r_187,AI03208,0.25,0
r_93,AI09782,0.25,0
r_656,AI01368,0.2,0
r_89,AI09212,0.25,0
r_632,AI07296,0.2,0
r_963,AI12760,0.5,1
r_588,AI14585,0.25,0
r_12,AI00972,0.25,0
r_209,AI02345,0.25,0
r_174,AI03579,0.2,0
r_451,AI14658,0.25,0
r_561,AI01174,0.25,0
r_588,AI06758,0.2,0
r_209,AI06231,0.25,0
r_174,AI00513,0.25,0
r_160,AI07592,0.25,0
r_209,AI08414,0.25,0
r_187,AI01566,0.2,0
r_539,AI08257,0.2,0
r_93,AI00777,0.2,0
r_561,AI06136,0.25,0
r_451,AI12164,0.2,0
r_562,AI04744,0.2,0
r_134,AI10948,0.25,0
r_575,AI06479,0.25,0
r_160,AI09720,0.2,0
r_656,AI03182,0.25,0
r_224,AI03313,0.25,0
r_656,AI02345,0.25,0
r_111,AI07414,0.25,0
r_566,AI06058,0.2,0
r_111,AI11748,0.5,1
r_200,AI02263,0.25,0
r_375,AI01062,0.2,0
r_93,AI14751,0.2,0
r_451,AI09804,0.25,0
r_539,AI08571,0.2,0
r_562,AI00208,0.2,0
r_58,AI02438,0.2,0
r_1640,AI07230,0.5,1
r_594,AI08650,0.2,0
r_406,AI06090,0.2,0
r_1549,AI05183,0.5,1
r_160,AI00579,0.2,0
r_656,AI00437,0.25,0
r_160,AI06903,0.2,0
r_656,AI00050,0.2,0
r_594,AI05863,0.25,0
r_12,AI11536,0.2,0
r_1549,AI14187,0.5,1
r_539,AI09777,0.25,0
r_132,AI12825,0.2,0
r_224,AI13359,0.25,0
r_503,AI08351,0.25,0
r_503,AI02754,0.25,0
r_12,AI13915,0.25,0
r_111,AI00974,0.25,0
r_200,AI06238,0.25,0
r_673,AI12029,0.25,0
r_160,AI03995,0.2,0
r_406,AI06238,0.25,0
r_562,AI12350,0.25,0
r_566,AI07336,0.2,0
r_561,AI08018,0.2,0
r_1790,AI09903,0.5,1
r_562,AI09233,0.25,0
r_632,AI06175,0.25,0
r_451,AI09458,0.2,0
r_2940,AI05301,0.5,1
r_681,AI05651,0.5,1
r_224,AI12768,0.25,0
r_12,AI08605,0.25,0
r_503,AI02387,0.2,0
r_58,AI05590,0.2,0
r_561,AI06212,0.25,0
r_588,AI10516,0.2,0
r_632,AI14335,0.2,0
r_503,AI04222,0.25,0
r_346,AI12393,0.25,0
r_134,AI12917,0.25,0
r_89,AI04909,0.25,0
r_503,AI05480,0.2,0
r_673,AI00417,0.25,0
r_375,AI05620,0.2,0
r_503,AI05187,0.25,0
r_562,AI14036,0.2,0
r_375,AI02292,0.2,0
r_224,AI06449,0.25,0
r_451,AI11061,0.25,0
r_2303,AI06825,0.5,1
r_134,AI09602,0.25,0
r_561,AI05425,0.2,0
r_1253,AI14362,0.5,1
r_209,AI12214,0.25,0
r_594,AI05875,0.25,0
r_200,AI04771,0.2,0
r_375,AI04201,0.2,0
r_58,AI09095,0.25,0
r_160,AI00553,0.2,0
r_58,AI04091,0.25,0
r_224,AI05467,0.25,0
r_160,AI02067,0.2,0
r_575,AI03072,0.5,1
r_132,AI01001,0.2,0
r_503,AI08633,0.25,0
r_58,AI09268,0.2,0
r_2292,AI10238,0.5,1
r_187,AI02584,0.2,0
r_503,AI11760,0.25,0
r_588,AI09380,0.2,0
r_111,AI04807,0.2,0
r_132,AI00348,0.25,0
r_566,AI00238,0.2,0
r_134,AI12488,0.2,0
r_89,AI10619,0.2,0
r_93,AI10570,0.2,0
r_111,AI04749,0.25,0
r_200,AI02474,0.25,0
r_594,AI12351,0.25,0
r_224,AI09708,0.2,0
r_566,AI11875,0.2,0
r_200,AI10880,0.25,0
r_1154,AI05183,0.5,1
r_561,AI05163,0.2,0
r_89,AI07745,0.25,0
r_594,AI07268,0.25,0
r_588,AI00725,0.2,0
r_594,AI00049,0.2,0
r_539,AI04766,0.25,0
r_209,AI06287,0.2,0
r_160,AI09383,0.25,0
r_562,AI02168,0.25,0
r_656,AI13728,0.2,0
r_160,AI01943,0.25,0
r_93,AI02539,0.25,0
r_673,AI02849,0.5,1
r_224,AI02366,0.2,0
r_200,AI09058,0.25,0
r_134,AI03430,0.2,0
r_503,AI08647,0.2,0
r_93,AI04091,0.25,0
r_588,AI09696,0.2,0
r_200,AI07150,0.2,0
r_187,AI04228,0.25,0
r_562,AI02182,0.2,0
r_224,AI08149,0.2,0
r_160,AI13399,0.25,0
r_783,AI00007,0.5,1
r_200,AI12208,0.2,0
r_187,AI09720,0.2,0
r_562,AI11246,0.25,0
r_346,AI00820,0.25,0
r_134,AI14670,0.2,0
r_594,AI06547,0.25,0
r_562,AI05163,0.2,0
r_134,AI05488,0.2,0
r_594,AI06855,0.25,0
r_224,AI09302,0.2,0
r_134,AI13513,0.25,0
r_134,AI13500,0.25,0
r_200,AI10080,0.2,0
r_12,AI11295,0.2,0
r_89,AI14092,0.25,0
r_89,AI13893,0.25,0
r_451,AI02942,0.25,0
r_561,AI08282,0.2,0
r_200,AI01850,0.25,0
r_89,AI06884,0.2,0
r_539,AI02430,0.25,0
r_575,AI11067,0.2,0
r_599,AI01517,0.2,0
r_632,AI02900,0.25,0
r_187,AI05215,0.2,0
r_12,AI05415,0.2,0
r_673,AI01818,0.2,0
r_566,AI13493,0.25,0
r_2922,AI06296,0.5,1
r_58,AI12521,0.25,0
r_187,AI11533,0.2,0
r_200,AI06201,0.25,0
r_200,AI09603,0.25,0
r_1549,AI11748,0.5,1
r_406,AI14295,0.2,0
r_503,AI00402,0.2,0
r_224,AI08904,0.2,0
r_12,AI05034,0.25,0
r_375,AI13334,0.2,0
r_58,AI07113,0.25,0
r_12,AI02516,0.25,0
r_451,AI08832,0.2,0
r_200,AI07362,0.2,0
r_12,AI07334,0.2,0
r_562,AI10330,0.2,0
r_174,AI01821,0.2,0
r_346,AI01943,0.25,0
r_1961,AI11959,0.5,1
r_209,AI00401,0.2,0
r_539,AI05429,0.2,0
r_575,AI06461,0.2,0
r_93,AI10272,0.25,0
r_2130,AI09573,0.5,1
r_656,AI08831,0.25,0
r_111,AI02189,0.2,0
r_134,AI10936,0.25,0
r_539,AI14927,0.2,0
r_1551,AI11755,0.5,1
r_132,AI04327,0.25,0
r_224,AI06364,0.2,0
r_346,AI01200,0.2,0
r_599,AI06171,0.2,0
r_111,AI11351,0.25,0
r_561,AI06107,0.25,0
r_93,AI12262,0.2,0
r_561,AI00402,0.2,0
r_561,AI08266,0.25,0
r_93,AI14471,0.2,0
r_346,AI07410,0.2,0
r_673,AI14966,0.25,0
r_539,AI03081,0.2,0
r_111,AI05623,0.2,0
r_224,AI11921,0.25,0
r_2716,AI04722,0.5,1
r_406,AI13028,0.2,0
r_503,AI00593,0.25,0
r_566,AI00194,0.25,0
r_174,AI03985,0.2,0
r_187,AI12930,0.25,0
r_89,AI00193,0.25,0
r_93,AI01631,0.2,0
r_375,AI13623,0.2,0
r_575,AI05933,0.25,0
r_89,AI13228,0.25,0
r_561,AI02826,0.25,0
r_200,AI07864,0.2,0
r_12,AI08135,0.2,0
r_673,AI09743,0.2,0
r_451,AI00867,0.2,0
r_2235,AI11748,0.5,1
r_58,AI13619,0.25,0
r_224,AI04556,0.2,0
r_375,AI07150,0.2,0
r_1955,AI08705,0.5,1
r_375,AI04181,0.2,0
r_588,AI01173,0.25,0
r_160,AI02654,0.25,0
r_539,AI00764,0.2,0
r_187,AI05433,0.2,0
r_562,AI12868,0.2,0
r_2922,AI08383,0.5,1
r_93,AI14720,0.25,0
r_200,AI00270,0.2,0
r_656,AI03641,0.2,0
r_503,AI09192,0.2,0
r_632,AI13810,0.2,0
r_575,AI01790,0.2,0
r_224,AI07656,0.2,0
r_224,AI08650,0.2,0
r_174,AI06564,0.2,0
r_539,AI12640,0.2,0
r_224,AI06610,0.25,0
r_539,AI03867,0.25,0
r_187,AI01500,0.25,0
r_406,AI03818,0.2,0
r_561,AI09233,0.25,0
r_566,AI13728,0.2,0
r_89,AI03479,0.25,0
r_3002,AI06832,0.5,1
r_656,AI07448,0.25,0
r_673,AI12148,0.25,0
r_111,AI13606,0.25,0
r_174,AI08907,0.2,0
r_12,AI10862,0.25,0
r_346,AI05481,0.2,0
r_566,AI03081,0.2,0
r_566,AI08982,0.25,0
r_12,AI14157,0.2,0
r_673,AI09162,0.25,0
r_562,AI09079,0.2,0
r_200,AI05468,0.25,0
r_89,AI12447,0.2,0
r_58,AI02168,0.25,0
r_200,AI11767,0.2,0
r_93,AI12069,0.2,0
r_224,AI10570,0.2,0
r_599,AI05933,0.25,0
r_566,AI00764,0.2,0
r_174,AI12220,0.25,0
r_503,AI03058,0.25,0
r_346,AI11246,0.25,0
r_561,AI12803,0.25,0
r_187,AI02856,0.2,0
r_1531,AI10434,0.5,1
r_503,AI07103,0.25,0
r_12,AI07549,0.25,0
r_58,AI11643,0.25,0
r_375,AI11767,0.2,0
r_187,AI07269,0.25,0
r_12,AI08128,0.2,0
r_2940,AI13736,0.5,1
r_1531,AI00886,0.5,1
r_1231,AI09066,0.5,1
r_599,AI10516,0.2,0
r_503,AI07864,0.2,0
r_503,AI00866,0.2,0
r_673,AI14519,0.5,1
r_111,AI10404,0.25,0
r_656,AI02780,0.2,0
r_111,AI00274,0.2,0
r_656,AI00172,0.2,0
r_656,AI05772,0.25,0
r_2136,AI14649,0.5,1
r_132,AI05620,0.2,0
r_346,AI01533,0.2,0
r_12,AI13274,0.2,0
r_174,AI07968,0.25,0
r_588,AI09874,0.2,0
r_375,AI08126,0.25,0
r_406,AI03182,0.25,0
r_111,AI02977,0.25,0
r_174,AI08185,0.2,0
r_575,AI03360,0.2,0
r_346,AI11376,0.2,0
r_656,AI06712,0.2,0
r_562,AI07339,0.25,0
r_375,AI02792,0.2,0
r_224,AI14176,0.25,0
r_89,AI03746,0.2,0
r_224,AI12936,0.25,0
r_562,AI11781,0.5,1
r_575,AI03759,0.2,0
r_451,AI04776,0.25,0
r_503,AI08780,0.25,0
r_451,AI10970,0.2,0
r_599,AI12787,0.25,0
r_58,AI12174,0.25,0
r_174,AI04083,0.25,0
r_12,AI07173,0.25,0
r_346,AI09969,0.25,0
r_566,AI00820,0.25,0
r_209,AI04074,0.25,0
r_58,AI03852,0.2,0
r_588,AI13629,0.2,0
r_406,AI09427,0.2,0
r_588,AI03595,0.25,0
r_451,AI13157,0.25,0
r_346,AI07150,0.2,0
r_599,AI11246,0.25,0
r_632,AI00156,0.5,1
r_134,AI09484,0.2,0
r_200,AI07522,0.25,0
r_58,AI01969,0.2,0
r_12,AI09521,0.25,0
r_111,AI09943,0.2,0
r_599,AI00910,0.25,0
r_134,AI02343,0.25,0
r_562,AI13443,0.25,0
r_224,AI05400,0.25,0
r_2264,AI01360,0.5,1
r_3011,AI08429,0.5,1
r_200,AI02578,0.2,0
r_562,AI08148,0.2,0
r_134,AI12337,0.25,0
r_2869,AI10551,0.5,1
r_93,AI01541,0.25,0
r_406,AI06608,0.25,0
r_1027,AI08383,0.5,1
r_209,AI05651,0.5,1
r_93,AI11358,0.25,0
r_209,AI06038,0.2,0
r_346,AI04698,0.2,0
r_200,AI13619,0.25,0
r_575,AI09714,0.2,0
r_656,AI12574,0.25,0
r_594,AI01655,0.2,0
r_187,AI02329,0.25,0
r_209,AI10948,0.25,0
r_588,AI02057,0.25,0
r_599,AI11588,0.2,0
r_656,AI03161,0.2,0
r_174,AI05899,0.25,0
r_503,AI07592,0.25,0
r_134,AI03077,0.25,0
r_539,AI11522,0.25,0
r_132,AI02901,0.2,0
r_224,AI06219,0.25,0
r_160,AI00810,0.2,0
r_673,AI07307,0.2,0
r_575,AI10023,0.2,0
r_346,AI04200,0.5,1
r_174,AI12773,0.2,0
r_187,AI10743,0.2,0
r_224,AI08879,0.25,0
r_594,AI05334,0.25,0
r_12,AI10130,0.25,0
r_111,AI07810,0.25,0
r_656,AI00373,0.2,0
r_566,AI01439,0.25,0
r_58,AI09527,0.25,0
r_451,AI10561,0.25,0
r_12,AI03456,0.25,0
r_588,AI00683,0.2,0
r_111,AI10720,0.25,0
r_58,AI01873,0.25,0
r_539,AI06204,0.2,0
r_209,AI13633,0.2,0
r_656,AI02390,0.25,0
r_111,AI05431,0.2,0
r_503,AI07313,0.25,0
r_561,AI04994,0.2,0
r_575,AI14801,0.25,0
r_174,AI07463,0.25,0
r_503,AI00348,0.25,0
r_58,AI13345,0.25,0
r_111,AI05941,0.25,0
r_599,AI05689,0.2,0
r_562,AI00327,0.25,0
r_406,AI14441,0.25,0
r_134,AI13184,0.25,0
r_174,AI11425,0.25,0
r_561,AI05433,0.2,0
r_200,AI03139,0.25,0
r_539,AI09840,0.25,0
r_187,AI06204,0.2,0
r_200,AI03092,0.2,0
r_187,AI02904,0.25,0
r_562,AI04541,0.2,0
r_575,AI12962,0.2,0
r_632,AI09615,0.25,0
r_575,AI08097,0.2,0
r_375,AI06480,0.25,0
r_1568,AI13736,0.5,1
r_200,AI11721,0.2,0
r_174,AI10741,0.25,0
r_93,AI10302,0.25,0
r_12,AI01741,0.2,0
r_200,AI00770,0.25,0
r_503,AI01673,0.2,0
r_375,AI03509,0.2,0
r_58,AI06195,0.25,0
r_200,AI03795,0.25,0
r_406,AI06050,0.2,0
r_575,AI08246,0.25,0
r_562,AI11376,0.2,0
r_224,AI08265,0.2,0
r_594,AI07452,0.2,0
r_375,AI07592,0.25,0
r_132,AI01790,0.2,0
r_588,AI12990,0.2,0
r_588,AI13016,0.2,0
r_89,AI11236,0.2,0
r_174,AI07860,0.2,0
r_451,AI08669,0.25,0
r_539,AI07269,0.25,0
r_12,AI07503,0.2,0
r_160,AI00431,0.2,0
r_89,AI08219,0.5,1
r_93,AI07032,0.2,0
r_200,AI05407,0.25,0
r_451,AI03995,0.2,0
r_346,AI08097,0.2,0
r_451,AI01437,0.2,0
r_375,AI00569,0.25,0
r_132,AI12930,0.25,0
r_187,AI11718,0.25,0
r_783,AI05568,0.5,1
r_503,AI05458,0.2,0
r_561,AI08278,0.25,0
r_539,AI07327,0.2,0
r_673,AI07375,0.2,0
r_200,AI06082,0.2,0
r_111,AI04596,0.25,0
r_209,AI11474,0.25,0
r_561,AI00832,0.2,0
r_2195,AI09342,0.5,1
r_174,AI01914,0.2,0
r_160,AI07691,0.2,0
r_599,AI08966,0.25,0
r_575,AI02975,0.2,0
r_575,AI08383,0.5,1
r_2489,AI13736,0.5,1
r_160,AI05941,0.25,0
r_632,AI10919,0.2,0
r_594,AI05883,0.2,0
r_200,AI01564,0.25,0
r_806,AI14770,0.5,1
r_451,AI02390,0.25,0
r_451,AI07362,0.2,0
r_111,AI00002,0.2,0
r_93,AI14101,0.25,0
r_575,AI01886,0.25,0
r_187,AI09619,0.2,0
r_134,AI03139,0.25,0
r_200,AI06292,0.2,0
r_111,AI12521,0.25,0
r_375,AI12532,0.2,0
r_200,AI10859,0.25,0
r_406,AI09079,0.2,0
r_89,AI02761,0.25,0
r_187,AI14768,0.25,0
r_12,AI08048,0.25,0
r_224,AI14489,0.2,0
r_209,AI09602,0.25,0
r_451,AI06825,0.5,1
r_451,AI07150,0.2,0
r_132,AI08339,0.25,0
r_1952,AI11490,0.5,1
r_89,AI03334,0.2,0
r_89,AI11714,0.25,0
r_111,AI12278,0.2,0
r_58,AI00253,0.2,0
r_111,AI09233,0.25,0
r_503,AI12787,0.25,0
r_632,AI04541,0.2,0
r_566,AI02856,0.2,0
r_224,AI03922,0.25,0
r_375,AI14296,0.2,0
r_594,AI13526,0.25,0
r_406,AI08831,0.25,0
r_406,AI09943,0.2,0
r_632,AI10302,0.25,0
r_93,AI14307,0.25,0
r_111,AI08980,0.25,0
r_562,AI00910,0.25,0
r_673,AI11845,0.2,0
r_93,AI11351,0.25,0
r_134,AI09827,0.2,0
r_93,AI08351,0.25,0
r_503,AI12964,0.25,0
r_561,AI09006,0.25,0
r_503,AI14176,0.25,0
r_93,AI07923,0.2,0
r_566,AI07156,0.25,0
r_539,AI14029,0.25,0
r_1828,AI10551,0.5,1
r_111,AI09237,0.25,0
r_93,AI00457,0.2,0
r_575,AI05388,0.25,0
r_562,AI02474,0.25,0
r_200,AI00100,0.2,0
r_588,AI09671,0.25,0
r_588,AI01440,0.25,0
r_12,AI11803,0.25,0
r_599,AI12964,0.25,0
r_209,AI07734,0.25,0
r_93,AI10820,0.25,0
r_503,AI08630,0.25,0
r_599,AI10159,0.2,0
r_174,AI08193,0.25,0
r_632,AI03448,0.25,0
r_539,AI02510,0.25,0
r_561,AI10661,0.25,0
r_134,AI14828,0.2,0
r_346,AI05429,0.2,0
r_187,AI09880,0.25,0
r_174,AI12559,0.2,0
r_588,AI11616,0.2,0
r_539,AI10244,0.2,0
r_93,AI06449,0.25,0
r_200,AI00649,0.2,0
r_187,AI02183,0.25,0
r_93,AI02567,0.25,0
r_2940,AI08237,0.5,1
r_89,AI05577,0.2,0
r_58,AI13670,0.25,0
r_89,AI04480,0.2,0
r_111,AI07278,0.2,0
r_209,AI02295,0.2,0
r_575,AI14535,0.25,0
r_12,AI11621,0.25,0
r_539,AI06569,0.2,0
r_58,AI07670,0.25,0
r_673,AI06030,0.25,0
r_12,AI11269,0.25,0
r_375,AI03887,0.2,0
r_588,AI00717,0.25,0
r_566,AI11444,0.25,0
r_134,AI10458,0.2,0
r_539,AI10239,0.2,0
r_132,AI11905,0.25,0
r_174,AI12015,0.2,0
r_599,AI10809,0.2,0
r_224,AI10815,0.25,0
r_111,AI00373,0.2,0
r_588,AI14234,0.2,0
r_406,AI03038,0.25,0
r_575,AI02329,0.25,0
r_561,AI03889,0.25,0
r_503,AI01662,0.25,0
r_503,AI03351,0.2,0
r_503,AI08980,0.25,0
r_709,AI09066,0.5,1
r_594,AI05034,0.25,0
r_575,AI14751,0.2,0
r_566,AI10257,0.25,0
r_575,AI01517,0.2,0
r_224,AI14006,0.2,0
r_539,AI08112,0.2,0
r_566,AI08133,0.2,0
r_503,AI09565,0.25,0
r_632,AI10371,0.25,0
r_561,AI14187,0.5,1
r_406,AI11950,0.2,0
r_588,AI09685,0.25,0
r_562,AI06874,0.25,0
r_561,AI03610,0.2,0
r_566,AI12393,0.25,0
r_503,AI09969,0.25,0
r_174,AI11343,0.2,0
r_561,AI13318,0.25,0
r_1773,AI10648,0.5,1
r_134,AI04639,0.2,0
r_89,AI12238,0.2,0
r_562,AI14801,0.25,0
r_187,AI06833,0.25,0
r_111,AI10784,0.25,0
r_656,AI02212,0.2,0
r_656,AI00747,0.2,0
r_174,AI11002,0.25,0
r_187,AI08195,0.2,0
r_375,AI03411,0.25,0
r_406,AI13629,0.2,0
r_561,AI08864,0.25,0
r_599,AI05709,0.25,0
r_200,AI09134,0.25,0
r_134,AI07194,0.2,0
r_2638,AI04896,0.5,1
r_632,AI04672,0.25,0
r_2299,AI11212,0.5,1
r_562,AI07907,0.2,0
r_632,AI07825,0.25,0
r_58,AI12393,0.25,0
r_12,AI02800,0.2,0
r_1828,AI08429,0.5,1
r_566,AI09066,0.5,1
r_111,AI09272,0.25,0
r_375,AI01479,0.2,0
r_588,AI10363,0.25,0
r_160,AI00725,0.2,0
r_134,AI14489,0.2,0
r_160,AI01253,0.25,0
r_406,AI08383,0.5,1
r_187,AI13495,0.25,0
r_93,AI01096,0.2,0
r_375,AI03081,0.2,0
r_2155,AI00007,0.5,1
r_632,AI06515,0.25,0
r_451,AI04798,0.25,0
r_160,AI14388,0.25,0
r_89,AI03594,0.25,0
r_588,AI10371,0.25,0
r_566,AI00085,0.2,0
r_346,AI09527,0.25,0
r_209,AI14676,0.2,0
r_187,AI10024,0.25,0
r_588,AI12868,0.2,0
r_132,AI06292,0.2,0
r_656,AI07372,0.25,0
r_503,AI09202,0.25,0
r_632,AI05689,0.2,0
r_632,AI07588,0.2,0
r_375,AI10024,0.25,0
r_89,AI14522,0.25,0
r_673,AI08204,0.25,0
r_406,AI08982,0.25,0
r_2895,AI10648,0.5,1
r_561,AI05450,0.2,0
r_174,AI00545,0.2,0
r_594,AI06938,0.25,0
r_132,AI12319,0.2,0
r_656,AI08571,0.2,0
r_89,AI00498,0.2,0
r_673,AI06585,0.2,0
r_539,AI14562,0.2,0
r_566,AI14169,0.25,0
r_566,AI07269,0.25,0
r_656,AI13594,0.25,0
r_632,AI09896,0.25,0
r_2504,AI05568,0.5,1
r_2509,AI09843,0.5,1
r_594,AI12880,0.2,0
r_656,AI02675,0.2,0
r_132,AI12069,0.2,0
r_632,AI08237,0.5,1
r_375,AI06180,0.2,0
r_575,AI13350,0.25,0
r_594,AI09931,0.2,0
r_224,AI10447,0.25,0
r_1027,AI00045,0.5,1
r_12,AI02231,0.25,0
r_594,AI05274,0.25,0
r_132,AI04651,0.2,0
r_562,AI01604,0.2,0
r_12,AI06884,0.2,0
r_12,AI03637,0.2,0
r_132,AI04228,0.25,0
r_187,AI06402,0.2,0
r_160,AI00225,0.25,0
r_594,AI08044,0.25,0
r_224,AI09414,0.25,0
r_93,AI07296,0.2,0
r_224,AI13022,0.25,0
r_209,AI09627,0.25,0
r_174,AI08612,0.2,0
r_575,AI13101,0.25,0
r_406,AI06194,0.2,0
r_174,AI06182,0.25,0
r_561,AI04896,0.5,1
r_503,AI05689,0.2,0
r_12,AI09030,0.25,0
r_575,AI01985,0.25,0
r_588,AI00274,0.2,0
r_562,AI04702,0.25,0
r_346,AI14374,0.2,0
r_503,AI08344,0.2,0
r_656,AI14254,0.2,0
r_160,AI00373,0.2,0
r_134,AI12513,0.25,0
r_656,AI04541,0.2,0
r_562,AI13273,0.2,0
r_2235,AI11212,0.5,1
r_346,AI10480,0.2,0
r_594,AI14515,0.25,0
r_111,AI01471,0.2,0
r_451,AI04214,0.2,0
r_93,AI10388,0.25,0
r_588,AI10871,0.2,0
r_632,AI03139,0.25,0
r_2366,AI11781,0.5,1
r_93,AI02329,0.25,0
r_1549,AI09434,0.5,1
r_111,AI09009,0.25,0
r_588,AI01838,0.25,0
r_539,AI04262,0.2,0
r_561,AI13576,0.25,0
r_200,AI07301,0.2,0
r_594,AI00477,0.2,0
r_160,AI14164,0.25,0
r_575,AI01821,0.2,0
r_224,AI08434,0.2,0
r_503,AI05376,0.25,0
r_503,AI11072,0.25,0
r_134,AI06400,0.25,0
r_594,AI06624,0.2,0
r_89,AI06169,0.2,0
r_200,AI03158,0.25,0
r_561,AI09442,0.25,0
r_575,AI09701,0.2,0
r_89,AI08392,0.25,0
r_375,AI02474,0.25,0
r_673,AI09492,0.25,0
r_599,AI06274,0.2,0
r_656,AI14658,0.25,0
r_93,AI11376,0.2,0
r_632,AI04436,0.2,0
r_2869,AI10587,0.5,1
r_58,AI00946,0.25,0
r_406,AI14746,0.25,0
r_160,AI04270,0.2,0
r_594,AI05884,0.5,1
r_673,AI09401,0.2,0
r_503,AI07165,0.2,0
r_89,AI10796,0.25,0
r_346,AI03667,0.2,0
r_224,AI07504,0.25,0
r_594,AI01766,0.2,0
r_375,AI03151,0.25,0
r_93,AI04688,0.2,0
r_93,AI09272,0.25,0
r_12,AI13576,0.25,0
r_1027,AI07230,0.5,1
r_562,AI10836,0.2,0
r_132,AI09286,0.5,1
r_134,AI11845,0.2,0
r_174,AI01305,0.2,0
r_783,AI04200,0.5,1
r_224,AI01762,0.2,0
r_209,AI04415,0.2,0
r_1551,AI10587,0.5,1
r_174,AI04017,0.25,0
r_187,AI07150,0.2,0
r_12,AI08363,0.2,0
r_1952,AI09434,0.5,1
r_93,AI06234,0.2,0
r_656,AI03582,0.2,0
r_594,AI14172,0.2,0
r_89,AI08888,0.25,0
r_134,AI14522,0.25,0
r_209,AI06257,0.2,0
r_200,AI04640,0.2,0
r_375,AI07638,0.25,0
r_594,AI06915,0.2,0
r_503,AI11851,0.25,0
r_451,AI01325,0.25,0
r_594,AI08097,0.2,0
r_12,AI04888,0.2,0
r_656,AI11365,0.2,0
r_174,AI09871,0.2,0
r_451,AI11776,0.25,0
r_575,AI12152,0.2,0
r_681,AI03742,0.5,1
r_566,AI11502,0.25,0
r_588,AI00082,0.25,0
r_12,AI02459,0.25,0
r_503,AI14031,0.25,0
r_451,AI04541,0.2,0
r_406,AI05319,0.2,0
r_89,AI13870,0.2,0
r_134,AI04109,0.2,0
r_89,AI06510,0.2,0
r_594,AI01976,0.2,0
r_160,AI09095,0.25,0
r_783,AI05301,0.5,1
r_346,AI13458,0.25,0
r_375,AI00166,0.2,0
r_562,AI01228,0.2,0
r_89,AI02968,0.2,0
r_562,AI14997,0.25,0
r_93,AI01873,0.25,0
r_134,AI06884,0.2,0
r_132,AI01631,0.2,0
r_174,AI08765,0.2,0
r_1702,AI04722,0.5,1
r_132,AI07016,0.2,0
r_539,AI03531,0.25,0
r_224,AI06686,0.2,0
r_539,AI08533,0.2,0
r_406,AI11190,0.25,0
r_174,AI06706,0.25,0
r_209,AI09891,0.25,0
r_1205,AI10587,0.5,1
r_375,AI14981,0.2,0
r_174,AI01463,0.25,0
r_160,AI13464,0.2,0
r_594,AI02343,0.25,0
r_209,AI09367,0.25,0
r_160,AI01662,0.25,0
r_969,AI08835,0.5,1
r_588,AI03182,0.25,0
r_58,AI09476,0.25,0
r_375,AI01233,0.25,0
r_632,AI11328,0.2,0
r_58,AI10239,0.2,0
r_539,AI10621,0.25,0
r_160,AI14390,0.25,0
r_1154,AI11212,0.5,1
r_132,AI03639,0.25,0
r_224,AI12527,0.2,0
r_451,AI04009,0.2,0
r_93,AI01981,0.2,0
r_594,AI10764,0.2,0
r_503,AI13341,0.25,0
r_594,AI10475,0.2,0
r_375,AI13903,0.25,0
r_346,AI14307,0.25,0
r_200,AI02057,0.25,0
r_406,AI10906,0.25,0
r_187,AI13727,0.2,0
r_588,AI06825,0.5,1
r_134,AI01552,0.25,0
r_588,AI13278,0.2,0
r_224,AI00439,0.25,0
r_224,AI08018,0.2,0
r_1027,AI02466,0.5,1
r_160,AI04562,0.2,0
r_588,AI07670,0.25,0
r_656,AI06019,0.25,0
r_2303,AI09066,0.5,1
r_200,AI12065,0.2,0
r_632,AI08916,0.25,0
r_58,AI10905,0.25,0
r_1549,AI05301,0.5,1
r_406,AI00747,0.2,0
r_160,AI12927,0.25,0
r_2264,AI05177,0.5,1
r_1640,AI08383,0.5,1
r_566,AI04126,0.2,0
r_632,AI11502,0.25,0
r_160,AI13758,0.25,0
r_132,AI08864,0.25,0
r_200,AI08679,0.25,0
r_209,AI08735,0.2,0
r_561,AI03161,0.2,0
r_375,AI02161,0.2,0
r_562,AI02292,0.2,0
r_89,AI00216,0.2,0
r_575,AI02278,0.2,0
r_588,AI11643,0.25,0
r_132,AI00126,0.2,0
r_224,AI08363,0.2,0
r_209,AI04506,0.2,0
r_93,AI10291,0.25,0
r_539,AI07220,0.25,0
r_588,AI13594,0.25,0
r_224,AI06950,0.25,0
r_224,AI14287,0.2,0
r_93,AI02339,0.2,0
r_1817,AI11959,0.5,1
r_632,AI12452,0.2,0
r_111,AI09030,0.25,0
r_134,AI13792,0.2,0
r_656,AI11769,0.25,0
r_562,AI11207,0.25,0
r_561,AI02430,0.25,0
r_561,AI11032,0.2,0
r_539,AI10516,0.2,0
r_575,AI12825,0.2,0
r_200,AI12839,0.25,0
r_375,AI00044,0.25,0
r_58,AI00553,0.2,0
r_539,AI10836,0.2,0
r_673,AI11962,0.2,0
r_594,AI08888,0.25,0
r_451,AI09815,0.2,0
r_132,AI10551,0.5,1
r_599,AI11329,0.25,0
r_539,AI03351,0.2,0
r_111,AI03169,0.25,0
r_561,AI07293,0.25,0
r_406,AI06474,0.2,0
r_375,AI11647,0.25,0
r_93,AI01001,0.2,0
r_12,AI00562,0.2,0
r_539,AI13358,0.25,0
r_89,AI06613,0.25,0
r_93,AI12179,0.25,0
r_756,AI10648,0.5,1
r_561,AI05801,0.25,0
r_656,AI04562,0.2,0
r_561,AI09662,0.2,0
r_406,AI02102,0.2,0
r_406,AI14666,0.25,0
r_406,AI13086,0.2,0
r_89,AI13789,0.25,0
r_632,AI11190,0.25,0
r_200,AI02378,0.25,0
r_375,AI10820,0.25,0
r_539,AI03146,0.25,0
r_89,AI03077,0.25,0
r_346,AI01565,0.25,0
r_561,AI03411,0.25,0
r_58,AI07463,0.25,0
r_89,AI03561,0.25,0
r_632,AI00817,0.25,0
r_1197,AI11122,0.5,1
r_406,AI00793,0.25,0
r_174,AI08708,0.25,0
r_406,AI13443,0.25,0
r_2638,AI06832,0.5,1
r_375,AI06296,0.5,1
r_503,AI13728,0.2,0
r_2869,AI04200,0.5,1
r_503,AI09777,0.25,0
r_561,AI03759,0.2,0
r_594,AI12502,0.2,0
r_561,AI01439,0.25,0
r_562,AI12362,0.2,0
r_89,AI11973,0.2,0
r_539,AI02590,0.25,0
r_132,AI05174,0.2,0
r_134,AI03761,0.2,0
r_132,AI12138,0.25,0
r_12,AI04436,0.2,0
r_209,AI07868,0.25,0
r_588,AI12319,0.2,0
r_673,AI02172,0.2,0
r_209,AI10125,0.25,0
r_566,AI11212,0.5,1
r_406,AI08962,0.2,0
r_134,AI10718,0.25,0
r_134,AI02674,0.25,0
r_566,AI07864,0.2,0
r_187,AI05623,0.2,0
r_503,AI01162,0.2,0
r_673,AI04633,0.2,0
r_160,AI01489,0.25,0
r_503,AI08233,0.2,0
r_594,AI00508,0.2,0
r_2284,AI05177,0.5,1
r_111,AI12754,0.2,0
r_632,AI07663,0.25,0
r_588,AI03544,0.25,0
r_566,AI10508,0.25,0
r_209,AI01896,0.2,0
r_132,AI06753,0.25,0
r_562,AI14648,0.2,0
r_187,AI04201,0.2,0
r_187,AI10709,0.25,0
r_12,AI06078,0.25,0
r_375,AI10979,0.25,0
r_375,AI06821,0.25,0
r_375,AI11943,0.2,0
r_503,AI10080,0.2,0
r_93,AI12350,0.25,0
r_174,AI08690,0.2,0
r_187,AI04964,0.25,0
r_58,AI07877,0.2,0
r_588,AI10257,0.25,0
r_451,AI06938,0.25,0
r_539,AI10743,0.2,0
r_375,AI00045,0.5,1
r_12,AI10168,0.25,0
r_375,AI04648,0.25,0
r_709,AI04896,0.5,1
r_209,AI00341,0.25,0
r_539,AI01096,0.2,0
r_346,AI08018,0.2,0
r_346,AI06911,0.25,0
r_406,AI11805,0.25,0
r_209,AI12238,0.2,0
r_566,AI01731,0.2,0
r_673,AI02382,0.2,0
r_503,AI10233,0.25,0
r_994,AI09637,0.5,1
r_187,AI09839,0.2,0
r_561,AI03155,0.2,0
r_599,AI13606,0.25,0
r_224,AI06091,0.25,0
r_566,AI03277,0.2,0
r_174,AI03207,0.25,0
r_134,AI12439,0.2,0
r_209,AI12591,0.25,0
r_594,AI08427,0.2,0
r_406,AI03759,0.2,0
r_561,AI03072,0.5,1
r_588,AI11986,0.2,0
r_539,AI05481,0.2,0
r_575,AI03161,0.2,0
r_346,AI08875,0.2,0
r_89,AI04413,0.25,0
r_375,AI14367,0.2,0
r_209,AI00322,0.2,0
r_134,AI08904,0.2,0
r_12,AI01804,0.25,0
r_200,AI11354,0.2,0
r_451,AI01709,0.2,0
r_599,AI12795,0.2,0
r_594,AI10129,0.25,0
r_406,AI12964,0.25,0
r_575,AI06749,0.25,0
r_224,AI11164,0.25,0
r_346,AI13493,0.25,0
r_12,AI07940,0.25,0
r_58,AI13358,0.25,0
r_132,AI08673,0.2,0
r_561,AI04175,0.2,0
r_656,AI07513,0.2,0
r_451,AI01478,0.25,0
r_134,AI01837,0.25,0
r_132,AI09671,0.25,0
r_174,AI04807,0.2,0
r_174,AI00563,0.25,0
r_406,AI00365,0.2,0
r_632,AI02102,0.2,0
r_656,AI06314,0.2,0
r_599,AI10480,0.2,0
r_575,AI14648,0.2,0
r_209,AI00425,0.2,0
r_406,AI06723,0.2,0
r_58,AI00230,0.2,0
r_134,AI14645,0.2,0
r_209,AI10108,0.2,0
r_12,AI03524,0.2,0
r_58,AI10015,0.25,0
r_58,AI03483,0.25,0
r_346,AI11051,0.25,0
r_12,AI14276,0.25,0
r_566,AI05177,0.5,1
r_89,AI05382,0.2,0
r_503,AI12179,0.25,0
r_132,AI01358,0.25,0
r_406,AI14031,0.25,0
r_561,AI01173,0.25,0
r_58,AI12803,0.25,0
r_209,AI01481,0.2,0
r_174,AI06484,0.25,0
r_12,AI07700,0.2,0
r_160,AI08840,0.25,0
r_134,AI13825,0.25,0
r_562,AI08344,0.2,0
r_224,AI07940,0.25,0
r_209,AI12122,0.25,0
r_89,AI10456,0.2,0
r_200,AI06461,0.2,0
r_160,AI11904,0.25,0
r_160,AI10270,0.2,0
r_594,AI11741,0.25,0
r_160,AI13342,0.2,0
r_209,AI07563,0.25,0
r_561,AI09149,0.25,0
r_132,AI14388,0.25,0
r_111,AI07410,0.2,0
r_1773,AI11490,0.5,1
r_632,AI05431,0.2,0
r_451,AI05531,0.25,0
r_224,AI02934,0.25,0
r_12,AI06287,0.2,0
r_187,AI09490,0.2,0
r_594,AI07799,0.2,0
r_132,AI10760,0.2,0
r_160,AI04702,0.25,0
r_451,AI00866,0.2,0
r_566,AI09137,0.25,0
r_12,AI08643,0.2,0
r_673,AI14306,0.25,0
r_375,AI07753,0.2,0
r_132,AI14236,0.25,0
r_656,AI13379,0.2,0
r_673,AI04017,0.25,0
r_594,AI09170,0.2,0
r_632,AI09712,0.25,0
r_575,AI05376,0.25,0
r_89,AI08870,0.2,0
r_2716,AI03714,0.5,1
r_375,AI14573,0.2,0
r_562,AI01988,0.2,0
r_2638,AI00156,0.5,1
r_656,AI04640,0.2,0
r_89,AI07138,0.2,0
r_187,AI10305,0.2,0
r_174,AI13232,0.2,0
r_594,AI12487,0.2,0
r_588,AI14481,0.25,0
r_89,AI04984,0.25,0
r_174,AI10480,0.2,0
r_673,AI09641,0.2,0
r_673,AI06226,0.2,0
r_200,AI06869,0.25,0
r_224,AI13919,0.25,0
r_575,AI03525,0.25,0
r_200,AI13184,0.25,0
r_174,AI04741,0.2,0
r_599,AI11647,0.25,0
r_503,AI14517,0.25,0
r_503,AI07414,0.25,0
r_160,AI01786,0.25,0
r_562,AI10480,0.2,0
r_174,AI03680,0.2,0
r_375,AI07414,0.25,0
r_406,AI06314,0.2,0
r_375,AI04216,0.2,0
r_539,AI03795,0.25,0
r_346,AI00116,0.25,0
r_224,AI13913,0.2,0
r_1549,AI09637,0.5,1
r_134,AI10168,0.25,0
r_224,AI11970,0.5,1
r_93,AI09134,0.25,0
r_1568,AI08429,0.5,1
r_111,AI12393,0.25,0
r_575,AI01159,0.25,0
r_566,AI01735,0.25,0
r_89,AI07910,0.5,1
r_588,AI14423,0.2,0
r_200,AI14234,0.2,0
r_539,AI09761,0.25,0
r_656,AI08916,0.25,0
r_134,AI13435,0.5,1
r_224,AI04418,0.2,0
r_503,AI05148,0.2,0
r_209,AI03934,0.2,0
r_160,AI14140,0.25,0
r_187,AI11905,0.25,0
r_599,AI13379,0.2,0
r_134,AI05520,0.2,0
r_200,AI02975,0.2,0
r_209,AI12950,0.5,1
r_58,AI04126,0.2,0
r_2235,AI00045,0.5,1
r_200,AI10826,0.2,0
r_132,AI13985,0.25,0
r_539,AI14151,0.25,0
r_588,AI03151,0.25,0
r_406,AI10363,0.25,0
r_1531,AI14770,0.5,1
r_187,AI05301,0.5,1
r_200,AI05865,0.25,0
r_111,AI11633,0.2,0
r_160,AI09712,0.25,0
r_503,AI00253,0.2,0
r_2130,AI02466,0.5,1
r_599,AI13713,0.25,0
r_503,AI12121,0.25,0
r_174,AI00740,0.2,0
r_599,AI01709,0.2,0
r_111,AI14330,0.2,0
r_58,AI09696,0.2,0
r_132,AI03803,0.25,0
r_561,AI05754,0.2,0
r_224,AI06873,0.2,0
r_89,AI13246,0.2,0
r_561,AI10570,0.2,0
r_132,AI09355,0.25,0
r_174,AI01139,0.2,0
r_200,AI11358,0.25,0
r_134,AI11714,0.25,0
r_200,AI12499,0.25,0
r_346,AI12212,0.2,0
r_89,AI08879,0.25,0
r_132,AI03559,0.2,0
r_160,AI03182,0.25,0
r_134,AI07803,0.25,0
r_588,AI10244,0.2,0
r_632,AI01491,0.25,0
r_200,AI08399,0.2,0
r_566,AI13321,0.25,0
r_561,AI02390,0.25,0
r_406,AI00366,0.25,0
r_594,AI14192,0.2,0
r_375,AI08237,0.5,1
r_632,AI09383,0.25,0
r_58,AI04181,0.2,0
r_656,AI13134,0.2,0
r_93,AI10587,0.5,1
r_89,AI01474,0.5,1
r_562,AI10168,0.25,0
r_224,AI11104,0.5,1
r_209,AI01655,0.2,0
r_134,AI09039,0.2,0
r_12,AI08272,0.25,0
r_187,AI12416,0.25,0
r_673,AI10970,0.2,0
r_134,AI04106,0.2,0
r_134,AI07161,0.25,0
r_1231,AI12760,0.5,1
r_566,AI06440,0.2,0
r_209,AI10574,0.2,0
r_187,AI07638,0.25,0
r_406,AI01439,0.25,0
r_656,AI01283,0.2,0
r_89,AI11671,0.2,0
r_562,AI01491,0.25,0
r_599,AI09674,0.25,0
r_561,AI13297,0.25,0
r_575,AI06936,0.2,0
r_111,AI07949,0.25,0
r_89,AI01704,0.25,0
r_566,AI12875,0.25,0
r_200,AI03277,0.2,0
r_93,AI07691,0.2,0
r_561,AI11620,0.2,0
r_209,AI07453,0.25,0
r_406,AI00616,0.2,0
r_134,AI10747,0.2,0
r_2927,AI12950,0.5,1
r_111,AI13379,0.2,0
r_599,AI04819,0.25,0
r_209,AI11438,0.2,0
r_209,AI14044,0.25,0
r_132,AI13473,0.2,0
r_632,AI04228,0.25,0
r_588,AI14367,0.2,0
r_89,AI07958,0.2,0
r_346,AI14573,0.2,0
r_2724,AI05884,0.5,1
r_187,AI05819,0.2,0
r_200,AI03038,0.25,0
r_160,AI06230,0.25,0
r_656,AI05481,0.2,0
r_12,AI09370,0.2,0
r_594,AI06221,0.25,0
r_174,AI10207,0.2,0
r_12,AI09674,0.25,0
r_375,AI00761,0.2,0
r_58,AI03634,0.25,0
r_2130,AI05301,0.5,1
r_562,AI04651,0.2,0
r_346,AI02539,0.25,0
r_632,AI07638,0.25,0
r_375,AI04041,0.2,0
r_375,AI09894,0.2,0
r_224,AI09249,0.25,0
r_575,AI09614,0.2,0
r_2848,AI11755,0.5,1
r_346,AI06589,0.25,0
r_451,AI09009,0.25,0
r_134,AI10944,0.25,0
r_2724,AI03714,0.5,1
r_594,AI08110,0.25,0
r_375,AI01913,0.25,0
r_58,AI12795,0.2,0
r_599,AI02780,0.2,0
r_575,AI06238,0.25,0
r_375,AI13436,0.25,0
r_594,AI05724,0.5,1
r_200,AI10702,0.2,0
r_375,AI12559,0.2,0
r_224,AI11714,0.25,0
r_406,AI08282,0.2,0
r_346,AI00777,0.2,0
r_2292,AI10648,0.5,1
r_599,AI10542,0.2,0
r_599,AI08690,0.2,0
r_134,AI04847,0.25,0
r_656,AI14864,0.2,0
r_93,AI14303,0.25,0
r_134,AI09903,0.5,1
r_1426,AI08568,0.5,1
r_111,AI09307,0.25,0
r_594,AI14850,0.25,0
r_594,AI07398,0.2,0
r_187,AI06090,0.2,0
r_539,AI10958,0.2,0
r_1823,AI07018,0.5,1
r_89,AI09272,0.25,0
r_2857,AI13808,0.5,1
r_2284,AI02466,0.5,1
r_562,AI06363,0.2,0
r_792,AI11122,0.5,1
r_89,AI10567,0.2,0
r_575,AI10709,0.25,0
r_160,AI09604,0.2,0
r_224,AI07970,0.2,0
r_588,AI07832,0.25,0
r_632,AI03236,0.2,0
r_562,AI01117,0.2,0
r_134,AI02340,0.25,0
r_111,AI05807,0.2,0
r_160,AI13833,0.2,0
r_406,AI12034,0.25,0
r_451,AI03277,0.2,0
r_2173,AI12760,0.5,1
r_58,AI08233,0.2,0
r_132,AI09896,0.25,0
r_12,AI07637,0.2,0
r_566,AI13345,0.25,0
r_503,AI10023,0.2,0
r_503,AI10352,0.25,0
r_588,AI05534,0.25,0
r_503,AI05160,0.25,0
r_89,AI12502,0.2,0
r_12,AI06059,0.2,0
r_594,AI00931,0.2,0
r_209,AI10706,0.25,0
r_58,AI10235,0.2,0
r_346,AI01888,0.2,0
r_451,AI12850,0.25,0
r_575,AI01631,0.2,0
r_566,AI11479,0.25,0
r_160,AI08080,0.25,0
r_132,AI06561,0.25,0
r_174,AI02068,0.25,0
r_224,AI04123,0.25,0
r_594,AI00694,0.25,0
r_346,AI05480,0.2,0
r_562,AI02344,0.2,0
r_58,AI03649,0.25,0
r_594,AI03714,0.5,1
r_575,AI14061,0.2,0
r_406,AI01731,0.2,0
r_451,AI13379,0.2,0
r_174,AI14021,0.2,0
r_673,AI12634,0.25,0
r_783,AI08568,0.5,1
r_2292,AI09637,0.5,1
r_656,AI10020,0.25,0
r_224,AI08693,0.2,0
r_599,AI09777,0.25,0
r_89,AI03484,0.2,0
r_539,AI02040,0.25,0
r_599,AI00194,0.25,0
r_539,AI07718,0.2,0
r_673,AI07266,0.25,0
r_89,AI12932,0.2,0
r_187,AI00116,0.25,0
r_174,AI07631,0.2,0
r_160,AI01085,0.2,0
r_562,AI01370,0.25,0
r_599,AI05807,0.2,0
r_209,AI04757,0.2,0
r_575,AI10822,0.2,0
r_1531,AI01474,0.5,1
r_539,AI09879,0.2,0
r_200,AI09627,0.25,0
r_12,AI04756,0.2,0
r_132,AI13785,0.2,0
r_503,AI02189,0.2,0
r_200,AI04622,0.2,0
r_93,AI10661,0.25,0
r_160,AI03762,0.25,0
r_209,AI06569,0.2,0
r_375,AI09058,0.25,0
r_451,AI08246,0.25,0
r_174,AI03336,0.2,0
r_1531,AI09843,0.5,1
r_187,AI12593,0.25,0
r_656,AI02590,0.25,0
r_2509,AI01474,0.5,1
r_632,AI03759,0.2,0
r_1253,AI05301,0.5,1
r_187,AI14362,0.5,1
r_632,AI05215,0.2,0
r_503,AI09957,0.2,0
r_1426,AI08383,0.5,1
r_406,AI14589,0.2,0
r_375,AI11246,0.25,0
r_451,AI07555,0.2,0
r_566,AI08383,0.5,1
r_562,AI02620,0.25,0
r_132,AI12208,0.2,0
r_375,AI02183,0.25,0
r_599,AI09490,0.2,0
r_566,AI05148,0.2,0
r_1952,AI03072,0.5,1
r_58,AI04734,0.2,0
r_1640,AI05301,0.5,1
r_594,AI00910,0.25,0
r_89,AI03521,0.2,0
r_224,AI12294,0.25,0
r_406,AI01026,0.2,0
r_632,AI09779,0.25,0
r_58,AI01440,0.25,0
r_1261,AI09434,0.5,1
r_632,AI10748,0.2,0
r_209,AI05052,0.2,0
r_12,AI03270,0.25,0
r_111,AI00994,0.2,0
r_209,AI03594,0.25,0
r_503,AI04134,0.25,0
r_656,AI14925,0.25,0
r_561,AI12914,0.2,0
r_111,AI05921,0.25,0
r_58,AI00994,0.2,0
r_632,AI07718,0.2,0
r_451,AI13606,0.25,0
r_224,AI10286,0.25,0
r_656,AI00591,0.25,0
r_562,AI05807,0.2,0
r_1790,AI01107,0.5,1
r_561,AI10270,0.2,0
r_58,AI12363,0.25,0
r_89,AI08272,0.25,0
r_539,AI07016,0.2,0
r_594,AI14670,0.2,0
r_575,AI04065,0.25,0
r_89,AI08967,0.25,0
r_632,AI07513,0.2,0
r_224,AI01704,0.25,0
r_539,AI12077,0.25,0
r_561,AI10024,0.25,0
r_792,AI11490,0.5,1
r_406,AI10958,0.2,0
r_58,AI13342,0.2,0
r_200,AI13340,0.25,0
r_2724,AI09903,0.5,1
r_174,AI08180,0.25,0
r_503,AI14756,0.25,0
r_1790,AI05724,0.5,1
r_132,AI10159,0.2,0
r_594,AI02833,0.25,0
r_89,AI14042,0.2,0
r_656,AI11776,0.25,0
r_588,AI07181,0.25,0
r_174,AI08195,0.2,0
r_93,AI10342,0.2,0
r_93,AI14426,0.25,0
r_209,AI14466,0.2,0
r_209,AI05520,0.2,0
r_561,AI05197,0.25,0
r_503,AI01886,0.25,0
r_93,AI10542,0.2,0
r_200,AI08755,0.2,0
r_58,AI07553,0.25,0
r_160,AI02350,0.25,0
r_588,AI09383,0.25,0
r_673,AI13701,0.2,0
r_503,AI14445,0.2,0
r_562,AI04776,0.25,0
r_561,AI10561,0.25,0
r_1955,AI14320,0.5,1
r_588,AI07513,0.2,0
r_89,AI01156,0.2,0
r_451,AI09619,0.2,0
r_1790,AI05884,0.5,1
r_632,AI11032,0.2,0
r_575,AI01439,0.25,0
r_346,AI00373,0.2,0
r_539,AI04541,0.2,0
r_111,AI14390,0.25,0
r_656,AI03762,0.25,0
r_588,AI13273,0.2,0
r_599,AI13833,0.2,0
r_594,AI00448,0.2,0
r_209,AI09484,0.2,0
r_134,AI07261,0.25,0
r_93,AI00156,0.5,1
r_575,AI10024,0.25,0
r_58,AI05867,0.2,0
r_93,AI01200,0.2,0
r_561,AI02182,0.2,0
r_375,AI02519,0.2,0
r_566,AI09230,0.25,0
r_200,AI05202,0.2,0
r_562,AI02807,0.25,0
r_783,AI02466,0.5,1
r_134,AI09414,0.25,0
r_575,AI08832,0.2,0
r_594,AI03757,0.2,0
r_539,AI11439,0.25,0
r_160,AI11705,0.2,0
r_160,AI14063,0.5,1
r_209,AI10427,0.2,0
r_174,AI01835,0.2,0
r_89,AI05850,0.25,0
r_656,AI08533,0.2,0
r_806,AI13808,0.5,1
r_566,AI10080,0.2,0
r_174,AI03828,0.2,0
r_89,AI11695,0.2,0
r_134,AI14172,0.2,0
r_58,AI05131,0.2,0
r_632,AI11067,0.2,0
r_93,AI09006,0.25,0
r_2303,AI10238,0.5,1
r_656,AI03757,0.2,0
r_406,AI02270,0.2,0
r_224,AI02152,0.25,0
r_346,AI04702,0.25,0
r_566,AI02263,0.25,0
r_566,AI00867,0.2,0
r_346,AI01057,0.25,0
r_187,AI08351,0.25,0
r_224,AI10764,0.2,0
r_1253,AI06832,0.5,1
r_406,AI12362,0.2,0
r_969,AI08802,0.5,1
r_134,AI13785,0.2,0
r_656,AI01489,0.25,0
r_89,AI04756,0.2,0
r_673,AI12590,0.25,0
r_224,AI07407,0.25,0
r_200,AI09807,0.2,0
r_134,AI09015,0.2,0
r_1231,AI06296,0.5,1
r_187,AI00764,0.2,0
r_562,AI05431,0.2,0
r_575,AI14981,0.2,0
r_187,AI05426,0.2,0
r_561,AI06449,0.25,0
r_346,AI08840,0.25,0
r_575,AI01228,0.2,0
r_632,AI02168,0.25,0
r_599,AI01732,0.25,0
r_174,AI09958,0.2,0
r_224,AI12719,0.2,0
r_562,AI10709,0.25,0
r_2927,AI00436,0.5,1
r_160,AI14236,0.25,0
r_187,AI01949,0.25,0
r_656,AI06773,0.2,0
r_12,AI12645,0.25,0
r_12,AI10458,0.2,0
r_406,AI03016,0.25,0
r_134,AI09171,0.25,0
r_575,AI11588,0.2,0
r_12,AI06511,0.25,0
r_187,AI03408,0.25,0
r_673,AI03784,0.2,0
r_132,AI14339,0.2,0
r_594,AI08057,0.2,0
r_406,AI11843,0.25,0
r_58,AI13810,0.2,0
r_12,AI13704,0.2,0
r_539,AI04562,0.2,0
r_160,AI03604,0.25,0
r_594,AI01084,0.25,0
r_575,AI09010,0.2,0
r_187,AI03033,0.2,0
r_451,AI07423,0.25,0
r_160,AI11190,0.25,0
r_132,AI14981,0.2,0
r_58,AI04262,0.2,0
r_200,AI04997,0.2,0
r_132,AI10715,0.2,0
r_539,AI01709,0.2,0
r_89,AI00148,0.2,0
r_58,AI06308,0.2,0
r_539,AI06601,0.25,0
r_566,AI11154,0.25,0
r_2955,AI01045,0.5,1
r_346,AI02584,0.2,0
r_2922,AI11212,0.5,1
r_160,AI07313,0.25,0
r_575,AI04126,0.2,0
r_539,AI07207,0.25,0
r_1724,AI05177,0.5,1
r_200,AI00591,0.25,0
r_2235,AI14187,0.5,1
r_134,AI04948,0.2,0
r_12,AI07168,0.2,0
r_132,AI06508,0.2,0
r_160,AI00522,0.2,0
r_111,AI01387,0.2,0
r_187,AI11767,0.2,0
r_594,AI01790,0.2,0
r_599,AI09434,0.5,1
r_656,AI11985,0.25,0
r_2716,AI01770,0.5,1
r_2299,AI14187,0.5,1
r_134,AI01211,0.25,0
r_375,AI13777,0.2,0
r_969,AI06239,0.5,1
r_588,AI03081,0.2,0
r_561,AI14648,0.2,0
r_406,AI14167,0.2,0
r_93,AI02168,0.25,0
r_656,AI08755,0.2,0
r_12,AI02213,0.25,0
r_599,AI11444,0.25,0
r_566,AI03158,0.25,0
r_503,AI08339,0.25,0
r_588,AI14238,0.25,0
r_160,AI14296,0.2,0
r_575,AI07815,0.25,0
r_187,AI12760,0.5,1
r_503,AI03161,0.2,0
r_503,AI01194,0.2,0
r_2155,AI08383,0.5,1
r_132,AI02988,0.25,0
r_132,AI11242,0.25,0
r_575,AI01001,0.2,0
r_375,AI12688,0.25,0
r_566,AI06429,0.25,0
r_187,AI12600,0.2,0
r_539,AI07832,0.25,0
r_89,AI01762,0.2,0
r_134,AI07824,0.25,0
r_561,AI00050,0.2,0
r_160,AI03965,0.25,0
r_58,AI08083,0.2,0
r_160,AI06514,0.25,0
r_375,AI00593,0.25,0
r_12,AI03807,0.2,0
r_566,AI05798,0.25,0
r_503,AI14987,0.25,0
r_575,AI12706,0.25,0
r_539,AI04430,0.25,0
r_594,AI06340,0.2,0
r_503,AI07448,0.25,0
r_562,AI01643,0.2,0
r_209,AI06065,0.2,0
r_58,AI13512,0.25,0
r_160,AI12182,0.2,0
r_451,AI12000,0.25,0
r_566,AI08780,0.25,0
r_451,AI00327,0.25,0
r_187,AI05990,0.2,0
r_1197,AI08237,0.5,1
r_656,AI00683,0.2,0
r_539,AI00777,0.2,0
r_160,AI11643,0.25,0
r_588,AI03038,0.25,0
r_224,AI10077,0.25,0
r_12,AI06569,0.2,0
r_588,AI00832,0.2,0
r_375,AI10542,0.2,0
r_539,AI09518,0.25,0
r_599,AI13872,0.2,0
r_132,AI02359,0.2,0
r_503,AI11376,0.2,0
r_174,AI09610,0.25,0
r_224,AI13879,0.25,0
r_632,AI05042,0.2,0
r_566,AI14464,0.2,0
r_575,AI06156,0.2,0
r_174,AI12087,0.2,0
r_656,AI03639,0.25,0
r_346,AI02900,0.25,0
r_160,AI05012,0.2,0
r_58,AI14589,0.2,0
r_12,AI06944,0.5,1
r_588,AI09566,0.2,0
r_134,AI14432,0.25,0
r_566,AI10302,0.25,0
r_187,AI10276,0.25,0
r_12,AI13785,0.2,0
r_451,AI01886,0.25,0
r_451,AI06833,0.25,0
r_132,AI04695,0.2,0
r_561,AI14961,0.2,0
r_375,AI02390,0.25,0
r_406,AI10743,0.2,0
r_594,AI10479,0.25,0
r_132,AI08701,0.25,0
r_588,AI01117,0.2,0
r_12,AI05371,0.2,0
r_451,AI10677,0.25,0
r_12,AI14782,0.25,0
r_111,AI10760,0.2,0
r_588,AI01491,0.25,0
r_406,AI09869,0.2,0
r_160,AI13341,0.25,0
r_12,AI08777,0.25,0
r_656,AI11987,0.2,0
r_58,AI01737,0.2,0
r_375,AI09476,0.25,0
r_594,AI09891,0.25,0
r_594,AI06989,0.2,0
r_224,AI10864,0.2,0
r_346,AI13475,0.25,0
r_673,AI07737,0.25,0
r_562,AI05350,0.25,0
r_673,AI04347,0.25,0
r_93,AI03634,0.25,0
r_375,AI07877,0.2,0
r_224,AI08605,0.25,0
r_406,AI01930,0.25,0
r_539,AI02754,0.25,0
r_12,AI07663,0.25,0
r_187,AI08246,0.25,0
r_539,AI13935,0.2,0
r_58,AI09717,0.2,0
r_562,AI13643,0.2,0
r_346,AI04128,0.2,0
r_594,AI09316,0.2,0
r_575,AI00747,0.2,0
r_187,AI13785,0.2,0
r_451,AI09879,0.2,0
r_58,AI11904,0.25,0
r_160,AI11419,0.25,0
r_209,AI05922,0.2,0
r_224,AI08583,0.25,0
r_224,AI14208,0.25,0
r_588,AI02780,0.2,0
r_406,AI10023,0.2,0
r_594,AI07566,0.25,0
r_187,AI11502,0.25,0
r_709,AI10238,0.5,1
r_187,AI04911,0.2,0
r_187,AI12121,0.25,0
r_1027,AI11748,0.5,1
r_224,AI07201,0.25,0
r_58,AI06212,0.25,0
r_673,AI12616,0.2,0
r_58,AI06993,0.2,0
r_132,AI02344,0.2,0
r_2130,AI08568,0.5,1
r_160,AI14751,0.2,0
r_656,AI08819,0.2,0
r_2922,AI05568,0.5,1
r_406,AI07011,0.2,0
r_594,AI09183,0.2,0
r_594,AI10521,0.2,0
r_575,AI13209,0.25,0
r_562,AI09637,0.5,1
r_632,AI03042,0.2,0
r_160,AI06090,0.2,0
r_632,AI13165,0.2,0
r_187,AI08997,0.25,0
r_566,AI03784,0.2,0
r_562,AI10239,0.2,0
r_503,AI09489,0.2,0
r_588,AI04819,0.25,0
r_503,AI00764,0.2,0
r_566,AI14445,0.2,0
r_561,AI11315,0.2,0
r_539,AI05689,0.2,0
r_792,AI09342,0.5,1
r_575,AI05197,0.25,0
r_209,AI01531,0.25,0
r_656,AI01888,0.2,0
r_673,AI11399,0.2,0
r_58,AI05206,0.2,0
r_58,AI02124,0.25,0
r_160,AI07838,0.25,0
r_768,AI09066,0.5,1
r_561,AI12766,0.2,0
r_174,AI07373,0.2,0
r_174,AI06537,0.2,0
r_575,AI01988,0.2,0
r_132,AI09966,0.25,0
r_451,AI00725,0.2,0
r_89,AI07503,0.2,0
r_599,AI09157,0.2,0
r_174,AI13336,0.2,0
r_594,AI02748,0.2,0
r_134,AI09249,0.25,0
r_632,AI11712,0.2,0
r_632,AI06723,0.2,0
r_562,AI02792,0.2,0
r_503,AI09014,0.25,0
r_58,AI00002,0.2,0
r_566,AI07453,0.25,0
r_200,AI06029,0.2,0
r_111,AI14187,0.5,1
r_566,AI07410,0.2,0
r_539,AI12208,0.2,0
r_566,AI14495,0.2,0
r_160,AI11875,0.2,0
r_406,AI06461,0.2,0
r_673,AI14485,0.2,0
r_566,AI05319,0.2,0
r_575,AI03058,0.25,0
r_599,AI09079,0.2,0
r_673,AI02731,0.25,0
r_561,AI05798,0.25,0
r_575,AI11479,0.25,0
r_594,AI07119,0.25,0
r_594,AI04308,0.2,0
r_375,AI01604,0.2,0
r_346,AI11490,0.5,1
r_783,AI09342,0.5,1
r_375,AI13016,0.2,0
r_566,AI05160,0.25,0
r_224,AI05943,0.25,0
r_566,AI07934,0.2,0
r_561,AI00616,0.2,0
r_539,AI12234,0.25,0
r_209,AI11300,0.2,0
r_656,AI07473,0.25,0
r_575,AI04262,0.2,0
r_111,AI14655,0.25,0
r_346,AI14666,0.25,0
r_58,AI08099,0.25,0
r_503,AI02483,0.2,0
r_200,AI10784,0.25,0
r_566,AI14441,0.25,0
r_160,AI09565,0.25,0
r_187,AI02975,0.2,0
r_89,AI07238,0.2,0
r_406,AI09955,0.2,0
r_588,AI02800,0.2,0
r_539,AI06515,0.25,0
r_93,AI07278,0.2,0
r_539,AI06058,0.2,0
r_160,AI00183,0.25,0
r_160,AI07815,0.25,0
r_174,AI02828,0.25,0
r_594,AI14323,0.25,0
r_594,AI10444,0.2,0
r_209,AI07048,0.2,0
r_132,AI07220,0.25,0
r_134,AI03124,0.2,0
r_93,AI04029,0.25,0
r_200,AI09390,0.2,0
r_174,AI10293,0.25,0
r_561,AI11090,0.25,0
r_58,AI09953,0.25,0
r_451,AI09777,0.25,0
r_562,AI05391,0.2,0
r_187,AI03155,0.2,0
r_632,AI01868,0.2,0
r_503,AI10621,0.25,0
r_588,AI06324,0.2,0
r_132,AI02098,0.2,0
r_594,AI01844,0.25,0
r_375,AI03641,0.2,0
r_12,AI09890,0.2,0
r_209,AI04502,0.25,0
r_12,AI08768,0.25,0
r_187,AI04430,0.25,0
r_134,AI12571,0.25,0
r_566,AI10422,0.5,1
r_503,AI11448,0.25,0
r_594,AI00484,0.2,0
r_673,AI09852,0.2,0
r_89,AI04533,0.25,0
r_224,AI05420,0.2,0
r_12,AI11510,0.25,0
r_132,AI09427,0.2,0
r_89,AI11683,0.2,0
r_566,AI09714,0.2,0
r_224,AI03684,0.25,0
r_451,AI02345,0.25,0
r_575,AI09627,0.25,0
r_566,AI01186,0.25,0
r_594,AI02732,0.25,0
r_1955,AI10768,0.5,1
r_594,AI00551,0.2,0
r_12,AI02919,0.2,0
r_632,AI08487,0.2,0
r_2927,AI10995,0.5,1
r_89,AI01524,0.25,0
r_539,AI04469,0.25,0
r_200,AI06580,0.2,0
r_561,AI14946,0.25,0
r_58,AI13165,0.2,0
r_656,AI13679,0.2,0
r_1253,AI11212,0.5,1
r_134,AI14610,0.2,0
r_632,AI04041,0.2,0
r_406,AI10272,0.25,0
r_132,AI07864,0.2,0
r_566,AI14792,0.2,0
r_224,AI14092,0.25,0
r_575,AI14374,0.2,0
r_539,AI14589,0.2,0
r_174,AI14398,0.2,0
r_58,AI13558,0.2,0
r_594,AI03615,0.2,0
r_209,AI07591,0.2,0
r_594,AI06289,0.2,0
r_539,AI03033,0.2,0
r_134,AI04904,0.2,0
r_561,AI09953,0.25,0
r_12,AI09097,0.25,0
r_93,AI12787,0.25,0
r_539,AI12021,0.25,0
r_111,AI10709,0.25,0
r_406,AI04122,0.2,0
r_656,AI09157,0.2,0
r_224,AI08128,0.2,0
r_588,AI10480,0.2,0
r_174,AI13682,0.2,0
r_599,AI12229,0.2,0
r_111,AI02539,0.25,0
r_599,AI09966,0.25,0
r_588,AI01821,0.2,0
r_224,AI07909,0.2,0
r_111,AI10371,0.25,0
r_375,AI00126,0.2,0
r_375,AI11644,0.25,0
r_209,AI10606,0.25,0
r_594,AI13656,0.25,0
r_561,AI13531,0.25,0
r_599,AI00717,0.25,0
r_187,AI08679,0.25,0
r_89,AI05420,0.2,0
r_673,AI01055,0.25,0
r_209,AI13918,0.25,0
r_406,AI00050,0.2,0
r_451,AI04749,0.25,0
r_632,AI09489,0.2,0
r_346,AI05129,0.25,0
r_566,AI08568,0.5,1
r_599,AI05891,0.25,0
r_656,AI12990,0.2,0
r_575,AI02430,0.25,0
r_89,AI05863,0.25,0
r_200,AI12069,0.2,0
r_575,AI05319,0.2,0
r_111,AI00569,0.25,0
r_451,AI01174,0.25,0
r_132,AI01062,0.2,0
r_566,AI04878,0.2,0
r_134,AI13526,0.25,0
r_588,AI13165,0.2,0
r_756,AI03072,0.5,1
r_673,AI14024,0.2,0
r_566,AI04122,0.2,0
r_12,AI13982,0.25,0
r_406,AI09232,0.2,0
r_451,AI00616,0.2,0
r_187,AI02556,0.25,0
r_673,AI03105,0.2,0
r_2303,AI12760,0.5,1
r_451,AI14101,0.25,0
r_503,AI08790,0.2,0
r_209,AI13832,0.2,0
r_406,AI03509,0.2,0
r_187,AI09710,0.2,0
r_588,AI06350,0.25,0
r_111,AI00522,0.2,0
r_632,AI10352,0.25,0
r_632,AI10015,0.25,0
r_58,AI09714,0.2,0
r_346,AI01631,0.2,0
r_503,AI14169,0.25,0
r_346,AI11986,0.2,0
r_174,AI13112,0.2,0
r_111,AI03949,0.25,0
r_575,AI03965,0.25,0
r_58,AI14655,0.25,0
r_174,AI14991,0.25,0
r_562,AI02021,0.25,0
r_561,AI00124,0.2,0
r_594,AI10567,0.2,0
r_224,AI10740,0.25,0
r_1741,AI05301,0.5,1
r_588,AI11506,0.2,0
r_806,AI14781,0.5,1
r_160,AI03016,0.25,0
r_561,AI01233,0.25,0
r_346,AI14169,0.25,0
r_575,AI10302,0.25,0
r_209,AI03574,0.5,1
r_89,AI09848,0.25,0
r_93,AI14238,0.25,0
r_503,AI11781,0.5,1
r_566,AI09442,0.25,0
r_599,AI14517,0.25,0
r_134,AI10437,0.2,0
r_594,AI05889,0.25,0
r_187,AI00063,0.25,0
r_406,AI00692,0.2,0
r_673,AI01643,0.2,0
r_673,AI01482,0.2,0
r_656,AI08025,0.2,0
r_200,AI09655,0.2,0
r_969,AI14504,0.5,1
r_134,AI06232,0.2,0
r_209,AI13510,0.2,0
r_673,AI01873,0.25,0
r_562,AI03328,0.2,0
r_632,AI09544,0.25,0
r_539,AI04091,0.25,0
r_588,AI02550,0.25,0
r_12,AI11048,0.2,0
r_224,AI01836,0.2,0
r_539,AI08410,0.2,0
r_12,AI01504,0.25,0
r_134,AI06932,0.25,0
r_599,AI11358,0.25,0
r_594,AI13023,0.2,0
r_12,AI10791,0.25,0
r_599,AI00431,0.2,0
r_89,AI03489,0.2,0
r_375,AI01117,0.2,0
r_12,AI02579,0.25,0
r_58,AI12850,0.25,0
r_656,AI01913,0.25,0
r_200,AI14061,0.2,0
r_174,AI09011,0.2,0
r_562,AI00020,0.2,0
r_174,AI06084,0.25,0
r_209,AI13817,0.2,0
r_89,AI11106,0.2,0
r_406,AI05709,0.25,0
r_224,AI04177,0.2,0
r_209,AI09521,0.25,0
r_599,AI09372,0.2,0
r_346,AI09777,0.25,0
r_1551,AI02466,0.5,1
r_503,AI12795,0.2,0
r_632,AI08652,0.25,0
r_12,AI00213,0.25,0
r_562,AI00816,0.25,0
r_561,AI08342,0.2,0
r_134,AI01384,0.2,0
r_588,AI04287,0.25,0
r_632,AI01886,0.25,0
r_451,AI02556,0.25,0
r_1231,AI11122,0.5,1
r_209,AI00156,0.5,1
r_503,AI06050,0.2,0
r_187,AI14666,0.25,0
r_93,AI05236,0.2,0
r_539,AI10397,0.2,0
r_375,AI03092,0.2,0
r_656,AI14151,0.25,0
r_89,AI11932,0.2,0
r_451,AI14768,0.25,0
r_58,AI08410,0.2,0
r_562,AI02519,0.2,0
r_346,AI14768,0.25,0
r_673,AI01249,0.25,0
r_111,AI01662,0.25,0
r_451,AI05471,0.25,0
r_599,AI13531,0.25,0
r_406,AI05431,0.2,0
r_209,AI06839,0.25,0
r_2895,AI08568,0.5,1
r_994,AI04200,0.5,1
r_58,AI09627,0.25,0
r_89,AI06416,0.25,0
r_224,AI14041,0.2,0
r_406,AI11358,0.25,0
r_562,AI03770,0.25,0
r_93,AI11583,0.25,0
r_224,AI10130,0.25,0
r_451,AI04672,0.25,0
r_562,AI04113,0.2,0
r_594,AI09396,0.25,0
r_89,AI06500,0.25,0
r_562,AI06936,0.2,0
r_93,AI00820,0.25,0
r_503,AI05426,0.2,0
r_539,AI02474,0.25,0
r_566,AI08266,0.25,0
r_346,AI01186,0.25,0
r_346,AI03058,0.25,0
r_632,AI00253,0.2,0
r_575,AI00348,0.25,0
r_562,AI09701,0.2,0
r_566,AI09149,0.25,0
r_594,AI09235,0.25,0
r_539,AI09382,0.25,0
r_224,AI01531,0.25,0
r_2602,AI06694,0.5,1
r_89,AI09386,0.2,0
r_632,AI01594,0.25,0
r_996,AI06296,0.5,1
r_566,AI05941,0.25,0
r_503,AI12214,0.25,0
r_12,AI12451,0.2,0
r_451,AI14471,0.2,0
r_594,AI06782,0.25,0
r_89,AI10622,0.2,0
r_160,AI06780,0.2,0
r_132,AI03634,0.25,0
r_200,AI09149,0.25,0
r_656,AI04698,0.2,0
r_346,AI14187,0.5,1
r_174,AI11555,0.2,0
r_111,AI09969,0.25,0
r_594,AI14612,0.25,0
r_673,AI03591,0.25,0
r_89,AI14441,0.25,0
r_89,AI02889,0.2,0
r_187,AI09372,0.2,0
r_132,AI13297,0.25,0
r_132,AI05709,0.25,0
r_132,AI08889,0.2,0
r_539,AI00593,0.25,0
r_174,AI13739,0.25,0
r_132,AI12262,0.2,0
r_562,AI14658,0.25,0
r_656,AI03076,0.2,0
r_599,AI11558,0.2,0
r_562,AI14220,0.25,0
r_12,AI06527,0.25,0
r_561,AI14295,0.2,0
r_132,AI03296,0.25,0
r_451,AI14528,0.2,0
r_93,AI02270,0.2,0
r_451,AI06136,0.25,0
r_58,AI08383,0.5,1
r_539,AI06993,0.2,0
r_209,AI13559,0.2,0
r_575,AI08112,0.2,0
r_93,AI00816,0.25,0
r_632,AI00238,0.2,0
r_187,AI11032,0.2,0
r_503,AI14686,0.2,0
r_93,AI13134,0.2,0
r_562,AI10925,0.2,0
r_594,AI13824,0.25,0
r_93,AI10480,0.2,0
r_134,AI03920,0.2,0
r_2724,AI01474,0.5,1
r_200,AI10970,0.2,0
r_187,AI05062,0.25,0
r_200,AI01174,0.25,0
r_58,AI10397,0.2,0
r_346,AI12962,0.2,0
r_451,AI06936,0.2,0
r_93,AI08669,0.25,0
r_12,AI05483,0.2,0
r_111,AI13350,0.25,0
r_200,AI09527,0.25,0
r_224,AI11189,0.25,0
r_160,AI14600,0.25,0
r_375,AI00243,0.25,0
r_111,AI05508,0.25,0
r_346,AI10363,0.25,0
r_111,AI14864,0.2,0
r_346,AI02263,0.25,0
r_93,AI09869,0.2,0
r_539,AI14686,0.2,0
r_632,AI06194,0.2,0
r_2489,AI11490,0.5,1
r_562,AI04611,0.2,0
r_187,AI06921,0.2,0
r_160,AI02754,0.25,0
r_451,AI02654,0.25,0
r_588,AI12065,0.2,0
r_93,AI11507,0.25,0
r_562,AI06938,0.25,0
r_12,AI05420,0.2,0
r_160,AI06692,0.2,0
r_2602,AI03574,0.5,1
r_406,AI03082,0.25,0
r_632,AI05148,0.2,0
r_562,AI14330,0.2,0
r_566,AI10720,0.25,0
r_594,AI00216,0.2,0
r_561,AI07588,0.2,0
r_160,AI02833,0.25,0
r_209,AI00955,0.25,0
r_594,AI02011,0.2,0
r_224,AI13350,0.25,0
r_656,AI13845,0.2,0
r_575,AI05807,0.2,0
r_575,AI05450,0.2,0
r_2927,AI06627,0.5,1
r_539,AI00832,0.2,0
r_575,AI02901,0.2,0
r_562,AI11755,0.5,1
r_346,AI06938,0.25,0
r_575,AI14464,0.2,0
r_187,AI01790,0.2,0
r_58,AI00447,0.2,0
r_2063,AI14770,0.5,1
r_346,AI12511,0.25,0
r_599,AI14925,0.25,0
r_187,AI01471,0.2,0
r_174,AI13629,0.2,0
r_503,AI12319,0.2,0
r_599,AI06738,0.25,0
r_132,AI01737,0.2,0
r_566,AI07181,0.25,0
r_160,AI11050,0.2,0
r_566,AI06833,0.25,0
r_89,AI03426,0.25,0
r_375,AI07278,0.2,0
r_575,AI14927,0.2,0
r_174,AI14100,0.2,0
r_2303,AI05301,0.5,1
r_539,AI12363,0.25,0
r_406,AI07691,0.2,0
r_187,AI01716,0.25,0
r_561,AI08531,0.2,0
r_561,AI05006,0.2,0
r_673,AI01778,0.2,0
r_89,AI13627,0.2,0
r_200,AI11212,0.5,1
r_588,AI04771,0.2,0
r_1823,AI05106,0.5,1
r_134,AI09267,0.25,0
r_224,AI07018,0.5,1
r_406,AI02590,0.25,0
r_12,AI06784,0.25,0
r_503,AI14426,0.25,0
r_224,AI09386,0.2,0
r_2504,AI04200,0.5,1
r_2155,AI04896,0.5,1
r_673,AI05034,0.25,0
r_632,AI03772,0.25,0
r_93,AI04200,0.5,1
r_656,AI09010,0.2,0
r_134,AI04984,0.25,0
r_200,AI02620,0.25,0
r_346,AI01360,0.5,1
r_111,AI04771,0.2,0
r_806,AI13162,0.5,1
r_89,AI13224,0.25,0
r_566,AI07674,0.25,0
r_594,AI11191,0.2,0
r_111,AI03310,0.2,0
r_58,AI03322,0.25,0
r_656,AI13619,0.25,0
r_12,AI09117,0.2,0
r_375,AI06324,0.2,0
r_89,AI14060,0.25,0
r_12,AI03411,0.25,0
r_224,AI05278,0.2,0
r_503,AI13016,0.2,0
r_599,AI05006,0.2,0
r_132,AI09272,0.25,0
r_562,AI00747,0.2,0
r_503,AI13095,0.25,0
r_224,AI06738,0.25,0
r_561,AI07855,0.25,0
r_632,AI01507,0.2,0
r_539,AI00712,0.25,0
r_160,AI01814,0.2,0
r_632,AI07414,0.25,0
r_561,AI09066,0.5,1
r_599,AI00591,0.25,0
r_406,AI08701,0.25,0
r_12,AI13817,0.2,0
r_562,AI11843,0.25,0
r_406,AI14653,0.25,0
r_58,AI06350,0.25,0
r_599,AI02673,0.25,0
r_160,AI05197,0.25,0
r_561,AI01024,0.2,0
r_566,AI11767,0.2,0
r_632,AI01488,0.2,0
r_89,AI10161,0.2,0
r_406,AI13273,0.2,0
r_12,AI06624,0.2,0
r_111,AI11950,0.2,0
r_599,AI14086,0.2,0
r_134,AI07007,0.25,0
r_160,AI00154,0.25,0
r_134,AI06048,0.25,0
r_93,AI06195,0.25,0
r_594,AI03411,0.25,0
r_594,AI08293,0.25,0
r_594,AI13472,0.2,0
r_599,AI11419,0.25,0
r_89,AI04281,0.25,0
r_783,AI00045,0.5,1
r_539,AI05042,0.2,0
r_200,AI14779,0.2,0
r_575,AI01109,0.25,0
r_12,AI03615,0.2,0
r_656,AI10760,0.2,0
r_673,AI01744,0.2,0
r_187,AI05631,0.2,0
r_406,AI03757,0.2,0
r_209,AI14911,0.2,0
r_561,AI10235,0.2,0
r_209,AI11041,0.2,0
r_200,AI07327,0.2,0
r_209,AI11104,0.5,1
r_632,AI05831,0.25,0
r_562,AI14775,0.25,0
r_346,AI09457,0.25,0
r_575,AI02144,0.25,0
r_174,AI00872,0.2,0
r_599,AI02161,0.2,0
r_58,AI01001,0.2,0
r_503,AI10173,0.2,0
r_656,AI02942,0.25,0
r_503,AI14775,0.25,0
r_632,AI14303,0.25,0
r_89,AI06544,0.25,0
r_562,AI06921,0.2,0
r_58,AI01716,0.25,0
r_187,AI11326,0.2,0
r_224,AI08453,0.25,0
r_566,AI01096,0.2,0
r_346,AI04911,0.2,0
r_406,AI07336,0.2,0
r_187,AI08804,0.25,0
r_451,AI04262,0.2,0
r_1154,AI08429,0.5,1
r_111,AI13854,0.25,0
r_132,AI14238,0.25,0
r_375,AI00990,0.25,0
r_134,AI08344,0.2,0
r_160,AI04184,0.2,0
r_93,AI00793,0.25,0
r_93,AI13379,0.2,0
r_588,AI13619,0.25,0
r_575,AI01943,0.25,0
r_451,AI04181,0.2,0
r_58,AI00712,0.25,0
r_174,AI14752,0.25,0
r_1426,AI14362,0.5,1
r_1551,AI09637,0.5,1
r_599,AI02114,0.2,0
r_599,AI11326,0.2,0
r_375,AI03531,0.25,0
r_134,AI12953,0.25,0
r_224,AI08256,0.2,0
r_451,AI13341,0.25,0
r_673,AI07923,0.2,0
r_599,AI00457,0.2,0
r_89,AI03049,0.25,0
r_111,AI13727,0.2,0
r_346,AI03995,0.2,0
r_209,AI03411,0.25,0
r_93,AI12961,0.25,0
r_174,AI01699,0.2,0
r_561,AI12179,0.25,0
r_111,AI00770,0.25,0
r_209,AI05135,0.25,0
r_224,AI10862,0.25,0
r_539,AI07660,0.25,0
r_375,AI12927,0.25,0
r_58,AI08647,0.2,0
r_451,AI00519,0.25,0
r_111,AI08515,0.25,0
r_451,AI01985,0.25,0
r_209,AI08870,0.2,0
r_58,AI12065,0.2,0
r_2940,AI09066,0.5,1
r_656,AI10704,0.2,0
r_12,AI00723,0.2,0
r_12,AI12680,0.25,0
r_1253,AI09637,0.5,1
r_503,AI02846,0.2,0
r_451,AI13885,0.2,0
r_561,AI12278,0.2,0
r_346,AI04345,0.25,0
r_134,AI09871,0.2,0
r_375,AI11190,0.25,0
r_594,AI09555,0.25,0
r_375,AI14594,0.25,0
r_2264,AI02466,0.5,1
r_111,AI06995,0.25,0
r_58,AI11781,0.5,1
r_599,AI00817,0.25,0
r_575,AI02584,0.2,0
r_134,AI06613,0.25,0
r_160,AI13736,0.5,1
r_562,AI14388,0.25,0
r_656,AI12350,0.25,0
r_12,AI13969,0.25,0
r_562,AI01564,0.25,0
r_187,AI02350,0.25,0
r_632,AI12850,0.25,0
r_111,AI07731,0.25,0
r_132,AI13000,0.2,0
r_406,AI02931,0.25,0
r_562,AI10270,0.2,0
r_375,AI05355,0.2,0
r_375,AI01283,0.2,0
r_160,AI06729,0.25,0
r_132,AI07372,0.25,0
r_12,AI02869,0.5,1
r_200,AI11985,0.25,0
r_111,AI01057,0.25,0
r_673,AI13036,0.25,0
r_599,AI00402,0.2,0
r_566,AI03852,0.2,0
r_12,AI09960,0.2,0
r_562,AI10315,0.2,0
r_132,AI10352,0.25,0
r_160,AI05338,0.25,0
r_406,AI08819,0.2,0
r_132,AI00172,0.2,0
r_575,AI03950,0.25,0
r_632,AI14768,0.25,0
r_209,AI09211,0.25,0
r_566,AI00208,0.2,0
r_539,AI10919,0.2,0
r_160,AI05623,0.2,0
r_111,AI11943,0.2,0
r_187,AI03712,0.25,0
r_224,AI06867,0.25,0
r_375,AI08266,0.25,0
r_588,AI05866,0.25,0
r_224,AI14422,0.2,0
r_566,AI04672,0.25,0
r_111,AI03559,0.2,0
r_539,AI11368,0.2,0
r_200,AI00683,0.2,0
r_594,AI04436,0.2,0
r_209,AI01081,0.25,0
r_160,AI14423,0.2,0
r_160,AI14029,0.25,0
r_594,AI04342,0.2,0
r_3002,AI08568,0.5,1
r_656,AI00044,0.25,0
r_174,AI11834,0.25,0
r_89,AI05045,0.25,0
r_89,AI13468,0.2,0
r_1058,AI08383,0.5,1
r_58,AI00100,0.2,0
r_132,AI01534,0.25,0
r_406,AI11089,0.25,0
r_588,AI07463,0.25,0
r_406,AI05988,0.2,0
r_89,AI00121,0.2,0
r_132,AI05631,0.2,0
r_174,AI05968,0.2,0
r_2857,AI14770,0.5,1
r_561,AI12875,0.25,0
r_58,AI12593,0.25,0
r_632,AI07156,0.25,0
r_575,AI02900,0.25,0
r_93,AI02102,0.2,0
r_575,AI09134,0.25,0
r_599,AI10168,0.25,0
r_566,AI03038,0.25,0
r_12,AI14863,0.25,0
r_588,AI03009,0.2,0
r_451,AI07207,0.25,0
r_1058,AI05301,0.5,1
r_200,AI12590,0.25,0
r_209,AI11222,0.25,0
r_588,AI10330,0.2,0
r_2299,AI03072,0.5,1
r_160,AI03161,0.2,0
r_2489,AI11755,0.5,1
r_1774,AI06694,0.5,1
r_539,AI08126,0.25,0
r_346,AI03203,0.2,0
r_632,AI08061,0.2,0
r_539,AI14453,0.2,0
r_575,AI12499,0.25,0
r_89,AI05868,0.25,0
r_561,AI01868,0.2,0
r_673,AI05267,0.25,0
r_111,AI06869,0.25,0
r_111,AI03082,0.25,0
r_58,AI06019,0.25,0
r_132,AI08647,0.2,0
r_406,AI14324,0.2,0
r_346,AI03189,0.25,0
r_594,AI00170,0.25,0
r_562,AI03749,0.25,0
r_132,AI06296,0.5,1
r_134,AI12006,0.25,0
r_594,AI02280,0.2,0
r_93,AI02975,0.2,0
r_58,AI01850,0.25,0
r_132,AI11329,0.25,0
r_562,AI00172,0.2,0
r_160,AI11329,0.25,0
r_93,AI01566,0.2,0
r_200,AI08984,0.2,0
r_93,AI11781,0.5,1
r_575,AI00373,0.2,0
r_12,AI05403,0.25,0
r_187,AI13086,0.2,0
r_93,AI04964,0.25,0
r_89,AI14816,0.2,0
r_1961,AI09286,0.5,1
r_187,AI14500,0.25,0
r_562,AI14164,0.25,0
r_566,AI05865,0.25,0
r_756,AI11212,0.5,1
r_224,AI03478,0.2,0
r_209,AI05868,0.25,0
r_174,AI02719,0.25,0
r_406,AI07498,0.25,0
r_160,AI11422,0.25,0
r_187,AI01886,0.25,0
r_562,AI11479,0.25,0
r_594,AI02337,0.25,0
r_562,AI01588,0.25,0
r_58,AI14164,0.25,0
r_588,AI07291,0.2,0
r_224,AI01482,0.2,0
r_2303,AI04200,0.5,1
r_503,AI11490,0.5,1
r_89,AI08496,0.25,0
r_174,AI03638,0.25,0
r_673,AI07980,0.2,0
r_503,AI13777,0.2,0
r_599,AI04287,0.25,0
r_209,AI09508,0.25,0
r_656,AI08473,0.25,0
r_503,AI05573,0.25,0
r_160,AI14562,0.2,0
r_89,AI02753,0.2,0
r_58,AI05391,0.2,0
r_575,AI11061,0.25,0
r_406,AI05603,0.25,0
r_406,AI11028,0.2,0
r_588,AI02900,0.25,0
r_588,AI08118,0.2,0
r_562,AI11950,0.2,0
r_594,AI09012,0.25,0
r_200,AI14917,0.25,0
r_174,AI14850,0.25,0
r_673,AI10322,0.25,0
r_200,AI00208,0.2,0
r_566,AI11090,0.25,0
r_160,AI11506,0.2,0
r_588,AI14517,0.25,0
r_503,AI09490,0.2,0
r_174,AI09082,0.2,0
r_134,AI04046,0.2,0
r_134,AI13984,0.2,0
r_406,AI06107,0.25,0
r_561,AI12363,0.25,0
r_451,AI14254,0.2,0
r_575,AI08844,0.2,0
r_209,AI05032,0.2,0
r_562,AI10352,0.25,0
r_632,AI07592,0.25,0
r_2063,AI07687,0.5,1
r_174,AI01777,0.2,0
r_561,AI14061,0.2,0
r_134,AI09043,0.2,0
r_599,AI12574,0.25,0
r_599,AI11471,0.2,0
r_132,AI11525,0.25,0
r_656,AI13464,0.2,0
r_174,AI00448,0.2,0
r_561,AI03360,0.2,0
r_588,AI02482,0.2,0
r_89,AI02740,0.25,0
r_594,AI01653,0.5,1
r_12,AI05482,0.25,0
r_224,AI05493,0.2,0
r_174,AI04588,0.2,0
r_599,AI03509,0.2,0
r_539,AI09089,0.25,0
r_12,AI01681,0.2,0
r_588,AI08458,0.25,0
r_632,AI14307,0.25,0
r_346,AI08487,0.2,0
r_451,AI03816,0.25,0
r_503,AI05431,0.2,0
r_375,AI05831,0.25,0
r_599,AI05425,0.2,0
r_93,AI06296,0.5,1
r_187,AI07448,0.25,0
r_209,AI01504,0.25,0
r_132,AI09079,0.2,0
r_93,AI10534,0.25,0
r_632,AI10209,0.2,0
r_375,AI00816,0.25,0
r_58,AI14733,0.2,0
r_656,AI13269,0.2,0
r_599,AI06762,0.2,0
r_160,AI02182,0.2,0
r_599,AI09129,0.25,0
r_539,AI04184,0.2,0
r_200,AI08568,0.5,1
r_599,AI11905,0.25,0
r_561,AI04065,0.25,0
r_561,AI03950,0.25,0
r_111,AI02339,0.2,0
r_673,AI02665,0.25,0
r_594,AI03011,0.2,0
r_539,AI08063,0.2,0
r_200,AI00593,0.25,0
r_588,AI09230,0.25,0
r_1790,AI13061,0.5,1
r_588,AI14881,0.25,0
r_200,AI03424,0.25,0
r_632,AI02678,0.25,0
r_632,AI05568,0.5,1
r_594,AI11438,0.2,0
r_594,AI08616,0.25,0
r_132,AI03544,0.25,0
r_575,AI12795,0.2,0
r_111,AI03322,0.25,0
r_406,AI09342,0.5,1
r_134,AI01547,0.2,0
r_539,AI03151,0.25,0
r_2173,AI03072,0.5,1
r_632,AI01200,0.2,0
r_174,AI08774,0.25,0
r_561,AI12995,0.2,0
r_561,AI09807,0.2,0
r_599,AI04997,0.2,0
r_539,AI06784,0.25,0
r_187,AI00288,0.2,0
r_1058,AI05568,0.5,1
r_200,AI03816,0.25,0
r_187,AI07832,0.25,0
r_451,AI14026,0.2,0
r_134,AI08035,0.2,0
r_89,AI04518,0.2,0
r_111,AI05988,0.2,0
r_451,AI10480,0.2,0
r_174,AI01638,0.2,0
r_673,AI02864,0.2,0
r_594,AI04888,0.2,0
r_346,AI00270,0.2,0
r_187,AI06156,0.2,0
r_594,AI06313,0.25,0
r_224,AI13631,0.25,0
r_673,AI07700,0.2,0
r_134,AI00923,0.25,0
r_134,AI07700,0.2,0
r_160,AI06855,0.25,0
r_561,AI12212,0.2,0
r_132,AI14116,0.2,0
r_566,AI03965,0.25,0
r_93,AI05568,0.5,1
r_1955,AI09843,0.5,1
r_346,AI02390,0.25,0
r_375,AI02900,0.25,0
r_111,AI12784,0.2,0
r_2504,AI08429,0.5,1
r_174,AI08978,0.2,0
r_656,AI13278,0.2,0
r_588,AI08025,0.2,0
r_539,AI04018,0.25,0
r_160,AI12029,0.25,0
r_561,AI09192,0.2,0
r_93,AI14464,0.2,0
r_132,AI00764,0.2,0
r_566,AI09880,0.25,0
r_561,AI03127,0.25,0
r_346,AI00238,0.2,0
r_561,AI08195,0.2,0
r_406,AI05865,0.25,0
r_200,AI11508,0.25,0
r_562,AI04596,0.25,0
r_566,AI05301,0.5,1
r_539,AI11410,0.25,0
r_89,AI06161,0.25,0
r_58,AI11207,0.25,0
r_132,AI03483,0.25,0
r_89,AI12060,0.25,0
r_200,AI07448,0.25,0
r_209,AI12953,0.25,0
r_224,AI02295,0.2,0
r_89,AI10178,0.25,0
r_562,AI07691,0.2,0
r_346,AI06292,0.2,0
r_562,AI14917,0.25,0
r_588,AI00124,0.2,0
r_599,AI09518,0.25,0
r_58,AI13297,0.25,0
r_224,AI11671,0.2,0
r_594,AI13026,0.25,0
r_673,AI10250,0.2,0
r_12,AI12422,0.25,0
r_561,AI11376,0.2,0
r_673,AI12898,0.25,0
r_599,AI14946,0.25,0
r_375,AI08630,0.25,0
r_200,AI10885,0.25,0
r_93,AI05566,0.2,0
r_2848,AI05301,0.5,1
r_160,AI00519,0.25,0
r_134,AI04613,0.2,0
r_632,AI04175,0.2,0
r_93,AI08690,0.2,0
r_134,AI00064,0.25,0
r_566,AI08211,0.2,0
r_588,AI05798,0.25,0
r_134,AI03217,0.2,0
r_174,AI10715,0.2,0
r_588,AI09458,0.2,0
r_12,AI06770,0.25,0
r_561,AI00867,0.2,0
r_406,AI11751,0.2,0
r_111,AI05635,0.2,0
r_575,AI13443,0.25,0
r_132,AI04216,0.2,0
r_160,AI11843,0.25,0
r_539,AI02350,0.25,0
r_561,AI08410,0.2,0
r_588,AI05941,0.25,0
r_224,AI14331,0.2,0
r_89,AI11734,0.25,0
r_594,AI13639,0.25,0
r_89,AI10168,0.25,0
r_451,AI02212,0.2,0
r_12,AI03994,0.2,0
r_160,AI14471,0.2,0
r_134,AI13631,0.25,0
r_58,AI09009,0.25,0
r_969,AI06414,0.5,1
r_539,AI09171,0.25,0
r_89,AI02704,0.25,0
r_187,AI07810,0.25,0
r_599,AI09603,0.25,0
r_656,AI04679,0.25,0
r_503,AI02054,0.5,1
r_539,AI11032,0.2,0
r_111,AI08282,0.2,0
r_132,AI10820,0.25,0
r_187,AI14388,0.25,0
r_134,AI11925,0.2,0
r_539,AI07949,0.25,0
r_656,AI13886,0.25,0
r_673,AI01074,0.25,0
r_406,AI04018,0.25,0
r_562,AI10020,0.25,0
r_539,AI04345,0.25,0
r_346,AI03582,0.2,0
r_2848,AI09573,0.5,1
r_132,AI11705,0.2,0
r_2130,AI06296,0.5,1
r_503,AI12174,0.25,0
r_599,AI01930,0.25,0
r_503,AI08819,0.2,0
r_561,AI14528,0.2,0
r_575,AI00519,0.25,0
r_209,AI13248,0.25,0
r_503,AI14140,0.25,0
r_134,AI10757,0.2,0
r_200,AI00373,0.2,0
r_561,AI08984,0.2,0
r_451,AI01665,0.25,0
r_503,AI09602,0.25,0
r_503,AI03120,0.2,0
r_599,AI11843,0.25,0
r_89,AI09674,0.25,0
r_209,AI04298,0.25,0
r_566,AI12521,0.25,0
r_656,AI12416,0.25,0
r_12,AI06893,0.25,0
r_346,AI00243,0.25,0
r_174,AI12697,0.25,0
r_451,AI07293,0.25,0
r_375,AI14333,0.2,0
r_451,AI12212,0.2,0
r_111,AI10767,0.2,0
r_111,AI11329,0.25,0
r_93,AI02942,0.25,0
r_58,AI09869,0.2,0
r_566,AI10767,0.2,0
r_406,AI02478,0.25,0
r_160,AI02898,0.25,0
r_132,AI00225,0.25,0
r_594,AI09658,0.2,0
r_200,AI14756,0.25,0
r_1253,AI05568,0.5,1
r_132,AI09058,0.25,0
r_656,AI00167,0.25,0
r_200,AI01662,0.25,0
r_134,AI11803,0.25,0
r_224,AI04306,0.25,0
r_111,AI06050,0.2,0
r_346,AI11285,0.25,0
r_209,AI05749,0.25,0
r_160,AI09137,0.25,0
r_111,AI09785,0.2,0
r_594,AI00923,0.25,0
r_575,AI10799,0.25,0
r_89,AI05621,0.25,0
r_2173,AI10422,0.5,1
r_111,AI08531,0.2,0
r_209,AI14671,0.25,0
r_632,AI03995,0.2,0
r_174,AI00879,0.25,0
r_12,AI00142,0.2,0
r_174,AI03486,0.25,0
r_346,AI14881,0.25,0
r_656,AI09955,0.2,0
r_200,AI12077,0.25,0
r_174,AI03952,0.2,0
r_134,AI06995,0.25,0
r_539,AI05603,0.25,0
r_12,AI12005,0.25,0
r_134,AI00156,0.5,1
r_673,AI01247,0.25,0
r_111,AI09089,0.25,0
r_134,AI11041,0.2,0
r_160,AI03076,0.2,0
r_346,AI11603,0.25,0
r_224,AI04436,0.2,0
r_174,AI13946,0.25,0
r_174,AI11400,0.25,0
r_632,AI14441,0.25,0
r_673,AI07423,0.25,0
r_224,AI04353,0.25,0
r_632,AI11959,0.5,1
r_562,AI14339,0.2,0
r_174,AI05267,0.25,0
r_160,AI09671,0.25,0
r_209,AI01085,0.2,0
r_200,AI02124,0.25,0
r_375,AI08397,0.2,0
r_346,AI02550,0.25,0
r_451,AI06738,0.25,0
r_346,AI09079,0.2,0
r_160,AI14339,0.2,0
r_575,AI07339,0.25,0
r_375,AI13713,0.25,0
r_132,AI04100,0.25,0
r_539,AI04698,0.2,0
r_200,AI06762,0.2,0
r_562,AI08458,0.25,0
r_134,AI04098,0.2,0
r_187,AI04190,0.2,0
r_224,AI12445,0.25,0
r_575,AI00816,0.25,0
r_93,AI12382,0.25,0
r_174,AI06626,0.2,0
r_575,AI14426,0.25,0
r_963,AI07230,0.5,1
r_174,AI13745,0.2,0
r_187,AI00082,0.25,0
r_562,AI10809,0.2,0
r_58,AI06874,0.25,0
r_187,AI10270,0.2,0
r_539,AI00050,0.2,0
r_632,AI03424,0.25,0
r_406,AI05433,0.2,0
r_174,AI03557,0.2,0
r_174,AI10256,0.25,0
r_806,AI09903,0.5,1
r_1741,AI11755,0.5,1
r_1531,AI00156,0.5,1
r_160,AI13134,0.2,0
r_346,AI02833,0.25,0
r_89,AI08937,0.2,0
r_451,AI02754,0.25,0
r_132,AI07165,0.2,0
r_200,AI02452,0.25,0
r_132,AI02780,0.2,0
r_566,AI05821,0.25,0
r_132,AI02826,0.25,0
r_12,AI05045,0.25,0
r_575,AI12927,0.25,0
r_566,AI05578,0.2,0
r_632,AI07016,0.2,0
r_756,AI08237,0.5,1
r_451,AI01732,0.25,0
r_209,AI05582,0.25,0
r_451,AI09435,0.25,0
r_594,AI09346,0.25,0
r_1811,AI06825,0.5,1
r_209,AI02761,0.25,0
r_599,AI12069,0.2,0
r_1253,AI00045,0.5,1
r_187,AI14714,0.2,0
r_566,AI10301,0.25,0
r_594,AI06839,0.25,0
r_132,AI00167,0.25,0
r_594,AI05509,0.2,0
r_375,AI13318,0.25,0
r_561,AI12697,0.25,0
r_132,AI07522,0.25,0
r_588,AI11525,0.25,0
r_673,AI00305,0.2,0
r_503,AI11522,0.25,0
r_599,AI10880,0.25,0
r_224,AI14798,0.2,0
r_12,AI03484,0.2,0
r_224,AI03239,0.25,0
r_503,AI07336,0.2,0
r_673,AI13028,0.2,0
r_1961,AI09066,0.5,1
r_134,AI07663,0.25,0
r_12,AI08545,0.25,0
r_58,AI04029,0.25,0
r_575,AI04436,0.2,0
r_2130,AI09342,0.5,1
r_174,AI05403,0.25,0
r_58,AI03770,0.25,0
r_599,AI07296,0.2,0
r_209,AI13044,0.25,0
r_632,AI01033,0.25,0
r_12,AI09463,0.25,0
r_93,AI12363,0.25,0
r_93,AI13475,0.25,0
r_375,AI07181,0.25,0
r_594,AI08824,0.25,0
r_209,AI02467,0.2,0
r_673,AI11401,0.2,0
r_594,AI12950,0.5,1
r_132,AI02792,0.2,0
r_375,AI06019,0.25,0
r_562,AI08755,0.2,0
r_174,AI10869,0.2,0
r_594,AI08168,0.25,0
r_451,AI09602,0.25,0
r_200,AI01735,0.25,0
r_575,AI05744,0.2,0
r_594,AI04948,0.2,0
r_656,AI04091,0.25,0
r_539,AI14600,0.25,0
r_2173,AI09342,0.5,1
r_588,AI05062,0.25,0
r_375,AI10743,0.2,0
r_451,AI00994,0.2,0
r_451,AI09382,0.25,0
r_1261,AI09342,0.5,1
r_187,AI11647,0.25,0
r_656,AI11705,0.2,0
r_89,AI12884,0.25,0
r_224,AI09676,0.25,0
r_2088,AI14649,0.5,1
r_12,AI03449,0.25,0
r_200,AI08819,0.2,0
r_224,AI10791,0.25,0
r_594,AI13693,0.25,0
r_93,AI11242,0.25,0
r_187,AI01044,0.2,0
r_588,AI09058,0.25,0
r_503,AI03770,0.25,0
r_375,AI04702,0.25,0
r_1253,AI05183,0.5,1
r_599,AI03058,0.25,0
r_346,AI01026,0.2,0
r_174,AI02849,0.5,1
r_768,AI08429,0.5,1
r_93,AI01062,0.2,0
r_160,AI03889,0.25,0
r_174,AI00695,0.2,0
r_346,AI09714,0.2,0
r_93,AI09408,0.2,0
r_1702,AI03574,0.5,1
r_200,AI10233,0.25,0
r_89,AI04078,0.25,0
r_200,AI08085,0.2,0
r_209,AI14459,0.2,0
r_575,AI09490,0.2,0
r_187,AI04678,0.2,0
r_656,AI00569,0.25,0
r_1231,AI10648,0.5,1
r_632,AI14254,0.2,0
r_594,AI14092,0.25,0
r_160,AI01200,0.2,0
r_451,AI01431,0.2,0
r_588,AI10551,0.5,1
r_599,AI12490,0.25,0
r_134,AI11148,0.2,0
r_539,AI04648,0.25,0
r_656,AI10080,0.2,0
r_503,AI01777,0.2,0
r_566,AI02344,0.2,0
r_3002,AI14063,0.5,1
r_566,AI01790,0.2,0
r_673,AI02083,0.2,0
r_588,AI11776,0.25,0
r_375,AI05426,0.2,0
r_12,AI05995,0.2,0
r_132,AI04541,0.2,0
r_12,AI12409,0.2,0
r_174,AI09088,0.25,0
r_187,AI07860,0.2,0
r_656,AI09354,0.25,0
r_134,AI12060,0.25,0
r_588,AI06201,0.25,0
r_406,AI10244,0.2,0
r_346,AI05603,0.25,0
r_632,AI11558,0.2,0
r_12,AI02749,0.25,0
r_503,AI14167,0.2,0
r_539,AI01175,0.2,0
r_174,AI11441,0.2,0
r_346,AI14236,0.25,0
r_406,AI09398,0.25,0
r_187,AI01985,0.25,0
r_406,AI02339,0.2,0
r_503,AI03784,0.2,0
r_756,AI11781,0.5,1
r_562,AI02299,0.25,0
r_599,AI02438,0.2,0
r_174,AI06002,0.25,0
r_89,AI02371,0.2,0
r_994,AI00007,0.5,1
r_187,AI02620,0.25,0
r_599,AI08018,0.2,0
r_562,AI03772,0.25,0
r_406,AI12065,0.2,0
r_561,AI02578,0.2,0
r_1828,AI14063,0.5,1
r_187,AI05365,0.25,0
r_1549,AI00045,0.5,1
r_406,AI11410,0.25,0
r_566,AI14295,0.2,0
r_503,AI00002,0.2,0
r_406,AI10748,0.2,0
r_58,AI01651,0.25,0
r_588,AI00926,0.25,0
r_588,AI10545,0.2,0
r_89,AI13704,0.2,0
r_209,AI10168,0.25,0
r_111,AI11285,0.25,0
r_632,AI13878,0.25,0
r_187,AI05350,0.25,0
r_111,AI03816,0.25,0
r_346,AI14402,0.2,0
r_406,AI01124,0.25,0
r_89,AI11155,0.2,0
r_134,AI08653,0.25,0
r_187,AI10822,0.2,0
r_174,AI06050,0.2,0
r_561,AI12868,0.2,0
r_346,AI01873,0.25,0
r_539,AI00616,0.2,0
r_406,AI07207,0.25,0
r_406,AI13643,0.2,0
r_588,AI14061,0.2,0
r_134,AI14850,0.25,0
r_375,AI03358,0.2,0
r_134,AI09487,0.2,0
r_566,AI09216,0.25,0
r_768,AI09286,0.5,1
r_1154,AI00007,0.5,1
r_599,AI06784,0.25,0
r_539,AI10404,0.25,0
r_673,AI11729,0.25,0
r_93,AI08080,0.25,0
r_187,AI09442,0.25,0
r_561,AI08831,0.25,0
r_134,AI03082,0.25,0
r_561,AI12015,0.2,0
r_200,AI12856,0.2,0
r_806,AI10768,0.5,1
r_89,AI11964,0.25,0
r_224,AI14099,0.25,0
r_599,AI01253,0.25,0
r_1531,AI14649,0.5,1
r_1773,AI02466,0.5,1
r_673,AI11637,0.2,0
r_656,AI00100,0.2,0
r_174,AI07255,0.2,0
r_566,AI08782,0.2,0
r_503,AI09830,0.25,0
r_1828,AI04896,0.5,1
r_346,AI14453,0.2,0
r_406,AI00816,0.25,0
r_562,AI13350,0.25,0
r_656,AI01533,0.2,0
r_111,AI05689,0.2,0
r_503,AI07949,0.25,0
r_12,AI07443,0.2,0
r_673,AI07336,0.2,0
r_224,AI01084,0.25,0
r_93,AI06703,0.2,0
r_561,AI07923,0.2,0
r_93,AI05066,0.2,0
r_134,AI05371,0.2,0
r_209,AI10698,0.25,0
r_12,AI12408,0.25,0
r_594,AI14267,0.2,0
r_566,AI03525,0.25,0
r_200,AI08061,0.2,0
r_2235,AI11755,0.5,1
r_588,AI07019,0.2,0
r_561,AI01096,0.2,0
r_93,AI09929,0.25,0
r_111,AI11858,0.25,0
r_132,AI01517,0.2,0
r_375,AI14946,0.25,0
r_594,AI10319,0.25,0
r_12,AI12304,0.25,0
r_174,AI08683,0.2,0
r_406,AI13278,0.2,0
r_1640,AI06296,0.5,1
r_2848,AI08429,0.5,1
r_599,AI10020,0.25,0
r_503,AI02144,0.25,0
r_539,AI07555,0.2,0
r_89,AI00129,0.25,0
r_673,AI01517,0.2,0
r_111,AI00926,0.25,0
r_134,AI01731,0.2,0
r_12,AI14564,0.2,0
r_224,AI05438,0.2,0
r_224,AI07268,0.25,0
r_566,AI07399,0.2,0
r_588,AI12174,0.25,0
r_599,AI06780,0.2,0
r_224,AI08756,0.25,0
r_346,AI02901,0.2,0
r_599,AI09896,0.25,0
r_599,AI02263,0.25,0
r_89,AI02687,0.25,0
r_673,AI14542,0.2,0
r_594,AI00130,0.2,0
r_187,AI11721,0.2,0
r_673,AI11002,0.25,0
r_588,AI11502,0.25,0
r_632,AI08174,0.2,0
r_224,AI00908,0.2,0
r_187,AI10760,0.2,0
r_575,AI05990,0.2,0
r_566,AI14997,0.25,0
r_562,AI12366,0.2,0
r_588,AI13776,0.25,0
r_132,AI08118,0.2,0
r_632,AI06715,0.2,0
r_346,AI10925,0.2,0
r_632,AI09342,0.5,1
r_588,AI03042,0.2,0
r_375,AI12574,0.25,0
r_375,AI05660,0.25,0
r_174,AI01959,0.2,0
r_594,AI09548,0.2,0
r_58,AI04807,0.2,0
r_673,AI06333,0.5,1
r_93,AI01565,0.25,0
r_187,AI02344,0.2,0
r_451,AI07313,0.25,0
r_566,AI03816,0.25,0
r_632,AI05006,0.2,0
r_93,AI12447,0.2,0
r_187,AI08233,0.2,0
r_566,AI00832,0.2,0
r_588,AI05190,0.2,0
r_575,AI12754,0.2,0
r_575,AI00327,0.25,0
r_160,AI12155,0.25,0
r_2724,AI10434,0.5,1
r_58,AI12053,0.2,0
r_503,AI02556,0.25,0
r_566,AI01325,0.25,0
r_132,AI02904,0.25,0
r_375,AI07724,0.2,0
r_2927,AI09843,0.5,1
r_656,AI08984,0.2,0
r_451,AI02901,0.2,0
r_656,AI14423,0.2,0
r_187,AI06474,0.2,0
r_503,AI00820,0.25,0
r_174,AI12635,0.25,0
r_346,AI03908,0.2,0
r_2195,AI05568,0.5,1
r_375,AI09785,0.2,0
r_174,AI11373,0.2,0
r_174,AI12450,0.25,0
r_89,AI08006,0.25,0
r_134,AI01722,0.2,0
r_503,AI00793,0.25,0
r_187,AI08673,0.2,0
r_451,AI07691,0.2,0
r_375,AI01489,0.25,0
r_594,AI12567,0.25,0
r_187,AI14495,0.2,0
r_200,AI02482,0.2,0
r_89,AI14973,0.2,0
r_539,AI14733,0.2,0
r_200,AI09383,0.25,0
r_89,AI09249,0.25,0
r_566,AI01662,0.25,0
r_594,AI11817,0.2,0
r_174,AI03603,0.2,0
r_89,AI01777,0.2,0
r_575,AI05190,0.2,0
r_673,AI07845,0.25,0
r_134,AI12770,0.2,0
r_594,AI14959,0.2,0
r_566,AI11558,0.2,0
r_209,AI09789,0.2,0
r_566,AI09858,0.2,0
r_187,AI01370,0.25,0
r_375,AI09671,0.25,0
r_224,AI00595,0.2,0
r_561,AI07022,0.2,0
r_594,AI07358,0.25,0
r_224,AI02012,0.2,0
r_599,AI02051,0.25,0
r_2155,AI10238,0.5,1
r_132,AI14997,0.25,0
r_12,AI06627,0.5,1
r_187,AI10715,0.2,0
r_89,AI04800,0.2,0
r_224,AI13061,0.5,1
r_111,AI01814,0.2,0
r_656,AI12262,0.2,0
r_12,AI01770,0.5,1
r_224,AI00401,0.2,0
r_561,AI07553,0.25,0
r_174,AI12967,0.25,0
r_134,AI00279,0.2,0
r_58,AI13133,0.2,0
r_1253,AI11755,0.5,1
r_566,AI07296,0.2,0
r_406,AI08126,0.25,0
r_673,AI08475,0.2,0
r_375,AI01868,0.2,0
r_539,AI08342,0.2,0
r_224,AI04081,0.2,0
r_2136,AI06627,0.5,1
r_451,AI00274,0.2,0
r_599,AI10714,0.25,0
r_134,AI03106,0.2,0
r_673,AI13267,0.25,0
r_134,AI04467,0.2,0
r_594,AI06439,0.2,0
r_673,AI12037,0.5,1
r_209,AI03449,0.25,0
r_566,AI09969,0.25,0
r_346,AI10661,0.25,0
r_539,AI09955,0.2,0
r_539,AI10826,0.2,0
r_187,AI00100,0.2,0
r_599,AI14558,0.25,0
r_174,AI06844,0.2,0
r_160,AI14658,0.25,0
r_539,AI13255,0.25,0
r_375,AI05578,0.2,0
r_187,AI08568,0.5,1
r_588,AI12688,0.25,0
r_562,AI01818,0.2,0
r_12,AI14820,0.25,0
r_1773,AI09286,0.5,1
r_89,AI04088,0.25,0
r_58,AI07301,0.2,0
r_224,AI12451,0.2,0
r_58,AI14699,0.2,0
r_200,AI11477,0.25,0
r_134,AI06169,0.2,0
r_134,AI06893,0.25,0
r_656,AI04100,0.25,0
r_632,AI09929,0.25,0
r_346,AI07463,0.25,0
r_134,AI05706,0.2,0
r_561,AI06156,0.2,0
r_132,AI12521,0.25,0
r_451,AI11583,0.25,0
r_224,AI02739,0.25,0
r_566,AI01109,0.25,0
r_89,AI14841,0.25,0
r_224,AI03757,0.2,0
r_566,AI11915,0.2,0
r_174,AI11082,0.25,0
r_134,AI12732,0.2,0
r_224,AI03279,0.25,0
r_224,AI08643,0.2,0
r_451,AI10233,0.25,0
r_575,AI08148,0.2,0
r_594,AI00279,0.2,0
r_12,AI04633,0.2,0
r_111,AI06811,0.2,0
r_594,AI14258,0.25,0
r_656,AI12021,0.25,0
r_2922,AI05301,0.5,1
r_406,AI00910,0.25,0
r_451,AI00348,0.25,0
r_451,AI04622,0.2,0
r_451,AI01173,0.25,0
r_224,AI07089,0.25,0
r_561,AI10212,0.25,0
r_539,AI12034,0.25,0
r_89,AI10612,0.2,0
r_187,AI07731,0.25,0
r_503,AI05578,0.2,0
r_111,AI13318,0.25,0
r_561,AI08354,0.25,0
r_174,AI07244,0.2,0
r_134,AI11164,0.25,0
r_375,AI03757,0.2,0
r_561,AI11987,0.2,0
r_566,AI05012,0.2,0
r_562,AI06238,0.25,0
r_224,AI06553,0.2,0
r_594,AI14564,0.2,0
r_2953,AI12281,0.5,1
r_224,AI08267,0.2,0
r_406,AI06069,0.2,0
r_224,AI10427,0.2,0
r_224,AI12986,0.25,0
r_673,AI13232,0.2,0
r_406,AI08864,0.25,0
r_2955,AI13435,0.5,1
r_132,AI07022,0.2,0
r_375,AI05431,0.2,0
r_12,AI05893,0.25,0
r_111,AI05425,0.2,0
r_346,AI01011,0.25,0
r_187,AI14594,0.25,0
r_111,AI10648,0.5,1
r_12,AI05923,0.2,0
r_160,AI07670,0.25,0
r_346,AI01096,0.2,0
r_209,AI01166,0.25,0
r_375,AI05131,0.2,0
r_200,AI14287,0.2,0
r_93,AI13386,0.25,0
r_594,AI06038,0.2,0
r_632,AI08383,0.5,1
r_200,AI10704,0.2,0
r_656,AI08233,0.2,0
r_12,AI05680,0.25,0
r_346,AI01489,0.25,0
r_539,AI10695,0.2,0
r_503,AI09619,0.2,0
r_562,AI06212,0.25,0
r_539,AI10168,0.25,0
r_594,AI08879,0.25,0
r_160,AI10714,0.25,0
r_1702,AI03654,0.5,1
r_12,AI12962,0.2,0
r_503,AI11827,0.25,0
r_575,AI11422,0.25,0
r_58,AI08473,0.25,0
r_1205,AI10238,0.5,1
r_89,AI10978,0.25,0
r_346,AI12121,0.25,0
r_209,AI07280,0.25,0
r_1027,AI12760,0.5,1
r_575,AI02977,0.25,0
r_406,AI08339,0.25,0
r_209,AI12019,0.25,0
r_1253,AI11490,0.5,1
r_12,AI03600,0.2,0
r_1640,AI09286,0.5,1
r_200,AI00910,0.25,0
r_994,AI13736,0.5,1
r_174,AI10713,0.25,0
r_111,AI09383,0.25,0
r_503,AI03949,0.25,0
r_89,AI01868,0.2,0
r_12,AI04174,0.25,0
r_575,AI13758,0.25,0
r_406,AI04695,0.2,0
r_187,AI12029,0.25,0
r_160,AI00816,0.25,0
r_134,AI07193,0.2,0
r_209,AI00701,0.2,0
r_632,AI07555,0.2,0
r_562,AI07825,0.25,0
r_632,AI09030,0.25,0
r_12,AI02078,0.2,0
r_224,AI08392,0.25,0
r_673,AI03427,0.2,0
r_599,AI04964,0.25,0
r_451,AI04971,0.2,0
r_539,AI10828,0.2,0
r_406,AI14981,0.2,0
r_632,AI00717,0.25,0
r_599,AI04018,0.25,0
r_451,AI05865,0.25,0
r_375,AI14495,0.2,0
r_132,AI12745,0.25,0
r_599,AI13736,0.5,1
r_503,AI13473,0.2,0
r_503,AI03424,0.25,0
r_539,AI04134,0.25,0
r_599,AI10962,0.2,0
r_594,AI05766,0.25,0
r_1549,AI14362,0.5,1
r_132,AI08061,0.2,0
r_575,AI00832,0.2,0
r_673,AI05876,0.2,0
r_632,AI12875,0.25,0
r_132,AI01174,0.25,0
r_224,AI00972,0.25,0
r_575,AI13886,0.25,0
r_656,AI00605,0.2,0
r_111,AI01368,0.2,0
r_187,AI04744,0.2,0
r_346,AI01439,0.25,0
r_200,AI08257,0.2,0
r_562,AI13495,0.25,0
r_111,AI09858,0.2,0
r_111,AI12371,0.25,0
r_575,AI10422,0.5,1
r_132,AI05480,0.2,0
r_2366,AI05177,0.5,1
r_174,AI11284,0.25,0
r_89,AI05756,0.25,0
r_2366,AI11959,0.5,1
r_346,AI00822,0.2,0
r_575,AI14295,0.2,0
r_132,AI02339,0.2,0
r_2195,AI11212,0.5,1
r_406,AI06758,0.2,0
r_111,AI05202,0.2,0
r_134,AI06356,0.25,0
r_160,AI09830,0.25,0
r_594,AI12673,0.2,0
r_134,AI03791,0.2,0
r_346,AI06069,0.2,0
r_346,AI06008,0.2,0
r_58,AI01713,0.2,0
r_224,AI00003,0.2,0
r_93,AI02510,0.25,0
r_539,AI01387,0.2,0
r_406,AI02344,0.2,0
r_656,AI09079,0.2,0
r_111,AI10677,0.25,0
r_1773,AI10587,0.5,1
r_224,AI14924,0.5,1
r_209,AI11148,0.2,0
r_209,AI10612,0.2,0
r_346,AI03818,0.2,0
r_93,AI06019,0.25,0
r_1531,AI06694,0.5,1
r_224,AI11900,0.25,0
r_594,AI08291,0.2,0
r_174,AI05964,0.25,0
r_656,AI06561,0.25,0
r_209,AI12884,0.25,0
r_58,AI05933,0.25,0
r_58,AI08945,0.25,0
r_375,AI04200,0.5,1
r_562,AI04181,0.2,0
r_566,AI02584,0.2,0
r_58,AI06136,0.25,0
r_224,AI12772,0.2,0
r_187,AI00154,0.25,0
r_346,AI05355,0.2,0
r_375,AI14287,0.2,0
r_588,AI02438,0.2,0
r_594,AI00562,0.2,0
r_224,AI14039,0.2,0
r_134,AI09091,0.25,0
r_12,AI06599,0.25,0
r_632,AI14775,0.25,0
r_200,AI08099,0.25,0
r_200,AI00913,0.25,0
r_673,AI02097,0.2,0
r_89,AI02518,0.25,0
r_673,AI05766,0.25,0
r_2724,AI09843,0.5,1
r_134,AI00609,0.2,0
r_187,AI13321,0.25,0
r_406,AI14061,0.2,0
r_562,AI14961,0.2,0
r_2235,AI11781,0.5,1
r_346,AI00437,0.25,0
r_187,AI13095,0.25,0
r_89,AI06995,0.25,0
r_656,AI01716,0.25,0
r_160,AI13255,0.25,0
r_12,AI02783,0.2,0
r_160,AI08383,0.5,1
r_200,AI00348,0.25,0
r_111,AI04622,0.2,0
r_93,AI08342,0.2,0
r_224,AI14128,0.2,0
r_599,AI09527,0.25,0
r_503,AI05566,0.2,0
r_594,AI08768,0.25,0
r_2955,AI13808,0.5,1
r_209,AI04852,0.25,0
r_187,AI09342,0.5,1
r_132,AI12447,0.2,0
r_12,AI11006,0.25,0
r_451,AI02467,0.2,0
r_594,AI12243,0.2,0
r_375,AI03483,0.25,0
r_503,AI03667,0.2,0
r_346,AI10700,0.25,0
r_132,AI02452,0.25,0
r_187,AI08063,0.2,0
r_174,AI13210,0.25,0
r_111,AI09614,0.2,0
r_209,AI02919,0.2,0
r_503,AI04469,0.25,0
r_539,AI09010,0.2,0
r_2955,AI12950,0.5,1
r_187,AI02990,0.25,0
r_588,AI09804,0.25,0
r_187,AI03649,0.25,0
r_673,AI08542,0.25,0
r_209,AI09496,0.25,0
r_451,AI10439,0.25,0
r_346,AI12795,0.2,0
r_656,AI11502,0.25,0
r_451,AI13845,0.2,0
r_406,AI03411,0.25,0
r_111,AI03351,0.2,0
r_3011,AI10587,0.5,1
r_209,AI07958,0.2,0
r_200,AI05215,0.2,0
r_575,AI14164,0.25,0
r_632,AI00208,0.2,0
r_134,AI09264,0.25,0
r_632,AI12366,0.2,0
r_575,AI10529,0.2,0
r_134,AI10140,0.2,0
r_111,AI09518,0.25,0
r_93,AI06709,0.2,0
r_134,AI10130,0.25,0
r_134,AI04059,0.25,0
r_93,AI03009,0.2,0
r_588,AI05177,0.5,1
r_632,AI06292,0.2,0
r_134,AI01762,0.2,0
r_594,AI02577,0.25,0
r_1952,AI10238,0.5,1
r_562,AI09785,0.2,0
r_594,AI07984,0.2,0
r_539,AI00365,0.2,0
r_539,AI11893,0.2,0
r_575,AI01387,0.2,0
r_539,AI01216,0.2,0
r_132,AI11755,0.5,1
r_1955,AI13808,0.5,1
r_89,AI11742,0.2,0
r_174,AI05580,0.25,0
r_503,AI04695,0.2,0
r_2366,AI09573,0.5,1
r_134,AI03568,0.2,0
r_174,AI14303,0.25,0
r_599,AI05798,0.25,0
r_539,AI01368,0.2,0
r_503,AI08410,0.2,0
r_451,AI11843,0.25,0
r_132,AI04833,0.2,0
r_134,AI14039,0.2,0
r_561,AI13854,0.25,0
r_562,AI05921,0.25,0
r_1531,AI14320,0.5,1
r_656,AI11950,0.2,0
r_160,AI00063,0.25,0
r_562,AI12077,0.25,0
r_346,AI03484,0.2,0
r_539,AI11477,0.25,0
r_132,AI14031,0.25,0
r_562,AI13512,0.25,0
r_187,AI13908,0.25,0
r_594,AI10305,0.2,0
r_375,AI07257,0.2,0
r_187,AI11444,0.25,0
r_89,AI05884,0.5,1
r_160,AI05129,0.25,0
r_93,AI11875,0.2,0
r_12,AI06365,0.2,0
r_224,AI01547,0.2,0
r_575,AI14116,0.2,0
r_594,AI01445,0.25,0
r_599,AI00990,0.25,0
r_575,AI05469,0.25,0
r_200,AI02233,0.2,0
r_209,AI03568,0.2,0
r_346,AI08916,0.25,0
r_174,AI11491,0.25,0
r_375,AI14927,0.2,0
r_89,AI09937,0.25,0
r_994,AI11212,0.5,1
r_561,AI07900,0.2,0
r_58,AI12073,0.25,0
r_93,AI12825,0.2,0
r_224,AI02459,0.25,0
r_89,AI13361,0.2,0
r_200,AI12237,0.2,0
r_756,AI11748,0.5,1
r_58,AI04994,0.2,0
r_174,AI12802,0.2,0
r_673,AI06267,0.2,0
r_599,AI05129,0.25,0
r_93,AI03762,0.25,0
r_224,AI11269,0.25,0
r_588,AI04679,0.25,0
r_1955,AI03574,0.5,1
r_12,AI04198,0.25,0
r_566,AI10784,0.25,0
r_346,AI10239,0.2,0
r_673,AI05985,0.2,0
r_93,AI06608,0.25,0
r_58,AI01387,0.2,0
r_588,AI01085,0.2,0
r_209,AI03484,0.2,0
r_224,AI07730,0.2,0
r_632,AI09436,0.2,0
r_632,AI03559,0.2,0
r_566,AI08013,0.2,0
r_12,AI04046,0.2,0
r_346,AI13269,0.2,0
r_111,AI04672,0.25,0
r_562,AI03408,0.25,0
r_575,AI12174,0.25,0
r_599,AI07022,0.2,0
r_588,AI02114,0.2,0
r_539,AI00692,0.2,0
r_12,AI06161,0.25,0
r_174,AI10898,0.2,0
r_58,AI11875,0.2,0
r_656,AI03155,0.2,0
r_806,AI11105,0.5,1
r_566,AI11089,0.25,0
r_89,AI13950,0.2,0
r_562,AI01868,0.2,0
r_89,AI13359,0.25,0
r_539,AI08568,0.5,1
r_160,AI11072,0.25,0
r_656,AI07578,0.2,0
r_187,AI03151,0.25,0
r_200,AI06780,0.2,0
r_12,AI04296,0.2,0
r_58,AI04483,0.2,0
r_93,AI14036,0.2,0
r_575,AI10463,0.25,0
r_575,AI04997,0.2,0
r_187,AI00365,0.2,0
r_160,AI11793,0.2,0
r_594,AI00098,0.2,0
r_406,AI07230,0.5,1
r_539,AI04994,0.2,0
r_132,AI10661,0.25,0
r_561,AI10772,0.2,0
r_89,AI02921,0.2,0
r_209,AI14067,0.2,0
r_132,AI01096,0.2,0
r_160,AI04776,0.25,0
r_656,AI06784,0.25,0
r_174,AI12677,0.2,0
r_1027,AI14187,0.5,1
r_58,AI06921,0.2,0
r_132,AI07414,0.25,0
r_566,AI02550,0.25,0
r_561,AI10701,0.2,0
r_12,AI00148,0.2,0
r_174,AI06528,0.25,0
r_346,AI00913,0.25,0
r_134,AI11683,0.2,0
r_93,AI00605,0.2,0
r_12,AI13832,0.2,0
r_561,AI09957,0.2,0
r_575,AI12787,0.25,0
r_346,AI01387,0.2,0
r_111,AI00910,0.25,0
r_200,AI09815,0.2,0
r_12,AI07607,0.2,0
r_1058,AI11755,0.5,1
r_58,AI06773,0.2,0
r_561,AI05891,0.25,0
r_174,AI06430,0.25,0
r_93,AI02800,0.2,0
r_160,AI10542,0.2,0
r_406,AI08174,0.2,0
r_599,AI11285,0.25,0
r_561,AI11784,0.25,0
r_132,AI03146,0.25,0
r_656,AI10363,0.25,0
r_566,AI11422,0.25,0
r_503,AI11987,0.2,0
r_562,AI00050,0.2,0
r_594,AI10881,0.25,0
r_224,AI13084,0.2,0
r_588,AI03818,0.2,0
r_187,AI05190,0.2,0
r_200,AI07857,0.25,0
r_375,AI02418,0.2,0
r_599,AI11781,0.5,1
r_2667,AI05301,0.5,1
r_539,AI05254,0.25,0
r_200,AI06773,0.2,0
r_111,AI07165,0.2,0
r_89,AI04143,0.25,0
r_561,AI06407,0.2,0
r_89,AI10919,0.2,0
r_406,AI11061,0.25,0
r_346,AI02299,0.25,0
r_132,AI08179,0.25,0
r_406,AI02584,0.2,0
r_656,AI14528,0.2,0
r_111,AI06238,0.25,0
r_539,AI00817,0.25,0
r_575,AI07257,0.2,0
r_539,AI12766,0.2,0
r_561,AI10422,0.5,1
r_599,AI02898,0.25,0
r_111,AI00243,0.25,0
r_58,AI11032,0.2,0
r_134,AI05009,0.2,0
r_632,AI11233,0.25,0
r_575,AI05471,0.25,0
r_224,AI03761,0.2,0
r_503,AI10239,0.2,0
r_406,AI10422,0.5,1
r_132,AI09941,0.25,0
r_187,AI10235,0.2,0
r_209,AI11281,0.2,0
r_575,AI02678,0.25,0
r_451,AI07253,0.2,0
r_632,AI00365,0.2,0
r_594,AI11811,0.25,0
r_89,AI06038,0.2,0
r_588,AI14426,0.25,0
r_224,AI01790,0.2,0
r_594,AI11168,0.25,0
r_375,AI10422,0.5,1
r_562,AI01159,0.25,0
r_174,AI09641,0.2,0
r_599,AI04327,0.25,0
r_2088,AI01045,0.5,1
r_599,AI09394,0.2,0
r_134,AI02704,0.25,0
r_134,AI13807,0.25,0
r_673,AI04092,0.2,0
r_1205,AI08568,0.5,1
r_111,AI13473,0.2,0
r_599,AI08099,0.25,0
r_656,AI09810,0.2,0
r_561,AI08993,0.2,0
r_451,AI08282,0.2,0
r_132,AI09149,0.25,0
r_12,AI00498,0.2,0
r_539,AI10322,0.25,0
r_346,AI03843,0.25,0
r_93,AI13000,0.2,0
r_673,AI05130,0.2,0
r_58,AI05631,0.2,0
r_503,AI09662,0.2,0
r_89,AI14734,0.25,0
r_406,AI06530,0.25,0
r_632,AI05566,0.2,0
r_89,AI05637,0.2,0
r_134,AI01451,0.25,0
r_134,AI01145,0.25,0
r_174,AI02436,0.2,0
r_89,AI04834,0.25,0
r_209,AI12105,0.2,0
r_93,AI14666,0.25,0
r_632,AI10551,0.5,1
r_134,AI13965,0.25,0
r_174,AI11034,0.2,0
r_132,AI05933,0.25,0
r_134,AI11734,0.25,0
r_209,AI14828,0.2,0
r_599,AI11875,0.2,0
r_132,AI00002,0.2,0
r_451,AI08647,0.2,0
r_209,AI07921,0.25,0
r_346,AI12182,0.2,0
r_561,AI01598,0.25,0
r_539,AI10342,0.2,0
r_12,AI05691,0.2,0
r_93,AI08531,0.2,0
r_632,AI11760,0.25,0
r_599,AI11583,0.25,0
r_132,AI12787,0.25,0
r_132,AI10272,0.25,0
r_200,AI08982,0.25,0
r_2155,AI07230,0.5,1
r_12,AI01540,0.25,0
r_575,AI05819,0.2,0
r_1568,AI11755,0.5,1
r_89,AI10757,0.2,0
r_503,AI01735,0.25,0
r_566,AI00761,0.2,0
r_134,AI13919,0.25,0
r_566,AI09355,0.25,0
r_209,AI09643,0.25,0
r_562,AI10173,0.2,0
r_575,AI05891,0.25,0
r_224,AI03930,0.25,0
r_58,AI05471,0.25,0
r_111,AI01360,0.5,1
r_599,AI00327,0.25,0
r_346,AI14610,0.2,0
r_134,AI08993,0.2,0
r_562,AI00820,0.25,0
r_132,AI14714,0.2,0
r_58,AI11089,0.25,0
r_134,AI13636,0.2,0
r_200,AI08344,0.2,0
r_562,AI11718,0.25,0
r_200,AI01988,0.2,0
r_187,AI10239,0.2,0
r_132,AI06515,0.25,0
r_58,AI13197,0.25,0
r_969,AI06694,0.5,1
r_134,AI11189,0.25,0
r_588,AI11090,0.25,0
r_599,AI05426,0.2,0
r_503,AI14018,0.2,0
r_1955,AI00886,0.5,1
r_224,AI07050,0.25,0
r_224,AI04585,0.2,0
r_134,AI05248,0.2,0
r_503,AI14594,0.25,0
r_187,AI05568,0.5,1
r_111,AI07156,0.25,0
r_632,AI08875,0.2,0
r_12,AI14438,0.25,0
r_58,AI09573,0.5,1
r_132,AI00447,0.2,0
r_200,AI08297,0.25,0
r_3011,AI02466,0.5,1
r_406,AI02424,0.2,0
r_209,AI01310,0.2,0
r_187,AI12723,0.2,0
r_594,AI06488,0.2,0
r_12,AI02444,0.25,0
r_187,AI06773,0.2,0
r_673,AI06058,0.2,0
r_575,AI02856,0.2,0
r_187,AI05518,0.2,0
r_406,AI00327,0.25,0
r_1551,AI01360,0.5,1
r_588,AI09810,0.2,0
r_134,AI14466,0.2,0
r_58,AI12452,0.2,0
r_346,AI04640,0.2,0
r_187,AI06143,0.2,0
r_588,AI05799,0.25,0
r_451,AI04766,0.25,0
r_12,AI04059,0.25,0
r_656,AI14787,0.25,0
r_111,AI07291,0.2,0
r_134,AI12276,0.2,0
r_503,AI01479,0.2,0
r_656,AI09052,0.2,0
r_174,AI13806,0.2,0
r_89,AI12174,0.25,0
r_132,AI07201,0.25,0
r_160,AI14445,0.2,0
r_673,AI00100,0.2,0
r_89,AI14637,0.25,0
r_2953,AI07910,0.5,1
r_224,AI04078,0.25,0
r_58,AI07832,0.25,0
r_160,AI12034,0.25,0
r_224,AI12722,0.25,0
r_562,AI06561,0.25,0
r_539,AI00913,0.25,0
r_503,AI11793,0.2,0
r_406,AI12288,0.2,0
r_93,AI12371,0.25,0
r_111,AI01491,0.25,0
r_209,AI04132,0.25,0
r_209,AI13730,0.2,0
r_209,AI01825,0.2,0
r_575,AI14367,0.2,0
r_187,AI13777,0.2,0
r_406,AI12784,0.2,0
r_656,AI11101,0.25,0
r_539,AI00230,0.2,0
r_632,AI07860,0.2,0
r_89,AI09274,0.25,0
r_575,AI13341,0.25,0
r_566,AI03949,0.25,0
r_375,AI01716,0.25,0
r_12,AI04427,0.25,0
r_93,AI10772,0.2,0
r_174,AI04311,0.2,0
r_375,AI14686,0.2,0
r_588,AI11522,0.25,0
r_588,AI04469,0.25,0
r_673,AI07645,0.5,1
r_111,AI02054,0.5,1
r_994,AI10422,0.5,1
r_58,AI00057,0.25,0
r_599,AI01051,0.25,0
r_539,AI10714,0.25,0
r_12,AI06100,0.25,0
r_969,AI02239,0.5,1
r_594,AI12953,0.25,0
r_594,AI03287,0.25,0
r_12,AI08188,0.2,0
r_224,AI07592,0.25,0
r_187,AI11060,0.25,0
r_187,AI01588,0.25,0
r_792,AI14362,0.5,1
r_58,AI10463,0.25,0
r_561,AI03189,0.25,0
r_224,AI06105,0.2,0
r_58,AI05012,0.2,0
r_503,AI12803,0.25,0
r_503,AI09603,0.25,0
r_375,AI05197,0.25,0
r_599,AI02988,0.25,0
r_588,AI14746,0.25,0
r_588,AI02182,0.2,0
r_111,AI01643,0.2,0
r_200,AI05131,0.2,0
r_174,AI14266,0.2,0
r_406,AI07165,0.2,0
r_2940,AI06832,0.5,1
r_12,AI04364,0.25,0
r_12,AI08888,0.25,0
r_673,AI06108,0.2,0
r_539,AI13321,0.25,0
r_58,AI14911,0.2,0
r_12,AI03133,0.25,0
r_224,AI03148,0.25,0
r_12,AI13687,0.25,0
r_134,AI13445,0.2,0
r_599,AI02510,0.25,0
r_562,AI01731,0.2,0
r_346,AI04761,0.2,0
r_12,AI08044,0.25,0
r_575,AI01479,0.2,0
r_632,AI12511,0.25,0
r_632,AI05160,0.25,0
r_673,AI03989,0.25,0
r_58,AI08519,0.2,0
r_673,AI02634,0.25,0
r_2136,AI07687,0.5,1
r_58,AI11712,0.2,0
r_209,AI00681,0.25,0
r_599,AI00994,0.2,0
r_632,AI01737,0.2,0
r_562,AI06692,0.2,0
r_58,AI12262,0.2,0
r_539,AI02782,0.25,0
r_209,AI10944,0.25,0
r_160,AI08007,0.25,0
r_134,AI06054,0.2,0
r_174,AI05742,0.25,0
r_12,AI10876,0.25,0
r_12,AI08653,0.25,0
r_187,AI11285,0.25,0
r_566,AI11769,0.25,0
r_111,AI08844,0.2,0
r_58,AI05338,0.25,0
r_12,AI10521,0.2,0
r_111,AI09171,0.25,0
r_160,AI11558,0.2,0
r_561,AI07877,0.2,0
r_539,AI01564,0.25,0
r_89,AI03966,0.25,0
r_539,AI14585,0.25,0
r_174,AI09602,0.25,0
r_209,AI03091,0.2,0
r_562,AI14324,0.2,0
r_160,AI08063,0.2,0
r_406,AI06874,0.25,0
r_594,AI01836,0.2,0
r_539,AI13758,0.25,0
r_187,AI09815,0.2,0
r_111,AI01566,0.2,0
r_132,AI01930,0.25,0
r_566,AI11326,0.2,0
r_111,AI10542,0.2,0
r_575,AI06008,0.2,0
r_174,AI11099,0.2,0
r_451,AI00366,0.25,0
r_134,AI00910,0.25,0
r_111,AI07269,0.25,0
r_588,AI14768,0.25,0
r_673,AI04705,0.25,0
r_406,AI09899,0.2,0
r_451,AI06855,0.25,0
r_594,AI11567,0.25,0
r_503,AI12182,0.2,0
r_1811,AI09286,0.5,1
r_406,AI01085,0.2,0
r_588,AI14535,0.25,0
r_406,AI06029,0.2,0
r_58,AI01253,0.25,0
r_566,AI07448,0.25,0
r_561,AI12208,0.2,0
r_673,AI06239,0.5,1
r_673,AI12605,0.25,0
r_224,AI02592,0.2,0
r_575,AI09879,0.2,0
r_209,AI13849,0.25,0
r_200,AI03203,0.2,0
r_209,AI05850,0.25,0
r_406,AI05376,0.25,0
r_200,AI04287,0.25,0
r_2848,AI10551,0.5,1
r_375,AI04065,0.25,0
r_575,AI00579,0.2,0
r_562,AI02782,0.25,0
r_89,AI08171,0.25,0
r_134,AI08391,0.25,0
r_93,AI09232,0.2,0
r_174,AI05118,0.25,0
r_539,AI03358,0.2,0
r_632,AI03795,0.25,0
r_93,AI01387,0.2,0
r_599,AI06480,0.25,0
r_406,AI09957,0.2,0
r_594,AI11751,0.2,0
r_451,AI09840,0.25,0
r_93,AI08458,0.25,0
r_656,AI02826,0.25,0
r_1811,AI00156,0.5,1
r_160,AI00172,0.2,0
r_594,AI08705,0.5,1
r_187,AI05319,0.2,0
r_632,AI04819,0.25,0
r_2292,AI04896,0.5,1
r_89,AI00723,0.2,0
r_111,AI07399,0.2,0
r_566,AI14558,0.25,0
r_160,AI09342,0.5,1
r_224,AI06510,0.2,0
r_539,AI10880,0.25,0
r_12,AI08344,0.2,0
r_12,AI12719,0.2,0
r_594,AI07257,0.2,0
r_562,AI04190,0.2,0
r_562,AI00946,0.25,0
r_632,AI02673,0.25,0
r_375,AI02988,0.25,0
r_209,AI13260,0.2,0
r_2922,AI05177,0.5,1
r_174,AI00874,0.2,0
r_187,AI00007,0.5,1
r_187,AI13157,0.25,0
r_134,AI02935,0.2,0
r_575,AI10233,0.25,0
r_89,AI13023,0.2,0
r_566,AI13594,0.25,0
r_575,AI01431,0.2,0
r_2366,AI09066,0.5,1
r_346,AI07220,0.25,0
r_224,AI09171,0.25,0
r_566,AI08339,0.25,0
r_134,AI03440,0.25,0
r_375,AI06715,0.2,0
r_224,AI13435,0.5,1
r_224,AI01989,0.2,0
r_160,AI04997,0.2,0
r_12,AI10909,0.25,0
r_134,AI00656,0.25,0
r_1952,AI14063,0.5,1
r_673,AI14604,0.25,0
r_632,AI14981,0.2,0
r_134,AI11900,0.25,0
r_656,AI00867,0.2,0
r_566,AI07860,0.2,0
r_451,AI13878,0.25,0
r_58,AI06530,0.25,0
r_58,AI10388,0.25,0
r_588,AI01500,0.25,0
r_588,AI05481,0.2,0
r_132,AI03328,0.2,0
r_575,AI11747,0.2,0
r_132,AI09566,0.2,0
r_375,AI03484,0.2,0
r_12,AI10444,0.2,0
r_224,AI09091,0.25,0
r_406,AI02826,0.25,0
r_1027,AI10587,0.5,1
r_224,AI01988,0.2,0
r_539,AI04105,0.2,0
r_346,AI01437,0.2,0
r_132,AI06811,0.2,0
r_503,AI09442,0.25,0
r_346,AI12138,0.25,0
r_174,AI00758,0.2,0
r_174,AI01879,0.25,0
r_89,AI13994,0.2,0
r_566,AI10239,0.2,0
r_561,AI13810,0.2,0
r_2509,AI00886,0.5,1
r_93,AI01186,0.25,0
r_187,AI12363,0.25,0
r_160,AI03634,0.25,0
r_503,AI12875,0.25,0
r_406,AI14881,0.25,0
r_539,AI09669,0.2,0
r_346,AI07423,0.25,0
r_160,AI01517,0.2,0
r_594,AI12025,0.25,0
r_132,AI00866,0.2,0
r_375,AI00820,0.25,0
r_375,AI02942,0.25,0
r_2716,AI10768,0.5,1
r_539,AI06869,0.25,0
r_575,AI03328,0.2,0
r_187,AI12393,0.25,0
r_58,AI08630,0.25,0
r_346,AI11805,0.25,0
r_566,AI03161,0.2,0
r_588,AI11950,0.2,0
r_599,AI03610,0.2,0
r_656,AI13645,0.2,0
r_224,AI03616,0.25,0
r_93,AI10944,0.25,0
r_93,AI11827,0.25,0
r_594,AI12041,0.25,0
r_562,AI03949,0.25,0
r_134,AI10714,0.25,0
r_599,AI04798,0.25,0
r_2235,AI10422,0.5,1
r_209,AI11730,0.25,0
r_346,AI01868,0.2,0
r_200,AI09701,0.2,0
r_2953,AI10434,0.5,1
r_2895,AI05568,0.5,1
r_346,AI00045,0.5,1
r_200,AI13101,0.25,0
r_673,AI05278,0.2,0
r_160,AI14234,0.2,0
r_562,AI01716,0.25,0
r_632,AI13214,0.25,0
r_406,AI01778,0.2,0
r_346,AI06449,0.25,0
r_539,AI08864,0.25,0
r_656,AI01228,0.2,0
r_174,AI04367,0.25,0
r_594,AI09211,0.25,0
r_89,AI14720,0.25,0
r_187,AI06692,0.2,0
r_375,AI09307,0.25,0
r_58,AI05801,0.25,0
r_111,AI10516,0.2,0
r_539,AI14324,0.2,0
r_12,AI14459,0.2,0
r_406,AI06402,0.2,0
r_503,AI11558,0.2,0
r_174,AI10932,0.25,0
r_134,AI04377,0.2,0
r_594,AI13982,0.25,0
r_539,AI08037,0.2,0
r_200,AI10342,0.2,0
r_346,AI06234,0.2,0
r_562,AI13464,0.2,0
r_406,AI13619,0.25,0
r_451,AI13619,0.25,0
r_187,AI03843,0.25,0
r_561,AI07660,0.25,0
r_1952,AI11212,0.5,1
r_561,AI06589,0.25,0
r_539,AI11507,0.25,0
r_58,AI13758,0.25,0
r_632,AI10449,0.25,0
r_89,AI04081,0.2,0
r_1773,AI05301,0.5,1
r_58,AI08962,0.2,0
r_134,AI14269,0.2,0
r_375,AI06903,0.2,0
r_93,AI11776,0.25,0
r_503,AI01838,0.25,0
r_89,AI06839,0.25,0
r_174,AI04357,0.2,0
r_160,AI11588,0.2,0
r_539,AI05867,0.2,0
r_132,AI07032,0.2,0
r_503,AI13134,0.2,0
r_346,AI07638,0.25,0
r_111,AI00007,0.5,1
r_12,AI14466,0.2,0
r_89,AI02947,0.25,0
r_111,AI13645,0.2,0
r_160,AI10363,0.25,0
r_2489,AI01360,0.5,1
r_200,AI05866,0.25,0
r_12,AI03930,0.25,0
r_111,AI06350,0.25,0
r_783,AI11959,0.5,1
r_187,AI09966,0.25,0
r_562,AI13316,0.25,0
r_160,AI10024,0.25,0
r_58,AI06200,0.2,0
r_2895,AI09066,0.5,1
r_503,AI00183,0.25,0
r_588,AI09436,0.2,0
r_561,AI11051,0.25,0
r_134,AI03226,0.2,0
r_111,AI03787,0.25,0
r_160,AI04766,0.25,0
r_594,AI12303,0.25,0
r_93,AI08266,0.25,0
r_111,AI01731,0.2,0
r_566,AI03787,0.25,0
r_89,AI05740,0.25,0
r_12,AI04752,0.25,0
r_632,AI05376,0.25,0
r_632,AI03358,0.2,0
r_132,AI10173,0.2,0
r_12,AI11939,0.25,0
r_224,AI10016,0.25,0
r_566,AI07954,0.2,0
r_588,AI08354,0.25,0
r_346,AI00926,0.25,0
r_562,AI12382,0.25,0
r_594,AI04074,0.25,0
r_2724,AI11725,0.5,1
r_187,AI02189,0.2,0
r_561,AI02280,0.2,0
r_599,AI11902,0.25,0
r_132,AI10932,0.25,0
r_2937,AI07910,0.5,1
r_12,AI01916,0.25,0
r_89,AI10876,0.25,0
r_134,AI06544,0.25,0
r_632,AI07220,0.25,0
r_594,AI12856,0.2,0
r_561,AI04091,0.25,0
r_2955,AI06694,0.5,1
r_451,AI03182,0.25,0
r_346,AI14655,0.25,0
r_503,AI01737,0.2,0
r_375,AI08945,0.25,0
r_200,AI05754,0.2,0
r_89,AI00537,0.25,0
r_406,AI13777,0.2,0
r_503,AI06515,0.25,0
r_346,AI03787,0.25,0
r_562,AI04098,0.2,0
r_187,AI13531,0.25,0
r_562,AI11051,0.25,0
r_3002,AI08237,0.5,1
r_562,AI06514,0.25,0
r_132,AI09383,0.25,0
r_656,AI14441,0.25,0
r_134,AI01474,0.5,1
r_503,AI09232,0.2,0
r_594,AI01310,0.2,0
r_12,AI00607,0.25,0
r_89,AI02919,0.2,0
r_594,AI13822,0.25,0
r_451,AI10342,0.2,0
r_132,AI04504,0.25,0
r_575,AI13643,0.2,0
r_594,AI09566,0.2,0
r_566,AI06993,0.2,0
r_503,AI03965,0.25,0
r_134,AI08000,0.2,0
r_187,AI03358,0.2,0
r_132,AI02782,0.25,0
r_566,AI05131,0.2,0
r_599,AI05429,0.2,0
r_160,AI06062,0.2,0
r_58,AI02833,0.25,0
r_561,AI11747,0.2,0
r_375,AI05709,0.25,0
r_588,AI10397,0.2,0
r_346,AI09526,0.25,0
r_160,AI06569,0.2,0
r_588,AI06407,0.2,0
r_174,AI03703,0.25,0
r_12,AI11900,0.25,0
r_588,AI11190,0.25,0
r_451,AI03033,0.2,0
r_174,AI03708,0.2,0
r_588,AI14307,0.25,0
r_451,AI10315,0.2,0
r_93,AI10449,0.25,0
r_406,AI06363,0.2,0
r_93,AI01159,0.25,0
r_346,AI12521,0.25,0
r_174,AI00378,0.2,0
r_134,AI08883,0.2,0
r_566,AI04970,0.25,0
r_174,AI10621,0.25,0
r_12,AI12010,0.2,0
r_89,AI05129,0.25,0
r_406,AI07473,0.25,0
r_632,AI04065,0.25,0
r_566,AI04065,0.25,0
r_89,AI09039,0.2,0
r_575,AI08440,0.2,0
r_575,AI03139,0.25,0
r_632,AI06993,0.2,0
r_187,AI02067,0.2,0
r_406,AI09994,0.25,0
r_89,AI01909,0.25,0
r_346,AI09995,0.2,0
r_174,AI07452,0.2,0
r_561,AI06292,0.2,0
r_375,AI14402,0.2,0
r_58,AI02057,0.25,0
r_160,AI10715,0.2,0
r_575,AI01589,0.2,0
r_224,AI09848,0.25,0
r_1724,AI08383,0.5,1
r_187,AI09566,0.2,0
r_93,AI07257,0.2,0
r_451,AI12077,0.25,0
r_632,AI13758,0.25,0
r_503,AI07857,0.25,0
r_503,AI12825,0.2,0
r_160,AI02098,0.2,0
r_209,AI02739,0.25,0
r_406,AI04113,0.2,0
r_594,AI07021,0.2,0
r_2155,AI02466,0.5,1
r_93,AI11730,0.25,0
r_588,AI05635,0.2,0
r_1640,AI11490,0.5,1
r_1955,AI04722,0.5,1
r_93,AI08804,0.25,0
r_406,AI06449,0.25,0
r_209,AI07663,0.25,0
r_451,AI09137,0.25,0
r_599,AI09957,0.2,0
r_224,AI14637,0.25,0
r_1417,AI09286,0.5,1
r_1261,AI02466,0.5,1
r_783,AI13736,0.5,1
r_187,AI09879,0.2,0
r_375,AI05425,0.2,0
r_406,AI06508,0.2,0
r_562,AI05423,0.2,0
r_566,AI06171,0.2,0
r_209,AI07637,0.2,0
r_132,AI11644,0.25,0
r_224,AI00747,0.2,0
r_132,AI09685,0.25,0
r_93,AI05006,0.2,0
r_58,AI08061,0.2,0
r_539,AI10715,0.2,0
r_187,AI12214,0.25,0
r_656,AI02114,0.2,0
r_160,AI13086,0.2,0
r_599,AI07453,0.25,0
r_594,AI13848,0.2,0
r_58,AI01949,0.25,0
r_566,AI08699,0.25,0
r_562,AI07463,0.25,0
r_224,AI01911,0.25,0
r_174,AI13690,0.2,0
r_12,AI08134,0.25,0
r_588,AI05391,0.2,0
r_2155,AI12760,0.5,1
r_656,AI12783,0.25,0
r_93,AI00082,0.25,0
r_89,AI05582,0.25,0
r_2602,AI10434,0.5,1
r_134,AI12303,0.25,0
r_503,AI01233,0.25,0
r_656,AI12319,0.2,0
r_209,AI06527,0.25,0
r_588,AI02192,0.2,0
r_539,AI02898,0.25,0
r_503,AI12499,0.25,0
r_111,AI14140,0.25,0
r_632,AI08832,0.2,0
r_209,AI09475,0.2,0
r_160,AI06212,0.25,0
r_594,AI12010,0.2,0
r_594,AI13817,0.2,0
r_632,AI06069,0.2,0
r_187,AI03296,0.25,0
r_224,AI01860,0.2,0
r_594,AI08999,0.25,0
r_200,AI07372,0.25,0
r_539,AI10677,0.25,0
r_594,AI09030,0.25,0
r_187,AI06530,0.25,0
r_588,AI02988,0.25,0
r_594,AI03426,0.25,0
r_575,AI06601,0.25,0
r_12,AI05046,0.25,0
r_566,AI04562,0.2,0
r_599,AI05990,0.2,0
r_375,AI05192,0.2,0
r_632,AI12138,0.25,0
r_575,AI07724,0.2,0
r_632,AI13670,0.25,0
r_588,AI01703,0.2,0
r_539,AI12384,0.25,0
r_187,AI09858,0.2,0
r_406,AI05534,0.25,0
r_594,AI11300,0.2,0
r_656,AI07745,0.25,0
r_209,AI01762,0.2,0
r_160,AI14528,0.2,0
r_132,AI03762,0.25,0
r_134,AI10178,0.25,0
r_406,AI06569,0.2,0
r_562,AI13606,0.25,0
r_12,AI05539,0.2,0
r_656,AI01541,0.25,0
r_134,AI06480,0.25,0
r_594,AI14774,0.2,0
r_3002,AI05183,0.5,1
r_134,AI09972,0.2,0
r_132,AI05012,0.2,0
r_656,AI05202,0.2,0
r_58,AI02329,0.25,0
r_132,AI01731,0.2,0
r_594,AI01989,0.2,0
r_89,AI13176,0.25,0
r_406,AI07087,0.2,0
r_963,AI05183,0.5,1
r_375,AI07296,0.2,0
r_588,AI00230,0.2,0
r_539,AI02807,0.25,0
r_134,AI08434,0.2,0
r_12,AI00553,0.2,0
r_375,AI09899,0.2,0
r_451,AI11620,0.2,0
r_539,AI14792,0.2,0
r_566,AI13367,0.25,0
r_132,AI00553,0.2,0
r_656,AI04896,0.5,1
r_575,AI10015,0.25,0
r_132,AI08679,0.25,0
r_503,AI09966,0.25,0
r_792,AI11781,0.5,1
r_2264,AI11781,0.5,1
r_599,AI13754,0.25,0
r_451,AI05066,0.2,0
r_160,AI01159,0.25,0
r_599,AI07857,0.25,0
r_451,AI01735,0.25,0
r_656,AI14236,0.25,0
r_200,AI00457,0.2,0
r_346,AI13985,0.25,0
r_224,AI06739,0.25,0
r_1426,AI14063,0.5,1
r_588,AI07293,0.25,0
r_588,AI12447,0.2,0
r_174,AI04543,0.25,0
r_594,AI07193,0.2,0
r_451,AI13728,0.2,0
r_200,AI05319,0.2,0
r_588,AI00604,0.25,0
r_673,AI09325,0.25,0
r_89,AI10917,0.25,0
r_969,AI10940,0.5,1
r_111,AI06589,0.25,0
r_132,AI03322,0.25,0
r_346,AI08889,0.2,0
r_134,AI10886,0.2,0
r_200,AI05799,0.25,0
r_562,AI05033,0.25,0
r_632,AI06580,0.2,0
r_375,AI05772,0.25,0
r_93,AI02418,0.2,0
r_209,AI12174,0.25,0
r_89,AI12152,0.2,0
r_132,AI14445,0.2,0
r_346,AI05631,0.2,0
r_346,AI09383,0.25,0
r_134,AI06283,0.2,0
r_132,AI04018,0.25,0
r_200,AI10587,0.5,1
r_58,AI12856,0.2,0
r_200,AI03161,0.2,0
r_160,AI12930,0.25,0
r_656,AI11767,0.2,0
r_346,AI03531,0.25,0
r_200,AI10772,0.2,0
r_632,AI13512,0.25,0
r_93,AI03770,0.25,0
r_58,AI12069,0.2,0
r_134,AI14176,0.25,0
r_594,AI00886,0.5,1
r_503,AI07150,0.2,0
r_594,AI09319,0.2,0
r_2284,AI09342,0.5,1
r_503,AI12593,0.25,0
r_89,AI07726,0.2,0
r_111,AI07753,0.2,0
r_406,AI00553,0.2,0
r_561,AI10767,0.2,0
r_632,AI12927,0.25,0
r_561,AI02807,0.25,0
r_224,AI13693,0.25,0
r_89,AI00279,0.2,0
r_93,AI00616,0.2,0
r_12,AI01620,0.25,0
r_160,AI09655,0.2,0
r_160,AI10516,0.2,0
r_566,AI12155,0.25,0
r_562,AI03155,0.2,0
r_539,AI05531,0.25,0
r_656,AI03889,0.25,0
r_160,AI12073,0.25,0
r_406,AI03358,0.2,0
r_963,AI10648,0.5,1
r_346,AI09134,0.25,0
r_1417,AI09066,0.5,1
r_93,AI03076,0.2,0
r_539,AI05350,0.25,0
r_12,AI14432,0.25,0
r_160,AI01564,0.25,0
r_562,AI02630,0.25,0
r_575,AI10363,0.25,0
r_561,AI12138,0.25,0
r_1197,AI05301,0.5,1
r_1551,AI13736,0.5,1
r_12,AI08331,0.2,0
r_160,AI08133,0.2,0
r_539,AI08782,0.2,0
r_174,AI02386,0.2,0
r_575,AI14386,0.2,0
r_200,AI02387,0.2,0
r_2940,AI11748,0.5,1
r_174,AI03759,0.2,0
r_200,AI01888,0.2,0
r_12,AI10672,0.25,0
r_134,AI12932,0.2,0
r_594,AI05693,0.25,0
r_562,AI07900,0.2,0
r_562,AI11154,0.25,0
r_174,AI10585,0.2,0
r_160,AI09171,0.25,0
r_656,AI01564,0.25,0
r_406,AI14238,0.25,0
r_187,AI14026,0.2,0
r_174,AI12007,0.2,0
r_451,AI07758,0.25,0
r_93,AI11502,0.25,0
r_58,AI11893,0.2,0
r_209,AI04489,0.2,0
r_132,AI14324,0.2,0
r_673,AI08230,0.25,0
r_89,AI00910,0.25,0
r_632,AI01790,0.2,0
r_562,AI10257,0.25,0
r_539,AI06363,0.2,0
r_111,AI09052,0.2,0
r_673,AI08136,0.2,0
r_3011,AI09573,0.5,1
r_209,AI10894,0.25,0
r_1027,AI00156,0.5,1
r_575,AI06204,0.2,0
r_111,AI04761,0.2,0
r_588,AI14658,0.25,0
r_539,AI09566,0.2,0
r_346,AI03236,0.2,0
r_2509,AI11725,0.5,1
r_224,AI06503,0.2,0
r_93,AI02161,0.2,0
r_134,AI14654,0.25,0
r_594,AI12485,0.25,0
r_134,AI14331,0.2,0
r_2603,AI11781,0.5,1
r_89,AI01071,0.25,0
r_224,AI05749,0.25,0
r_2284,AI10551,0.5,1
r_2638,AI08568,0.5,1
r_406,AI13000,0.2,0
r_224,AI01211,0.25,0
r_561,AI10932,0.25,0
r_200,AI04766,0.25,0
r_599,AI14957,0.25,0
r_200,AI09372,0.2,0
r_406,AI03590,0.25,0
r_12,AI01109,0.25,0
r_656,AI11061,0.25,0
r_566,AI12386,0.25,0
r_594,AI05850,0.25,0
r_599,AI07745,0.25,0
r_209,AI06989,0.2,0
r_132,AI10270,0.2,0
r_656,AI01033,0.25,0
r_562,AI09134,0.25,0
r_93,AI14600,0.25,0
r_224,AI11925,0.2,0
r_160,AI04041,0.2,0
r_599,AI01665,0.25,0
r_12,AI13228,0.25,0
r_111,AI05190,0.2,0
r_656,AI08581,0.25,0
r_58,AI08246,0.25,0
r_132,AI06274,0.2,0
r_346,AI13728,0.2,0
r_2724,AI10457,0.5,1
r_566,AI02339,0.2,0
r_89,AI01183,0.25,0
r_599,AI05073,0.2,0
r_575,AI10551,0.5,1
r_346,AI05108,0.2,0
r_599,AI03818,0.2,0
r_187,AI02567,0.25,0
r_134,AI06920,0.25,0
r_209,AI07709,0.2,0
r_346,AI12262,0.2,0
r_451,AI13908,0.25,0
r_451,AI14562,0.2,0
r_503,AI09427,0.2,0
r_346,AI12839,0.25,0
r_1568,AI08568,0.5,1
r_174,AI06618,0.2,0
r_89,AI00353,0.25,0
r_58,AI01533,0.2,0
r_566,AI04499,0.25,0
r_451,AI02144,0.25,0
r_656,AI09237,0.25,0
r_562,AI08844,0.2,0
r_1640,AI08429,0.5,1
r_539,AI10820,0.25,0
r_134,AI11236,0.2,0
r_200,AI01604,0.2,0
r_2895,AI00007,0.5,1
r_594,AI12300,0.2,0
r_346,AI10272,0.25,0
r_575,AI08916,0.25,0
r_187,AI05508,0.25,0
r_632,AI10291,0.25,0
r_2922,AI14187,0.5,1
r_566,AI10826,0.2,0
r_209,AI14924,0.5,1
r_346,AI13935,0.2,0
r_575,AI04651,0.2,0
r_58,AI06580,0.2,0
r_575,AI06530,0.25,0
r_134,AI08219,0.5,1
r_209,AI08937,0.2,0
r_451,AI07832,0.25,0
r_2264,AI06825,0.5,1
r_12,AI02217,0.2,0
r_594,AI10702,0.2,0
r_375,AI14362,0.5,1
r_89,AI09549,0.25,0
r_375,AI03161,0.2,0
r_588,AI09858,0.2,0
r_174,AI03560,0.2,0
r_134,AI02712,0.25,0
r_594,AI09380,0.2,0
r_599,AI13495,0.25,0
r_174,AI02620,0.25,0
r_209,AI03599,0.25,0
r_187,AI04469,0.25,0
r_12,AI05577,0.2,0
r_599,AI05423,0.2,0
r_632,AI04997,0.2,0
r_209,AI08605,0.25,0
r_575,AI04469,0.25,0
r_575,AI09953,0.25,0
r_561,AI09237,0.25,0
r_562,AI13758,0.25,0
r_93,AI05831,0.25,0
r_632,AI09286,0.5,1
r_451,AI05160,0.25,0
r_209,AI09737,0.2,0
r_599,AI09685,0.25,0
r_375,AI03042,0.2,0
r_209,AI08057,0.2,0
r_599,AI10302,0.25,0
r_111,AI03328,0.2,0
r_224,AI08278,0.25,0
r_2136,AI01770,0.5,1
r_632,AI06200,0.2,0
r_594,AI03430,0.2,0
r_132,AI09436,0.2,0
r_134,AI08097,0.2,0
r_160,AI00415,0.2,0
r_134,AI13081,0.2,0
r_1955,AI13435,0.5,1
r_503,AI10828,0.2,0
r_656,AI05866,0.25,0
r_632,AI06780,0.2,0
r_406,AI11246,0.25,0
r_346,AI06825,0.5,1
r_1774,AI12950,0.5,1
r_200,AI09858,0.2,0
r_575,AI00817,0.25,0
r_594,AI01107,0.5,1
r_1205,AI13736,0.5,1
r_187,AI09899,0.2,0
r_503,AI07201,0.25,0
r_93,AI09941,0.25,0
r_111,AI03759,0.2,0
r_1702,AI03742,0.5,1
r_588,AI03320,0.2,0
r_12,AI03568,0.2,0
r_656,AI05450,0.2,0
r_994,AI11490,0.5,1
r_575,AI01913,0.25,0
r_346,AI07399,0.2,0
r_539,AI08061,0.2,0
r_132,AI05365,0.25,0
r_89,AI03261,0.25,0
r_561,AI02339,0.2,0
r_1417,AI10551,0.5,1
r_187,AI08519,0.2,0
r_599,AI05458,0.2,0
r_566,AI04651,0.2,0
r_1955,AI14781,0.5,1
r_406,AI00348,0.25,0
r_451,AI14423,0.2,0
r_673,AI12184,0.2,0
r_174,AI08428,0.2,0
r_134,AI05998,0.2,0
r_200,AI01763,0.2,0
r_632,AI11643,0.25,0
r_111,AI07860,0.2,0
r_632,AI08126,0.25,0
r_503,AI07952,0.2,0
r_594,AI06048,0.25,0
r_406,AI04931,0.2,0
r_111,AI11101,0.25,0
r_111,AI02562,0.25,0
r_187,AI11904,0.25,0
r_160,AI09138,0.2,0
r_187,AI06703,0.2,0
r_132,AI08699,0.25,0
r_562,AI09476,0.25,0
r_2848,AI14362,0.5,1
r_160,AI12697,0.25,0
r_632,AI09079,0.2,0
r_673,AI02330,0.5,1
r_174,AI13835,0.25,0
r_562,AI04483,0.2,0
r_561,AI08819,0.2,0
r_12,AI01893,0.2,0
r_406,AI14339,0.2,0
r_599,AI02990,0.25,0
r_160,AI14167,0.2,0
r_160,AI07019,0.2,0
r_406,AI13334,0.2,0
r_187,AI11351,0.25,0
r_594,AI02979,0.25,0
r_588,AI10905,0.25,0
r_224,AI13044,0.25,0
r_566,AI07604,0.25,0
r_346,AI05891,0.25,0
r_575,AI09527,0.25,0
r_406,AI13458,0.25,0
r_224,AI00130,0.2,0
r_566,AI06855,0.25,0
r_174,AI08644,0.25,0
r_187,AI06136,0.25,0
r_89,AI06067,0.2,0
r_656,AI01565,0.25,0
r_209,AI05546,0.2,0
r_375,AI01194,0.2,0
r_89,AI06650,0.25,0
r_209,AI11851,0.25,0
r_187,AI12053,0.2,0
r_174,AI00726,0.2,0
r_209,AI00493,0.25,0
r_174,AI08573,0.25,0
r_89,AI14603,0.2,0
r_224,AI12488,0.2,0
r_561,AI12643,0.2,0
r_594,AI12719,0.2,0
r_2173,AI11212,0.5,1
r_111,AI09994,0.25,0
r_632,AI05471,0.25,0
r_58,AI13885,0.2,0
r_160,AI11851,0.25,0
r_209,AI06018,0.25,0
r_2195,AI12760,0.5,1
r_1817,AI11212,0.5,1
r_375,AI09079,0.2,0
r_539,AI10449,0.25,0
r_132,AI02350,0.25,0
r_132,AI06911,0.25,0
r_2504,AI13736,0.5,1
r_561,AI02780,0.2,0
r_2955,AI14781,0.5,1
r_594,AI10540,0.25,0
r_187,AI10294,0.25,0
r_375,AI02977,0.25,0
r_503,AI06212,0.25,0
r_594,AI08956,0.25,0
r_561,AI13594,0.25,0
r_451,AI07907,0.2,0
r_160,AI12214,0.25,0
r_503,AI13785,0.2,0
r_588,AI03161,0.2,0
r_346,AI13321,0.25,0
r_12,AI14179,0.2,0
r_111,AI02975,0.2,0
r_632,AI12121,0.25,0
r_656,AI02189,0.2,0
r_561,AI14423,0.2,0
r_561,AI14881,0.25,0
r_539,AI12452,0.2,0
r_561,AI02467,0.2,0
r_187,AI14917,0.25,0
r_673,AI00389,0.2,0
r_562,AI12532,0.2,0
r_599,AI04771,0.2,0
r_575,AI11484,0.25,0
r_539,AI01200,0.2,0
r_12,AI00923,0.25,0
r_656,AI14136,0.2,0
r_200,AI00644,0.2,0
r_187,AI00327,0.25,0
r_375,AI08571,0.2,0
r_1773,AI04896,0.5,1
r_134,AI04177,0.2,0
r_575,AI09175,0.25,0
r_111,AI12490,0.25,0
r_575,AI14167,0.2,0
r_134,AI10570,0.2,0
r_561,AI10648,0.5,1
r_673,AI05899,0.25,0
r_209,AI00233,0.25,0
r_12,AI08810,0.2,0
r_375,AI09720,0.2,0
r_599,AI02350,0.25,0
r_346,AI00057,0.25,0
r_673,AI02574,0.2,0
r_58,AI10561,0.25,0
r_224,AI11006,0.25,0
r_346,AI09614,0.2,0
r_346,AI07745,0.25,0
r_58,AI01814,0.2,0
r_673,AI12410,0.2,0
r_406,AI01703,0.2,0
r_561,AI11525,0.25,0
r_539,AI12112,0.2,0
r_562,AI08297,0.25,0
r_406,AI05209,0.25,0
r_599,AI12500,0.2,0
r_539,AI01174,0.25,0
r_93,AI02673,0.25,0
r_1205,AI11212,0.5,1
r_224,AI13824,0.25,0
r_575,AI04214,0.2,0
r_599,AI11061,0.25,0
r_2638,AI09286,0.5,1
r_346,AI12875,0.25,0
r_209,AI14440,0.2,0
r_594,AI01531,0.25,0
r_58,AI04651,0.2,0
r_599,AI04688,0.2,0
r_174,AI08175,0.5,1
r_134,AI08927,0.2,0
r_562,AI14699,0.2,0
r_89,AI09521,0.25,0
r_588,AI04098,0.2,0
r_209,AI00204,0.2,0
r_224,AI14676,0.2,0
r_562,AI14390,0.25,0
r_375,AI14775,0.25,0
r_575,AI03787,0.25,0
r_12,AI04119,0.2,0
r_588,AI06050,0.2,0
r_209,AI09402,0.2,0
r_12,AI02729,0.2,0
r_2667,AI09342,0.5,1
r_200,AI05355,0.2,0
r_375,AI07815,0.25,0
r_174,AI08289,0.25,0
r_561,AI10979,0.25,0
r_89,AI01681,0.2,0
r_89,AI09442,0.25,0
r_12,AI09433,0.2,0
r_132,AI03127,0.25,0
r_346,AI07815,0.25,0
r_562,AI12262,0.2,0
r_375,AI01534,0.25,0
r_89,AI14044,0.25,0
r_209,AI09113,0.2,0
r_566,AI04190,0.2,0
r_224,AI01868,0.2,0
r_224,AI09396,0.25,0
r_451,AI00553,0.2,0
r_566,AI02144,0.25,0
r_406,AI14714,0.2,0
r_58,AI10024,0.25,0
r_588,AI14445,0.2,0
r_93,AI03411,0.25,0
r_12,AI12673,0.2,0
r_594,AI06137,0.25,0
r_575,AI06440,0.2,0
r_406,AI04833,0.2,0
r_539,AI14330,0.2,0
r_346,AI09442,0.25,0
r_160,AI02114,0.2,0
r_58,AI06684,0.2,0
r_224,AI05345,0.25,0
r_134,AI05403,0.25,0
r_594,AI03654,0.5,1
r_656,AI07663,0.25,0
r_562,AI14500,0.25,0
r_174,AI00866,0.2,0
r_224,AI02547,0.25,0
r_111,AI13373,0.25,0
r_566,AI04436,0.2,0
r_174,AI06036,0.25,0
r_160,AI10209,0.2,0
r_12,AI13062,0.25,0
r_575,AI14573,0.2,0
r_2869,AI06832,0.5,1
r_632,AI11444,0.25,0
r_132,AI14164,0.25,0
r_134,AI04722,0.5,1
r_588,AI01719,0.25,0
r_160,AI06608,0.25,0
r_187,AI00464,0.25,0
r_209,AI06897,0.2,0
r_12,AI00130,0.2,0
r_160,AI13908,0.25,0
r_562,AI14335,0.2,0
r_58,AI14063,0.5,1
r_656,AI10648,0.5,1
r_656,AI13872,0.2,0
r_174,AI04857,0.25,0
r_200,AI04931,0.2,0
r_134,AI06729,0.25,0
r_111,AI07207,0.25,0
r_93,AI11212,0.5,1
r_594,AI03561,0.25,0
r_174,AI11098,0.25,0
r_224,AI01981,0.2,0
r_451,AI11032,0.2,0
r_599,AI09006,0.25,0
r_209,AI06986,0.25,0
r_160,AI04247,0.25,0
r_200,AI02904,0.25,0
r_594,AI04880,0.2,0
r_224,AI10098,0.25,0
r_588,AI09565,0.25,0
r_200,AI11644,0.25,0
r_575,AI14733,0.2,0
r_2130,AI14187,0.5,1
r_132,AI11502,0.25,0
r_539,AI07022,0.2,0
r_12,AI07250,0.25,0
r_132,AI07293,0.25,0
r_599,AI08179,0.25,0
r_566,AI01868,0.2,0
r_346,AI04734,0.2,0
r_209,AI08883,0.2,0
r_12,AI13763,0.25,0
r_561,AI03803,0.25,0
r_562,AI14481,0.25,0
r_632,AI12065,0.2,0
r_200,AI05338,0.25,0
r_451,AI05187,0.25,0
r_599,AI13493,0.25,0
r_375,AI05481,0.2,0
r_566,AI03582,0.2,0
r_575,AI09192,0.2,0
r_111,AI09830,0.25,0
r_566,AI09955,0.2,0
r_93,AI06440,0.2,0
r_134,AI07268,0.25,0
r_174,AI04547,0.2,0
r_200,AI05948,0.25,0
r_562,AI11553,0.2,0
r_209,AI02062,0.25,0
r_562,AI03092,0.2,0
r_209,AI03809,0.2,0
r_588,AI04499,0.25,0
r_132,AI05468,0.25,0
r_224,AI05433,0.2,0
r_539,AI05202,0.2,0
r_93,AI01358,0.25,0
r_588,AI10272,0.25,0
r_594,AI08519,0.2,0
r_451,AI00154,0.25,0
r_566,AI08581,0.25,0
r_200,AI07113,0.25,0
r_346,AI06762,0.2,0
r_12,AI09602,0.25,0
r_632,AI04122,0.2,0
r_451,AI10294,0.25,0
r_575,AI11851,0.25,0
r_503,AI13214,0.25,0
r_503,AI09929,0.25,0
r_632,AI09527,0.25,0
r_134,AI05914,0.25,0
r_134,AI00003,0.2,0
r_187,AI07399,0.2,0
r_375,AI04113,0.2,0
r_2264,AI10551,0.5,1
r_575,AI06195,0.25,0
r_89,AI10447,0.25,0
r_346,AI12447,0.2,0
r_200,AI07718,0.2,0
r_3011,AI11755,0.5,1
r_656,AI03770,0.25,0
r_12,AI08035,0.2,0
r_406,AI09233,0.25,0
r_346,AI03310,0.2,0
r_575,AI10871,0.2,0
r_575,AI06877,0.2,0
r_2602,AI13162,0.5,1
r_562,AI14517,0.25,0
r_89,AI03814,0.2,0
r_187,AI01173,0.25,0
r_562,AI00253,0.2,0
r_89,AI05345,0.25,0
r_346,AI05941,0.25,0
r_2063,AI10457,0.5,1
r_160,AI09014,0.25,0
r_187,AI00820,0.25,0
r_132,AI05439,0.2,0
r_89,AI12622,0.25,0
r_111,AI08383,0.5,1
r_93,AI10885,0.25,0
r_599,AI08100,0.25,0
r_406,AI14287,0.2,0
r_134,AI04230,0.25,0
r_451,AI10700,0.25,0
r_566,AI08037,0.2,0
r_200,AI03950,0.25,0
r_599,AI11784,0.25,0
r_969,AI12710,0.5,1
r_134,AI03742,0.5,1
r_561,AI04100,0.25,0
r_224,AI11088,0.2,0
r_575,AI08647,0.2,0
r_561,AI02057,0.25,0
r_224,AI06137,0.25,0
r_346,AI04029,0.25,0
r_1205,AI08237,0.5,1
r_2509,AI13914,0.5,1
r_599,AI05468,0.25,0
r_111,AI11410,0.25,0
r_160,AI10871,0.2,0
r_2667,AI00007,0.5,1
r_224,AI09316,0.2,0
r_2953,AI01107,0.5,1
r_209,AI04256,0.2,0
r_599,AI09815,0.2,0
r_375,AI03158,0.25,0
r_539,AI08770,0.2,0
r_575,AI08282,0.2,0
r_346,AI03595,0.25,0
r_93,AI07832,0.25,0
r_375,AI11748,0.5,1
r_200,AI12995,0.2,0
r_200,AI03182,0.25,0
r_89,AI03030,0.25,0
r_406,AI06738,0.25,0
r_566,AI01713,0.2,0
r_12,AI06364,0.2,0
r_2955,AI07018,0.5,1
r_174,AI10008,0.25,0
r_561,AI14167,0.2,0
r_58,AI09006,0.25,0
r_575,AI03889,0.25,0
r_599,AI11705,0.2,0
r_562,AI00373,0.2,0
r_451,AI13214,0.25,0
r_132,AI12112,0.2,0
r_588,AI03949,0.25,0
r_132,AI05429,0.2,0
r_503,AI08179,0.25,0
r_134,AI14793,0.25,0
r_632,AI11851,0.25,0
r_93,AI13209,0.25,0
r_406,AI05578,0.2,0
r_588,AI10799,0.25,0
r_673,AI07631,0.2,0
r_562,AI02098,0.2,0
r_209,AI07504,0.25,0
r_93,AI00327,0.25,0
r_160,AI03992,0.25,0
r_539,AI12850,0.25,0
r_132,AI13576,0.25,0
r_594,AI04639,0.2,0
r_375,AI07864,0.2,0
r_200,AI10024,0.25,0
r_1774,AI07687,0.5,1
r_406,AI02124,0.25,0
r_503,AI03595,0.25,0
r_134,AI10286,0.25,0
r_2602,AI08219,0.5,1
r_673,AI06888,0.2,0
r_12,AI03933,0.2,0
r_656,AI11893,0.2,0
r_187,AI10183,0.2,0
r_93,AI00208,0.2,0
r_187,AI07864,0.2,0
r_224,AI09402,0.2,0
r_111,AI07453,0.25,0
r_134,AI09383,0.25,0
r_93,AI03908,0.2,0
r_93,AI04065,0.25,0
r_451,AI07685,0.25,0
r_632,AI10244,0.2,0
r_200,AI01719,0.25,0
r_1823,AI13447,0.5,1
r_346,AI00717,0.25,0
r_12,AI04901,0.25,0
r_575,AI11506,0.2,0
r_599,AI06069,0.2,0
r_632,AI12069,0.2,0
r_132,AI13645,0.2,0
r_134,AI11894,0.2,0
r_187,AI09779,0.25,0
r_12,AI08294,0.25,0
r_451,AI04896,0.5,1
r_539,AI03038,0.25,0
r_200,AI04175,0.2,0
r_58,AI06324,0.2,0
r_160,AI14333,0.2,0
r_132,AI10294,0.25,0
r_588,AI05990,0.2,0
r_632,AI06324,0.2,0
r_562,AI09390,0.2,0
r_89,AI03552,0.25,0
r_134,AI09316,0.2,0
r_2235,AI10587,0.5,1
r_2716,AI07910,0.5,1
r_224,AI09274,0.25,0
r_656,AI12868,0.2,0
r_599,AI05033,0.25,0
r_224,AI05509,0.2,0
r_588,AI05206,0.2,0
r_561,AI07954,0.2,0
r_346,AI03544,0.25,0
r_2927,AI03654,0.5,1
r_200,AI10159,0.2,0
r_561,AI06555,0.2,0
r_406,AI13184,0.25,0
r_768,AI04896,0.5,1
r_594,AI14041,0.2,0
r_406,AI03559,0.2,0
r_599,AI04833,0.2,0
r_588,AI10346,0.25,0
r_599,AI14402,0.2,0
r_89,AI08331,0.2,0
r_89,AI11669,0.25,0
r_209,AI12962,0.2,0
r_111,AI10316,0.2,0
r_562,AI06738,0.25,0
r_224,AI03667,0.2,0
r_406,AI01665,0.25,0
r_451,AI10720,0.25,0
r_656,AI05471,0.25,0
r_539,AI14881,0.25,0
r_160,AI08755,0.2,0
r_588,AI09216,0.25,0
r_58,AI03151,0.25,0
r_187,AI04041,0.2,0
r_406,AI09129,0.25,0
r_111,AI01821,0.2,0
r_656,AI12214,0.25,0
r_575,AI02846,0.2,0
r_224,AI10567,0.2,0
r_187,AI00447,0.2,0
r_134,AI14978,0.2,0
r_561,AI05236,0.2,0
r_187,AI00761,0.2,0
r_12,AI05883,0.2,0
r_58,AI11448,0.25,0
r_93,AI10925,0.2,0
r_224,AI13825,0.25,0
r_562,AI00605,0.2,0
r_539,AI07855,0.25,0
r_768,AI10551,0.5,1
r_656,AI06062,0.2,0
r_224,AI03260,0.25,0
r_539,AI08780,0.25,0
r_132,AI09476,0.25,0
r_89,AI03423,0.2,0
r_451,AI13356,0.2,0
r_588,AI08344,0.2,0
r_562,AI07410,0.2,0
r_134,AI11290,0.25,0
r_160,AI06758,0.2,0
r_451,AI04702,0.25,0
r_12,AI01384,0.2,0
r_561,AI03559,0.2,0
r_160,AI12596,0.25,0
r_588,AI07269,0.25,0
r_575,AI14029,0.25,0
r_58,AI05948,0.25,0
r_224,AI04901,0.25,0
r_89,AI14176,0.25,0
r_160,AI12640,0.2,0
r_174,AI14070,0.25,0
r_562,AI10449,0.25,0
r_224,AI14386,0.2,0
r_503,AI00288,0.2,0
r_134,AI03313,0.25,0
r_89,AI00931,0.2,0
r_539,AI03908,0.2,0
r_93,AI12795,0.2,0
r_599,AI05594,0.25,0
r_132,AI14927,0.2,0
r_160,AI11508,0.25,0
r_673,AI08802,0.5,1
r_111,AI00593,0.25,0
r_673,AI08907,0.2,0
r_93,AI07674,0.25,0
r_111,AI05423,0.2,0
r_599,AI05469,0.25,0
r_375,AI11730,0.25,0
r_132,AI01253,0.25,0
r_451,AI06723,0.2,0
r_1417,AI04200,0.5,1
r_406,AI01489,0.25,0
r_575,AI12382,0.25,0
r_89,AI08434,0.2,0
r_503,AI09637,0.5,1
r_346,AI03182,0.25,0
r_224,AI06141,0.2,0
r_588,AI05338,0.25,0
r_89,AI10444,0.2,0
r_561,AI04672,0.25,0
r_209,AI05278,0.2,0
r_594,AI13176,0.25,0
r_346,AI05376,0.25,0
r_375,AI07954,0.2,0
r_187,AI03820,0.25,0
r_12,AI03922,0.25,0
r_575,AI09476,0.25,0
r_224,AI02011,0.2,0
r_209,AI08295,0.25,0
r_562,AI11285,0.25,0
r_93,AI11902,0.25,0
r_93,AI06258,0.25,0
r_209,AI01367,0.2,0
r_594,AI08256,0.2,0
r_2489,AI04896,0.5,1
r_89,AI05371,0.2,0
r_2602,AI11970,0.5,1
r_503,AI11616,0.2,0
r_594,AI07697,0.25,0
r_89,AI05248,0.2,0
r_632,AI09696,0.2,0
r_111,AI06143,0.2,0
r_599,AI01943,0.25,0
r_594,AI11783,0.2,0
r_58,AI07980,0.2,0
r_562,AI07253,0.2,0
r_561,AI09544,0.25,0
r_134,AI09548,0.2,0
r_451,AI09354,0.25,0
r_111,AI06780,0.2,0
r_160,AI02904,0.25,0
r_575,AI14961,0.2,0
r_451,AI06234,0.2,0
r_539,AI01044,0.2,0
r_503,AI09380,0.2,0
r_2303,AI00045,0.5,1
r_174,AI13267,0.25,0
r_566,AI08354,0.25,0
r_503,AI00116,0.25,0
r_93,AI08782,0.2,0
r_224,AI10022,0.25,0
r_561,AI00243,0.25,0
r_200,AI07638,0.25,0
r_12,AI09396,0.25,0
r_58,AI14254,0.2,0
r_561,AI04134,0.25,0
r_12,AI10234,0.25,0
r_174,AI13355,0.25,0
r_594,AI01524,0.25,0
r_111,AI02263,0.25,0
r_566,AI14585,0.25,0
r_2264,AI11748,0.5,1
r_562,AI03604,0.25,0
r_111,AI11959,0.5,1
r_539,AI02343,0.25,0
r_224,AI05817,0.2,0
r_58,AI10301,0.25,0
r_93,AI12065,0.2,0
r_12,AI09057,0.25,0
r_539,AI09286,0.5,1
r_562,AI03820,0.25,0
r_209,AI03124,0.2,0
r_632,AI10880,0.25,0
r_656,AI03322,0.25,0
r_12,AI13246,0.2,0
r_451,AI05799,0.25,0
r_12,AI01318,0.2,0
r_132,AI10302,0.25,0
r_134,AI07297,0.25,0
r_451,AI12926,0.25,0
r_134,AI14128,0.2,0
r_1823,AI13914,0.5,1
r_2063,AI10995,0.5,1
r_93,AI06589,0.25,0
r_93,AI00230,0.2,0
r_160,AI09476,0.25,0
r_561,AI00994,0.2,0
r_224,AI08537,0.25,0
r_89,AI12680,0.25,0
r_588,AI05819,0.2,0
r_594,AI13050,0.2,0
r_174,AI03568,0.2,0
r_224,AI01288,0.25,0
r_594,AI14067,0.2,0
r_174,AI04463,0.25,0
r_174,AI11315,0.2,0
r_503,AI10695,0.2,0
r_539,AI12760,0.5,1
r_656,AI09458,0.2,0
r_562,AI02900,0.25,0
r_58,AI09662,0.2,0
r_588,AI10932,0.25,0
r_599,AI10799,0.25,0
r_562,AI01062,0.2,0
r_187,AI07553,0.25,0
r_209,AI01779,0.2,0
r_632,AI04896,0.5,1
r_89,AI08643,0.2,0
r_599,AI01651,0.25,0
r_575,AI06402,0.2,0
r_451,AI03820,0.25,0
r_406,AI03328,0.2,0
r_599,AI01086,0.2,0
r_575,AI14287,0.2,0
r_539,AI00253,0.2,0
r_406,AI01565,0.25,0
r_174,AI04793,0.2,0
r_539,AI01488,0.2,0
r_187,AI10330,0.2,0
r_673,AI10745,0.2,0
r_599,AI02067,0.2,0
r_599,AI13297,0.25,0
r_632,AI01821,0.2,0
r_1955,AI05724,0.5,1
r_160,AI04277,0.2,0
r_539,AI11712,0.2,0
r_89,AI00953,0.2,0
r_346,AI06921,0.2,0
r_174,AI06253,0.2,0
r_561,AI06474,0.2,0
r_187,AI05425,0.2,0
r_160,AI05660,0.25,0
r_209,AI12907,0.25,0
r_673,AI07378,0.25,0
r_132,AI10023,0.2,0
r_111,AI00591,0.25,0
r_632,AI09858,0.2,0
r_599,AI01325,0.25,0
r_187,AI12596,0.25,0
r_632,AI08568,0.5,1
r_375,AI12034,0.25,0
r_93,AI13341,0.25,0
r_89,AI02885,0.2,0
r_1724,AI03072,0.5,1
r_656,AI07773,0.25,0
r_783,AI05177,0.5,1
r_209,AI02701,0.2,0
r_224,AI08519,0.2,0
r_656,AI01763,0.2,0
r_93,AI11368,0.2,0
r_1549,AI10587,0.5,1
r_224,AI08440,0.2,0
r_2602,AI02869,0.5,1
r_656,AI06274,0.2,0
r_174,AI07508,0.2,0
r_594,AI07687,0.5,1
r_632,AI05594,0.25,0
r_111,AI06308,0.2,0
r_375,AI02754,0.25,0
r_209,AI11088,0.2,0
r_375,AI07810,0.25,0
r_58,AI13495,0.25,0
r_134,AI11265,0.2,0
r_575,AI14562,0.2,0
r_656,AI06180,0.2,0
r_375,AI02780,0.2,0
r_2638,AI04200,0.5,1
r_588,AI00591,0.25,0
r_561,AI09354,0.25,0
r_594,AI09577,0.2,0
r_406,AI07606,0.2,0
r_111,AI13670,0.25,0
r_187,AI13318,0.25,0
r_134,AI04833,0.2,0
r_209,AI06304,0.25,0
r_673,AI02716,0.25,0
r_561,AI12706,0.25,0
r_111,AI06832,0.5,1
r_375,AI10880,0.25,0
r_588,AI06749,0.25,0
r_406,AI04578,0.2,0
r_132,AI04776,0.25,0
r_539,AI14981,0.2,0
r_12,AI08993,0.2,0
r_89,AI09367,0.25,0
r_599,AI05772,0.25,0
r_89,AI09737,0.2,0
r_406,AI11588,0.2,0
r_111,AI07553,0.25,0
r_594,AI07592,0.25,0
r_1568,AI09637,0.5,1
r_2292,AI08237,0.5,1
r_503,AI01200,0.2,0
r_406,AI05108,0.2,0
r_632,AI14881,0.25,0
r_539,AI05206,0.2,0
r_111,AI01507,0.2,0
r_599,AI11207,0.25,0
r_134,AI08517,0.2,0
r_594,AI14798,0.2,0
r_656,AI04738,0.25,0
r_209,AI00331,0.2,0
r_187,AI08832,0.2,0
r_2195,AI10648,0.5,1
r_451,AI12596,0.25,0
r_93,AI04578,0.2,0
r_132,AI06314,0.2,0
r_132,AI12706,0.25,0
r_209,AI00553,0.2,0
r_594,AI02929,0.2,0
r_209,AI07745,0.25,0
r_3011,AI00156,0.5,1
r_588,AI09134,0.25,0
r_132,AI00725,0.2,0
r_346,AI09779,0.25,0
r_160,AI09129,0.25,0
r_346,AI07473,0.25,0
r_406,AI02483,0.2,0
r_566,AI09237,0.25,0
r_2955,AI13061,0.5,1
r_58,AI06238,0.25,0
r_2603,AI09286,0.5,1
r_187,AI02233,0.2,0
r_89,AI07407,0.25,0
r_187,AI09994,0.25,0
r_451,AI13623,0.2,0
r_132,AI12511,0.25,0
r_575,AI14500,0.25,0
r_111,AI13436,0.25,0
r_503,AI13273,0.2,0
r_134,AI05873,0.25,0
r_174,AI12148,0.25,0
r_160,AI01174,0.25,0
r_562,AI05108,0.2,0
r_187,AI06729,0.25,0
r_224,AI12239,0.25,0
r_12,AI06952,0.25,0
r_566,AI02556,0.25,0
r_187,AI08339,0.25,0
r_209,AI02034,0.2,0
r_200,AI07313,0.25,0
r_375,AI03207,0.25,0
r_406,AI11484,0.25,0
r_89,AI09931,0.2,0
r_656,AI11328,0.2,0
r_134,AI06189,0.2,0
r_375,AI07952,0.2,0
r_656,AI13341,0.25,0
r_561,AI01325,0.25,0
r_566,AI05254,0.25,0
r_375,AI06684,0.2,0
r_134,AI01229,0.2,0
r_89,AI07730,0.2,0
r_209,AI10862,0.25,0
r_594,AI13224,0.25,0
r_89,AI10897,0.2,0
r_2509,AI00156,0.5,1
r_2136,AI05612,0.5,1
r_406,AI14655,0.25,0
r_375,AI00238,0.2,0
r_111,AI04994,0.2,0
r_93,AI11959,0.5,1
r_132,AI09602,0.25,0
r_89,AI10534,0.25,0
r_656,AI10715,0.2,0
r_58,AI05866,0.25,0
r_594,AI12643,0.2,0
r_599,AI04734,0.2,0
r_12,AI05756,0.25,0
r_174,AI07221,0.2,0
r_575,AI01507,0.2,0
r_406,AI12262,0.2,0
r_187,AI04738,0.25,0
r_160,AI00747,0.2,0
r_134,AI11536,0.2,0
r_1811,AI05568,0.5,1
r_632,AI04640,0.2,0
r_89,AI07506,0.25,0
r_375,AI00057,0.25,0
r_451,AI06515,0.25,0
r_562,AI14176,0.25,0
r_406,AI09714,0.2,0
r_174,AI11661,0.2,0
r_566,AI09604,0.2,0
r_200,AI04578,0.2,0
r_111,AI09240,0.2,0
r_174,AI06246,0.25,0
r_58,AI01200,0.2,0
r_406,AI04596,0.25,0
r_375,AI12490,0.25,0
r_996,AI10648,0.5,1
r_539,AI01233,0.25,0
r_187,AI07446,0.25,0
r_2299,AI05177,0.5,1
r_566,AI00522,0.2,0
r_1952,AI00156,0.5,1
r_209,AI00747,0.2,0
r_503,AI05332,0.2,0
r_111,AI10270,0.2,0
r_594,AI02073,0.2,0
r_575,AI13558,0.2,0
r_209,AI14770,0.5,1
r_209,AI04159,0.2,0
r_12,AI05693,0.25,0
r_346,AI13374,0.25,0
r_632,AI03161,0.2,0
r_89,AI02833,0.25,0
r_12,AI00664,0.25,0
r_209,AI10685,0.25,0
r_588,AI09390,0.2,0
r_566,AI14658,0.25,0
r_588,AI07113,0.25,0
r_503,AI00690,0.25,0
r_93,AI09307,0.25,0
r_58,AI11533,0.2,0
r_58,AI03759,0.2,0
r_209,AI05986,0.25,0
r_132,AI06238,0.25,0
r_562,AI00464,0.25,0
r_561,AI11643,0.25,0
r_187,AI06363,0.2,0
r_187,AI02539,0.25,0
r_89,AI06624,0.2,0
r_588,AI04695,0.2,0
r_209,AI12149,0.25,0
r_561,AI09434,0.5,1
r_451,AI05867,0.2,0
r_209,AI11171,0.25,0
r_1817,AI12760,0.5,1
r_575,AI07446,0.25,0
r_12,AI07194,0.2,0
r_406,AI14911,0.2,0
r_2284,AI10587,0.5,1
r_12,AI13176,0.25,0
r_93,AI14699,0.2,0
r_2922,AI03072,0.5,1
r_562,AI07860,0.2,0
r_562,AI03082,0.25,0
r_539,AI14388,0.25,0
r_2299,AI08237,0.5,1
r_111,AI03843,0.25,0
r_224,AI08344,0.2,0
r_346,AI11569,0.25,0
r_209,AI14061,0.2,0
r_561,AI04228,0.25,0
r_93,AI14335,0.2,0
r_89,AI02321,0.2,0
r_503,AI06296,0.5,1
r_187,AI04878,0.2,0
r_451,AI05215,0.2,0
r_58,AI03296,0.25,0
r_132,AI07207,0.25,0
r_632,AI09518,0.25,0
r_562,AI14927,0.2,0
r_406,AI13358,0.25,0
r_200,AI09382,0.25,0
r_12,AI09714,0.2,0
r_375,AI12366,0.2,0
r_174,AI07678,0.2,0
r_132,AI09518,0.25,0
r_656,AI05867,0.2,0
r_160,AI12384,0.25,0
r_561,AI14746,0.25,0
r_375,AI14423,0.2,0
r_224,AI12220,0.25,0
r_599,AI12766,0.2,0
r_174,AI14490,0.25,0
r_561,AI09604,0.2,0
r_111,AI13209,0.25,0
r_599,AI14437,0.2,0
r_160,AI08179,0.25,0
r_2366,AI14362,0.5,1
r_58,AI10404,0.25,0
r_406,AI05338,0.25,0
r_594,AI06774,0.2,0
r_406,AI09602,0.25,0
r_562,AI10829,0.25,0
r_200,AI11776,0.25,0
r_562,AI00777,0.2,0
r_566,AI12559,0.2,0
r_89,AI13435,0.5,1
r_346,AI06062,0.2,0
r_111,AI00692,0.2,0
r_503,AI06107,0.25,0
r_594,AI13084,0.2,0
r_575,AI00288,0.2,0
r_160,AI06292,0.2,0
r_656,AI10168,0.25,0
r_12,AI08650,0.2,0
r_224,AI00463,0.25,0
r_111,AI02654,0.25,0
r_224,AI13923,0.2,0
r_1828,AI11212,0.5,1
r_160,AI04833,0.2,0
r_673,AI01463,0.25,0
r_996,AI05177,0.5,1
r_375,AI02182,0.2,0
r_575,AI02965,0.2,0
r_566,AI03484,0.2,0
r_588,AI09662,0.2,0
r_58,AI04327,0.25,0
r_12,AI14195,0.25,0
r_656,AI05350,0.25,0
r_200,AI14296,0.2,0
r_632,AI09272,0.25,0
r_1205,AI04200,0.5,1
r_187,AI14686,0.2,0
r_346,AI01604,0.2,0
r_562,AI10272,0.25,0
r_134,AI02174,0.25,0
r_224,AI03991,0.2,0
r_12,AI02992,0.2,0
r_132,AI01216,0.2,0
r_12,AI10108,0.2,0
r_187,AI09066,0.5,1
r_632,AI00167,0.25,0
r_594,AI09091,0.25,0
r_209,AI06547,0.25,0
r_562,AI14367,0.2,0
r_599,AI09894,0.2,0
r_209,AI09183,0.2,0
r_451,AI07372,0.25,0
r_58,AI13436,0.25,0
r_58,AI09544,0.25,0
r_2848,AI03072,0.5,1
r_346,AI11242,0.25,0
r_599,AI03119,0.25,0
r_632,AI13133,0.2,0
r_566,AI02438,0.2,0
r_539,AI02192,0.2,0
r_200,AI10828,0.2,0
r_200,AI08844,0.2,0
r_200,AI08962,0.2,0
r_89,AI13510,0.2,0
r_200,AI09192,0.2,0
r_134,AI07443,0.2,0
r_93,AI09637,0.5,1
r_588,AI09712,0.25,0
r_58,AI02098,0.2,0
r_451,AI11154,0.25,0
r_561,AI12839,0.25,0
r_1961,AI00007,0.5,1
r_451,AI00431,0.2,0
r_160,AI06194,0.2,0
r_656,AI05426,0.2,0
r_160,AI06825,0.5,1
r_160,AI14801,0.25,0
r_2953,AI14770,0.5,1
r_673,AI08538,0.25,0
r_200,AI08840,0.25,0
r_594,AI06717,0.25,0
r_160,AI02452,0.25,0
r_562,AI03441,0.2,0
r_539,AI03934,0.2,0
r_406,AI01814,0.2,0
r_58,AI09671,0.25,0
r_58,AI01439,0.25,0
r_160,AI01985,0.25,0
r_134,AI09521,0.25,0
r_134,AI02573,0.2,0
r_93,AI11508,0.25,0
r_375,AI08174,0.2,0
r_346,AI00644,0.2,0
r_132,AI03033,0.2,0
r_375,AI11603,0.25,0
r_2299,AI09573,0.5,1
r_174,AI12363,0.25,0
r_594,AI02213,0.25,0
r_134,AI07709,0.2,0
r_406,AI08673,0.2,0
r_93,AI11950,0.2,0
r_12,AI01045,0.5,1
r_174,AI05201,0.2,0
r_656,AI12447,0.2,0
r_111,AI11533,0.2,0
r_58,AI10587,0.5,1
r_575,AI11781,0.5,1
r_93,AI05990,0.2,0
r_503,AI11718,0.25,0
r_89,AI00422,0.25,0
r_89,AI09316,0.2,0
r_134,AI10125,0.25,0
r_89,AI00648,0.2,0
r_575,AI10342,0.2,0
r_594,AI14708,0.25,0
r_375,AI02339,0.2,0
r_575,AI00020,0.2,0
r_346,AI09066,0.5,1
r_632,AI00348,0.25,0
r_89,AI10922,0.2,0
r_673,AI04506,0.2,0
r_12,AI01166,0.25,0
r_406,AI05012,0.2,0
r_111,AI09175,0.25,0
r_224,AI10437,0.2,0
r_575,AI12834,0.25,0
r_134,AI08267,0.2,0
r_160,AI05744,0.2,0
r_594,AI08370,0.2,0
r_174,AI07049,0.25,0
r_346,AI12174,0.25,0
r_89,AI10022,0.25,0
r_58,AI06204,0.2,0
r_406,AI14779,0.2,0
r_174,AI09858,0.2,0
r_160,AI10183,0.2,0
r_93,AI12688,0.25,0
r_111,AI06474,0.2,0
r_1549,AI02466,0.5,1
r_588,AI13606,0.25,0
r_451,AI12848,0.2,0
r_12,AI09171,0.25,0
r_187,AI14775,0.25,0
r_200,AI11154,0.25,0
r_58,AI13643,0.2,0
r_406,AI09779,0.25,0
r_561,AI14562,0.2,0
r_566,AI14917,0.25,0
r_656,AI06069,0.2,0
r_134,AI13447,0.5,1
r_451,AI09614,0.2,0
r_187,AI10080,0.2,0
r_594,AI06082,0.2,0
r_406,AI09390,0.2,0
r_134,AI01364,0.25,0
r_503,AI11784,0.25,0
r_134,AI02037,0.25,0
r_187,AI10316,0.2,0
r_200,AI03749,0.25,0
r_539,AI04749,0.25,0
r_12,AI06394,0.2,0
r_539,AI11784,0.25,0
r_2940,AI06296,0.5,1
r_588,AI11089,0.25,0
r_134,AI04127,0.2,0
r_224,AI01759,0.2,0
r_451,AI10340,0.25,0
r_656,AI01482,0.2,0
r_632,AI08148,0.2,0
r_375,AI06407,0.2,0
r_594,AI06729,0.25,0
r_539,AI06749,0.25,0
r_89,AI03637,0.2,0
r_224,AI00931,0.2,0
r_200,AI07724,0.2,0
r_89,AI03991,0.2,0
r_575,AI11315,0.2,0
r_575,AI12783,0.25,0
r_594,AI00422,0.25,0
r_375,AI05603,0.25,0
r_187,AI05429,0.2,0
r_562,AI10822,0.2,0
r_594,AI00391,0.2,0
r_93,AI09858,0.2,0
r_594,AI06780,0.2,0
r_969,AI14273,0.5,1
r_575,AI11444,0.25,0
r_1823,AI14924,0.5,1
r_1952,AI11748,0.5,1
r_539,AI12121,0.25,0
r_200,AI10422,0.5,1
r_132,AI04469,0.25,0
r_566,AI08997,0.25,0
r_132,AI12990,0.2,0
r_539,AI13629,0.2,0
r_209,AI13513,0.25,0
r_346,AI06569,0.2,0
r_562,AI12834,0.25,0
r_174,AI07312,0.2,0
r_2922,AI08429,0.5,1
r_174,AI09815,0.2,0
r_346,AI08233,0.2,0
r_134,AI05046,0.25,0
r_160,AI12164,0.2,0
r_673,AI14335,0.2,0
r_89,AI08476,0.2,0
r_224,AI06004,0.25,0
r_406,AI07592,0.25,0
r_561,AI05066,0.2,0
r_406,AI05801,0.25,0
r_160,AI13340,0.25,0
r_132,AI01139,0.2,0
r_224,AI06023,0.25,0
r_12,AI12763,0.25,0
r_594,AI05753,0.25,0
r_134,AI14973,0.2,0
r_451,AI14787,0.25,0
r_160,AI05468,0.25,0
r_160,AI09427,0.2,0
r_93,AI12021,0.25,0
r_224,AI00121,0.2,0
r_575,AI04184,0.2,0
r_209,AI02174,0.25,0
r_187,AI09192,0.2,0
r_200,AI11905,0.25,0
r_588,AI09737,0.2,0
r_187,AI05865,0.25,0
r_656,AI11376,0.2,0
r_89,AI13574,0.25,0
r_200,AI12783,0.25,0
r_503,AI04640,0.2,0
r_406,AI01139,0.2,0
r_594,AI11148,0.2,0
r_599,AI09880,0.25,0
r_375,AI12121,0.25,0
r_58,AI05319,0.2,0
r_2509,AI01045,0.5,1
r_599,AI01888,0.2,0
r_594,AI06920,0.25,0
r_200,AI06480,0.25,0
r_200,AI11028,0.2,0
r_134,AI08427,0.2,0
r_132,AI03531,0.25,0
r_134,AI03411,0.25,0
r_673,AI13489,0.2,0
r_588,AI14610,0.2,0
r_12,AI14645,0.2,0
r_89,AI10546,0.25,0
r_594,AI12006,0.25,0
r_209,AI11045,0.25,0
r_503,AI00082,0.25,0
r_539,AI03950,0.25,0
r_12,AI12152,0.2,0
r_451,AI07410,0.2,0
r_562,AI07606,0.2,0
r_209,AI02704,0.25,0
r_89,AI13184,0.25,0
r_406,AI05921,0.25,0
r_187,AI10233,0.25,0
r_200,AI06569,0.2,0
r_673,AI11491,0.25,0
r_375,AI04029,0.25,0
r_93,AI01370,0.25,0
r_160,AI12766,0.2,0
r_12,AI08018,0.2,0
r_562,AI13679,0.2,0
r_561,AI14339,0.2,0
r_783,AI08237,0.5,1
r_224,AI02461,0.2,0
r_58,AI01777,0.2,0
r_561,AI09566,0.2,0
r_187,AI03948,0.25,0
r_562,AI14562,0.2,0
r_93,AI14441,0.25,0
r_174,AI11357,0.25,0
r_12,AI13495,0.25,0
r_539,AI12604,0.25,0
r_575,AI00225,0.25,0
r_224,AI12907,0.25,0
r_346,AI04228,0.25,0
r_561,AI10700,0.25,0
r_346,AI14925,0.25,0
r_375,AI11439,0.25,0
r_1231,AI14063,0.5,1
r_58,AI09192,0.2,0
r_375,AI06646,0.2,0
r_375,AI08193,0.25,0
r_2848,AI10648,0.5,1
r_187,AI03169,0.25,0
r_224,AI08250,0.25,0
r_12,AI07588,0.2,0
r_132,AI00415,0.2,0
r_2848,AI06832,0.5,1
r_632,AI10677,0.25,0
r_134,AI06221,0.25,0
r_1741,AI07230,0.5,1
r_93,AI12697,0.25,0
r_2366,AI11755,0.5,1
r_503,AI02168,0.25,0
r_406,AI07372,0.25,0
r_174,AI09463,0.25,0
r_111,AI11767,0.2,0
r_89,AI14961,0.2,0
r_673,AI00307,0.25,0
r_503,AI04833,0.2,0
r_346,AI07269,0.25,0
r_134,AI09337,0.25,0
r_656,AI03320,0.2,0
r_451,AI14140,0.25,0
r_673,AI12535,0.2,0
r_58,AI05433,0.2,0
r_656,AI05062,0.25,0
r_12,AI04984,0.25,0
r_406,AI10962,0.2,0
r_209,AI00656,0.25,0
r_451,AI10709,0.25,0
r_58,AI10209,0.2,0
r_406,AI09710,0.2,0
r_632,AI11354,0.2,0
r_132,AI14362,0.5,1
r_594,AI07910,0.5,1
r_209,AI13022,0.25,0
r_406,AI09840,0.25,0
r_1961,AI05568,0.5,1
r_224,AI04159,0.2,0
r_503,AI13645,0.2,0
r_566,AI13645,0.2,0
r_656,AI13358,0.25,0
r_575,AI04105,0.2,0
r_594,AI00177,0.2,0
r_224,AI03599,0.25,0
r_134,AI14855,0.2,0
r_209,AI01607,0.25,0
r_594,AI14039,0.2,0
r_566,AI08790,0.2,0
r_594,AI02217,0.2,0
r_174,AI00231,0.2,0
r_12,AI10702,0.2,0
r_588,AI09372,0.2,0
r_93,AI09544,0.25,0
r_561,AI12600,0.2,0
r_673,AI11513,0.2,0
r_588,AI05458,0.2,0
r_89,AI03052,0.2,0
r_406,AI01358,0.25,0
r_406,AI11747,0.2,0
r_599,AI06723,0.2,0
r_2366,AI00045,0.5,1
r_575,AI10294,0.25,0
r_89,AI08057,0.2,0
r_224,AI03003,0.25,0
r_58,AI08916,0.25,0
r_562,AI14981,0.2,0
r_562,AI07588,0.2,0
r_224,AI03641,0.2,0
r_93,AI02846,0.2,0
r_93,AI03595,0.25,0
r_539,AI08945,0.25,0
r_134,AI09159,0.2,0
r_174,AI00905,0.2,0
r_2366,AI09637,0.5,1
r_561,AI13777,0.2,0
r_451,AI12723,0.2,0
r_174,AI02330,0.5,1
r_200,AI11843,0.25,0
r_89,AI06686,0.2,0
r_375,AI11376,0.2,0
r_187,AI00238,0.2,0
r_209,AI11933,0.2,0
r_187,AI09390,0.2,0
r_1961,AI10422,0.5,1
r_89,AI10363,0.25,0
r_673,AI06490,0.2,0
r_632,AI10270,0.2,0
r_12,AI04833,0.2,0
r_375,AI14600,0.25,0
r_562,AI07165,0.2,0
r_174,AI13119,0.2,0
r_632,AI13374,0.25,0
r_566,AI11986,0.2,0
r_174,AI08376,0.2,0
r_539,AI08790,0.2,0
r_200,AI06407,0.2,0
r_12,AI01722,0.2,0
r_599,AI10561,0.25,0
r_1702,AI05612,0.5,1
r_503,AI08182,0.25,0
r_200,AI02350,0.25,0
r_375,AI09175,0.25,0
r_562,AI11569,0.25,0
r_132,AI03319,0.25,0
r_561,AI09022,0.2,0
r_209,AI02992,0.2,0
r_160,AI05635,0.2,0
r_1790,AI04722,0.5,1
r_346,AI09052,0.2,0
r_209,AI03106,0.2,0
r_93,AI14658,0.25,0
r_187,AI06230,0.25,0
r_562,AI06608,0.25,0
r_209,AI08148,0.2,0
r_1817,AI10648,0.5,1
r_187,AI02161,0.2,0
r_3002,AI09286,0.5,1
r_93,AI13845,0.2,0
r_89,AI09566,0.2,0
r_134,AI11754,0.2,0
r_134,AI11582,0.25,0
r_375,AI14136,0.2,0
r_187,AI03595,0.25,0
r_12,AI12591,0.25,0
r_451,AI07731,0.25,0
r_503,AI13028,0.2,0
r_375,AI10906,0.25,0
r_451,AI13134,0.2,0
r_451,AI09490,0.2,0
r_58,AI03207,0.25,0
r_3002,AI11748,0.5,1
r_12,AI05438,0.2,0
r_174,AI14966,0.25,0
r_561,AI11422,0.25,0
r_224,AI02869,0.5,1
r_134,AI11093,0.2,0
r_58,AI03948,0.25,0
r_575,AI09434,0.5,1
r_224,AI04109,0.2,0
r_656,AI09720,0.2,0
r_562,AI02673,0.25,0
r_594,AI00936,0.2,0
r_561,AI14374,0.2,0
r_89,AI04074,0.25,0
r_134,AI10922,0.2,0
r_539,AI13297,0.25,0
r_561,AI03448,0.25,0
r_375,AI01731,0.2,0
r_12,AI07261,0.25,0
r_209,AI10629,0.2,0
r_174,AI00989,0.2,0
r_89,AI11369,0.25,0
r_588,AI01431,0.2,0
r_575,AI04896,0.5,1
r_451,AI06069,0.2,0
r_174,AI09895,0.25,0
r_2953,AI12950,0.5,1
r_134,AI05637,0.2,0
r_346,AI00690,0.25,0
r_134,AI14902,0.2,0
r_93,AI13670,0.25,0
r_539,AI00770,0.25,0
r_200,AI01109,0.25,0
r_200,AI08508,0.2,0
r_594,AI00820,0.25,0
r_566,AI00717,0.25,0
r_539,AI14699,0.2,0
r_673,AI08844,0.2,0
r_599,AI02270,0.2,0
r_575,AI11471,0.2,0
r_174,AI00847,0.25,0
r_174,AI09737,0.2,0
r_224,AI00580,0.25,0
r_89,AI00003,0.2,0
r_200,AI10472,0.25,0
r_93,AI11072,0.25,0
r_632,AI07446,0.25,0
r_375,AI06238,0.25,0
r_224,AI10856,0.2,0
r_174,AI06796,0.2,0
r_346,AI02345,0.25,0
r_588,AI03169,0.25,0
r_406,AI01387,0.2,0
r_588,AI14296,0.2,0
r_503,AI10587,0.5,1
r_209,AI04542,0.2,0
r_346,AI12600,0.2,0
r_588,AI13670,0.25,0
r_451,AI10020,0.25,0
r_224,AI08294,0.25,0
r_539,AI04009,0.2,0
r_89,AI13350,0.25,0
r_160,AI08644,0.25,0
r_503,AI12500,0.2,0
r_539,AI01868,0.2,0
r_539,AI05209,0.25,0
r_594,AI03922,0.25,0
r_2299,AI08383,0.5,1
r_594,AI11184,0.2,0
r_1253,AI02466,0.5,1
r_406,AI01482,0.2,0
r_160,AI12926,0.25,0
r_561,AI14911,0.2,0
r_681,AI08219,0.5,1
r_224,AI10499,0.2,0
r_451,AI07448,0.25,0
r_406,AI11062,0.2,0
r_588,AI12839,0.25,0
r_160,AI05603,0.25,0
r_89,AI05817,0.2,0
r_375,AI08037,0.2,0
r_12,AI08790,0.2,0
r_562,AI12065,0.2,0
r_656,AI01821,0.2,0
r_406,AI12532,0.2,0
r_566,AI02833,0.25,0
r_656,AI03277,0.2,0
r_539,AI01431,0.2,0
r_375,AI03119,0.25,0
r_224,AI13984,0.2,0
r_89,AI06583,0.25,0
r_58,AI02510,0.25,0
r_160,AI08100,0.25,0
r_134,AI06986,0.25,0
r_132,AI13878,0.25,0
r_346,AI01981,0.2,0
r_562,AI00270,0.2,0
r_224,AI11085,0.25,0
r_561,AI10080,0.2,0
r_111,AI13386,0.25,0
r_93,AI05365,0.25,0
r_566,AI00464,0.25,0
r_174,AI12911,0.25,0
r_588,AI08581,0.25,0
r_656,AI11588,0.2,0
r_561,AI06230,0.25,0
r_174,AI13036,0.25,0
r_2489,AI10551,0.5,1
r_93,AI04738,0.25,0
r_132,AI14720,0.25,0
r_451,AI09957,0.2,0
r_503,AI14026,0.2,0
r_539,AI07448,0.25,0
r_134,AI11471,0.2,0
r_12,AI13510,0.2,0
r_594,AI13574,0.25,0
r_562,AI05766,0.25,0
r_58,AI07498,0.25,0
r_562,AI13475,0.25,0
r_134,AI09343,0.25,0
r_406,AI01594,0.25,0
r_451,AI03120,0.2,0
r_656,AI01643,0.2,0
r_12,AI10363,0.25,0
r_566,AI07724,0.2,0
r_594,AI08414,0.25,0
r_187,AI00057,0.25,0
r_783,AI09066,0.5,1
r_575,AI00007,0.5,1
r_174,AI08062,0.2,0
r_1261,AI12760,0.5,1
r_451,AI05590,0.2,0
r_562,AI00085,0.2,0
r_588,AI05433,0.2,0
r_406,AI04678,0.2,0
r_346,AI13558,0.2,0
r_200,AI14997,0.25,0
r_12,AI03434,0.25,0
r_406,AI12600,0.2,0
r_89,AI10570,0.2,0
r_575,AI14686,0.2,0
r_346,AI06703,0.2,0
r_599,AI10529,0.2,0
r_406,AI07220,0.25,0
r_673,AI02870,0.25,0
r_209,AI09030,0.25,0
r_346,AI02474,0.25,0
r_594,AI07563,0.25,0
r_12,AI03125,0.2,0
r_566,AI08025,0.2,0
r_224,AI12571,0.25,0
r_539,AI04970,0.25,0
r_224,AI00753,0.2,0
r_673,AI08735,0.2,0
r_451,AI00415,0.2,0
r_561,AI14481,0.25,0
r_503,AI12262,0.2,0
r_200,AI11959,0.5,1
r_406,AI12868,0.2,0
r_134,AI14841,0.25,0
r_93,AI09899,0.2,0
r_561,AI10829,0.25,0
r_2602,AI03742,0.5,1
r_58,AI05426,0.2,0
r_709,AI09573,0.5,1
r_224,AI14144,0.2,0
r_58,AI03867,0.25,0
r_406,AI08669,0.25,0
r_594,AI12024,0.2,0
r_209,AI03785,0.2,0
r_594,AI12391,0.25,0
r_160,AI01735,0.25,0
r_89,AI01697,0.25,0
r_561,AI02519,0.2,0
r_969,AI05568,0.5,1
r_346,AI11616,0.2,0
r_89,AI10904,0.25,0
r_200,AI08174,0.2,0
r_224,AI08705,0.5,1
r_134,AI11660,0.2,0
r_673,AI06970,0.25,0
r_93,AI04126,0.2,0
r_209,AI13203,0.2,0
r_89,AI12300,0.2,0
r_187,AI12640,0.2,0
r_12,AI07307,0.2,0
r_209,AI04833,0.2,0
r_209,AI12243,0.2,0
r_673,AI08835,0.5,1
r_209,AI06717,0.25,0
r_132,AI11485,0.2,0
r_187,AI12532,0.2,0
r_656,AI11647,0.25,0
r_200,AI08782,0.2,0
r_566,AI14768,0.25,0
r_562,AI00116,0.25,0
r_575,AI11285,0.25,0
r_503,AI09899,0.2,0
r_187,AI05948,0.25,0
r_346,AI11769,0.25,0
r_346,AI01777,0.2,0
r_134,AI12645,0.25,0
r_503,AI01517,0.2,0
r_375,AI08013,0.2,0
r_588,AI03208,0.25,0
r_566,AI07230,0.5,1
r_346,AI12981,0.2,0
r_1058,AI00156,0.5,1
r_599,AI02900,0.25,0
r_562,AI06195,0.25,0
r_503,AI03155,0.2,0
r_187,AI07838,0.25,0
r_503,AI06753,0.25,0
r_12,AI09212,0.25,0
r_224,AI05786,0.25,0
r_451,AI01565,0.25,0
r_89,AI06480,0.25,0
r_539,AI05365,0.25,0
r_562,AI09669,0.2,0
r_375,AI14987,0.25,0
r_632,AI14330,0.2,0
r_160,AI06402,0.2,0
r_346,AI10962,0.2,0
r_200,AI14333,0.2,0
r_2937,AI11104,0.5,1
r_134,AI14517,0.25,0
r_134,AI05883,0.2,0
r_12,AI02295,0.2,0
r_12,AI04111,0.25,0
r_132,AI03965,0.25,0
r_346,AI00867,0.2,0
r_451,AI05480,0.2,0
r_134,AI10305,0.2,0
r_2088,AI09903,0.5,1
r_588,AI10701,0.2,0
r_200,AI03525,0.25,0
r_160,AI03448,0.25,0
r_673,AI00342,0.25,0
r_160,AI08804,0.25,0
r_656,AI12174,0.25,0
r_58,AI06703,0.2,0
r_89,AI13656,0.25,0
r_12,AI07755,0.2,0
r_12,AI11644,0.25,0
r_673,AI13806,0.2,0
r_451,AI11616,0.2,0
r_599,AI03016,0.25,0
r_12,AI05597,0.25,0
r_594,AI04379,0.2,0
r_134,AI06944,0.5,1
r_93,AI04541,0.2,0
r_346,AI06058,0.2,0
r_1253,AI10422,0.5,1
r_594,AI07261,0.25,0
r_539,AI14655,0.25,0
r_406,AI14775,0.25,0
r_561,AI01507,0.2,0
r_160,AI03408,0.25,0
r_539,AI03072,0.5,1
r_209,AI01524,0.25,0
r_2292,AI10551,0.5,1
r_89,AI01991,0.25,0
r_561,AI01139,0.2,0
r_375,AI10080,0.2,0
r_375,AI09969,0.25,0
r_89,AI07552,0.25,0
r_2284,AI02054,0.5,1
r_566,AI14164,0.25,0
r_599,AI07087,0.2,0
r_160,AI08211,0.2,0
r_174,AI10875,0.25,0
r_632,AI10080,0.2,0
r_132,AI09137,0.25,0
r_111,AI08211,0.2,0
r_562,AI03889,0.25,0
r_132,AI05754,0.2,0
r_224,AI02321,0.2,0
r_187,AI02654,0.25,0
r_200,AI02467,0.2,0
r_539,AI09615,0.25,0
r_375,AI00605,0.2,0
r_561,AI06995,0.25,0
r_561,AI08790,0.2,0
r_375,AI14787,0.25,0
r_451,AI12053,0.2,0
r_132,AI09134,0.25,0
r_132,AI10463,0.25,0
r_134,AI11932,0.2,0
r_160,AI07113,0.25,0
r_451,AI07463,0.25,0
r_160,AI09777,0.25,0
r_632,AI02584,0.2,0
r_561,AI05480,0.2,0
r_89,AI14690,0.25,0
r_346,AI08246,0.25,0
r_58,AI09995,0.2,0
r_588,AI11755,0.5,1
r_93,AI01175,0.2,0
r_160,AI00100,0.2,0
r_575,AI10938,0.2,0
r_539,AI05197,0.25,0
r_673,AI05680,0.25,0
r_562,AI02904,0.25,0
r_673,AI03510,0.2,0
r_89,AI12488,0.2,0
r_174,AI05619,0.25,0
r_406,AI05468,0.25,0
r_451,AI02098,0.2,0
r_111,AI01488,0.2,0
r_406,AI07663,0.25,0
r_632,AI06832,0.5,1
r_599,AI09240,0.2,0
r_160,AI10439,0.25,0
r_594,AI08653,0.25,0
r_539,AI14333,0.2,0
r_93,AI03749,0.25,0
r_346,AI14464,0.2,0
r_632,AI01566,0.2,0
r_632,AI10772,0.2,0
r_174,AI06860,0.25,0
r_562,AI01175,0.2,0
r_588,AI07278,0.2,0
r_58,AI00225,0.25,0
r_673,AI13439,0.25,0
r_200,AI12559,0.2,0
r_375,AI09157,0.2,0
r_187,AI14426,0.25,0
r_12,AI05608,0.2,0
r_111,AI08237,0.5,1
r_134,AI02701,0.2,0
r_209,AI12336,0.2,0
r_209,AI12072,0.2,0
r_588,AI05807,0.2,0
r_599,AI05332,0.2,0
r_12,AI00775,0.2,0
r_561,AI06703,0.2,0
r_132,AI05990,0.2,0
r_111,AI00817,0.25,0
r_375,AI11508,0.25,0
r_503,AI13297,0.25,0
r_134,AI01938,0.2,0
r_224,AI00477,0.2,0
r_209,AI06789,0.2,0
r_451,AI10932,0.25,0
r_134,AI09674,0.25,0
r_224,AI05798,0.25,0
r_406,AI06773,0.2,0
r_406,AI07980,0.2,0
r_566,AI13885,0.2,0
r_58,AI07278,0.2,0
r_632,AI11479,0.25,0
r_594,AI00761,0.2,0
r_503,AI03590,0.25,0
r_575,AI12961,0.25,0
r_93,AI01534,0.25,0
r_561,AI07522,0.25,0
r_12,AI14612,0.25,0
r_134,AI05438,0.2,0
r_673,AI14959,0.2,0
r_561,AI03649,0.25,0
r_89,AI02748,0.2,0
r_375,AI14610,0.2,0
r_93,AI03127,0.25,0
r_656,AI09518,0.25,0
r_656,AI13297,0.25,0
r_588,AI01598,0.25,0
r_2509,AI13061,0.5,1
r_594,AI10458,0.2,0
r_562,AI00288,0.2,0
r_187,AI11644,0.25,0
r_200,AI05631,0.2,0
r_209,AI11695,0.2,0
r_174,AI05766,0.25,0
r_93,AI02278,0.2,0
r_539,AI05754,0.2,0
r_160,AI07923,0.2,0
r_406,AI01478,0.25,0
r_539,AI13436,0.25,0
r_673,AI04008,0.2,0
r_562,AI02826,0.25,0
r_200,AI02572,0.2,0
r_539,AI09435,0.25,0
r_539,AI02562,0.25,0
r_58,AI09955,0.2,0
r_200,AI07810,0.25,0
r_187,AI07230,0.5,1
r_375,AI06749,0.25,0
r_375,AI10449,0.25,0
r_632,AI01086,0.2,0
r_93,AI07954,0.2,0
r_673,AI09655,0.2,0
r_1205,AI08383,0.5,1
r_503,AI14374,0.2,0
r_673,AI05877,0.25,0
r_1417,AI09637,0.5,1
r_539,AI09929,0.25,0
r_224,AI09304,0.25,0
r_375,AI03320,0.2,0
r_134,AI09402,0.2,0
r_200,AI11553,0.2,0
r_673,AI05637,0.2,0
r_1811,AI11122,0.5,1
r_89,AI13084,0.2,0
r_132,AI13316,0.25,0
r_89,AI08831,0.25,0
r_224,AI11932,0.2,0
r_12,AI09367,0.25,0
r_58,AI11755,0.5,1
r_575,AI09696,0.2,0
r_566,AI09394,0.2,0
r_160,AI03525,0.25,0
r_89,AI05998,0.2,0
r_375,AI05388,0.25,0
r_566,AI09602,0.25,0
r_656,AI06234,0.2,0
r_89,AI13919,0.25,0
r_12,AI05382,0.2,0
r_209,AI10008,0.25,0
r_594,AI07194,0.2,0
r_58,AI10316,0.2,0
r_673,AI14653,0.25,0
r_89,AI01981,0.2,0
r_588,AI09880,0.25,0
r_2292,AI08568,0.5,1
r_93,AI02958,0.25,0
r_562,AI01489,0.25,0
r_594,AI00652,0.25,0
r_406,AI00644,0.2,0
r_12,AI07568,0.25,0
r_1774,AI14781,0.5,1
r_134,AI10829,0.25,0
r_346,AI08782,0.2,0
r_12,AI12643,0.2,0
r_562,AI10534,0.25,0
r_375,AI03355,0.25,0
r_656,AI11603,0.25,0
r_209,AI04533,0.25,0
r_632,AI03784,0.2,0
r_12,AI04518,0.2,0
r_594,AI05106,0.5,1
r_566,AI14535,0.25,0
r_224,AI05743,0.2,0
r_89,AI09302,0.2,0
r_594,AI00498,0.2,0
r_174,AI14660,0.2,0
r_599,AI12077,0.25,0
r_451,AI09307,0.25,0
r_503,AI14600,0.25,0
r_174,AI01682,0.25,0
r_93,AI01174,0.25,0
r_406,AI01763,0.2,0
r_575,AI14333,0.2,0
r_160,AI11751,0.2,0
r_134,AI00537,0.25,0
r_575,AI12605,0.25,0
r_539,AI02988,0.25,0
r_562,AI05197,0.25,0
r_503,AI05988,0.2,0
r_575,AI08195,0.2,0
r_134,AI05893,0.25,0
r_503,AI01631,0.2,0
r_111,AI12848,0.2,0
r_588,AI07410,0.2,0
r_599,AI04105,0.2,0
r_346,AI07923,0.2,0
r_2857,AI10026,0.5,1
r_134,AI04585,0.2,0
r_566,AI07718,0.2,0
r_93,AI00243,0.25,0
r_93,AI13558,0.2,0
r_134,AI02885,0.2,0
r_594,AI06599,0.25,0
r_224,AI06365,0.2,0
r_2130,AI09066,0.5,1
r_632,AI10024,0.25,0
r_632,AI12499,0.25,0
r_224,AI09337,0.25,0
r_503,AI03182,0.25,0
r_89,AI04847,0.25,0
r_566,AI12208,0.2,0
r_174,AI05969,0.2,0
r_632,AI11644,0.25,0
r_160,AI02515,0.2,0
r_656,AI07592,0.25,0
r_93,AI00522,0.2,0
r_375,AI13000,0.2,0
r_346,AI09674,0.25,0
r_673,AI01139,0.2,0
r_561,AI01873,0.25,0
r_89,AI00775,0.2,0
r_561,AI10352,0.25,0
r_594,AI14720,0.25,0
r_2509,AI12780,0.5,1
r_200,AI06938,0.25,0
r_134,AI07504,0.25,0
r_12,AI09270,0.25,0
r_594,AI14386,0.2,0
r_575,AI01778,0.2,0
r_111,AI02630,0.25,0
r_134,AI13824,0.25,0
r_539,AI10422,0.5,1
r_575,AI13399,0.25,0
r_599,AI05042,0.2,0
r_187,AI04126,0.2,0
r_561,AI07851,0.2,0
r_756,AI12760,0.5,1
r_632,AI07877,0.2,0
r_561,AI03351,0.2,0
r_1817,AI02054,0.5,1
r_2088,AI07910,0.5,1
r_132,AI08278,0.25,0
r_58,AI00050,0.2,0
r_503,AI09171,0.25,0
r_134,AI05680,0.25,0
r_709,AI09434,0.5,1
r_12,AI02617,0.25,0
r_594,AI04666,0.25,0
r_111,AI06561,0.25,0
r_406,AI08889,0.2,0
r_575,AI07402,0.2,0
r_1549,AI11490,0.5,1
r_200,AI05426,0.2,0
r_594,AI14053,0.2,0
r_561,AI08383,0.5,1
r_539,AI02051,0.25,0
r_566,AI01719,0.25,0
r_2509,AI10995,0.5,1
r_224,AI00002,0.2,0
r_58,AI03531,0.25,0
r_346,AI10352,0.25,0
r_632,AI09777,0.25,0
r_58,AI06762,0.2,0
r_588,AI11987,0.2,0
r_346,AI09394,0.2,0
r_160,AI02539,0.25,0
r_406,AI14296,0.2,0
r_1790,AI03742,0.5,1
r_111,AI09573,0.5,1
r_599,AI11721,0.2,0
r_134,AI02592,0.2,0
r_588,AI06879,0.2,0
r_93,AI08755,0.2,0
r_209,AI13061,0.5,1
r_406,AI09573,0.5,1
r_346,AI11643,0.25,0
r_224,AI10143,0.2,0
r_656,AI06171,0.2,0
r_111,AI03076,0.2,0
r_632,AI02904,0.25,0
r_1811,AI00007,0.5,1
r_673,AI02719,0.25,0
r_588,AI03531,0.25,0
r_224,AI05893,0.25,0
r_209,AI05403,0.25,0
r_539,AI04181,0.2,0
r_134,AI07958,0.2,0
r_632,AI06527,0.25,0
r_588,AI12532,0.2,0
r_406,AI02904,0.25,0
r_375,AI06753,0.25,0
r_594,AI04884,0.25,0
r_539,AI03457,0.25,0
r_599,AI13399,0.25,0
r_632,AI13436,0.25,0
r_111,AI09615,0.25,0
r_134,AI03334,0.2,0
r_2292,AI10587,0.5,1
r_406,AI10829,0.25,0
r_503,AI09615,0.25,0
r_111,AI09674,0.25,0
r_451,AI00402,0.2,0
r_111,AI06874,0.25,0
r_503,AI01117,0.2,0
r_656,AI03887,0.2,0
r_539,AI12212,0.2,0
r_594,AI12917,0.25,0
r_111,AI13903,0.25,0
r_132,AI04200,0.5,1
r_187,AI07016,0.2,0
r_346,AI11326,0.2,0
r_12,AI13559,0.2,0
r_224,AI12010,0.2,0
r_160,AI04327,0.25,0
r_539,AI07181,0.25,0
r_599,AI13785,0.2,0
r_224,AI01973,0.2,0
r_575,AI12362,0.2,0
r_1828,AI09434,0.5,1
r_174,AI09527,0.25,0
r_539,AI08080,0.25,0
r_89,AI10125,0.25,0
r_89,AI07193,0.2,0
r_2284,AI08429,0.5,1
r_575,AI03448,0.25,0
r_656,AI05941,0.25,0
r_575,AI12112,0.2,0
r_588,AI09442,0.25,0
r_503,AI02233,0.2,0
r_89,AI02444,0.25,0
r_503,AI09240,0.2,0
r_503,AI10905,0.25,0
r_12,AI13435,0.5,1
r_132,AI11760,0.25,0
r_566,AI04964,0.25,0
r_562,AI05319,0.2,0
r_224,AI01185,0.25,0
r_375,AI08679,0.25,0
r_656,AI00810,0.2,0
r_575,AI11620,0.2,0
r_406,AI09966,0.25,0
r_12,AI07563,0.25,0
r_187,AI14512,0.2,0
r_209,AI04556,0.2,0
r_594,AI12722,0.25,0
r_2504,AI01360,0.5,1
r_406,AI09839,0.2,0
r_132,AI03424,0.25,0
r_224,AI12105,0.2,0
r_134,AI01300,0.25,0
r_93,AI08568,0.5,1
r_562,AI01162,0.2,0
r_160,AI06530,0.25,0
r_2173,AI06825,0.5,1
r_673,AI06253,0.2,0
r_134,AI07697,0.25,0
r_93,AI12981,0.2,0
r_599,AI09696,0.2,0
r_656,AI03351,0.2,0
r_132,AI09408,0.2,0
r_503,AI05603,0.25,0
r_134,AI00607,0.25,0
r_575,AI01233,0.25,0
r_656,AI10272,0.25,0
r_134,AI14371,0.2,0
r_673,AI13659,0.25,0
r_12,AI06676,0.25,0
r_93,AI04807,0.2,0
r_132,AI11439,0.25,0
r_599,AI14236,0.25,0
r_224,AI11445,0.25,0
r_656,AI12593,0.25,0
r_599,AI04550,0.25,0
r_632,AI09894,0.2,0
r_539,AI14445,0.2,0
r_2955,AI11970,0.5,1
r_12,AI03718,0.2,0
r_503,AI03092,0.2,0
r_451,AI02067,0.2,0
r_1058,AI06832,0.5,1
r_588,AI13157,0.25,0
r_656,AI09058,0.25,0
r_562,AI14423,0.2,0
r_575,AI04098,0.2,0
r_588,AI03787,0.25,0
r_562,AI07864,0.2,0
r_134,AI07593,0.2,0
r_209,AI04364,0.25,0
r_451,AI12741,0.25,0
r_160,AI03155,0.2,0
r_406,AI10331,0.25,0
r_58,AI13028,0.2,0
r_111,AI07825,0.25,0
r_561,AI10340,0.25,0
r_575,AI11060,0.25,0
r_160,AI04738,0.25,0
r_594,AI11841,0.2,0
r_1961,AI06296,0.5,1
r_632,AI08025,0.2,0
r_406,AI06230,0.25,0
r_561,AI06162,0.2,0
r_566,AI13342,0.2,0
r_209,AI12175,0.25,0
r_503,AI10534,0.25,0
r_132,AI14562,0.2,0
r_58,AI08063,0.2,0
r_200,AI14176,0.25,0
r_673,AI08708,0.25,0
r_539,AI07278,0.2,0
r_673,AI02386,0.2,0
r_12,AI14855,0.2,0
r_2235,AI02466,0.5,1
r_594,AI04118,0.25,0
r_160,AI07402,0.2,0
r_503,AI14927,0.2,0
r_594,AI14224,0.25,0
r_562,AI04504,0.25,0
r_594,AI13228,0.25,0
r_200,AI01370,0.25,0
r_58,AI04430,0.25,0
r_89,AI02749,0.25,0
r_406,AI06407,0.2,0
r_561,AI08179,0.25,0
r_187,AI06212,0.25,0
r_111,AI00649,0.2,0
r_89,AI13822,0.25,0
r_58,AI09858,0.2,0
r_599,AI10932,0.25,0
r_599,AI03816,0.25,0
r_375,AI04896,0.5,1
r_200,AI08342,0.2,0
r_93,AI10316,0.2,0
r_406,AI02519,0.2,0
r_561,AI10173,0.2,0
r_160,AI09714,0.2,0
r_93,AI07949,0.25,0
r_209,AI08643,0.2,0
r_1640,AI13736,0.5,1
r_111,AI08061,0.2,0
r_200,AI03604,0.25,0
r_632,AI08278,0.25,0
r_2953,AI05106,0.5,1
r_632,AI03189,0.25,0
r_12,AI10706,0.25,0
r_89,AI03574,0.5,1
r_503,AI13985,0.25,0
r_224,AI03618,0.25,0
r_2509,AI03654,0.5,1
r_93,AI07201,0.25,0
r_673,AI04918,0.25,0
r_200,AI12803,0.25,0
r_632,AI11507,0.25,0
r_681,AI13914,0.5,1
r_134,AI09274,0.25,0
r_588,AI10404,0.25,0
r_187,AI05254,0.25,0
r_503,AI11328,0.2,0
r_89,AI03101,0.25,0
r_160,AI04648,0.25,0
r_2504,AI10238,0.5,1
r_224,AI02062,0.25,0
r_375,AI06440,0.2,0
r_375,AI00288,0.2,0
r_588,AI10322,0.25,0
r_200,AI10388,0.25,0
r_174,AI06157,0.2,0
r_12,AI09084,0.25,0
r_132,AI05131,0.2,0
r_539,AI08508,0.2,0
r_174,AI06131,0.25,0
r_632,AI10702,0.2,0
r_111,AI14927,0.2,0
r_1773,AI11212,0.5,1
r_187,AI00194,0.25,0
r_451,AI07291,0.2,0
r_224,AI13260,0.2,0
r_134,AI09367,0.25,0
r_187,AI07327,0.2,0
r_575,AI08875,0.2,0
r_588,AI05066,0.2,0
r_209,AI06480,0.25,0
r_561,AI06479,0.25,0
r_93,AI13623,0.2,0
r_58,AI00366,0.25,0
r_673,AI02704,0.25,0
r_562,AI01500,0.25,0
r_134,AI07591,0.2,0
r_209,AI08993,0.2,0
r_12,AI01631,0.2,0
r_503,AI14589,0.2,0
r_160,AI00082,0.25,0
r_134,AI00603,0.25,0
r_575,AI09240,0.2,0
r_12,AI01983,0.2,0
r_12,AI11265,0.2,0
r_58,AI09941,0.25,0
r_562,AI11001,0.2,0
r_160,AI06136,0.25,0
r_2264,AI14362,0.5,1
r_594,AI02865,0.25,0
r_111,AI02021,0.25,0
r_406,AI06903,0.2,0
r_2366,AI08429,0.5,1
r_209,AI12192,0.25,0
r_588,AI06143,0.2,0
r_599,AI07691,0.2,0
r_375,AI05821,0.25,0
r_539,AI13016,0.2,0
r_174,AI10679,0.25,0
r_594,AI13324,0.2,0
r_594,AI11730,0.25,0
r_539,AI06561,0.25,0
r_187,AI02754,0.25,0
r_93,AI07253,0.2,0
r_209,AI14015,0.2,0
r_599,AI06589,0.25,0
r_132,AI01011,0.25,0
r_632,AI07019,0.2,0
r_134,AI11713,0.25,0
r_89,AI00493,0.25,0
r_451,AI06684,0.2,0
r_575,AI03803,0.25,0
r_187,AI08018,0.2,0
r_594,AI08461,0.2,0
r_566,AI06162,0.2,0
r_588,AI06019,0.25,0
r_561,AI05319,0.2,0
r_561,AI10183,0.2,0
r_656,AI06692,0.2,0
r_503,AI13358,0.25,0
r_134,AI07730,0.2,0
r_503,AI08100,0.25,0
r_224,AI05295,0.25,0
r_562,AI04678,0.2,0
r_503,AI14720,0.25,0
r_187,AI09669,0.2,0
r_2922,AI10422,0.5,1
r_111,AI12856,0.2,0
r_562,AI07429,0.25,0
r_93,AI10871,0.2,0
r_1955,AI00156,0.5,1
r_575,AI10962,0.2,0
r_503,AI09941,0.25,0
r_111,AI01431,0.2,0
r_594,AI10909,0.25,0
r_451,AI05798,0.25,0
r_451,AI03559,0.2,0
r_406,AI10024,0.25,0
r_375,AI12386,0.25,0
r_89,AI06293,0.25,0
r_594,AI03261,0.25,0
r_12,AI03101,0.25,0
r_93,AI11918,0.25,0
r_1811,AI00045,0.5,1
r_451,AI12319,0.2,0
r_12,AI08149,0.2,0
r_594,AI03814,0.2,0
r_93,AI02192,0.2,0
r_406,AI06480,0.25,0
r_346,AI12382,0.25,0
r_132,AI06938,0.25,0
r_588,AI01507,0.2,0
r_632,AI13356,0.2,0
r_562,AI07555,0.2,0
r_12,AI11845,0.2,0
r_562,AI11918,0.25,0
r_209,AI07818,0.25,0
r_134,AI01179,0.25,0
r_200,AI11471,0.2,0
r_451,AI06449,0.25,0
r_174,AI12605,0.25,0
r_209,AI04823,0.25,0
r_375,AI05433,0.2,0
r_2953,AI10457,0.5,1
r_451,AI08339,0.25,0
r_160,AI01096,0.2,0
r_375,AI08118,0.2,0
r_160,AI01482,0.2,0
r_594,AI04904,0.2,0
r_174,AI12478,0.25,0
r_2937,AI14924,0.5,1
r_187,AI00816,0.25,0
r_375,AI09526,0.25,0
r_451,AI02483,0.2,0
r_58,AI14287,0.2,0
r_566,AI10661,0.25,0
r_134,AI00425,0.2,0
r_562,AI12393,0.25,0
r_451,AI03139,0.25,0
r_539,AI09869,0.2,0
r_174,AI06308,0.2,0
r_503,AI13356,0.2,0
r_539,AI09216,0.25,0
r_673,AI00118,0.2,0
r_209,AI04230,0.25,0
r_673,AI00463,0.25,0
r_632,AI02519,0.2,0
r_12,AI03809,0.2,0
r_346,AI12490,0.25,0
r_503,AI07372,0.25,0
r_111,AI01085,0.2,0
r_134,AI12024,0.2,0
r_632,AI08519,0.2,0
r_632,AI04029,0.25,0
r_12,AI07048,0.2,0
r_503,AI12065,0.2,0
r_656,AI12125,0.25,0
r_406,AI03852,0.2,0
r_406,AI09354,0.25,0
r_588,AI04122,0.2,0
r_93,AI10023,0.2,0
r_594,AI14157,0.2,0
r_224,AI03139,0.25,0
r_12,AI09414,0.25,0
r_89,AI05680,0.25,0
r_656,AI01478,0.25,0
r_174,AI09228,0.2,0
r_200,AI08195,0.2,0
r_58,AI05469,0.25,0
r_375,AI10168,0.25,0
r_224,AI10004,0.25,0
r_93,AI02977,0.25,0
r_561,AI11351,0.25,0
r_566,AI11032,0.2,0
r_375,AI12182,0.2,0
r_134,AI01834,0.2,0
r_160,AI13886,0.25,0
r_2366,AI09434,0.5,1
r_562,AI05407,0.25,0
r_134,AI09708,0.2,0
r_969,AI09415,0.5,1
r_575,AI00522,0.2,0
r_566,AI06212,0.25,0
r_673,AI09883,0.25,0
r_132,AI07952,0.2,0
r_160,AI05431,0.2,0
r_3011,AI10238,0.5,1
r_1640,AI09573,0.5,1
r_656,AI00761,0.2,0
r_632,AI00761,0.2,0
r_2366,AI05183,0.5,1
r_566,AI10330,0.2,0
r_562,AI14589,0.2,0
r_111,AI08083,0.2,0
r_2927,AI11104,0.5,1
r_2922,AI14063,0.5,1
r_12,AI11440,0.2,0
r_375,AI03958,0.2,0
r_93,AI03843,0.25,0
r_346,AI00327,0.25,0
r_2667,AI00156,0.5,1
r_673,AI06591,0.2,0
r_375,AI12795,0.2,0
r_375,AI03208,0.25,0
r_406,AI01471,0.2,0
r_375,AI03155,0.2,0
r_224,AI04467,0.2,0
r_406,AI12856,0.2,0
r_89,AI10501,0.25,0
r_673,AI08347,0.25,0
r_346,AI04277,0.2,0
r_375,AI02654,0.25,0
r_632,AI04994,0.2,0
r_224,AI04086,0.25,0
r_346,AI08633,0.25,0
r_160,AI07857,0.25,0
r_1774,AI08219,0.5,1
r_575,AI13776,0.25,0
r_160,AI08706,0.25,0
r_174,AI09711,0.2,0
r_656,AI08007,0.25,0
r_594,AI10747,0.2,0
r_599,AI06608,0.25,0
r_575,AI00810,0.2,0
r_561,AI10919,0.2,0
r_132,AI09192,0.2,0
r_673,AI01699,0.2,0
r_58,AI14307,0.25,0
r_187,AI14330,0.2,0
r_1253,AI08383,0.5,1
r_160,AI11028,0.2,0
r_599,AI02299,0.25,0
r_58,AI09394,0.2,0
r_406,AI09355,0.25,0
r_539,AI09602,0.25,0
r_346,AI06527,0.25,0
r_187,AI02339,0.2,0
r_187,AI05108,0.2,0
r_562,AI00007,0.5,1
r_451,AI14961,0.2,0
r_588,AI11479,0.25,0
r_111,AI13810,0.2,0
r_224,AI09253,0.2,0
r_93,AI08699,0.25,0
r_451,AI02515,0.2,0
r_93,AI01228,0.2,0
r_132,AI09233,0.25,0
r_224,AI08874,0.2,0
r_209,AI14865,0.2,0
r_575,AI14512,0.2,0
r_200,AI01565,0.25,0
r_134,AI01989,0.2,0
r_594,AI05680,0.25,0
r_134,AI10234,0.25,0
r_406,AI09662,0.2,0
r_1154,AI13736,0.5,1
r_539,AI09712,0.25,0
r_2857,AI13447,0.5,1
r_656,AI08519,0.2,0
r_632,AI05350,0.25,0
r_134,AI08874,0.2,0
r_588,AI06508,0.2,0
r_174,AI13439,0.25,0
r_132,AI12741,0.25,0
r_174,AI08212,0.2,0
r_224,AI05032,0.2,0
r_224,AI03108,0.25,0
r_58,AI12121,0.25,0
r_503,AI11315,0.2,0
r_89,AI11483,0.25,0
r_346,AI10772,0.2,0
r_89,AI05632,0.25,0
r_588,AI07860,0.2,0
r_12,AI03413,0.25,0
r_575,AI02800,0.2,0
r_93,AI00172,0.2,0
r_561,AI03634,0.25,0
r_187,AI01662,0.25,0
r_93,AI05012,0.2,0
r_132,AI11508,0.25,0
r_132,AI00057,0.25,0
r_599,AI11351,0.25,0
r_2489,AI09637,0.5,1
r_673,AI05969,0.2,0
r_174,AI11178,0.25,0
r_588,AI05439,0.2,0
r_134,AI01312,0.25,0
r_58,AI10932,0.25,0
r_200,AI06230,0.25,0
r_561,AI04216,0.2,0
r_187,AI01589,0.2,0
r_503,AI00208,0.2,0
r_58,AI12155,0.25,0
r_451,AI11569,0.25,0
r_224,AI08293,0.25,0
r_209,AI09463,0.25,0
r_209,AI06212,0.25,0
r_575,AI11242,0.25,0
r_346,AI11122,0.5,1
r_632,AI06753,0.25,0
r_200,AI06314,0.2,0
r_566,AI00154,0.25,0
r_160,AI00994,0.2,0
r_575,AI10561,0.25,0
r_599,AI06825,0.5,1
r_594,AI12072,0.2,0
r_12,AI05546,0.2,0
r_209,AI07257,0.2,0
r_187,AI10714,0.25,0
r_406,AI10529,0.2,0
r_375,AI09619,0.2,0
r_89,AI11259,0.25,0
r_174,AI05849,0.2,0
r_224,AI08578,0.2,0
r_160,AI04761,0.2,0
r_562,AI10661,0.25,0
r_566,AI04744,0.2,0
r_539,AI02977,0.25,0
r_406,AI14751,0.2,0
r_566,AI00644,0.2,0
r_134,AI11725,0.5,1
r_632,AI01731,0.2,0
r_132,AI07339,0.25,0
r_503,AI04091,0.25,0
r_599,AI07604,0.25,0
r_2667,AI08237,0.5,1
r_656,AI12688,0.25,0
r_132,AI01044,0.2,0
r_89,AI10030,0.25,0
r_160,AI13133,0.2,0
r_2955,AI05106,0.5,1
r_406,AI02977,0.25,0
r_134,AI12391,0.25,0
r_346,AI00167,0.25,0
r_224,AI04013,0.25,0
r_673,AI03486,0.25,0
r_1741,AI03072,0.5,1
r_200,AI03544,0.25,0
r_187,AI00990,0.25,0
r_58,AI08804,0.25,0
r_375,AI10962,0.2,0
r_562,AI14140,0.25,0
r_132,AI05891,0.25,0
r_346,AI05433,0.2,0
r_346,AI07954,0.2,0
r_566,AI11101,0.25,0
r_375,AI01821,0.2,0
r_375,AI09717,0.2,0
r_12,AI06004,0.25,0
r_594,AI13627,0.2,0
r_562,AI01283,0.2,0
r_3002,AI11781,0.5,1
r_375,AI02466,0.5,1
r_588,AI05332,0.2,0
r_594,AI02408,0.2,0
r_792,AI06832,0.5,1
r_134,AI09937,0.25,0
r_174,AI10560,0.25,0
r_160,AI09149,0.25,0
r_111,AI11603,0.25,0
r_111,AI05148,0.2,0
r_656,AI09804,0.25,0
r_561,AI06709,0.2,0
r_561,AI09342,0.5,1
r_12,AI12770,0.2,0
r_599,AI02590,0.25,0
r_187,AI14699,0.2,0
r_406,AI04222,0.25,0
r_224,AI07632,0.25,0
r_561,AI03076,0.2,0
r_969,AI08175,0.5,1
r_200,AI07753,0.2,0
r_58,AI00579,0.2,0
r_566,AI14610,0.2,0
r_375,AI06058,0.2,0
r_160,AI10239,0.2,0
r_562,AI14471,0.2,0
r_346,AI10516,0.2,0
r_588,AI09894,0.2,0
r_93,AI11315,0.2,0
r_375,AI07253,0.2,0
r_632,AI05921,0.25,0
r_539,AI14768,0.25,0
r_93,AI10979,0.25,0
r_93,AI11190,0.25,0
r_588,AI12927,0.25,0
r_561,AI05338,0.25,0
r_224,AI10457,0.5,1
r_134,AI01868,0.2,0
r_656,AI10529,0.2,0
r_89,AI06008,0.2,0
r_375,AI13101,0.25,0
r_58,AI04105,0.2,0
r_346,AI10346,0.25,0
r_346,AI10183,0.2,0
r_58,AI09994,0.25,0
r_187,AI08571,0.2,0
r_187,AI03762,0.25,0
r_656,AI00116,0.25,0
r_588,AI14437,0.2,0
r_566,AI11781,0.5,1
r_406,AI08531,0.2,0
r_134,AI12472,0.2,0
r_656,AI05160,0.25,0
r_656,AI06833,0.25,0
r_575,AI14917,0.25,0
r_406,AI03092,0.2,0
r_12,AI14781,0.5,1
r_132,AI07410,0.2,0
r_111,AI06449,0.25,0
r_503,AI06440,0.2,0
r_451,AI05534,0.25,0
r_632,AI04807,0.2,0
r_599,AI01387,0.2,0
r_656,AI01124,0.25,0
r_561,AI10257,0.25,0
r_209,AI00140,0.25,0
r_346,AI06712,0.2,0
r_346,AI01507,0.2,0
r_93,AI10836,0.2,0
r_224,AI08000,0.2,0
r_562,AI06508,0.2,0
r_406,AI10938,0.2,0
r_503,AI03151,0.25,0
r_89,AI14978,0.2,0
r_174,AI14386,0.2,0
r_539,AI09957,0.2,0
r_111,AI01913,0.25,0
r_111,AI11090,0.25,0
r_2303,AI00156,0.5,1
r_503,AI05215,0.2,0
r_200,AI13341,0.25,0
r_187,AI05450,0.2,0
r_224,AI06439,0.2,0
r_599,AI14562,0.2,0
r_588,AI14086,0.2,0
r_346,AI12856,0.2,0
r_562,AI01850,0.25,0
r_200,AI00447,0.2,0
r_561,AI10315,0.2,0
r_12,AI07868,0.25,0
r_599,AI14018,0.2,0
r_224,AI06459,0.25,0
r_575,AI03408,0.25,0
r_132,AI11902,0.25,0
r_594,AI12060,0.25,0
r_673,AI12710,0.5,1
r_200,AI02067,0.2,0
r_594,AI09972,0.2,0
r_224,AI10922,0.2,0
r_2953,AI14924,0.5,1
r_1231,AI00007,0.5,1
r_451,AI08755,0.2,0
r_89,AI11381,0.2,0
r_93,AI11154,0.25,0
r_539,AI00082,0.25,0
r_111,AI13728,0.2,0
r_200,AI05508,0.25,0
r_200,AI00225,0.25,0
r_561,AI09272,0.25,0
r_224,AI09212,0.25,0
r_562,AI04622,0.2,0
r_503,AI11755,0.5,1
r_594,AI07434,0.2,0
r_566,AI06753,0.25,0
r_187,AI05590,0.2,0
r_594,AI07626,0.25,0
r_561,AI06508,0.2,0
r_588,AI14600,0.25,0
r_562,AI04041,0.2,0
r_406,AI13558,0.2,0
r_451,AI01086,0.2,0
r_406,AI12184,0.2,0
r_566,AI06238,0.25,0
r_12,AI11445,0.25,0
r_93,AI11769,0.25,0
r_539,AI06833,0.25,0
r_58,AI04596,0.25,0
r_594,AI14607,0.2,0
r_93,AI12125,0.25,0
r_566,AI03610,0.2,0
r_539,AI01735,0.25,0
r_673,AI14025,0.25,0
r_575,AI07753,0.2,0
r_632,AI08080,0.25,0
r_451,AI13594,0.25,0
r_200,AI01716,0.25,0
r_89,AI02231,0.25,0
r_375,AI07731,0.25,0
r_12,AI01846,0.2,0
r_160,AI12278,0.2,0
r_406,AI09030,0.25,0
r_93,AI01651,0.25,0
r_12,AI03596,0.2,0
r_134,AI07600,0.2,0
r_12,AI08982,0.25,0
r_89,AI14517,0.25,0
r_58,AI02519,0.2,0
r_209,AI03980,0.25,0
r_187,AI08013,0.2,0
r_599,AI06530,0.25,0
r_346,AI13356,0.2,0
r_562,AI12319,0.2,0
r_200,AI02550,0.25,0
r_134,AI10540,0.25,0
r_594,AI01704,0.25,0
r_346,AI00447,0.2,0
r_132,AI09858,0.2,0
r_503,AI07685,0.25,0
r_566,AI06461,0.2,0
r_575,AI04483,0.2,0
r_160,AI02590,0.25,0
r_187,AI05202,0.2,0
r_632,AI13297,0.25,0
r_673,AI08388,0.25,0
r_346,AI08984,0.2,0
r_599,AI02550,0.25,0
r_134,AI14399,0.25,0
r_174,AI06079,0.2,0
r_134,AI00492,0.2,0
r_224,AI11936,0.2,0
r_12,AI12174,0.25,0
r_160,AI05033,0.25,0
r_594,AI06010,0.25,0
r_561,AI12783,0.25,0
r_224,AI02577,0.25,0
r_575,AI00770,0.25,0
r_406,AI09655,0.2,0
r_134,AI00961,0.2,0
r_656,AI02466,0.5,1
r_346,AI00457,0.2,0
r_174,AI00495,0.25,0
r_656,AI02572,0.2,0
r_566,AI12288,0.2,0
r_209,AI03718,0.2,0
r_632,AI10885,0.25,0
r_134,AI10050,0.2,0
r_12,AI06717,0.25,0
r_594,AI02570,0.2,0
r_224,AI06301,0.25,0
r_588,AI10661,0.25,0
r_1952,AI10648,0.5,1
r_134,AI11474,0.25,0
r_224,AI05998,0.2,0
r_209,AI13914,0.5,1
r_561,AI09372,0.2,0
r_406,AI14335,0.2,0
r_209,AI01300,0.25,0
r_451,AI07949,0.25,0
r_588,AI01325,0.25,0
r_588,AI00057,0.25,0
r_503,AI14187,0.5,1
r_111,AI14402,0.2,0
r_174,AI11044,0.25,0
r_594,AI12256,0.25,0
r_12,AI06803,0.25,0
r_134,AI00595,0.2,0
r_93,AI00437,0.25,0
r_209,AI00820,0.25,0
r_134,AI04937,0.25,0
r_503,AI04098,0.2,0
r_575,AI08018,0.2,0
r_575,AI12319,0.2,0
r_562,AI09714,0.2,0
r_111,AI04216,0.2,0
r_561,AI10709,0.25,0
r_451,AI08100,0.25,0
r_709,AI03072,0.5,1
r_89,AI11899,0.2,0
r_588,AI09710,0.2,0
r_58,AI09614,0.2,0
r_160,AI12783,0.25,0
r_632,AI06082,0.2,0
r_224,AI00701,0.2,0
r_111,AI09134,0.25,0
r_561,AI13619,0.25,0
r_561,AI07400,0.2,0
r_561,AI00822,0.2,0
r_89,AI10004,0.25,0
r_539,AI14957,0.25,0
r_566,AI07685,0.25,0
r_134,AI11088,0.2,0
r_561,AI04262,0.2,0
r_599,AI01283,0.2,0
r_89,AI11041,0.2,0
r_561,AI08099,0.25,0
r_375,AI12174,0.25,0
r_134,AI09396,0.25,0
r_656,AI03448,0.25,0
r_503,AI10235,0.2,0
r_588,AI11721,0.2,0
r_89,AI14094,0.2,0
r_174,AI11458,0.25,0
r_200,AI12112,0.2,0
r_187,AI10168,0.25,0
r_375,AI06402,0.2,0
r_2063,AI03574,0.5,1
r_503,AI04105,0.2,0
r_1828,AI10422,0.5,1
r_1261,AI06825,0.5,1
r_375,AI07400,0.2,0
r_224,AI00049,0.2,0
r_566,AI08531,0.2,0
r_134,AI11171,0.25,0
r_588,AI06938,0.25,0
r_111,AI08644,0.25,0
r_200,AI13269,0.2,0
r_673,AI06115,0.25,0
r_200,AI06589,0.25,0
r_594,AI03203,0.2,0
r_132,AI09615,0.25,0
r_12,AI03334,0.2,0
r_89,AI09412,0.2,0
r_346,AI00569,0.25,0
r_134,AI14006,0.2,0
r_209,AI07576,0.25,0
r_1790,AI07687,0.5,1
r_200,AI05431,0.2,0
r_599,AI14751,0.2,0
r_200,AI06715,0.2,0
r_594,AI13927,0.2,0
r_503,AI06903,0.2,0
r_503,AI06811,0.2,0
r_346,AI06350,0.25,0
r_539,AI06949,0.2,0
r_174,AI07451,0.2,0
r_2857,AI01474,0.5,1
r_93,AI10704,0.2,0
r_451,AI11090,0.25,0
r_132,AI02990,0.25,0
r_58,AI02562,0.25,0
r_111,AI01969,0.2,0
r_174,AI00998,0.25,0
r_632,AI02359,0.2,0
r_588,AI13464,0.2,0
r_539,AI13606,0.25,0
r_132,AI14101,0.25,0
r_58,AI03351,0.2,0
r_200,AI10272,0.25,0
r_93,AI07402,0.2,0
r_673,AI11848,0.2,0
r_200,AI11506,0.2,0
r_588,AI09427,0.2,0
r_599,AI07181,0.25,0
r_599,AI11893,0.2,0
r_200,AI14164,0.25,0
r_575,AI11246,0.25,0
r_187,AI14116,0.2,0
r_200,AI08037,0.2,0
r_561,AI12000,0.25,0
r_632,AI09435,0.25,0
r_503,AI00238,0.2,0
r_2953,AI05651,0.5,1
r_996,AI01360,0.5,1
r_346,AI04997,0.2,0
r_160,AI12784,0.2,0
r_12,AI14277,0.25,0
r_656,AI06258,0.25,0
r_503,AI05202,0.2,0
r_132,AI09022,0.2,0
r_93,AI09785,0.2,0
r_134,AI14757,0.25,0
r_224,AI06161,0.25,0
r_406,AI11767,0.2,0
r_588,AI04622,0.2,0
r_1952,AI05177,0.5,1
r_594,AI09249,0.25,0
r_346,AI02654,0.25,0
r_575,AI06515,0.25,0
r_562,AI09894,0.2,0
r_346,AI05197,0.25,0
r_561,AI11448,0.25,0
r_187,AI11050,0.2,0
r_12,AI05589,0.2,0
r_539,AI11001,0.2,0
r_562,AI01665,0.25,0
r_599,AI03843,0.25,0
r_599,AI13334,0.2,0
r_346,AI06709,0.2,0
r_673,AI11555,0.2,0
r_562,AI08278,0.25,0
r_160,AI05480,0.2,0
r_89,AI14649,0.5,1
r_503,AI00522,0.2,0
r_346,AI04018,0.25,0
r_132,AI09390,0.2,0
r_2509,AI14781,0.5,1
r_406,AI10301,0.25,0
r_346,AI13197,0.25,0
r_588,AI03634,0.25,0
r_503,AI07022,0.2,0
r_599,AI00124,0.2,0
r_89,AI11644,0.25,0
r_160,AI00230,0.2,0
r_2195,AI11122,0.5,1
r_89,AI13653,0.25,0
r_89,AI12256,0.25,0
r_1774,AI13914,0.5,1
r_375,AI11089,0.25,0
r_224,AI14828,0.2,0
r_673,AI10741,0.25,0
r_632,AI03082,0.25,0
r_1790,AI05651,0.5,1
r_132,AI12850,0.25,0
r_406,AI08399,0.2,0
r_134,AI09235,0.25,0
r_89,AI07334,0.2,0
r_132,AI09696,0.2,0
r_209,AI01490,0.25,0
r_224,AI05475,0.25,0
r_375,AI09804,0.25,0
r_503,AI12741,0.25,0
r_346,AI13133,0.2,0
r_134,AI08828,0.25,0
r_561,AI00777,0.2,0
r_566,AI03119,0.25,0
r_575,AI01731,0.2,0
r_561,AI12319,0.2,0
r_58,AI04018,0.25,0
r_2724,AI13808,0.5,1
r_575,AI01643,0.2,0
r_160,AI14981,0.2,0
r_539,AI03158,0.25,0
r_599,AI07336,0.2,0
r_588,AI03277,0.2,0
r_562,AI11061,0.25,0
r_93,AI08037,0.2,0
r_160,AI00764,0.2,0
r_187,AI02124,0.25,0
r_451,AI02430,0.25,0
r_187,AI03092,0.2,0
r_134,AI14157,0.2,0
r_187,AI13443,0.25,0
r_561,AI06440,0.2,0
r_346,AI08980,0.25,0
r_58,AI11471,0.2,0
r_200,AI04113,0.2,0
r_187,AI06314,0.2,0
r_134,AI12788,0.2,0
r_187,AI05660,0.25,0
r_2284,AI12760,0.5,1
r_200,AI05197,0.25,0
r_588,AI09149,0.25,0
r_200,AI11032,0.2,0
r_1261,AI08383,0.5,1
r_539,AI06234,0.2,0
r_174,AI08325,0.2,0
r_89,AI05933,0.25,0
r_224,AI14276,0.25,0
r_656,AI08980,0.25,0
r_562,AI09674,0.25,0
r_451,AI02482,0.2,0
r_539,AI06874,0.25,0
r_566,AI01051,0.25,0
r_2638,AI14362,0.5,1
r_132,AI11477,0.25,0
r_209,AI09433,0.2,0
r_562,AI00457,0.2,0
r_561,AI01488,0.2,0
r_200,AI12447,0.2,0
r_632,AI01194,0.2,0
r_539,AI00569,0.25,0
r_406,AI12229,0.2,0
r_224,AI10458,0.2,0
r_566,AI11410,0.25,0
r_562,AI05361,0.2,0
r_632,AI12000,0.25,0
r_599,AI05202,0.2,0
r_132,AI03949,0.25,0
r_12,AI07398,0.2,0
r_132,AI02975,0.2,0
r_575,AI09839,0.2,0
r_89,AI00170,0.25,0
r_594,AI14649,0.5,1
r_594,AI06459,0.25,0
r_346,AI02736,0.2,0
r_406,AI12125,0.25,0
r_1741,AI05568,0.5,1
r_2303,AI02054,0.5,1
r_93,AI11479,0.25,0
r_132,AI05458,0.2,0
r_134,AI02833,0.25,0
r_111,AI04550,0.25,0
r_209,AI08006,0.25,0
r_132,AI06832,0.5,1
r_174,AI14393,0.25,0
r_187,AI06238,0.25,0
r_561,AI05620,0.2,0
r_224,AI13455,0.2,0
r_656,AI07820,0.25,0
r_588,AI02578,0.2,0
r_503,AI08063,0.2,0
r_451,AI01109,0.25,0
r_209,AI01040,0.25,0
r_224,AI05621,0.25,0
r_503,AI06601,0.25,0
r_111,AI06936,0.2,0
r_58,AI07522,0.25,0
r_224,AI11754,0.2,0
r_209,AI02011,0.2,0
r_132,AI09712,0.25,0
r_632,AI02590,0.25,0
r_375,AI04688,0.2,0
r_224,AI07261,0.25,0
r_656,AI08351,0.25,0
r_632,AI07400,0.2,0
r_89,AI10995,0.5,1
r_224,AI10605,0.25,0
r_132,AI02515,0.2,0
r_451,AI06201,0.25,0
r_58,AI00817,0.25,0
r_539,AI09354,0.25,0
r_132,AI14464,0.2,0
r_58,AI10695,0.2,0
r_566,AI10291,0.25,0
r_89,AI09899,0.2,0
r_160,AI09685,0.25,0
r_174,AI09162,0.25,0
r_599,AI03908,0.2,0
r_566,AI09717,0.2,0
r_93,AI01778,0.2,0
r_1741,AI14362,0.5,1
r_562,AI01124,0.25,0
r_406,AI02189,0.2,0
r_594,AI13682,0.2,0
r_566,AI02807,0.25,0
r_566,AI01594,0.25,0
r_111,AI05033,0.25,0
r_134,AI09771,0.25,0
r_209,AI00129,0.25,0
r_93,AI04833,0.2,0
r_132,AI13318,0.25,0
r_89,AI13713,0.25,0
r_673,AI08278,0.25,0
r_406,AI00063,0.25,0
r_174,AI04075,0.2,0
r_89,AI02011,0.2,0
r_58,AI02901,0.2,0
r_132,AI11326,0.2,0
r_187,AI06825,0.5,1
r_187,AI13341,0.25,0
r_346,AI02990,0.25,0
r_174,AI02589,0.25,0
r_174,AI06921,0.2,0
r_588,AI01737,0.2,0
r_451,AI11851,0.25,0
r_451,AI11793,0.2,0
r_539,AI05423,0.2,0
r_375,AI12053,0.2,0
r_111,AI00867,0.2,0
r_89,AI14015,0.2,0
r_673,AI14398,0.2,0
r_174,AI04772,0.2,0
r_561,AI04688,0.2,0
r_187,AI11525,0.25,0
r_561,AI08533,0.2,0
r_346,AI05062,0.25,0
r_209,AI03413,0.25,0
r_375,AI08342,0.2,0
r_200,AI06062,0.2,0
r_2284,AI11122,0.5,1
r_599,AI08097,0.2,0
r_503,AI07423,0.25,0
r_2848,AI00156,0.5,1
r_160,AI14026,0.2,0
r_187,AI09655,0.2,0
r_1531,AI13162,0.5,1
r_200,AI09714,0.2,0
r_174,AI01746,0.2,0
r_1531,AI06944,0.5,1
r_187,AI13629,0.2,0
r_160,AI06180,0.2,0
r_209,AI09647,0.25,0
r_209,AI01620,0.25,0
r_503,AI13278,0.2,0
r_451,AI01564,0.25,0
r_209,AI08305,0.25,0
r_588,AI05376,0.25,0
r_12,AI11980,0.2,0
r_12,AI10447,0.25,0
r_1817,AI10238,0.5,1
r_346,AI00910,0.25,0
r_160,AI02418,0.2,0
r_160,AI07674,0.25,0
r_406,AI12021,0.25,0
r_132,AI07301,0.2,0
r_132,AI00591,0.25,0
r_93,AI11533,0.2,0
r_588,AI01057,0.25,0
r_539,AI03820,0.25,0
r_406,AI12961,0.25,0
r_539,AI04550,0.25,0
r_174,AI11119,0.25,0
r_562,AI11270,0.2,0
r_93,AI01838,0.25,0
r_134,AI10475,0.2,0
r_209,AI09658,0.2,0
r_451,AI13754,0.25,0
r_93,AI05350,0.25,0
r_111,AI11793,0.2,0
r_209,AI01087,0.2,0
r_562,AI13184,0.25,0
r_599,AI00822,0.2,0
r_224,AI07946,0.2,0
r_93,AI06062,0.2,0
r_768,AI00045,0.5,1
r_561,AI11507,0.25,0
r_406,AI12795,0.2,0
r_200,AI08993,0.2,0
r_2088,AI01474,0.5,1
r_562,AI13594,0.25,0
r_673,AI12816,0.2,0
r_160,AI07201,0.25,0
r_200,AI13278,0.2,0
r_539,AI14402,0.2,0
r_58,AI12783,0.25,0
r_539,AI01913,0.25,0
r_224,AI10796,0.25,0
r_561,AI11904,0.25,0
r_1231,AI05568,0.5,1
r_2173,AI00045,0.5,1
r_160,AI03322,0.25,0
r_89,AI09871,0.2,0
r_209,AI14850,0.25,0
r_200,AI01124,0.25,0
r_561,AI06324,0.2,0
r_12,AI10161,0.2,0
r_562,AI05518,0.2,0
r_111,AI13134,0.2,0
r_209,AI01938,0.2,0
r_566,AI02452,0.25,0
r_632,AI06143,0.2,0
r_111,AI05772,0.25,0
r_588,AI02387,0.2,0
r_594,AI14924,0.5,1
r_58,AI05821,0.25,0
r_632,AI14464,0.2,0
r_209,AI06544,0.25,0
r_632,AI03610,0.2,0
r_224,AI04937,0.25,0
r_1724,AI10587,0.5,1
r_588,AI09994,0.25,0
r_187,AI00167,0.25,0
r_588,AI08984,0.2,0
r_160,AI05388,0.25,0
r_2848,AI04200,0.5,1
r_451,AI03457,0.25,0
r_673,AI14610,0.2,0
r_187,AI09737,0.2,0
r_562,AI02988,0.25,0
r_174,AI09902,0.25,0
r_224,AI09903,0.5,1
r_503,AI10238,0.5,1
r_588,AI07453,0.25,0
r_93,AI10715,0.2,0
r_111,AI14946,0.25,0
r_656,AI06753,0.25,0
r_224,AI04198,0.25,0
r_1823,AI13435,0.5,1
r_406,AI13316,0.25,0
r_673,AI14504,0.5,1
r_89,AI01806,0.2,0
r_134,AI02078,0.2,0
r_594,AI12281,0.5,1
r_134,AI13832,0.2,0
r_346,AI08061,0.2,0
r_224,AI02914,0.25,0
r_174,AI08850,0.2,0
r_632,AI01096,0.2,0
r_806,AI06627,0.5,1
r_375,AI12850,0.25,0
r_174,AI14460,0.2,0
r_174,AI12745,0.25,0
r_187,AI12926,0.25,0
r_111,AI02474,0.25,0
r_209,AI13495,0.25,0
r_562,AI01325,0.25,0
r_160,AI08233,0.2,0
r_200,AI00126,0.2,0
r_200,AI05108,0.2,0
r_209,AI00829,0.25,0
r_160,AI00712,0.25,0
r_632,AI12856,0.2,0
r_375,AI10760,0.2,0
r_346,AI13334,0.2,0
r_160,AI14610,0.2,0
r_58,AI09355,0.25,0
r_588,AI13833,0.2,0
r_632,AI06449,0.25,0
r_160,AI13512,0.25,0
r_12,AI00945,0.25,0
r_134,AI09194,0.25,0
r_58,AI03033,0.2,0
r_224,AI12300,0.2,0
r_656,AI05590,0.2,0
r_656,AI01044,0.2,0
r_58,AI02630,0.25,0
r_588,AI12961,0.25,0
r_200,AI07220,0.25,0
r_594,AI10108,0.2,0
r_93,AI06029,0.2,0
r_1551,AI09286,0.5,1
r_594,AI07632,0.25,0
r_93,AI11616,0.2,0
r_566,AI10695,0.2,0
r_224,AI05546,0.2,0
r_1231,AI08383,0.5,1
r_503,AI12288,0.2,0
r_562,AI00692,0.2,0
r_503,AI06402,0.2,0
r_1027,AI13736,0.5,1
r_224,AI00945,0.25,0
r_160,AI08282,0.2,0
r_134,AI04238,0.25,0
r_209,AI03456,0.25,0
r_346,AI02051,0.25,0
r_160,AI01387,0.2,0
r_632,AI03484,0.2,0
r_375,AI00866,0.2,0
r_346,AI08007,0.25,0
r_451,AI11858,0.25,0
r_673,AI06877,0.2,0
r_89,AI03108,0.25,0
r_451,AI06212,0.25,0
r_111,AI14386,0.2,0
r_209,AI01424,0.2,0
r_58,AI03038,0.25,0
r_160,AI05578,0.2,0
r_562,AI04997,0.2,0
r_200,AI00793,0.25,0
r_134,AI07568,0.25,0
r_562,AI02901,0.2,0
r_594,AI10622,0.2,0
r_132,AI06175,0.25,0
r_209,AI01704,0.25,0
r_561,AI07980,0.2,0
r_200,AI11190,0.25,0
r_588,AI14453,0.2,0
r_160,AI06296,0.5,1
r_209,AI03666,0.2,0
r_89,AI10332,0.25,0
r_406,AI13373,0.25,0
r_224,AI11148,0.2,0
r_209,AI07803,0.25,0
r_209,AI06729,0.25,0
r_575,AI01011,0.25,0
r_503,AI14801,0.25,0
r_224,AI01367,0.2,0
r_111,AI14787,0.25,0
r_594,AI03313,0.25,0
r_209,AI12152,0.2,0
r_224,AI14850,0.25,0
r_451,AI09010,0.2,0
r_89,AI13817,0.2,0
r_160,AI08193,0.25,0
r_200,AI03236,0.2,0
r_132,AI05801,0.25,0
r_58,AI08633,0.25,0
r_503,AI06201,0.25,0
r_632,AI04678,0.2,0
r_111,AI07670,0.25,0
r_656,AI01588,0.25,0
r_566,AI14528,0.2,0
r_134,AI11168,0.25,0
r_503,AI13386,0.25,0
r_12,AI12686,0.25,0
r_406,AI00225,0.25,0
r_561,AI12754,0.2,0
r_503,AI02182,0.2,0
r_406,AI05388,0.25,0
r_599,AI02278,0.2,0
r_93,AI06480,0.25,0
r_132,AI10702,0.2,0
r_12,AI10718,0.25,0
r_2953,AI10768,0.5,1
r_561,AI07832,0.25,0
r_134,AI09773,0.2,0
r_562,AI05236,0.2,0
r_134,AI10468,0.25,0
r_2895,AI11122,0.5,1
r_539,AI05458,0.2,0
r_346,AI07578,0.2,0
r_406,AI11721,0.2,0
r_134,AI06257,0.2,0
r_12,AI13445,0.2,0
r_375,AI01431,0.2,0
r_2638,AI11122,0.5,1
r_224,AI02464,0.25,0
r_187,AI02345,0.25,0
r_209,AI04884,0.25,0
r_451,AI01283,0.2,0
r_503,AI10516,0.2,0
r_503,AI01818,0.2,0
r_224,AI02340,0.25,0
r_656,AI07522,0.25,0
r_89,AI00177,0.2,0
r_406,AI07400,0.2,0
r_89,AI07798,0.2,0
r_451,AI08790,0.2,0
r_58,AI11730,0.25,0
r_963,AI11490,0.5,1
r_209,AI14195,0.25,0
r_111,AI11060,0.25,0
r_134,AI10444,0.2,0
r_632,AI12015,0.2,0
r_132,AI05766,0.25,0
r_539,AI10238,0.5,1
r_224,AI13914,0.5,1
r_58,AI09615,0.25,0
r_406,AI10714,0.25,0
r_134,AI03599,0.25,0
r_656,AI02846,0.2,0
r_566,AI04771,0.2,0
r_632,AI12371,0.25,0
r_632,AI14295,0.2,0
r_224,AI13279,0.2,0
r_588,AI01011,0.25,0
r_599,AI09052,0.2,0
r_632,AI03889,0.25,0
r_1790,AI07018,0.5,1
r_451,AI14517,0.25,0
r_562,AI14136,0.2,0
r_93,AI01500,0.25,0
r_451,AI03424,0.25,0
r_599,AI04738,0.25,0
r_187,AI07578,0.2,0
r_111,AI13233,0.2,0
r_594,AI09848,0.25,0
r_93,AI08706,0.25,0
r_209,AI13797,0.2,0
r_111,AI10859,0.25,0
r_134,AI00177,0.2,0
r_174,AI10322,0.25,0
r_673,AI08252,0.25,0
r_673,AI14478,0.25,0
r_58,AI06156,0.2,0
r_134,AI14320,0.5,1
r_588,AI02021,0.25,0
r_375,AI02550,0.25,0
r_174,AI11994,0.2,0
r_451,AI02856,0.2,0
r_375,AI10826,0.2,0
r_566,AI09966,0.25,0
r_406,AI08013,0.2,0
r_375,AI02572,0.2,0
r_575,AI10270,0.2,0
r_111,AI11376,0.2,0
r_632,AI09737,0.2,0
r_673,AI03228,0.25,0
r_134,AI09211,0.25,0
r_594,AI13677,0.25,0
r_451,AI09671,0.25,0
r_561,AI05744,0.2,0
r_111,AI06709,0.2,0
r_561,AI11233,0.25,0
r_209,AI04913,0.25,0
r_594,AI12884,0.25,0
r_134,AI14173,0.2,0
r_451,AI09627,0.25,0
r_224,AI14890,0.2,0
r_503,AI07773,0.25,0
r_111,AI10534,0.25,0
r_160,AI05594,0.25,0
r_561,AI14686,0.2,0
r_599,AI11986,0.2,0
r_594,AI03479,0.25,0
r_566,AI01777,0.2,0
r_160,AI13345,0.25,0
r_503,AI03634,0.25,0
r_539,AI13386,0.25,0
r_1253,AI08429,0.5,1
r_594,AI11660,0.2,0
r_451,AI13399,0.25,0
r_566,AI04287,0.25,0
r_656,AI02630,0.25,0
r_575,AI04018,0.25,0
r_2088,AI06944,0.5,1
r_89,AI03809,0.2,0
r_673,AI08836,0.2,0
r_209,AI14517,0.25,0
r_451,AI14792,0.2,0
r_89,AI04901,0.25,0
r_346,AI03441,0.2,0
r_594,AI06394,0.2,0
r_134,AI11510,0.25,0
r_562,AI01194,0.2,0
r_187,AI01786,0.25,0
r_200,AI11001,0.2,0
r_89,AI07709,0.2,0
r_566,AI01086,0.2,0
r_134,AI07358,0.25,0
r_566,AI07362,0.2,0
r_2235,AI10648,0.5,1
r_656,AI07230,0.5,1
r_566,AI12706,0.25,0
r_209,AI04716,0.2,0
r_656,AI02856,0.2,0
r_575,AI06995,0.25,0
r_562,AI12174,0.25,0
r_406,AI06234,0.2,0
r_174,AI12638,0.2,0
r_187,AI03328,0.2,0
r_224,AI13848,0.2,0
r_375,AI14151,0.25,0
r_561,AI12596,0.25,0
r_656,AI09701,0.2,0
r_539,AI01360,0.5,1
r_539,AI05744,0.2,0
r_594,AI12422,0.25,0
r_134,AI07201,0.25,0
r_561,AI05187,0.25,0
r_209,AI02067,0.2,0
r_588,AI12784,0.2,0
r_346,AI09880,0.25,0
r_132,AI09619,0.2,0
r_187,AI06440,0.2,0
r_174,AI07715,0.2,0
r_209,AI04078,0.25,0
r_200,AI09782,0.25,0
r_346,AI14648,0.2,0
r_2063,AI05612,0.5,1
r_2667,AI06825,0.5,1
r_566,AI06194,0.2,0
r_656,AI10516,0.2,0
r_656,AI01471,0.2,0
r_1261,AI11212,0.5,1
r_588,AI13443,0.25,0
r_406,AI04997,0.2,0
r_375,AI00764,0.2,0
r_209,AI07277,0.2,0
r_996,AI08383,0.5,1
r_209,AI14515,0.25,0
r_200,AI11730,0.25,0
r_1828,AI06832,0.5,1
r_209,AI02179,0.25,0
r_632,AI09671,0.25,0
r_632,AI09458,0.2,0
r_160,AI12112,0.2,0
r_134,AI14710,0.25,0
r_562,AI09286,0.5,1
r_599,AI07954,0.2,0
r_93,AI13358,0.25,0
r_134,AI01270,0.2,0
r_2724,AI14781,0.5,1
r_2848,AI04896,0.5,1
r_187,AI13134,0.2,0
r_187,AI01731,0.2,0
r_134,AI03108,0.25,0
r_12,AI14610,0.2,0
r_89,AI10077,0.25,0
r_575,AI11328,0.2,0
r_134,AI05863,0.25,0
r_599,AI12605,0.25,0
r_160,AI05206,0.2,0
r_187,AI00230,0.2,0
r_132,AI02654,0.25,0
r_132,AI01949,0.25,0
r_1823,AI11104,0.5,1
r_200,AI02021,0.25,0
r_224,AI10050,0.2,0
r_174,AI02675,0.2,0
r_132,AI14330,0.2,0
r_588,AI08755,0.2,0
r_224,AI10919,0.2,0
r_224,AI11060,0.25,0
r_632,AI12073,0.25,0
r_346,AI04469,0.25,0
r_134,AI00284,0.25,0
r_89,AI00213,0.25,0
r_111,AI03590,0.25,0
r_588,AI12121,0.25,0
r_187,AI12069,0.2,0
r_562,AI00569,0.25,0
r_451,AI10829,0.25,0
r_406,AI01818,0.2,0
r_632,AI03525,0.25,0
r_632,AI09052,0.2,0
r_375,AI06212,0.25,0
r_209,AI14276,0.25,0
r_12,AI12818,0.25,0
r_89,AI13146,0.25,0
r_187,AI07606,0.2,0
r_632,AI07907,0.2,0
r_160,AI14367,0.2,0
r_539,AI01588,0.25,0
r_134,AI01482,0.2,0
r_783,AI10422,0.5,1
r_224,AI11685,0.25,0
r_224,AI04904,0.2,0
r_503,AI03158,0.25,0
r_346,AI10534,0.25,0
r_2303,AI10587,0.5,1
r_451,AI02898,0.25,0
r_2869,AI10422,0.5,1
r_111,AI03182,0.25,0
r_346,AI03146,0.25,0
r_89,AI07882,0.25,0
r_1961,AI10551,0.5,1
r_2940,AI09637,0.5,1
r_93,AI03772,0.25,0
r_503,AI07513,0.2,0
r_89,AI08265,0.2,0
r_632,AI10363,0.25,0
r_89,AI11093,0.2,0
r_93,AI04679,0.25,0
r_89,AI07161,0.25,0
r_346,AI11712,0.2,0
r_12,AI05009,0.2,0
r_575,AI11915,0.2,0
r_599,AI00519,0.25,0
r_1154,AI00045,0.5,1
r_656,AI03042,0.2,0
r_174,AI06442,0.2,0
r_406,AI14997,0.25,0
r_187,AI09717,0.2,0
r_111,AI08831,0.25,0
r_224,AI13849,0.25,0
r_187,AI05689,0.2,0
r_58,AI06407,0.2,0
r_561,AI05215,0.2,0
r_503,AI06082,0.2,0
r_134,AI00775,0.2,0
r_209,AI01804,0.25,0
r_575,AI09929,0.25,0
r_2489,AI05183,0.5,1
r_187,AI04651,0.2,0
r_451,AI10301,0.25,0
r_594,AI02674,0.25,0
r_539,AI11358,0.25,0
r_209,AI13526,0.25,0
r_12,AI12936,0.25,0
r_160,AI12532,0.2,0
r_12,AI11197,0.25,0
r_209,AI00002,0.2,0
r_539,AI03119,0.25,0
r_132,AI02856,0.2,0
r_12,AI11567,0.25,0
r_134,AI02461,0.2,0
r_599,AI03712,0.25,0
r_174,AI13716,0.2,0
r_2264,AI09573,0.5,1
r_132,AI03360,0.2,0
r_209,AI04033,0.2,0
r_132,AI05660,0.25,0
r_656,AI00447,0.2,0
r_656,AI04761,0.2,0
r_160,AI04541,0.2,0
r_656,AI09355,0.25,0
r_451,AI09518,0.25,0
r_594,AI13495,0.25,0
r_174,AI00265,0.25,0
r_209,AI10305,0.2,0
r_599,AI03189,0.25,0
r_539,AI06314,0.2,0
r_375,AI07022,0.2,0
r_200,AI10270,0.2,0
r_12,AI08481,0.25,0
r_503,AI07578,0.2,0
r_134,AI03684,0.25,0
r_783,AI11755,0.5,1
r_656,AI11270,0.2,0
r_209,AI00498,0.2,0
r_346,AI14287,0.2,0
r_673,AI09135,0.2,0
r_561,AI07604,0.25,0
r_539,AI04436,0.2,0
r_209,AI11817,0.2,0
r_588,AI12930,0.25,0
r_2638,AI02054,0.5,1
r_174,AI11855,0.25,0
r_187,AI05866,0.25,0
r_58,AI14658,0.25,0
r_632,AI14512,0.2,0
r_132,AI03595,0.25,0
r_594,AI10125,0.25,0
r_224,AI02899,0.25,0
r_12,AI13677,0.25,0
r_346,AI05361,0.2,0
r_539,AI09268,0.2,0
r_134,AI08134,0.25,0
r_599,AI00946,0.25,0
r_375,AI02826,0.25,0
r_12,AI07268,0.25,0
r_224,AI05046,0.25,0
r_503,AI00126,0.2,0
r_1823,AI02869,0.5,1
r_1417,AI05177,0.5,1
r_566,AI11122,0.5,1
r_673,AI13995,0.2,0
r_12,AI01475,0.25,0
r_174,AI08367,0.2,0
r_656,AI01598,0.25,0
r_209,AI13324,0.2,0
r_93,AI11484,0.25,0
r_89,AI03270,0.25,0
r_160,AI03843,0.25,0
r_561,AI01283,0.2,0
r_599,AI03948,0.25,0
r_187,AI07339,0.25,0
r_224,AI08048,0.25,0
r_187,AI00644,0.2,0
r_503,AI10168,0.25,0
r_2869,AI04896,0.5,1
r_134,AI08982,0.25,0
r_58,AI12029,0.25,0
r_1058,AI00045,0.5,1
r_406,AI07855,0.25,0
r_503,AI13133,0.2,0
r_673,AI00378,0.2,0
r_599,AI10677,0.25,0
r_451,AI07181,0.25,0
r_562,AI03146,0.25,0
r_224,AI07308,0.2,0
r_562,AI13386,0.25,0
r_93,AI03667,0.2,0
r_575,AI09089,0.25,0
r_200,AI01173,0.25,0
r_2602,AI13435,0.5,1
r_1417,AI00045,0.5,1
r_632,AI08844,0.2,0
r_503,AI00569,0.25,0
r_209,AI12276,0.2,0
r_134,AI14438,0.25,0
r_174,AI03159,0.2,0
r_599,AI07339,0.25,0
r_562,AI03634,0.25,0
r_209,AI13258,0.2,0
r_200,AI05988,0.2,0
r_588,AI01488,0.2,0
r_134,AI02164,0.25,0
r_89,AI08999,0.25,0
r_200,AI05594,0.25,0
r_200,AI11603,0.25,0
r_187,AI08440,0.2,0
r_566,AI03757,0.2,0
r_561,AI01988,0.2,0
r_503,AI09994,0.25,0
r_566,AI12596,0.25,0
r_174,AI03852,0.2,0
r_996,AI11212,0.5,1
r_539,AI09627,0.25,0
r_539,AI09230,0.25,0
r_209,AI07541,0.2,0
r_58,AI14495,0.2,0
r_566,AI14720,0.25,0
r_406,AI02233,0.2,0
r_134,AI05577,0.2,0
r_375,AI12229,0.2,0
r_111,AI01888,0.2,0
r_209,AI12485,0.25,0
r_12,AI10030,0.25,0
r_174,AI08505,0.25,0
r_632,AI06879,0.2,0
r_594,AI09340,0.2,0
r_346,AI11718,0.25,0
r_566,AI14238,0.25,0
r_160,AI03667,0.2,0
r_375,AI06874,0.25,0
r_58,AI08018,0.2,0
r_224,AI15000,0.2,0
r_134,AI10129,0.25,0
r_1261,AI00007,0.5,1
r_111,AI03712,0.25,0
r_134,AI13629,0.2,0
r_12,AI10740,0.25,0
r_632,AI04181,0.2,0
r_451,AI14036,0.2,0
r_200,AI09671,0.25,0
r_539,AI07578,0.2,0
r_93,AI12964,0.25,0
r_89,AI13824,0.25,0
r_174,AI05331,0.25,0
r_1261,AI10238,0.5,1
r_134,AI00463,0.25,0
r_566,AI06069,0.2,0
r_599,AI08819,0.2,0
r_187,AI13473,0.2,0
r_806,AI04722,0.5,1
r_503,AI00974,0.25,0
r_2667,AI09434,0.5,1
r_187,AI13713,0.25,0
r_768,AI10238,0.5,1
r_58,AI14961,0.2,0
r_566,AI08397,0.2,0
r_539,AI08875,0.2,0
r_160,AI00288,0.2,0
r_503,AI00867,0.2,0
r_134,AI12409,0.2,0
r_673,AI13443,0.25,0
r_673,AI09113,0.2,0
r_375,AI11902,0.25,0
r_187,AI00437,0.25,0
r_562,AI03203,0.2,0
r_209,AI09991,0.25,0
r_969,AI07645,0.5,1
r_1417,AI09573,0.5,1
r_599,AI12995,0.2,0
r_539,AI11122,0.5,1
r_58,AI04504,0.25,0
r_200,AI14775,0.25,0
r_89,AI09304,0.25,0
r_566,AI01988,0.2,0
r_224,AI04466,0.2,0
r_2195,AI05177,0.5,1
r_89,AI02558,0.2,0
r_656,AI12875,0.25,0
r_224,AI07168,0.2,0
r_160,AI07952,0.2,0
r_451,AI07745,0.25,0
r_89,AI08653,0.25,0
r_632,AI04345,0.25,0
r_209,AI13854,0.25,0
r_93,AI05635,0.2,0
r_656,AI10702,0.2,0
r_561,AI03277,0.2,0
r_969,AI14049,0.5,1
r_58,AI08133,0.2,0
r_406,AI00591,0.25,0
r_375,AI05471,0.25,0
r_673,AI00201,0.2,0
r_503,AI03762,0.25,0
r_375,AI12029,0.25,0
r_2716,AI14924,0.5,1
r_209,AI06008,0.2,0
r_566,AI11507,0.25,0
r_200,AI12688,0.25,0
r_187,AI09941,0.25,0
r_111,AI13594,0.25,0
r_2235,AI13736,0.5,1
r_588,AI02430,0.25,0
r_187,AI07663,0.25,0
r_224,AI04127,0.2,0
r_539,AI07513,0.2,0
r_134,AI00498,0.2,0
r_566,AI12229,0.2,0
r_209,AI00723,0.2,0
r_174,AI11845,0.2,0
r_406,AI04611,0.2,0
r_174,AI08409,0.25,0
r_111,AI08690,0.2,0
r_134,AI13789,0.25,0
r_187,AI03320,0.2,0
r_346,AI05423,0.2,0
r_588,AI09779,0.25,0
r_1811,AI11755,0.5,1
r_673,AI14386,0.2,0
r_12,AI01655,0.2,0
r_588,AI11329,0.25,0
r_1640,AI11781,0.5,1
r_406,AI11643,0.25,0
r_1702,AI11970,0.5,1
r_132,AI14746,0.25,0
r_89,AI00463,0.25,0
r_12,AI06105,0.2,0
r_539,AI03139,0.25,0
r_575,AI06589,0.25,0
r_566,AI14714,0.2,0
r_200,AI07949,0.25,0
r_561,AI13374,0.25,0
r_599,AI13679,0.2,0
r_503,AI11212,0.5,1
r_134,AI13808,0.5,1
r_2848,AI14063,0.5,1
r_561,AI06784,0.25,0
r_503,AI14362,0.5,1
r_187,AI11730,0.25,0
r_594,AI01731,0.2,0
r_12,AI09357,0.2,0
r_111,AI11616,0.2,0
r_111,AI05355,0.2,0
r_503,AI11633,0.2,0
r_187,AI03016,0.25,0
r_111,AI01534,0.25,0
r_346,AI07810,0.25,0
r_132,AI14437,0.2,0
r_575,AI10714,0.25,0
r_224,AI04608,0.2,0
r_561,AI06811,0.2,0
r_406,AI13321,0.25,0
r_111,AI01988,0.2,0
r_588,AI11784,0.25,0
r_93,AI12962,0.2,0
r_89,AI03667,0.2,0
r_1426,AI09066,0.5,1
r_599,AI09355,0.25,0
r_187,AI03803,0.25,0
r_187,AI07745,0.25,0
r_132,AI07513,0.2,0
r_562,AI05042,0.2,0
r_132,AI13629,0.2,0
r_224,AI09442,0.25,0
r_58,AI09457,0.25,0
r_503,AI08699,0.25,0
r_566,AI01478,0.25,0
r_2927,AI08705,0.5,1
r_575,AI09307,0.25,0
r_562,AI09604,0.2,0
r_89,AI12408,0.25,0
r_503,AI09066,0.5,1
r_539,AI01228,0.2,0
r_562,AI03236,0.2,0
r_89,AI04012,0.2,0
r_224,AI00966,0.25,0
r_187,AI06903,0.2,0
r_575,AI14699,0.2,0
r_111,AI01086,0.2,0
r_12,AI13067,0.2,0
r_93,AI12073,0.25,0
r_200,AI08652,0.25,0
r_451,AI02182,0.2,0
r_132,AI03208,0.25,0
r_588,AI01186,0.25,0
r_594,AI01085,0.2,0
r_561,AI07857,0.25,0
r_187,AI11985,0.25,0
r_3011,AI11122,0.5,1
r_632,AI09840,0.25,0
r_209,AI00923,0.25,0
r_561,AI02975,0.2,0
r_132,AI12964,0.25,0
r_503,AI08571,0.2,0
r_561,AI03784,0.2,0
r_12,AI11694,0.25,0
r_594,AI04393,0.25,0
r_566,AI09957,0.2,0
r_575,AI03076,0.2,0
r_209,AI14845,0.2,0
r_187,AI09896,0.25,0
r_134,AI13982,0.25,0
r_224,AI00953,0.2,0
r_111,AI02278,0.2,0
r_2292,AI08383,0.5,1
r_673,AI07909,0.2,0
r_599,AI10720,0.25,0
r_200,AI01489,0.25,0
r_2848,AI11212,0.5,1
r_594,AI00492,0.2,0
r_561,AI09880,0.25,0
r_2173,AI10648,0.5,1
r_346,AI09874,0.2,0
r_132,AI09953,0.25,0
r_451,AI11959,0.5,1
r_200,AI03016,0.25,0
r_562,AI06993,0.2,0
r_2284,AI08237,0.5,1
r_346,AI00002,0.2,0
r_187,AI10772,0.2,0
r_2509,AI06627,0.5,1
r_132,AI01838,0.25,0
r_599,AI14987,0.25,0
r_12,AI06184,0.25,0
r_2509,AI13808,0.5,1
r_132,AI02466,0.5,1
r_209,AI12374,0.25,0
r_406,AI03544,0.25,0
r_209,AI01697,0.25,0
r_656,AI07860,0.2,0
r_58,AI07745,0.25,0
r_174,AI14591,0.2,0
r_160,AI01778,0.2,0
r_673,AI09894,0.2,0
r_406,AI05518,0.2,0
r_93,AI07339,0.25,0
r_566,AI04483,0.2,0
r_673,AI10180,0.2,0
r_12,AI09351,0.2,0
r_632,AI13736,0.5,1
r_594,AI13162,0.5,1
r_656,AI09030,0.25,0
r_375,AI07838,0.25,0
r_656,AI06090,0.2,0
r_209,AI03991,0.2,0
r_656,AI00415,0.2,0
r_346,AI07446,0.25,0
r_561,AI10516,0.2,0
r_134,AI02280,0.2,0
r_174,AI08104,0.2,0
r_209,AI08354,0.25,0
r_89,AI08058,0.25,0
r_673,AI11043,0.2,0
r_566,AI01737,0.2,0
r_503,AI02478,0.25,0
r_375,AI11950,0.2,0
r_160,AI05531,0.25,0
r_656,AI08126,0.25,0
r_599,AI01719,0.25,0
r_89,AI11713,0.25,0
r_2284,AI01360,0.5,1
r_58,AI01233,0.25,0
r_562,AI13209,0.25,0
r_561,AI11270,0.2,0
r_209,AI11964,0.25,0
r_375,AI02990,0.25,0
r_89,AI01249,0.25,0
r_346,AI02780,0.2,0
r_656,AI03016,0.25,0
r_134,AI00213,0.25,0
r_2173,AI08429,0.5,1
r_673,AI12304,0.25,0
r_566,AI14512,0.2,0
r_566,AI13629,0.2,0
r_111,AI11072,0.25,0
r_174,AI05568,0.5,1
r_406,AI05033,0.25,0
r_503,AI04702,0.25,0
r_346,AI14528,0.2,0
r_174,AI14927,0.2,0
r_566,AI10809,0.2,0
r_1253,AI00007,0.5,1
r_111,AI07513,0.2,0
r_451,AI04201,0.2,0
r_200,AI13297,0.25,0
r_406,AI09382,0.25,0
r_12,AI13597,0.25,0
r_561,AI14801,0.25,0
r_89,AI05146,0.2,0
r_1741,AI00045,0.5,1
r_575,AI10244,0.2,0
r_656,AI14481,0.25,0
r_599,AI11620,0.2,0
r_12,AI11582,0.25,0
r_12,AI03437,0.2,0
r_160,AI01988,0.2,0
r_561,AI14018,0.2,0
r_89,AI11104,0.5,1
r_209,AI03125,0.2,0
r_111,AI08982,0.25,0
r_656,AI08037,0.2,0
r_134,AI06100,0.25,0
r_224,AI00284,0.25,0
r_134,AI01779,0.2,0
r_58,AI12927,0.25,0
r_160,AI02584,0.2,0
r_1952,AI06832,0.5,1
r_575,AI06993,0.2,0
r_561,AI01479,0.2,0
r_200,AI08487,0.2,0
r_200,AI07606,0.2,0
r_539,AI02183,0.25,0
r_89,AI14924,0.5,1
r_2063,AI10434,0.5,1
r_656,AI09129,0.25,0
r_12,AI10894,0.25,0
r_561,AI01930,0.25,0
r_132,AI09879,0.2,0
r_406,AI12559,0.2,0
r_539,AI11329,0.25,0
r_132,AI04819,0.25,0
r_503,AI09134,0.25,0
r_539,AI08133,0.2,0
r_2063,AI00156,0.5,1
r_594,AI12238,0.2,0
r_209,AI09808,0.2,0
r_58,AI03208,0.25,0
r_12,AI03489,0.2,0
r_3002,AI11959,0.5,1
r_93,AI08354,0.25,0
r_562,AI03803,0.25,0
r_599,AI11805,0.25,0
r_187,AI14036,0.2,0
r_134,AI10016,0.25,0
r_134,AI04086,0.25,0
r_160,AI13318,0.25,0
r_451,AI08780,0.25,0
r_1426,AI09342,0.5,1
r_375,AI11072,0.25,0
r_111,AI05006,0.2,0
r_594,AI10619,0.2,0
r_588,AI07604,0.25,0
r_375,AI11904,0.25,0
r_346,AI11784,0.25,0
r_187,AI12511,0.25,0
r_224,AI05754,0.2,0
r_406,AI09489,0.2,0
r_89,AI14128,0.2,0
r_89,AI10319,0.25,0
r_588,AI01001,0.2,0
r_58,AI02051,0.25,0
r_209,AI04081,0.2,0
r_599,AI12745,0.25,0
r_160,AI00777,0.2,0
r_561,AI08519,0.2,0
r_632,AI11062,0.2,0
r_111,AI03958,0.2,0
r_561,AI05129,0.25,0
r_594,AI10130,0.25,0
r_451,AI00644,0.2,0
r_503,AI04122,0.2,0
r_346,AI06324,0.2,0
r_566,AI06204,0.2,0
r_160,AI13629,0.2,0
r_451,AI12766,0.2,0
r_132,AI14589,0.2,0
r_539,AI03803,0.25,0
r_594,AI10886,0.2,0
r_503,AI12914,0.2,0
r_132,AI00194,0.25,0
r_2603,AI06832,0.5,1
r_2724,AI00156,0.5,1
r_209,AI04086,0.25,0
r_375,AI09014,0.25,0
r_375,AI08133,0.2,0
r_575,AI08673,0.2,0
r_594,AI02153,0.2,0
r_134,AI14671,0.25,0
r_375,AI09010,0.2,0
r_406,AI08037,0.2,0
r_2264,AI09637,0.5,1
r_656,AI05620,0.2,0
r_539,AI14464,0.2,0
r_599,AI04029,0.25,0
r_656,AI13273,0.2,0
r_111,AI06608,0.25,0
r_561,AI01949,0.25,0
r_503,AI08945,0.25,0
r_89,AI10080,0.2,0
r_503,AI11001,0.2,0
r_58,AI02387,0.2,0
r_134,AI02459,0.25,0
r_594,AI14134,0.25,0
r_599,AI11060,0.25,0
r_561,AI09830,0.25,0
r_562,AI01589,0.2,0
r_599,AI01777,0.2,0
r_588,AI10294,0.25,0
r_174,AI12848,0.2,0
r_174,AI06451,0.2,0
r_132,AI03038,0.25,0
r_2284,AI09286,0.5,1
r_503,AI09710,0.2,0
r_599,AI03867,0.25,0
r_594,AI14816,0.2,0
r_134,AI04118,0.25,0
r_575,AI08690,0.2,0
r_588,AI06008,0.2,0
r_375,AI00183,0.25,0
r_187,AI09840,0.25,0
r_599,AI10238,0.5,1
r_656,AI09779,0.25,0
r_588,AI14500,0.25,0
r_160,AI04287,0.25,0
r_561,AI01478,0.25,0
r_673,AI06322,0.5,1
r_12,AI13795,0.25,0
r_12,AI11191,0.2,0
r_2235,AI09066,0.5,1
r_160,AI00243,0.25,0
r_200,AI06514,0.25,0
r_132,AI10239,0.2,0
r_132,AI00274,0.2,0
r_594,AI08937,0.2,0
r_224,AI01770,0.5,1
r_656,AI07278,0.2,0
r_12,AI12238,0.2,0
r_209,AI04480,0.2,0
r_503,AI12990,0.2,0
r_594,AI11466,0.2,0
r_566,AI11328,0.2,0
r_224,AI01607,0.25,0
r_209,AI09453,0.2,0
r_575,AI07954,0.2,0
r_503,AI14495,0.2,0
r_111,AI10809,0.2,0
r_406,AI05990,0.2,0
r_200,AI13908,0.25,0
r_451,AI11986,0.2,0
r_375,AI14335,0.2,0
r_375,AI01109,0.25,0
r_160,AI01949,0.25,0
r_575,AI04798,0.25,0
r_656,AI14686,0.2,0
r_406,AI05006,0.2,0
r_375,AI06350,0.25,0
r_58,AI01051,0.25,0
r_1790,AI11105,0.5,1
r_134,AI00484,0.2,0
r_451,AI10168,0.25,0
r_588,AI03762,0.25,0
r_1724,AI05568,0.5,1
r_187,AI11354,0.2,0
r_632,AI00402,0.2,0
r_575,AI05831,0.25,0
r_93,AI12500,0.2,0
r_2299,AI00156,0.5,1
r_2264,AI09286,0.5,1
r_599,AI11101,0.25,0
r_539,AI02359,0.2,0
r_575,AI13374,0.25,0
r_132,AI00020,0.2,0
r_588,AI11943,0.2,0
r_200,AI03908,0.2,0
r_2953,AI08705,0.5,1
r_58,AI04277,0.2,0
r_575,AI03322,0.25,0
r_632,AI09573,0.5,1
r_2603,AI10238,0.5,1
r_160,AI08980,0.25,0
r_346,AI13379,0.2,0
r_111,AI10826,0.2,0
r_200,AI14573,0.2,0
r_224,AI01653,0.5,1
r_187,AI07220,0.25,0
r_12,AI09771,0.25,0
r_12,AI02701,0.2,0
r_187,AI07907,0.2,0
r_209,AI10129,0.25,0
r_561,AI04465,0.25,0
r_224,AI12591,0.25,0
r_200,AI07414,0.25,0
r_160,AI03590,0.25,0
r_89,AI06774,0.2,0
r_566,AI12021,0.25,0
r_503,AI10784,0.25,0
r_134,AI03991,0.2,0
r_451,AI09566,0.2,0
r_673,AI11621,0.25,0
r_562,AI04798,0.25,0
r_599,AI04065,0.25,0
r_93,AI04228,0.25,0
r_566,AI04611,0.2,0
r_656,AI03424,0.25,0
r_575,AI13278,0.2,0
r_200,AI04009,0.2,0
r_12,AI11432,0.2,0
r_224,AI13203,0.2,0
r_209,AI04280,0.25,0
r_503,AI09095,0.25,0
r_375,AI12723,0.2,0
r_656,AI02578,0.2,0
r_656,AI07410,0.2,0
r_132,AI14987,0.25,0
r_503,AI03448,0.25,0
r_224,AI07334,0.2,0
r_12,AI11899,0.2,0
r_1823,AI08219,0.5,1
r_375,AI11712,0.2,0
r_599,AI04679,0.25,0
r_375,AI11365,0.2,0
r_562,AI08061,0.2,0
r_632,AI10023,0.2,0
r_588,AI06780,0.2,0
r_2937,AI13914,0.5,1
r_134,AI05949,0.2,0
r_111,AI12121,0.25,0
r_539,AI09655,0.2,0
r_2638,AI13736,0.5,1
r_561,AI09815,0.2,0
r_174,AI13371,0.2,0
r_160,AI05471,0.25,0
r_673,AI04851,0.25,0
r_599,AI03411,0.25,0
r_594,AI03473,0.2,0
r_89,AI13636,0.2,0
r_561,AI08515,0.25,0
r_673,AI10429,0.2,0
r_200,AI08790,0.2,0
r_588,AI10542,0.2,0
r_12,AI03426,0.25,0
r_200,AI04971,0.2,0
r_406,AI05429,0.2,0
r_406,AI13386,0.25,0
r_588,AI02418,0.2,0
r_599,AI08266,0.25,0
r_656,AI00770,0.25,0
r_174,AI05728,0.25,0
r_93,AI06601,0.25,0
r_2895,AI03072,0.5,1
r_58,AI08193,0.25,0
r_346,AI04190,0.2,0
r_673,AI02000,0.5,1
r_375,AI09129,0.25,0
r_111,AI04262,0.2,0
r_2504,AI11490,0.5,1
r_588,AI14714,0.2,0
r_575,AI14187,0.5,1
r_209,AI11257,0.2,0
r_588,AI10305,0.2,0
r_224,AI06952,0.25,0
r_187,AI10257,0.25,0
r_134,AI01540,0.25,0
r_12,AI05798,0.25,0
r_656,AI08630,0.25,0
r_406,AI03120,0.2,0
r_539,AI01703,0.2,0
r_111,AI11553,0.2,0
r_200,AI12834,0.25,0
r_200,AI09434,0.5,1
r_89,AI01722,0.2,0
r_656,AI03949,0.25,0
r_566,AI09489,0.2,0
r_406,AI11122,0.5,1
r_406,AI02780,0.2,0
r_599,AI10291,0.25,0
r_503,AI08706,0.25,0
r_132,AI06825,0.5,1
r_111,AI05073,0.2,0
r_562,AI04091,0.25,0
r_93,AI02466,0.5,1
r_346,AI03649,0.25,0
r_134,AI14015,0.2,0
r_89,AI10350,0.2,0
r_681,AI01045,0.5,1
r_656,AI13727,0.2,0
r_89,AI03124,0.2,0
r_588,AI04878,0.2,0
r_451,AI12447,0.2,0
r_451,AI02965,0.2,0
r_599,AI03328,0.2,0
r_599,AI09941,0.25,0
r_503,AI07257,0.2,0
r_58,AI13269,0.2,0
r_224,AI07161,0.25,0
r_656,AI04931,0.2,0
r_575,AI04702,0.25,0
r_209,AI06995,0.25,0
r_224,AI14053,0.2,0
r_594,AI00966,0.25,0
r_2724,AI01770,0.5,1
r_594,AI13062,0.25,0
r_132,AI12121,0.25,0
r_200,AI07165,0.2,0
r_89,AI02426,0.25,0
r_451,AI07339,0.25,0
r_174,AI09803,0.25,0
r_12,AI06583,0.25,0
r_187,AI00832,0.2,0
r_200,AI12262,0.2,0
r_134,AI00562,0.2,0
r_375,AI13321,0.25,0
r_209,AI02616,0.2,0
r_2489,AI09342,0.5,1
r_561,AI11893,0.2,0
r_1640,AI11755,0.5,1
r_575,AI10970,0.2,0
r_451,AI13558,0.2,0
r_2602,AI05724,0.5,1
r_132,AI08246,0.25,0
r_566,AI01886,0.25,0
r_588,AI10352,0.25,0
r_58,AI07220,0.25,0
r_200,AI09894,0.2,0
r_2953,AI01770,0.5,1
r_566,AI14031,0.25,0
r_588,AI01200,0.2,0
r_200,AI07731,0.25,0
r_187,AI09637,0.5,1
r_187,AI13464,0.2,0
r_375,AI02467,0.2,0
r_594,AI01779,0.2,0
r_451,AI06090,0.2,0
r_200,AI09267,0.25,0
r_209,AI05323,0.2,0
r_594,AI09487,0.2,0
r_656,AI00154,0.25,0
r_594,AI07524,0.2,0
r_594,AI14782,0.25,0
r_174,AI13445,0.2,0
r_224,AI07707,0.2,0
r_451,AI05891,0.25,0
r_575,AI09565,0.25,0
r_12,AI03115,0.2,0
r_209,AI04296,0.2,0
r_673,AI12857,0.2,0
r_160,AI11477,0.25,0
r_1231,AI09637,0.5,1
r_2136,AI03742,0.5,1
r_1205,AI08429,0.5,1
r_561,AI11755,0.5,1
r_503,AI12208,0.2,0
r_566,AI14402,0.2,0
r_562,AI04100,0.25,0
r_200,AI03082,0.25,0
r_93,AI08440,0.2,0
r_594,AI04046,0.2,0
r_539,AI03759,0.2,0
r_111,AI14303,0.25,0
r_200,AI10767,0.2,0
r_539,AI10315,0.2,0
r_209,AI10747,0.2,0
r_566,AI09685,0.25,0
r_561,AI02233,0.2,0
r_594,AI07552,0.25,0
r_599,AI04596,0.25,0
r_12,AI04716,0.2,0
r_539,AI14864,0.2,0
r_111,AI07588,0.2,0
r_346,AI08669,0.25,0
r_656,AI06527,0.25,0
r_200,AI01057,0.25,0
r_89,AI00258,0.2,0
r_187,AI04065,0.25,0
r_375,AI13134,0.2,0
r_375,AI13810,0.2,0
r_561,AI12452,0.2,0
r_566,AI06879,0.2,0
r_575,AI01173,0.25,0
r_200,AI11448,0.25,0
r_89,AI04402,0.2,0
r_346,AI08652,0.25,0
r_539,AI11533,0.2,0
r_539,AI12784,0.2,0
r_566,AI08889,0.2,0
r_632,AI05480,0.2,0
r_588,AI00553,0.2,0
r_12,AI05248,0.2,0
r_451,AI04744,0.2,0
r_656,AI09490,0.2,0
r_599,AI06703,0.2,0
r_174,AI10012,0.25,0
r_111,AI08568,0.5,1
r_1568,AI06296,0.5,1
r_58,AI07578,0.2,0
r_594,AI05949,0.2,0
r_451,AI07113,0.25,0
r_346,AI13777,0.2,0
r_111,AI01631,0.2,0
r_632,AI14925,0.25,0
r_503,AI04651,0.2,0
r_134,AI06488,0.2,0
r_2489,AI02466,0.5,1
r_561,AI11089,0.25,0
r_594,AI08479,0.2,0
r_1426,AI14187,0.5,1
r_200,AI06684,0.2,0
r_346,AI11558,0.2,0
r_681,AI11105,0.5,1
r_503,AI07758,0.25,0
r_566,AI05635,0.2,0
r_575,AI06646,0.2,0
r_132,AI05388,0.25,0
r_12,AI13500,0.25,0
r_2088,AI10026,0.5,1
r_200,AI04761,0.2,0
r_1549,AI10422,0.5,1
r_562,AI03182,0.25,0
r_187,AI03076,0.2,0
r_160,AI14453,0.2,0
r_539,AI00100,0.2,0
r_375,AI07016,0.2,0
r_632,AI01888,0.2,0
r_673,AI07848,0.2,0
r_599,AI14699,0.2,0
r_12,AI12527,0.2,0
r_224,AI10283,0.25,0
r_561,AI08440,0.2,0
r_406,AI02578,0.2,0
r_224,AI08097,0.2,0
r_2895,AI06825,0.5,1
r_187,AI01777,0.2,0
r_111,AI02807,0.25,0
r_561,AI00166,0.2,0
r_451,AI11721,0.2,0
r_209,AI01229,0.2,0
r_575,AI02483,0.2,0
r_160,AI14987,0.25,0
r_673,AI01277,0.2,0
r_200,AI13475,0.25,0
r_224,AI11041,0.2,0
r_12,AI13455,0.2,0
r_12,AI00216,0.2,0
r_503,AI12590,0.25,0
r_12,AI08057,0.2,0
r_566,AI10015,0.25,0
r_594,AI00751,0.2,0
r_588,AI06449,0.25,0
r_1823,AI11105,0.5,1
r_134,AI10143,0.2,0
r_200,AI03787,0.25,0
r_709,AI05183,0.5,1
r_599,AI13728,0.2,0
r_111,AI12112,0.2,0
r_12,AI11783,0.2,0
r_224,AI04800,0.2,0
r_406,AI00464,0.25,0
r_224,AI13472,0.2,0
r_632,AI06107,0.25,0
r_575,AI09408,0.2,0
r_89,AI11595,0.25,0
r_12,AI02012,0.2,0
r_187,AI09427,0.2,0
r_224,AI06212,0.25,0
r_375,AI05948,0.25,0
r_93,AI03355,0.25,0
r_160,AI05254,0.25,0
r_503,AI04270,0.2,0
r_160,AI09442,0.25,0
r_599,AI03950,0.25,0
r_503,AI03322,0.25,0
r_656,AI02556,0.25,0
r_503,AI02292,0.2,0
r_12,AI11751,0.2,0
r_224,AI03889,0.25,0
r_12,AI11742,0.2,0
r_187,AI04270,0.2,0
r_224,AI02889,0.2,0
r_134,AI12673,0.2,0
r_575,AI01057,0.25,0
r_451,AI05801,0.25,0
r_632,AI06474,0.2,0
r_200,AI08581,0.25,0
r_632,AI00591,0.25,0
r_375,AI00717,0.25,0
r_132,AI10291,0.25,0
r_132,AI11376,0.2,0
r_656,AI14746,0.25,0
r_594,AI12294,0.25,0
r_12,AI01927,0.25,0
r_503,AI11918,0.25,0
r_89,AI09337,0.25,0
r_346,AI03759,0.2,0
r_539,AI12278,0.2,0
r_209,AI14215,0.2,0
r_632,AI12593,0.25,0
r_58,AI00725,0.2,0
r_134,AI01315,0.2,0
r_132,AI10925,0.2,0
r_224,AI07005,0.25,0
r_632,AI00007,0.5,1
r_406,AI12990,0.2,0
r_132,AI05573,0.25,0
r_1774,AI11970,0.5,1
r_562,AI07877,0.2,0
r_89,AI14144,0.2,0
r_93,AI00867,0.2,0
r_224,AI11236,0.2,0
r_656,AI14495,0.2,0
r_792,AI09286,0.5,1
r_187,AI04695,0.2,0
r_89,AI14134,0.25,0
r_503,AI03610,0.2,0
r_89,AI13447,0.5,1
r_566,AI12839,0.25,0
r_594,AI04177,0.2,0
r_134,AI13324,0.2,0
r_375,AI09121,0.25,0
r_656,AI09233,0.25,0
r_632,AI09785,0.2,0
r_111,AI02057,0.25,0
r_174,AI00564,0.2,0
r_561,AI02898,0.25,0
r_588,AI10472,0.25,0
r_588,AI09899,0.2,0
r_503,AI03934,0.2,0
r_406,AI13209,0.25,0
r_224,AI08272,0.25,0
r_132,AI10322,0.25,0
r_93,AI03544,0.25,0
r_187,AI01735,0.25,0
r_656,AI13623,0.2,0
r_93,AI06474,0.2,0
r_160,AI09022,0.2,0
r_160,AI07293,0.25,0
r_588,AI06230,0.25,0
r_12,AI11730,0.25,0
r_632,AI08980,0.25,0
r_209,AI09509,0.25,0
r_594,AI13974,0.25,0
r_209,AI06510,0.2,0
r_539,AI08652,0.25,0
r_111,AI04105,0.2,0
r_451,AI10235,0.2,0
r_224,AI12005,0.25,0
r_12,AI12509,0.25,0
r_134,AI04913,0.25,0
r_594,AI04834,0.25,0
r_12,AI01934,0.2,0
r_58,AI01818,0.2,0
r_89,AI09319,0.2,0
r_575,AI11875,0.2,0
r_561,AI06855,0.25,0
r_93,AI11061,0.25,0
r_594,AI06400,0.25,0
r_656,AI02329,0.25,0
r_134,AI07921,0.25,0
r_111,AI09701,0.2,0
r_575,AI10209,0.2,0
r_632,AI02550,0.25,0
r_134,AI07691,0.2,0
r_599,AI07446,0.25,0
r_174,AI09074,0.25,0
r_132,AI12490,0.25,0
r_599,AI10701,0.2,0
r_451,AI12500,0.2,0
r_224,AI06544,0.25,0
r_187,AI01969,0.2,0
r_673,AI08914,0.2,0
r_406,AI05407,0.25,0
r_111,AI08342,0.2,0
r_12,AI03324,0.25,0
r_575,AI12964,0.25,0
r_134,AI06350,0.25,0
r_346,AI10715,0.2,0
r_200,AI12500,0.2,0
r_89,AI13621,0.25,0
r_134,AI13760,0.25,0
r_451,AI06402,0.2,0
r_1823,AI03742,0.5,1
r_209,AI08219,0.5,1
r_134,AI07434,0.2,0
r_58,AI01673,0.2,0
r_93,AI05450,0.2,0
r_58,AI03009,0.2,0
r_224,AI00204,0.2,0
r_539,AI06646,0.2,0
r_187,AI14220,0.25,0
r_594,AI14276,0.25,0
r_632,AI11751,0.2,0
r_566,AI05376,0.25,0
r_673,AI11435,0.25,0
r_406,AI11477,0.25,0
r_594,AI14734,0.25,0
r_132,AI00437,0.25,0
r_12,AI11734,0.25,0
r_93,AI00946,0.25,0
r_539,AI07399,0.2,0
r_375,AI11858,0.25,0
r_89,AI09643,0.25,0
r_1773,AI05568,0.5,1
r_575,AI06709,0.2,0
r_562,AI11904,0.25,0
r_566,AI12182,0.2,0
r_451,AI09669,0.2,0
r_566,AI08673,0.2,0
r_89,AI00341,0.25,0
r_673,AI11373,0.2,0
r_632,AI13985,0.25,0
r_451,AI12214,0.25,0
r_58,AI08690,0.2,0
r_539,AI13903,0.25,0
r_566,AI13000,0.2,0
r_562,AI09355,0.25,0
r_224,AI13602,0.2,0
r_89,AI06599,0.25,0
r_89,AI13792,0.2,0
r_132,AI04931,0.2,0
r_969,AI00271,0.5,1
r_375,AI13358,0.25,0
r_2489,AI10422,0.5,1
r_346,AI02792,0.2,0
r_134,AI14814,0.2,0
r_594,AI08018,0.2,0
r_375,AI14307,0.25,0
r_209,AI04436,0.2,0
r_93,AI10020,0.25,0
r_2922,AI04896,0.5,1
r_224,AI04710,0.25,0
r_503,AI03081,0.2,0
r_224,AI07506,0.25,0
r_200,AI01886,0.25,0
r_656,AI07220,0.25,0
r_89,AI05608,0.2,0
r_406,AI14849,0.25,0
r_224,AI11973,0.2,0
r_12,AI03108,0.25,0
r_200,AI06712,0.2,0
r_406,AI01598,0.25,0
r_160,AI14295,0.2,0
r_632,AI04622,0.2,0
r_12,AI13026,0.25,0
r_174,AI02936,0.2,0
r_111,AI05660,0.25,0
r_503,AI01051,0.25,0
r_111,AI14362,0.5,1
r_224,AI08927,0.2,0
r_1724,AI01360,0.5,1
r_58,AI03559,0.2,0
r_58,AI11351,0.25,0
r_58,AI12848,0.2,0
r_1828,AI09573,0.5,1
r_160,AI00020,0.2,0
r_561,AI12590,0.25,0
r_375,AI14026,0.2,0
r_561,AI12121,0.25,0
r_632,AI13340,0.25,0
r_1058,AI11748,0.5,1
r_89,AI11943,0.2,0
r_673,AI07610,0.25,0
r_224,AI11019,0.2,0
r_503,AI03749,0.25,0
r_656,AI12521,0.25,0
r_134,AI10885,0.25,0
r_346,AI05620,0.2,0
r_599,AI13464,0.2,0
r_93,AI02114,0.2,0
r_375,AI02329,0.25,0
r_134,AI02403,0.2,0
r_588,AI02675,0.2,0
r_132,AI09804,0.25,0
r_346,AI00817,0.25,0
r_58,AI14714,0.2,0
r_575,AI06762,0.2,0
r_503,AI14573,0.2,0
r_673,AI12554,0.2,0
r_539,AI05355,0.2,0
r_406,AI08085,0.2,0
r_89,AI04521,0.25,0
r_566,AI11843,0.25,0
r_599,AI08487,0.2,0
r_209,AI01631,0.2,0
r_599,AI11730,0.25,0
r_134,AI12214,0.25,0
r_134,AI04901,0.25,0
r_2857,AI08705,0.5,1
r_656,AI00166,0.2,0
r_200,AI01216,0.2,0
r_575,AI01838,0.25,0
r_58,AI00431,0.2,0
r_561,AI14792,0.2,0
r_599,AI02329,0.25,0
r_111,AI05108,0.2,0
r_768,AI11755,0.5,1
r_224,AI12019,0.25,0
r_209,AI14042,0.2,0
r_174,AI06546,0.5,1
r_594,AI03091,0.2,0
r_406,AI02988,0.25,0
r_209,AI05632,0.25,0
r_174,AI02644,0.2,0
r_2922,AI08568,0.5,1
r_174,AI05034,0.25,0
r_566,AI04430,0.25,0
r_1773,AI08429,0.5,1
r_575,AI09994,0.25,0
r_1154,AI14362,0.5,1
r_561,AI01541,0.25,0
r_503,AI09696,0.2,0
r_566,AI03082,0.25,0
r_132,AI06156,0.2,0
r_111,AI04465,0.25,0
r_594,AI14144,0.2,0
r_566,AI09655,0.2,0
r_406,AI02114,0.2,0
r_2303,AI02466,0.5,1
r_656,AI04105,0.2,0
r_594,AI03684,0.25,0
r_656,AI13670,0.25,0
r_224,AI02968,0.2,0
r_2489,AI06832,0.5,1
r_566,AI05429,0.2,0
r_12,AI10826,0.2,0
r_656,AI06832,0.5,1
r_111,AI07201,0.25,0
r_562,AI07161,0.25,0
r_539,AI07934,0.2,0
r_594,AI10718,0.25,0
r_2088,AI08705,0.5,1
r_566,AI00082,0.25,0
r_346,AI01594,0.25,0
r_656,AI01051,0.25,0
r_503,AI06058,0.2,0
r_575,AI01194,0.2,0
r_160,AI14792,0.2,0
r_561,AI08568,0.5,1
r_12,AI10179,0.2,0
r_594,AI01045,0.5,1
r_588,AI09943,0.2,0
r_566,AI08099,0.25,0
r_539,AI09674,0.25,0
r_375,AI12511,0.25,0
r_2638,AI09434,0.5,1
r_200,AI04247,0.25,0
r_93,AI13643,0.2,0
r_209,AI05509,0.2,0
r_539,AI10720,0.25,0
r_599,AI01988,0.2,0
r_2284,AI05183,0.5,1
r_594,AI00729,0.2,0
r_539,AI10885,0.25,0
r_673,AI14481,0.25,0
r_89,AI03139,0.25,0
r_406,AI04201,0.2,0
r_503,AI10529,0.2,0
r_756,AI11959,0.5,1
r_58,AI07453,0.25,0
r_594,AI00609,0.2,0
r_566,AI12981,0.2,0
r_451,AI13269,0.2,0
r_1417,AI02466,0.5,1
r_12,AI07007,0.25,0
r_174,AI05002,0.25,0
r_503,AI10397,0.2,0
r_599,AI10449,0.25,0
r_187,AI12590,0.25,0
r_134,AI01368,0.2,0
r_2292,AI11959,0.5,1
r_539,AI08993,0.2,0
r_562,AI06324,0.2,0
r_656,AI09969,0.25,0
r_93,AI10397,0.2,0
r_588,AI03965,0.25,0
r_89,AI07524,0.2,0
r_566,AI00990,0.25,0
r_451,AI03408,0.25,0
r_503,AI01930,0.25,0
r_562,AI00994,0.2,0
r_1774,AI14924,0.5,1
r_561,AI07296,0.2,0
r_134,AI08305,0.25,0
r_1426,AI00007,0.5,1
r_575,AI02754,0.25,0
r_451,AI13334,0.2,0
r_111,AI01440,0.25,0
r_58,AI14535,0.25,0
r_503,AI03889,0.25,0
r_806,AI11725,0.5,1
r_174,AI11306,0.2,0
r_2284,AI10648,0.5,1
r_12,AI06157,0.2,0
r_1154,AI14187,0.5,1
r_111,AI02212,0.2,0
r_599,AI10212,0.25,0
r_93,AI09779,0.25,0
r_566,AI01162,0.2,0
r_132,AI09129,0.25,0
r_89,AI10672,0.25,0
r_12,AI01358,0.25,0
r_12,AI05582,0.25,0
r_12,AI02071,0.2,0
r_594,AI00121,0.2,0
r_406,AI08344,0.2,0
r_451,AI06162,0.2,0
r_406,AI07851,0.2,0
r_160,AI05891,0.25,0
r_594,AI11713,0.25,0
r_174,AI02057,0.25,0
r_594,AI02914,0.25,0
r_451,AI12229,0.2,0
r_375,AI09380,0.2,0
r_209,AI00468,0.25,0
r_656,AI08013,0.2,0
r_134,AI02056,0.2,0
r_566,AI01930,0.25,0
r_200,AI01085,0.2,0
r_375,AI06050,0.2,0
r_1952,AI06296,0.5,1
r_1231,AI11755,0.5,1
r_562,AI08916,0.25,0
r_673,AI14905,0.25,0
r_1197,AI14362,0.5,1
r_673,AI06036,0.25,0
r_12,AI08705,0.5,1
r_562,AI14535,0.25,0
r_566,AI05772,0.25,0
r_12,AI01828,0.2,0
r_224,AI02865,0.25,0
r_12,AI09991,0.25,0
r_200,AI04688,0.2,0
r_656,AI11858,0.25,0
r_451,AI10621,0.25,0
r_588,AI08410,0.2,0
r_58,AI09894,0.2,0
r_93,AI04113,0.2,0
r_111,AI01194,0.2,0
r_132,AI05744,0.2,0
r_187,AI01778,0.2,0
r_406,AI14036,0.2,0
r_160,AI13297,0.25,0
r_134,AI08054,0.2,0
r_539,AI12848,0.2,0
r_656,AI13713,0.25,0
r_132,AI05518,0.2,0
r_656,AI05174,0.2,0
r_12,AI12439,0.2,0
r_12,AI13169,0.25,0
r_224,AI14269,0.2,0
r_375,AI05798,0.25,0
r_187,AI14307,0.25,0
r_200,AI09268,0.2,0
r_209,AI03889,0.25,0
r_632,AI00154,0.25,0
r_561,AI12593,0.25,0
r_503,AI10371,0.25,0
r_673,AI04688,0.2,0
r_12,AI11868,0.25,0
r_93,AI13727,0.2,0
r_539,AI14714,0.2,0
r_632,AI12706,0.25,0
r_561,AI08133,0.2,0
r_503,AI05933,0.25,0
r_187,AI00124,0.2,0
r_346,AI02329,0.25,0
r_187,AI01174,0.25,0
r_346,AI10545,0.2,0
r_346,AI07165,0.2,0
r_406,AI05355,0.2,0
r_111,AI03509,0.2,0
r_806,AI00436,0.5,1
r_224,AI08967,0.25,0
r_12,AI02577,0.25,0
r_174,AI05424,0.25,0
r_111,AI13908,0.25,0
r_3011,AI00045,0.5,1
r_503,AI04749,0.25,0
r_346,AI06993,0.2,0
r_599,AI01370,0.25,0
r_1823,AI00886,0.5,1
r_594,AI10468,0.25,0
r_187,AI14167,0.2,0
r_200,AI12511,0.25,0
r_656,AI05236,0.2,0
r_588,AI05012,0.2,0
r_93,AI03992,0.25,0
r_2953,AI03742,0.5,1
r_406,AI04100,0.25,0
r_132,AI10919,0.2,0
r_209,AI08293,0.25,0
r_224,AI12237,0.2,0
r_174,AI10935,0.2,0
r_375,AI02345,0.25,0
r_111,AI12034,0.25,0
r_58,AI02977,0.25,0
r_89,AI11507,0.25,0
r_134,AI03188,0.2,0
r_174,AI12264,0.25,0
r_174,AI10018,0.25,0
r_2638,AI09573,0.5,1
r_111,AI10828,0.2,0
r_132,AI00683,0.2,0
r_174,AI06739,0.25,0
r_599,AI08063,0.2,0
r_89,AI13911,0.25,0
r_673,AI11451,0.2,0
r_575,AI11643,0.25,0
r_451,AI06527,0.25,0
r_599,AI05518,0.2,0
r_594,AI11045,0.25,0
r_375,AI04562,0.2,0
r_806,AI05758,0.5,1
r_599,AI05163,0.2,0
r_406,AI07463,0.25,0
r_503,AI06684,0.2,0
r_89,AI13682,0.2,0
r_132,AI05062,0.25,0
r_575,AI05821,0.25,0
r_673,AI04890,0.25,0
r_187,AI08633,0.25,0
r_594,AI01504,0.25,0
r_632,AI01085,0.2,0
r_561,AI03322,0.25,0
r_132,AI05033,0.25,0
r_594,AI09370,0.2,0
r_224,AI13023,0.2,0
r_451,AI07980,0.2,0
r_58,AI14031,0.25,0
r_562,AI08342,0.2,0
r_562,AI08993,0.2,0
r_174,AI08331,0.2,0
r_134,AI10568,0.25,0
r_539,AI03595,0.25,0
r_375,AI14779,0.2,0
r_539,AI06402,0.2,0
r_632,AI08100,0.25,0
r_58,AI11553,0.2,0
r_3002,AI05301,0.5,1
r_588,AI02263,0.25,0
r_12,AI11695,0.2,0
r_599,AI04113,0.2,0
r_566,AI00649,0.2,0
r_599,AI02430,0.25,0
r_111,AI06753,0.25,0
r_12,AI10570,0.2,0
r_562,AI03120,0.2,0
r_594,AI14015,0.2,0
r_111,AI08397,0.2,0
r_656,AI09830,0.25,0
r_588,AI08831,0.25,0
r_451,AI04200,0.5,1
r_503,AI10024,0.25,0
r_187,AI07923,0.2,0
r_539,AI13872,0.2,0
r_12,AI02011,0.2,0
r_58,AI01709,0.2,0
r_111,AI14768,0.25,0
r_632,AI09701,0.2,0
r_2130,AI00156,0.5,1
r_160,AI03887,0.2,0
r_1702,AI14781,0.5,1
r_562,AI14061,0.2,0
r_539,AI12590,0.25,0
r_58,AI00591,0.25,0
r_594,AI11694,0.25,0
r_111,AI13985,0.25,0
r_594,AI06867,0.25,0
r_346,AI08993,0.2,0
r_132,AI09175,0.25,0
r_346,AI14140,0.25,0
r_200,AI02977,0.25,0
r_224,AI01481,0.2,0
r_187,AI11358,0.25,0
r_132,AI05391,0.2,0
r_451,AI03867,0.25,0
r_375,AI12073,0.25,0
r_594,AI03916,0.2,0
r_599,AI02675,0.2,0
r_346,AI11730,0.25,0
r_2292,AI06296,0.5,1
r_111,AI14600,0.25,0
r_89,AI07687,0.5,1
r_539,AI14164,0.25,0
r_12,AI02417,0.2,0
r_346,AI09175,0.25,0
r_588,AI05867,0.2,0
r_406,AI01564,0.25,0
r_656,AI04688,0.2,0
r_503,AI03639,0.25,0
r_575,AI11633,0.2,0
r_451,AI03595,0.25,0
r_451,AI03038,0.25,0
r_575,AI01709,0.2,0
r_594,AI00204,0.2,0
r_1955,AI11104,0.5,1
r_2299,AI10648,0.5,1
r_12,AI07021,0.2,0
r_93,AI08429,0.5,1
r_187,AI06723,0.2,0
r_632,AI02483,0.2,0
r_594,AI02648,0.25,0
r_132,AI00690,0.25,0
r_632,AI04128,0.2,0
r_2063,AI13447,0.5,1
r_562,AI05689,0.2,0
r_134,AI06774,0.2,0
r_503,AI11270,0.2,0
r_187,AI05831,0.25,0
r_200,AI09896,0.25,0
r_451,AI12783,0.25,0
r_451,AI00832,0.2,0
r_673,AI05518,0.2,0
r_160,AI12077,0.25,0
r_594,AI07568,0.25,0
r_1724,AI05183,0.5,1
r_632,AI11051,0.25,0
r_1702,AI13808,0.5,1
r_89,AI07215,0.25,0
r_656,AI14733,0.2,0
r_451,AI08875,0.2,0
r_406,AI07296,0.2,0
r_503,AI01541,0.25,0
r_451,AI13785,0.2,0
r_562,AI11943,0.2,0
r_174,AI00932,0.2,0
r_588,AI02067,0.2,0
r_224,AI02687,0.25,0
r_673,AI03710,0.2,0
r_209,AI08768,0.25,0
r_187,AI01186,0.25,0
r_588,AI14335,0.2,0
r_58,AI11769,0.25,0
r_632,AI05590,0.2,0
r_93,AI14997,0.25,0
r_503,AI08669,0.25,0
r_209,AI01061,0.25,0
r_12,AI04143,0.25,0
r_93,AI06762,0.2,0
r_406,AI07448,0.25,0
r_503,AI01533,0.2,0
r_209,AI07824,0.25,0
r_12,AI01766,0.2,0
r_200,AI10925,0.2,0
r_1027,AI09434,0.5,1
r_58,AI02418,0.2,0
r_632,AI01949,0.25,0
r_160,AI01709,0.2,0
r_209,AI11236,0.2,0
r_134,AI14911,0.2,0
r_58,AI09879,0.2,0
r_566,AI08083,0.2,0
r_673,AI06173,0.2,0
r_406,AI01985,0.25,0
r_375,AI09737,0.2,0
r_1261,AI02054,0.5,1
r_2509,AI03714,0.5,1
r_93,AI07429,0.25,0
r_996,AI11959,0.5,1
r_575,AI04327,0.25,0
r_89,AI01482,0.2,0
r_566,AI09518,0.25,0
r_1417,AI13736,0.5,1
r_2638,AI10648,0.5,1
r_1154,AI10587,0.5,1
r_375,AI01713,0.2,0
r_174,AI12442,0.2,0
r_187,AI06762,0.2,0
r_1568,AI10238,0.5,1
r_132,AI07253,0.2,0
r_503,AI07724,0.2,0
r_656,AI06194,0.2,0
r_89,AI06232,0.2,0
r_566,AI04128,0.2,0
r_111,AI05388,0.25,0
r_561,AI13436,0.25,0
r_594,AI09549,0.25,0
r_632,AI01489,0.25,0
r_224,AI14943,0.25,0
r_58,AI04698,0.2,0
r_588,AI11904,0.25,0
r_562,AI10621,0.25,0
r_673,AI09448,0.25,0
r_656,AI09435,0.25,0
r_160,AI04175,0.2,0
r_224,AI10944,0.25,0
r_224,AI02992,0.2,0
r_575,AI13273,0.2,0
r_599,AI11508,0.25,0
r_575,AI08099,0.25,0
r_575,AI09957,0.2,0
r_58,AI05603,0.25,0
r_575,AI12715,0.25,0
r_1955,AI08219,0.5,1
r_406,AI07522,0.25,0
r_562,AI06703,0.2,0
r_224,AI04984,0.25,0
r_375,AI12640,0.2,0
r_656,AI02467,0.2,0
r_12,AI14961,0.2,0
r_1640,AI14187,0.5,1
r_632,AI10342,0.2,0
r_346,AI13134,0.2,0
r_187,AI12856,0.2,0
r_187,AI13643,0.2,0
r_200,AI09637,0.5,1
r_451,AI08013,0.2,0
r_561,AI12574,0.25,0
r_1823,AI01653,0.5,1
r_224,AI13625,0.25,0
r_200,AI07578,0.2,0
r_2927,AI10768,0.5,1
r_375,AI03351,0.2,0
r_134,AI07687,0.5,1
r_632,AI05209,0.25,0
r_406,AI05042,0.2,0
r_561,AI09394,0.2,0
r_132,AI13133,0.2,0
r_174,AI13292,0.2,0
r_503,AI10404,0.25,0
r_111,AI01482,0.2,0
r_174,AI09622,0.25,0
r_566,AI11484,0.25,0
r_562,AI08633,0.25,0
r_89,AI00204,0.2,0
r_2235,AI10551,0.5,1
r_174,AI11451,0.2,0
r_93,AI10257,0.25,0
r_656,AI00990,0.25,0
r_89,AI09117,0.2,0
r_200,AI04122,0.2,0
r_594,AI05922,0.2,0
r_224,AI01540,0.25,0
r_656,AI07103,0.25,0
r_187,AI08840,0.25,0
r_160,AI09089,0.25,0
r_134,AI09931,0.2,0
r_111,AI09662,0.2,0
r_375,AI14585,0.25,0
r_224,AI09048,0.25,0
r_111,AI13133,0.2,0
r_346,AI14512,0.2,0
r_588,AI01665,0.25,0
r_89,AI01874,0.2,0
r_566,AI10363,0.25,0
r_539,AI07291,0.2,0
r_539,AI01949,0.25,0
r_89,AI01242,0.25,0
r_200,AI12930,0.25,0
r_656,AI14653,0.25,0
r_588,AI07165,0.2,0
r_451,AI10388,0.25,0
r_89,AI12220,0.25,0
r_575,AI13629,0.2,0
r_346,AI00866,0.2,0
r_632,AI11285,0.25,0
r_12,AI07541,0.2,0
r_375,AI06527,0.25,0
r_451,AI04504,0.25,0
r_174,AI12101,0.25,0
r_673,AI14266,0.2,0
r_673,AI03837,0.5,1
r_594,AI12763,0.25,0
r_160,AI05988,0.2,0
r_93,AI11444,0.25,0
r_209,AI10904,0.25,0
r_375,AI06879,0.2,0
r_503,AI10472,0.25,0
r_132,AI13833,0.2,0
r_89,AI08695,0.25,0
r_656,AI11875,0.2,0
r_503,AI12184,0.2,0
r_58,AI07674,0.25,0
r_656,AI00274,0.2,0
r_539,AI12964,0.25,0
r_566,AI07857,0.25,0
r_406,AI12121,0.25,0
r_588,AI00816,0.25,0
r_12,AI09253,0.2,0
r_599,AI01735,0.25,0
r_561,AI11905,0.25,0
r_12,AI13050,0.2,0
r_224,AI11783,0.2,0
r_594,AI00753,0.2,0
r_89,AI08250,0.25,0
r_575,AI10767,0.2,0
r_160,AI01026,0.2,0
r_561,AI04550,0.25,0
r_1197,AI04896,0.5,1
r_209,AI14623,0.2,0
r_209,AI12256,0.25,0
r_599,AI09810,0.2,0
r_588,AI01228,0.2,0
r_562,AI06429,0.25,0
r_599,AI08673,0.2,0
r_93,AI00717,0.25,0
r_89,AI12856,0.2,0
r_575,AI04688,0.2,0
r_561,AI07758,0.25,0
r_224,AI08391,0.25,0
r_174,AI01516,0.2,0
r_2953,AI14781,0.5,1
r_375,AI09710,0.2,0
r_768,AI11748,0.5,1
r_1417,AI08237,0.5,1
r_111,AI03448,0.25,0
r_58,AI04345,0.25,0
r_566,AI02098,0.2,0
r_451,AI03310,0.2,0
r_673,AI08238,0.25,0
r_539,AI09779,0.25,0
r_58,AI01665,0.25,0
r_209,AI00436,0.5,1
r_656,AI08508,0.2,0
r_594,AI04017,0.25,0
r_575,AI07278,0.2,0
r_561,AI07949,0.25,0
r_12,AI01288,0.25,0
r_12,AI09555,0.25,0
r_566,AI01588,0.25,0
r_93,AI08844,0.2,0
r_562,AI10235,0.2,0
r_187,AI11760,0.25,0
r_174,AI00543,0.25,0
r_575,AI05798,0.25,0
r_594,AI11295,0.2,0
r_58,AI05006,0.2,0
r_1773,AI06296,0.5,1
r_89,AI01451,0.25,0
r_187,AI11950,0.2,0
r_566,AI14517,0.25,0
r_632,AI04465,0.25,0
r_632,AI06825,0.5,1
r_58,AI11233,0.25,0
r_566,AI13269,0.2,0
r_224,AI03225,0.25,0
r_561,AI09095,0.25,0
r_566,AI11827,0.25,0
r_134,AI13203,0.2,0
r_89,AI09789,0.2,0
r_89,AI06989,0.2,0
r_632,AI14352,0.25,0
r_566,AI13985,0.25,0
r_632,AI02212,0.2,0
r_58,AI10925,0.2,0
r_588,AI13233,0.2,0
r_12,AI08295,0.25,0
r_209,AI14369,0.2,0
r_673,AI12654,0.25,0
r_89,AI00945,0.25,0
r_132,AI05865,0.25,0
r_575,AI11354,0.2,0
r_200,AI00690,0.25,0
r_561,AI09899,0.2,0
r_200,AI13473,0.2,0
r_562,AI07923,0.2,0
r_588,AI14116,0.2,0
r_132,AI11351,0.25,0
r_503,AI10970,0.2,0
r_1817,AI06825,0.5,1
r_200,AI06180,0.2,0
r_451,AI02387,0.2,0
r_451,AI01489,0.25,0
r_160,AI01488,0.2,0
r_93,AI05941,0.25,0
r_594,AI13629,0.2,0
r_209,AI10185,0.2,0
r_575,AI12229,0.2,0
r_599,AI08916,0.25,0
r_346,AI08699,0.25,0
r_12,AI06873,0.2,0
r_599,AI10023,0.2,0
r_451,AI07773,0.25,0
r_111,AI03784,0.2,0
r_594,AI14044,0.25,0
r_93,AI06175,0.25,0
r_209,AI05589,0.2,0
r_58,AI12590,0.25,0
r_12,AI11683,0.2,0
r_89,AI06920,0.25,0
r_89,AI07297,0.25,0
r_632,AI09566,0.2,0
r_209,AI00580,0.25,0
r_632,AI09614,0.2,0
r_451,AI09014,0.25,0
r_562,AI14234,0.2,0
r_562,AI13810,0.2,0
r_160,AI11985,0.25,0
r_174,AI11596,0.25,0
r_224,AI09827,0.2,0
r_89,AI14489,0.2,0
r_160,AI00156,0.5,1
r_346,AI13157,0.25,0
r_209,AI04046,0.2,0
r_200,AI03151,0.25,0
r_566,AI04469,0.25,0
r_111,AI09058,0.25,0
r_561,AI13833,0.2,0
r_673,AI03062,0.5,1
r_503,AI03411,0.25,0
r_632,AI03408,0.25,0
r_375,AI10183,0.2,0
r_406,AI07269,0.25,0
r_562,AI09237,0.25,0
r_566,AI14881,0.25,0
r_89,AI06219,0.25,0
r_174,AI06065,0.2,0
r_503,AI09779,0.25,0
r_561,AI10015,0.25,0
r_346,AI08399,0.2,0
r_224,AI14371,0.2,0
r_2155,AI10648,0.5,1
r_632,AI10760,0.2,0
r_656,AI03296,0.25,0
r_566,AI05355,0.2,0
r_575,AI11089,0.25,0
r_575,AI09237,0.25,0
r_2284,AI11212,0.5,1
r_594,AI14793,0.25,0
r_224,AI07194,0.2,0
r_375,AI13473,0.2,0
r_209,AI04066,0.2,0
r_594,AI08188,0.2,0
r_187,AI13903,0.25,0
r_406,AI12688,0.25,0
r_200,AI07952,0.2,0
r_2638,AI08429,0.5,1
r_562,AI12559,0.2,0
r_134,AI00691,0.25,0
r_594,AI10996,0.25,0
r_632,AI12784,0.2,0
r_656,AI02833,0.25,0
r_209,AI02574,0.2,0
r_451,AI00605,0.2,0
r_588,AI02102,0.2,0
r_187,AI08630,0.25,0
r_632,AI02189,0.2,0
r_673,AI10661,0.25,0
r_406,AI06296,0.5,1
r_599,AI02359,0.2,0
r_200,AI09602,0.25,0
r_673,AI05619,0.25,0
r_346,AI08804,0.25,0
r_539,AI14437,0.2,0
r_575,AI03203,0.2,0
r_594,AI00785,0.2,0
r_200,AI06530,0.25,0
r_58,AI13321,0.25,0
r_346,AI14234,0.2,0
r_1154,AI06832,0.5,1
r_503,AI01981,0.2,0
r_58,AI07825,0.25,0
r_632,AI09476,0.25,0
r_93,AI08679,0.25,0
r_562,AI14987,0.25,0
r_174,AI02284,0.25,0
r_375,AI07773,0.25,0
r_539,AI14961,0.2,0
r_89,AI10702,0.2,0
r_200,AI10570,0.2,0
r_132,AI03158,0.25,0
r_632,AI11569,0.25,0
r_594,AI11621,0.25,0
r_566,AI09830,0.25,0
r_12,AI08828,0.25,0
r_346,AI01665,0.25,0
r_346,AI11507,0.25,0
r_346,AI10371,0.25,0
r_673,AI00696,0.25,0
r_1702,AI01474,0.5,1
r_58,AI03582,0.2,0
r_562,AI06230,0.25,0
r_599,AI00154,0.25,0
r_224,AI03101,0.25,0
r_566,AI08980,0.25,0
r_134,AI02231,0.25,0
r_209,AI03933,0.2,0
r_174,AI03690,0.25,0
r_588,AI08211,0.2,0
r_503,AI02424,0.2,0
r_58,AI06646,0.2,0
r_566,AI11553,0.2,0
r_503,AI06758,0.2,0
r_594,AI06686,0.2,0
r_632,AI12393,0.25,0
r_224,AI13329,0.25,0
r_132,AI13379,0.2,0
r_187,AI14236,0.25,0
r_566,AI04228,0.25,0
r_2235,AI14063,0.5,1
r_994,AI07230,0.5,1
r_346,AI09869,0.2,0
r_12,AI03654,0.5,1
r_224,AI13576,0.25,0
r_673,AI04527,0.25,0
r_599,AI09216,0.25,0
r_209,AI03746,0.2,0
r_3002,AI09573,0.5,1
r_160,AI12723,0.2,0
r_200,AI14116,0.2,0
r_132,AI00522,0.2,0
r_1197,AI10648,0.5,1
r_12,AI13760,0.25,0
r_562,AI07327,0.2,0
r_209,AI01664,0.2,0
r_12,AI02037,0.25,0
r_12,AI07803,0.25,0
r_783,AI14063,0.5,1
r_599,AI09457,0.25,0
r_93,AI00365,0.2,0
r_200,AI14481,0.25,0
r_632,AI14600,0.25,0
r_539,AI09427,0.2,0
r_134,AI03746,0.2,0
r_599,AI04228,0.25,0
r_209,AI06936,0.2,0
r_187,AI11315,0.2,0
r_561,AI12688,0.25,0
r_656,AI05799,0.25,0
r_174,AI05247,0.25,0
r_187,AI00183,0.25,0
r_200,AI10363,0.25,0
r_656,AI04578,0.2,0
r_1640,AI12760,0.5,1
r_89,AI05351,0.2,0
r_209,AI00219,0.2,0
r_575,AI06938,0.25,0
r_632,AI06230,0.25,0
r_575,AI03604,0.25,0
r_503,AI07453,0.25,0
r_1823,AI00436,0.5,1
r_132,AI11748,0.5,1
r_783,AI11781,0.5,1
r_134,AI12072,0.2,0
r_375,AI12278,0.2,0
r_2136,AI12950,0.5,1
r_93,AI08980,0.25,0
r_346,AI13358,0.25,0
r_346,AI07103,0.25,0
r_58,AI03610,0.2,0
r_160,AI09526,0.25,0
r_58,AI11915,0.2,0
r_503,AI02977,0.25,0
r_89,AI01872,0.2,0
r_200,AI04819,0.25,0
r_575,AI11805,0.25,0
r_58,AI02350,0.25,0
r_2940,AI08383,0.5,1
r_656,AI11444,0.25,0
r_224,AI07202,0.25,0
r_160,AI14500,0.25,0
r_632,AI09662,0.2,0
r_160,AI06703,0.2,0
r_346,AI12723,0.2,0
r_561,AI01175,0.2,0
r_2937,AI05612,0.5,1
r_209,AI04095,0.2,0
r_12,AI01084,0.25,0
r_132,AI12034,0.25,0
r_89,AI01779,0.2,0
r_996,AI11748,0.5,1
r_2603,AI09637,0.5,1
r_89,AI08149,0.2,0
r_132,AI05534,0.25,0
r_588,AI03795,0.25,0
r_200,AI11051,0.25,0
r_503,AI14925,0.25,0
r_561,AI05407,0.25,0
r_566,AI01818,0.2,0
r_632,AI07336,0.2,0
r_566,AI12065,0.2,0
r_566,AI05988,0.2,0
r_656,AI09696,0.2,0
r_93,AI13367,0.25,0
r_93,AI04994,0.2,0
r_451,AI04651,0.2,0
r_539,AI10159,0.2,0
r_160,AI14653,0.25,0
r_566,AI05689,0.2,0
r_632,AI14787,0.25,0
r_58,AI13086,0.2,0
r_200,AI04651,0.2,0
r_12,AI00219,0.2,0
r_503,AI05568,0.5,1
r_632,AI07448,0.25,0
r_594,AI04542,0.2,0
r_594,AI12175,0.25,0
r_599,AI09192,0.2,0
r_575,AI14303,0.25,0
r_174,AI02463,0.25,0
r_566,AI04277,0.2,0
r_174,AI13918,0.25,0
r_346,AI07453,0.25,0
r_656,AI08061,0.2,0
r_539,AI07255,0.2,0
r_174,AI06753,0.25,0
r_375,AI14374,0.2,0
r_111,AI12688,0.25,0
r_451,AI10316,0.2,0
r_224,AI12509,0.25,0
r_375,AI03803,0.25,0
r_566,AI04679,0.25,0
r_594,AI04900,0.25,0
r_93,AI04327,0.25,0
r_566,AI00690,0.25,0
r_200,AI12962,0.2,0
r_783,AI02054,0.5,1
r_632,AI12605,0.25,0
r_575,AI05206,0.2,0
r_346,AI09434,0.5,1
r_174,AI10509,0.25,0
r_93,AI14453,0.2,0
r_575,AI00591,0.25,0
r_562,AI11776,0.25,0
r_2130,AI08429,0.5,1
r_160,AI12850,0.25,0
r_594,AI09501,0.2,0
r_187,AI02590,0.25,0
r_406,AI09782,0.25,0
r_346,AI03296,0.25,0
r_539,AI11644,0.25,0
r_632,AI09966,0.25,0
r_673,AI07825,0.25,0
r_174,AI09108,0.25,0
r_224,AI05766,0.25,0
r_209,AI03575,0.2,0
r_174,AI01055,0.25,0
r_588,AI08832,0.2,0
r_575,AI08630,0.25,0
r_346,AI02898,0.25,0
r_562,AI04105,0.2,0
r_588,AI05187,0.25,0
r_346,AI02942,0.25,0
r_656,AI03667,0.2,0
r_599,AI06429,0.25,0
r_594,AI05612,0.5,1
r_539,AI12927,0.25,0
r_539,AI10871,0.2,0
r_200,AI06784,0.25,0
r_134,AI06527,0.25,0
r_224,AI03574,0.5,1
r_599,AI11712,0.2,0
r_375,AI01368,0.2,0
r_561,AI09052,0.2,0
r_503,AI00926,0.25,0
r_406,AI10397,0.2,0
r_187,AI02467,0.2,0
r_346,AI01541,0.25,0
r_599,AI09717,0.2,0
r_187,AI01051,0.25,0
r_132,AI06712,0.2,0
r_2136,AI14924,0.5,1
r_134,AI01681,0.2,0
r_89,AI01444,0.2,0
r_632,AI05066,0.2,0
r_562,AI05148,0.2,0
r_599,AI08383,0.5,1
r_562,AI05923,0.2,0
r_709,AI02054,0.5,1
r_656,AI07954,0.2,0
r_632,AI14287,0.2,0
r_93,AI13350,0.25,0
r_656,AI13495,0.25,0
r_375,AI09858,0.2,0
r_539,AI03484,0.2,0
r_346,AI00366,0.25,0
r_2955,AI13914,0.5,1
r_132,AI11851,0.25,0
r_503,AI04499,0.25,0
r_132,AI03958,0.2,0
r_111,AI14997,0.25,0
r_656,AI14917,0.25,0
r_588,AI08383,0.5,1
r_588,AI01589,0.2,0
r_566,AI13670,0.25,0
r_58,AI03139,0.25,0
r_209,AI13682,0.2,0
r_406,AI03816,0.25,0
r_503,AI01790,0.2,0
r_12,AI13513,0.25,0
r_134,AI14782,0.25,0
r_375,AI12384,0.25,0
r_12,AI10546,0.25,0
r_594,AI00701,0.2,0
r_200,AI11101,0.25,0
r_656,AI13209,0.25,0
r_575,AI00777,0.2,0
r_2489,AI08383,0.5,1
r_406,AI00764,0.2,0
r_575,AI06753,0.25,0
r_12,AI04452,0.2,0
r_160,AI02736,0.2,0
r_160,AI06238,0.25,0
r_209,AI10143,0.2,0
r_561,AI14303,0.25,0
r_375,AI13095,0.25,0
r_562,AI10159,0.2,0
r_209,AI14670,0.2,0
r_561,AI11246,0.25,0
r_224,AI08134,0.25,0
r_111,AI05891,0.25,0
r_12,AI03261,0.25,0
r_89,AI13639,0.25,0
r_224,AI01474,0.5,1
r_224,AI07593,0.2,0
r_1417,AI10648,0.5,1
r_160,AI11644,0.25,0
r_2235,AI05177,0.5,1
r_174,AI07070,0.25,0
r_566,AI11419,0.25,0
r_346,AI00154,0.25,0
r_575,AI11212,0.5,1
r_187,AI03322,0.25,0
r_224,AI13713,0.25,0
r_588,AI05689,0.2,0
r_673,AI06458,0.25,0
r_174,AI14542,0.2,0
r_451,AI10159,0.2,0
r_375,AI00832,0.2,0
r_588,AI10212,0.25,0
r_632,AI05429,0.2,0
r_575,AI14220,0.25,0
r_89,AI01288,0.25,0
r_209,AI13713,0.25,0
r_1952,AI11122,0.5,1
r_134,AI00936,0.2,0
r_111,AI02826,0.25,0
r_93,AI10648,0.5,1
r_209,AI08877,0.2,0
r_2602,AI09903,0.5,1
r_134,AI13468,0.2,0
r_588,AI01731,0.2,0
r_503,AI08982,0.25,0
r_588,AI03610,0.2,0
r_656,AI09603,0.25,0
r_209,AI03313,0.25,0
r_566,AI09427,0.2,0
r_562,AI11522,0.25,0
r_160,AI05632,0.25,0
r_588,AI04970,0.25,0
r_599,AI01969,0.2,0
r_562,AI13985,0.25,0
r_562,AI05819,0.2,0
r_12,AI07798,0.2,0
r_594,AI06443,0.25,0
r_539,AI08962,0.2,0
r_160,AI08997,0.25,0
r_93,AI13373,0.25,0
r_134,AI08743,0.2,0
r_111,AI07301,0.2,0
r_632,AI07293,0.25,0
r_594,AI11041,0.2,0
r_134,AI10434,0.5,1
r_656,AI11760,0.25,0
r_12,AI01732,0.25,0
r_174,AI11637,0.2,0
r_632,AI12803,0.25,0
r_187,AI09380,0.2,0
r_200,AI12760,0.5,1
r_562,AI00167,0.25,0
r_200,AI00156,0.5,1
r_1205,AI09066,0.5,1
r_12,AI00204,0.2,0
r_566,AI04688,0.2,0
r_160,AI01888,0.2,0
r_969,AI02000,0.5,1
r_375,AI10932,0.25,0
r_58,AI09233,0.25,0
r_562,AI01109,0.25,0
r_187,AI08755,0.2,0
r_632,AI05744,0.2,0
r_673,AI05331,0.25,0
r_58,AI05042,0.2,0
r_561,AI02270,0.2,0
r_588,AI01818,0.2,0
r_132,AI07156,0.25,0
r_406,AI14699,0.2,0
r_566,AI02292,0.2,0
r_503,AI05163,0.2,0
r_1773,AI09637,0.5,1
r_200,AI11376,0.2,0
r_187,AI03360,0.2,0
r_224,AI13500,0.25,0
r_656,AI05831,0.25,0
r_539,AI05568,0.5,1
r_539,AI05635,0.2,0
r_575,AI06869,0.25,0
r_134,AI01798,0.2,0
r_132,AI10880,0.25,0
r_575,AI08997,0.25,0
r_224,AI10651,0.2,0
r_346,AI14324,0.2,0
r_12,AI13854,0.25,0
r_134,AI13162,0.5,1
r_200,AI05534,0.25,0
r_539,AI04819,0.25,0
r_599,AI11051,0.25,0
r_200,AI07207,0.25,0
r_375,AI00867,0.2,0
r_132,AI14864,0.2,0
r_503,AI08278,0.25,0
r_111,AI02782,0.25,0
r_209,AI00142,0.2,0
r_89,AI11189,0.25,0
r_656,AI13255,0.25,0
r_12,AI13490,0.2,0
r_132,AI08037,0.2,0
r_89,AI09098,0.2,0
r_539,AI04651,0.2,0
r_111,AI12234,0.25,0
r_134,AI09638,0.2,0
r_599,AI03762,0.25,0
r_656,AI06911,0.25,0
r_346,AI01325,0.25,0
r_174,AI02870,0.25,0
r_200,AI11090,0.25,0
r_89,AI11148,0.2,0
r_187,AI05129,0.25,0
r_1205,AI09573,0.5,1
r_209,AI07946,0.2,0
r_224,AI14134,0.25,0
r_111,AI14374,0.2,0
r_187,AI07685,0.25,0
r_566,AI03887,0.2,0
r_562,AI11751,0.2,0
r_632,AI04744,0.2,0
r_375,AI09815,0.2,0
r_539,AI11858,0.25,0
r_451,AI05468,0.25,0
r_375,AI01981,0.2,0
r_174,AI14049,0.5,1
r_451,AI06258,0.25,0
r_132,AI01471,0.2,0
r_539,AI08383,0.5,1
r_200,AI10301,0.25,0
r_632,AI09619,0.2,0
r_575,AI13297,0.25,0
r_594,AI10234,0.25,0
r_561,AI00225,0.25,0
r_503,AI07220,0.25,0
r_562,AI06825,0.5,1
r_1773,AI04200,0.5,1
r_346,AI08630,0.25,0
r_656,AI09134,0.25,0
r_134,AI12192,0.25,0
r_566,AI00616,0.2,0
r_599,AI12121,0.25,0
r_588,AI07336,0.2,0
r_132,AI10508,0.25,0
r_599,AI06230,0.25,0
r_132,AI11986,0.2,0
r_12,AI12726,0.25,0
r_1549,AI05177,0.5,1
